datetime,close,high,low,open,volume
2025-11-18 00:00:00+00:00,3030.650634765625,3033.3642578125,3023.8056640625,3026.00439453125,727474176
2025-11-18 00:15:00+00:00,3018.234375,3031.275634765625,3017.897216796875,3030.9599609375,0
2025-11-18 00:30:00+00:00,2993.37744140625,3017.99365234375,2993.37744140625,3017.99365234375,262750208
2025-11-18 00:45:00+00:00,3033.04150390625,3033.757568359375,2994.450439453125,2994.74658203125,1287806976
2025-11-18 01:00:00+00:00,3033.44140625,3040.114013671875,3026.29150390625,3030.285888671875,1071140864
2025-11-18 01:15:00+00:00,3017.755126953125,3041.089599609375,3017.755126953125,3032.78955078125,770088960
2025-11-18 01:30:00+00:00,3021.80712890625,3030.8505859375,3021.33837890625,3021.33837890625,1045327872
2025-11-18 01:45:00+00:00,3015.72265625,3027.9345703125,3012.445068359375,3025.23974609375,689631232
2025-11-18 02:00:00+00:00,3006.59765625,3013.39892578125,2998.435302734375,3012.236328125,35397632
2025-11-18 02:15:00+00:00,3030.435546875,3030.435546875,2979.72802734375,3005.015380859375,24790859776
2025-11-18 02:30:00+00:00,3026.04541015625,3037.12255859375,3017.955810546875,3033.4248046875,143884288
2025-11-18 02:45:00+00:00,2996.408203125,3035.98291015625,2996.408203125,3025.156982421875,1333305344
2025-11-18 03:00:00+00:00,2972.32275390625,2982.437744140625,2949.64208984375,2982.437744140625,630550528
2025-11-18 03:15:00+00:00,2969.6279296875,2979.509765625,2969.6279296875,2970.869873046875,2183254016
2025-11-18 03:30:00+00:00,3014.8876953125,3018.49609375,2955.076904296875,2967.042724609375,1320357888
2025-11-18 03:45:00+00:00,3019.40576171875,3021.837646484375,3011.697021484375,3014.16748046875,522149888
2025-11-18 04:00:00+00:00,2996.35986328125,3020.805908203125,2996.35986328125,3020.805908203125,1376133120
2025-11-18 04:15:00+00:00,2977.4140625,2993.94970703125,2977.4140625,2992.3896484375,349855744
2025-11-18 04:30:00+00:00,2985.56396484375,2988.782958984375,2977.29833984375,2977.656005859375,1913901056
2025-11-18 04:45:00+00:00,3004.522705078125,3004.522705078125,2969.872314453125,2974.37939453125,2003734528
2025-11-18 05:00:00+00:00,3009.650146484375,3009.650146484375,2984.37060546875,3002.937255859375,9568256
2025-11-18 05:15:00+00:00,3012.299560546875,3018.543212890625,3008.948486328125,3011.3876953125,4404420608
2025-11-18 05:30:00+00:00,3001.492431640625,3015.7568359375,3001.492431640625,3011.227783203125,570662912
2025-11-18 05:45:00+00:00,3009.26318359375,3018.904541015625,3002.2744140625,3002.2744140625,282628096
2025-11-18 06:00:00+00:00,3008.145263671875,3009.107177734375,2997.931396484375,3009.107177734375,2416406528
2025-11-18 06:15:00+00:00,2998.562255859375,3010.423828125,2998.562255859375,3008.78955078125,109133824
2025-11-18 06:30:00+00:00,2973.76416015625,3000.857177734375,2973.76416015625,3000.53857421875,534753280
2025-11-18 06:45:00+00:00,2985.277587890625,2992.96923828125,2973.3505859375,2973.3505859375,1062764544
2025-11-18 07:00:00+00:00,2995.660400390625,2998.33154296875,2977.221435546875,2985.782470703125,347189248
2025-11-18 07:15:00+00:00,3005.271728515625,3008.54638671875,2987.70068359375,2994.9111328125,1035034624
2025-11-18 07:30:00+00:00,3023.75927734375,3025.798583984375,3006.657958984375,3006.657958984375,1200443392
2025-11-18 07:45:00+00:00,3022.430419921875,3025.18017578125,3022.3056640625,3022.998046875,875511808
2025-11-18 08:00:00+00:00,3034.34423828125,3034.751953125,3022.27490234375,3022.27490234375,125739008
2025-11-18 08:15:00+00:00,3029.06201171875,3038.005615234375,3025.02294921875,3031.130615234375,1226993664
2025-11-18 08:30:00+00:00,3056.068603515625,3060.938232421875,3032.79736328125,3032.79736328125,1267716096
2025-11-18 08:45:00+00:00,3056.685546875,3058.758056640625,3054.2509765625,3056.09814453125,1247571968
2025-11-18 09:00:00+00:00,3040.1923828125,3059.06689453125,3040.1923828125,3056.685546875,1884827648
2025-11-18 09:15:00+00:00,3031.634521484375,3049.6142578125,3027.166015625,3041.75732421875,1013641216
2025-11-18 09:30:00+00:00,3040.135009765625,3040.135009765625,3029.734130859375,3029.734130859375,967864320
2025-11-18 09:45:00+00:00,3054.385986328125,3054.385986328125,3041.60888671875,3041.60888671875,118091776
2025-11-18 10:00:00+00:00,3055.11328125,3061.611083984375,3053.57568359375,3057.531005859375,1246289920
2025-11-18 10:15:00+00:00,3056.819580078125,3061.80908203125,3049.76318359375,3056.35107421875,1209073664
2025-11-18 10:30:00+00:00,3060.594482421875,3066.171875,3057.372802734375,3057.372802734375,971292672
2025-11-18 10:45:00+00:00,3062.979248046875,3062.979248046875,3053.870849609375,3062.286865234375,723566592
2025-11-18 11:00:00+00:00,3057.017333984375,3062.639892578125,3057.017333984375,3062.639892578125,1044623360
2025-11-18 11:15:00+00:00,3059.6826171875,3067.39208984375,3051.603759765625,3055.794921875,1707966464
2025-11-18 11:30:00+00:00,3065.884521484375,3065.884521484375,3053.165283203125,3060.766845703125,665169920
2025-11-18 11:45:00+00:00,3059.593505859375,3066.865234375,3059.593505859375,3065.6201171875,905277440
2025-11-18 12:00:00+00:00,3042.49658203125,3056.343017578125,3042.49658203125,3056.343017578125,469434368
2025-11-18 12:15:00+00:00,3045.98486328125,3057.953857421875,3038.374267578125,3038.374267578125,2011959296
2025-11-18 12:30:00+00:00,3061.048095703125,3061.048095703125,3045.02099609375,3045.02099609375,37584896
2025-11-18 12:45:00+00:00,3041.3115234375,3060.967041015625,3038.349365234375,3060.967041015625,663670784
2025-11-18 13:00:00+00:00,3043.459228515625,3045.227294921875,3039.840576171875,3043.639404296875,105320448
2025-11-18 13:15:00+00:00,3033.403564453125,3046.789306640625,3031.8583984375,3043.38330078125,122404864
2025-11-18 13:30:00+00:00,3035.68896484375,3042.444580078125,3021.6083984375,3033.01171875,462311424
2025-11-18 13:45:00+00:00,3044.277587890625,3046.44970703125,3035.02392578125,3035.02392578125,0
2025-11-18 14:00:00+00:00,3033.699951171875,3045.135498046875,3032.01123046875,3045.135498046875,0
2025-11-18 14:15:00+00:00,3061.79052734375,3061.79052734375,3032.550537109375,3032.550537109375,0
2025-11-18 14:30:00+00:00,3067.176513671875,3084.93212890625,3045.0546875,3059.31591796875,4619444224
2025-11-18 14:45:00+00:00,3063.1708984375,3077.148193359375,3062.23046875,3063.6533203125,2399817728
2025-11-18 15:00:00+00:00,3082.500732421875,3082.500732421875,3035.418212890625,3056.95849609375,1520668672
2025-11-18 15:15:00+00:00,3105.6103515625,3113.26953125,3077.48095703125,3078.473388671875,3504365568
2025-11-18 15:30:00+00:00,3105.751220703125,3114.665283203125,3095.33154296875,3105.898681640625,528867328
2025-11-18 15:45:00+00:00,3108.18212890625,3113.928466796875,3093.992431640625,3108.608642578125,275955712
2025-11-18 16:00:00+00:00,3118.200439453125,3122.86572265625,3100.112548828125,3104.957763671875,1125322752
2025-11-18 16:15:00+00:00,3156.84326171875,3156.84326171875,3118.001953125,3118.392578125,374792192
2025-11-18 16:30:00+00:00,3147.327880859375,3164.435791015625,3147.327880859375,3155.29296875,970444800
2025-11-18 16:45:00+00:00,3150.576904296875,3154.4755859375,3146.923828125,3146.923828125,1307664384
2025-11-18 17:00:00+00:00,3144.657470703125,3155.27783203125,3144.657470703125,3150.111083984375,933969920
2025-11-18 17:15:00+00:00,3125.2626953125,3149.738037109375,3125.2626953125,3138.708740234375,443363328
2025-11-18 17:30:00+00:00,3135.322265625,3136.42822265625,3121.909423828125,3123.335205078125,1009938432
2025-11-18 17:45:00+00:00,3133.37451171875,3134.984375,3126.770751953125,3134.984375,204800
2025-11-18 18:00:00+00:00,3149.37158203125,3150.27294921875,3133.556640625,3133.556640625,0
2025-11-18 18:15:00+00:00,3142.45947265625,3151.011474609375,3139.237548828125,3149.57373046875,925704192
2025-11-18 18:30:00+00:00,3155.42333984375,3157.192626953125,3142.692138671875,3142.692138671875,0
2025-11-18 18:45:00+00:00,3158.385498046875,3167.830078125,3156.657958984375,3156.657958984375,1570504704
2025-11-18 19:00:00+00:00,3164.681884765625,3164.681884765625,3154.918701171875,3158.916015625,0
2025-11-18 19:15:00+00:00,3158.806640625,3163.73974609375,3158.16748046875,3163.73974609375,579293184
2025-11-18 19:30:00+00:00,3150.205078125,3159.416015625,3149.88818359375,3158.9365234375,657190912
2025-11-18 19:45:00+00:00,3139.927001953125,3147.613037109375,3136.232421875,3147.550048828125,0
2025-11-18 20:00:00+00:00,3138.113525390625,3146.091796875,3138.08056640625,3145.826171875,0
2025-11-18 20:15:00+00:00,3141.843017578125,3147.089111328125,3139.6552734375,3139.6552734375,630513664
2025-11-18 20:30:00+00:00,3133.078125,3145.691650390625,3132.6640625,3145.691650390625,699453440
2025-11-18 20:45:00+00:00,3127.548828125,3133.319091796875,3127.48388671875,3131.53955078125,468779008
2025-11-18 21:00:00+00:00,3124.18017578125,3124.18017578125,3115.161376953125,3123.8193359375,0
2025-11-18 21:15:00+00:00,3125.145263671875,3127.735595703125,3120.700927734375,3124.90185546875,897417216
2025-11-18 21:30:00+00:00,3104.593994140625,3123.71435546875,3104.593994140625,3123.71435546875,9232384
2025-11-18 21:45:00+00:00,3098.114501953125,3104.326171875,3097.212890625,3104.326171875,784781312
2025-11-18 22:00:00+00:00,3114.93017578125,3115.58056640625,3096.859619140625,3097.0625,17563648
2025-11-18 22:15:00+00:00,3121.410888671875,3121.410888671875,3113.884521484375,3118.35791015625,179085312
2025-11-18 22:30:00+00:00,3123.37255859375,3127.046630859375,3121.40234375,3124.44287109375,1652785152
2025-11-18 22:45:00+00:00,3123.283935546875,3124.054931640625,3118.775634765625,3122.85107421875,934379520
2025-11-18 23:00:00+00:00,3108.076416015625,3123.7587890625,3107.852294921875,3123.7587890625,169459712
2025-11-18 23:15:00+00:00,3117.560546875,3117.560546875,3110.068359375,3110.068359375,80498688
2025-11-18 23:30:00+00:00,3118.869873046875,3120.94287109375,3117.072998046875,3117.174560546875,2139213824
2025-11-18 23:45:00+00:00,3118.20751953125,3118.853515625,3113.923828125,3118.740234375,780587008
2025-11-19 00:00:00+00:00,3102.78076171875,3122.25048828125,3102.78076171875,3122.25048828125,237568000
2025-11-19 00:15:00+00:00,3093.02783203125,3102.07470703125,3080.1416015625,3102.07470703125,117293056
2025-11-19 00:30:00+00:00,3103.571533203125,3103.571533203125,3086.0146484375,3091.716552734375,17256448
2025-11-19 00:45:00+00:00,3103.940673828125,3106.008056640625,3101.35546875,3104.060791015625,490762240
2025-11-19 01:00:00+00:00,3088.4365234375,3098.860107421875,3085.483154296875,3098.860107421875,0
2025-11-19 01:15:00+00:00,3107.62646484375,3112.23095703125,3086.3544921875,3088.05810546875,614219776
2025-11-19 01:30:00+00:00,3102.163818359375,3108.855712890625,3099.006591796875,3108.855712890625,577429504
2025-11-19 01:45:00+00:00,3094.406494140625,3104.28955078125,3094.406494140625,3104.28955078125,689520640
2025-11-19 02:00:00+00:00,3115.328125,3115.328125,3100.20703125,3101.939697265625,211881984
2025-11-19 02:15:00+00:00,3113.95654296875,3119.568115234375,3107.45068359375,3116.3466796875,684478464
2025-11-19 02:30:00+00:00,3111.725830078125,3122.309814453125,3111.725830078125,3113.43994140625,550731776
2025-11-19 02:45:00+00:00,3115.818115234375,3118.625244140625,3111.741455078125,3111.741455078125,0
2025-11-19 03:00:00+00:00,3109.514892578125,3114.989501953125,3108.21337890625,3111.57373046875,484655104
2025-11-19 03:15:00+00:00,3096.84375,3109.8349609375,3096.84375,3107.416748046875,0
2025-11-19 03:30:00+00:00,3085.674560546875,3095.864501953125,3076.555908203125,3095.864501953125,429977600
2025-11-19 03:45:00+00:00,3078.886474609375,3086.97412109375,3074.341064453125,3086.97412109375,338505728
2025-11-19 04:00:00+00:00,3063.989990234375,3075.189208984375,3063.989990234375,3074.89794921875,12500992
2025-11-19 04:15:00+00:00,3068.634521484375,3069.615234375,3064.890625,3065.471923828125,673419264
2025-11-19 04:30:00+00:00,3060.864990234375,3067.907958984375,3059.934814453125,3067.907958984375,24567808
2025-11-19 04:45:00+00:00,3060.86962890625,3063.1416015625,3058.017333984375,3059.907470703125,278704128
2025-11-19 05:00:00+00:00,3047.129150390625,3057.109130859375,3044.324951171875,3057.109130859375,0
2025-11-19 05:15:00+00:00,3024.708984375,3046.025634765625,3024.708984375,3046.025634765625,993740800
2025-11-19 05:30:00+00:00,2998.3974609375,3023.518310546875,2996.08203125,3023.518310546875,108929024
2025-11-19 05:45:00+00:00,3007.0537109375,3010.143798828125,2992.643798828125,2995.84228515625,660602880
2025-11-19 06:00:00+00:00,3025.989013671875,3025.989013671875,3009.771728515625,3013.2744140625,209870848
2025-11-19 06:15:00+00:00,3028.2626953125,3028.786376953125,3024.20166015625,3028.786376953125,1197504512
2025-11-19 06:30:00+00:00,3038.471923828125,3039.956298828125,3028.872314453125,3028.872314453125,1007644672
2025-11-19 06:45:00+00:00,3038.006591796875,3042.057373046875,3032.614013671875,3037.503173828125,14516224
2025-11-19 07:00:00+00:00,3052.904052734375,3052.904052734375,3038.736328125,3038.98583984375,34729984
2025-11-19 07:15:00+00:00,3051.176513671875,3053.67333984375,3048.250732421875,3052.96240234375,661442560
2025-11-19 07:30:00+00:00,3069.901123046875,3069.901123046875,3048.341552734375,3050.068359375,116039680
2025-11-19 07:45:00+00:00,3082.704345703125,3084.076904296875,3071.965576171875,3072.025634765625,246476800
2025-11-19 08:00:00+00:00,3077.4521484375,3083.1474609375,3076.35595703125,3083.1474609375,467636224
2025-11-19 08:15:00+00:00,3095.6611328125,3095.6611328125,3073.3369140625,3077.449951171875,443172864
2025-11-19 08:30:00+00:00,3086.67529296875,3096.423095703125,3085.2236328125,3095.029541015625,109414400
2025-11-19 08:45:00+00:00,3080.39306640625,3086.1064453125,3078.010498046875,3086.099365234375,722501632
2025-11-19 09:00:00+00:00,3064.175048828125,3078.49462890625,3057.146484375,3078.361572265625,0
2025-11-19 09:15:00+00:00,3060.68701171875,3069.581298828125,3059.18896484375,3064.387451171875,566091776
2025-11-19 09:30:00+00:00,3074.4091796875,3074.4091796875,3061.419921875,3061.419921875,15243264
2025-11-19 09:45:00+00:00,3082.40771484375,3083.5712890625,3069.6142578125,3076.405517578125,483098624
2025-11-19 10:00:00+00:00,3098.617431640625,3106.35009765625,3085.365966796875,3085.89453125,242259968
2025-11-19 10:15:00+00:00,3096.404541015625,3100.685791015625,3091.912841796875,3097.781982421875,554360832
2025-11-19 10:30:00+00:00,3098.1748046875,3098.1748046875,3092.46337890625,3095.8427734375,0
2025-11-19 10:45:00+00:00,3088.501708984375,3097.760986328125,3085.0029296875,3097.760986328125,73095168
2025-11-19 11:00:00+00:00,3094.711669921875,3094.924560546875,3087.6328125,3089.687255859375,1013925888
2025-11-19 11:15:00+00:00,3089.470703125,3097.358154296875,3089.470703125,3096.564697265625,770138112
2025-11-19 11:30:00+00:00,3090.425537109375,3091.12939453125,3084.2470703125,3089.352294921875,64768000
2025-11-19 11:45:00+00:00,3082.610107421875,3090.79736328125,3079.23779296875,3090.79736328125,356028416
2025-11-19 12:00:00+00:00,3083.37158203125,3091.590087890625,3080.23388671875,3082.528076171875,811769856
2025-11-19 12:15:00+00:00,3090.84375,3090.84375,3083.453125,3084.6533203125,874119168
2025-11-19 12:30:00+00:00,3090.912353515625,3093.907958984375,3086.096923828125,3091.09619140625,475189248
2025-11-19 12:45:00+00:00,3095.845703125,3103.427001953125,3092.944091796875,3092.944091796875,549838848
2025-11-19 13:00:00+00:00,3091.76513671875,3098.509033203125,3087.43115234375,3098.509033203125,126730240
2025-11-19 13:15:00+00:00,3091.107421875,3095.3857421875,3085.53173828125,3091.53759765625,590184448
2025-11-19 13:30:00+00:00,3074.53076171875,3094.91552734375,3074.53076171875,3092.2353515625,0
2025-11-19 13:45:00+00:00,3066.355224609375,3075.9228515625,3061.3974609375,3074.60595703125,1048401920
2025-11-19 14:00:00+00:00,3059.20654296875,3067.22314453125,3044.45361328125,3065.2568359375,1222340608
2025-11-19 14:15:00+00:00,3027.93505859375,3059.854736328125,3025.699951171875,3059.75732421875,49436672
2025-11-19 14:30:00+00:00,3053.2578125,3053.2578125,3026.428955078125,3026.536865234375,991324160
2025-11-19 14:45:00+00:00,3051.078857421875,3059.55419921875,3047.54443359375,3056.793701171875,769556480
2025-11-19 15:00:00+00:00,3089.11572265625,3098.27685546875,3057.59130859375,3057.59130859375,558708736
2025-11-19 15:15:00+00:00,3030.2265625,3090.57275390625,3030.2265625,3084.501708984375,536698880
2025-11-19 15:30:00+00:00,3001.67822265625,3034.837158203125,2996.257568359375,3034.837158203125,928659456
2025-11-19 15:45:00+00:00,2967.420166015625,3000.8837890625,2967.420166015625,3000.8837890625,645109760
2025-11-19 16:00:00+00:00,2974.42333984375,2982.123291015625,2968.079833984375,2971.05810546875,665884672
2025-11-19 16:15:00+00:00,2960.678466796875,2979.67822265625,2957.161865234375,2977.112548828125,1024618496
2025-11-19 16:30:00+00:00,2958.0341796875,2961.007568359375,2939.220703125,2960.783447265625,1102815232
2025-11-19 16:45:00+00:00,2940.27685546875,2953.572509765625,2939.6455078125,2953.572509765625,464510976
2025-11-19 17:00:00+00:00,2919.760498046875,2955.003173828125,2919.760498046875,2947.8125,12726272
2025-11-19 17:15:00+00:00,2932.46826171875,2932.46826171875,2912.03125,2920.61328125,697358336
2025-11-19 17:30:00+00:00,2929.009521484375,2932.828369140625,2901.185791015625,2932.828369140625,1215383552
2025-11-19 17:45:00+00:00,2913.21630859375,2925.077392578125,2910.949462890625,2925.077392578125,603705344
2025-11-19 18:00:00+00:00,2924.357666015625,2924.357666015625,2904.346923828125,2920.556640625,2035259392
2025-11-19 18:15:00+00:00,2881.885986328125,2923.67529296875,2880.693359375,2923.67529296875,625649664
2025-11-19 18:30:00+00:00,2881.42822265625,2894.991943359375,2881.42822265625,2885.399658203125,420659200
2025-11-19 18:45:00+00:00,2895.360595703125,2895.360595703125,2880.105712890625,2880.906494140625,1017798656
2025-11-19 19:00:00+00:00,2883.9541015625,2899.3427734375,2883.890869140625,2890.320556640625,752119808
2025-11-19 19:15:00+00:00,2876.37451171875,2887.60302734375,2872.83056640625,2887.60302734375,637042688
2025-11-19 19:30:00+00:00,2872.743408203125,2880.372314453125,2871.582275390625,2877.616943359375,1178730496
2025-11-19 19:45:00+00:00,2879.933349609375,2886.16162109375,2871.468505859375,2872.631591796875,128925696
2025-11-19 20:00:00+00:00,2881.2333984375,2882.68115234375,2872.590087890625,2879.07666015625,365932544
2025-11-19 20:15:00+00:00,2914.4453125,2914.4453125,2881.0478515625,2881.0478515625,48545792
2025-11-19 20:30:00+00:00,2908.0732421875,2925.53369140625,2907.3310546875,2916.081298828125,1186238464
2025-11-19 20:45:00+00:00,2943.89453125,2943.89453125,2910.150390625,2911.53662109375,572809216
2025-11-19 21:00:00+00:00,2942.62744140625,2957.119384765625,2939.785400390625,2941.866943359375,1760976896
2025-11-19 21:15:00+00:00,2969.86474609375,2994.66259765625,2943.694580078125,2943.694580078125,839294976
2025-11-19 21:30:00+00:00,2982.104736328125,2990.8330078125,2964.6748046875,2964.6748046875,915546112
2025-11-19 21:45:00+00:00,2989.777587890625,2992.1064453125,2981.84228515625,2984.306884765625,525709312
2025-11-19 22:00:00+00:00,2968.04736328125,2989.1015625,2968.04736328125,2989.1015625,372191232
2025-11-19 22:15:00+00:00,2976.13037109375,2976.13037109375,2958.930908203125,2965.40966796875,697188352
2025-11-19 22:30:00+00:00,2977.769775390625,2980.309326171875,2972.24658203125,2979.691650390625,598433792
2025-11-19 22:45:00+00:00,2981.477294921875,2981.477294921875,2973.934814453125,2976.987548828125,752259072
2025-11-19 23:00:00+00:00,3013.27783203125,3016.274658203125,2981.572265625,2981.572265625,483315712
2025-11-19 23:15:00+00:00,3012.716064453125,3017.766845703125,3011.9931640625,3012.239501953125,1107365888
2025-11-19 23:30:00+00:00,3010.406005859375,3018.0791015625,3009.1982421875,3012.130615234375,739504128
2025-11-19 23:45:00+00:00,3023.03125,3023.45166015625,3010.5107421875,3010.5107421875,797503488
2025-11-20 00:00:00+00:00,3011.8818359375,3022.771728515625,3006.003173828125,3022.771728515625,736727040
2025-11-20 00:15:00+00:00,3034.476318359375,3036.735595703125,3012.863525390625,3013.302490234375,646787072
2025-11-20 00:30:00+00:00,3038.041015625,3044.561279296875,3034.007568359375,3034.199951171875,680783872
2025-11-20 00:45:00+00:00,3018.258056640625,3042.509765625,3018.258056640625,3039.444580078125,68337664
2025-11-20 01:00:00+00:00,3034.7421875,3036.177001953125,3017.820556640625,3017.87646484375,596238336
2025-11-20 01:15:00+00:00,3024.031005859375,3037.0859375,3024.031005859375,3032.38818359375,1895063552
2025-11-20 01:30:00+00:00,3037.65771484375,3039.075439453125,3027.552490234375,3027.552490234375,53280768
2025-11-20 01:45:00+00:00,3042.2001953125,3046.962646484375,3037.587158203125,3037.822509765625,616329216
2025-11-20 02:00:00+00:00,3039.630615234375,3051.12255859375,3031.04833984375,3043.70361328125,600207360
2025-11-20 02:15:00+00:00,3031.694091796875,3041.52490234375,3030.7353515625,3039.39892578125,252182528
2025-11-20 02:30:00+00:00,3034.344482421875,3038.782958984375,3031.5986328125,3031.5986328125,315510784
2025-11-20 02:45:00+00:00,3043.460205078125,3044.268798828125,3029.553955078125,3031.875244140625,708739072
2025-11-20 03:00:00+00:00,3043.195068359375,3046.04345703125,3039.405029296875,3041.32763671875,605286400
2025-11-20 03:15:00+00:00,3039.044677734375,3049.279541015625,3039.044677734375,3043.1787109375,157093888
2025-11-20 03:30:00+00:00,3042.511474609375,3045.822998046875,3036.649658203125,3039.40380859375,567173120
2025-11-20 03:45:00+00:00,3037.739013671875,3043.4619140625,3036.047119140625,3043.4619140625,0
2025-11-20 04:00:00+00:00,3031.412841796875,3037.674560546875,3027.218994140625,3037.14697265625,358793216
2025-11-20 04:15:00+00:00,3017.151611328125,3028.792236328125,3017.151611328125,3028.792236328125,561860608
2025-11-20 04:30:00+00:00,3022.568359375,3022.568359375,3017.239501953125,3017.239501953125,11280384
2025-11-20 04:45:00+00:00,3049.620361328125,3049.620361328125,3024.146728515625,3024.146728515625,0
2025-11-20 05:00:00+00:00,3047.320556640625,3056.2958984375,3047.320556640625,3051.123779296875,552230912
2025-11-20 05:15:00+00:00,3035.419677734375,3046.77001953125,3035.419677734375,3046.77001953125,0
2025-11-20 05:30:00+00:00,3035.133056640625,3035.697509765625,3032.608642578125,3035.55322265625,519110656
2025-11-20 05:45:00+00:00,3033.477783203125,3041.135009765625,3033.477783203125,3034.8193359375,510201856
2025-11-20 06:00:00+00:00,3036.51123046875,3038.20458984375,3032.88623046875,3032.88623046875,0
2025-11-20 06:15:00+00:00,3026.47216796875,3035.32568359375,3024.6171875,3035.32568359375,0
2025-11-20 06:30:00+00:00,3011.66845703125,3027.354736328125,3011.66845703125,3025.87890625,1011089408
2025-11-20 06:45:00+00:00,3015.599853515625,3015.599853515625,3006.6962890625,3010.31201171875,1257865216
2025-11-20 07:00:00+00:00,3022.75,3025.38427734375,3015.0283203125,3017.66552734375,0
2025-11-20 07:15:00+00:00,3024.871337890625,3028.26953125,3019.5703125,3022.602783203125,274706432
2025-11-20 07:30:00+00:00,3029.71533203125,3033.080810546875,3024.575439453125,3025.1259765625,45744128
2025-11-20 07:45:00+00:00,3037.983642578125,3040.73486328125,3031.06005859375,3031.06005859375,8069120
2025-11-20 08:00:00+00:00,3025.876953125,3038.7802734375,3025.876953125,3036.598388671875,547045376
2025-11-20 08:15:00+00:00,3030.48583984375,3036.17724609375,3024.94482421875,3025.603759765625,222343168
2025-11-20 08:30:00+00:00,3030.72119140625,3035.21044921875,3028.2783203125,3033.23779296875,1058471936
2025-11-20 08:45:00+00:00,3028.59765625,3034.4736328125,3027.86376953125,3031.6865234375,19218432
2025-11-20 09:00:00+00:00,3029.475341796875,3030.311279296875,3023.91845703125,3028.480224609375,446853120
2025-11-20 09:15:00+00:00,3013.013427734375,3028.31982421875,3013.013427734375,3028.31982421875,36757504
2025-11-20 09:30:00+00:00,3008.785400390625,3013.76416015625,3007.586669921875,3011.242919921875,77766656
2025-11-20 09:45:00+00:00,3008.06201171875,3010.011474609375,2999.13720703125,3008.49560546875,714199040
2025-11-20 10:00:00+00:00,2994.44921875,3009.55810546875,2993.614013671875,3008.360595703125,0
2025-11-20 10:15:00+00:00,3013.359130859375,3013.359130859375,2995.827392578125,2995.827392578125,641007616
2025-11-20 10:30:00+00:00,3005.841552734375,3017.179931640625,3005.472412109375,3014.063720703125,157683712
2025-11-20 10:45:00+00:00,3010.288818359375,3010.9072265625,3004.618896484375,3005.92578125,444002304
2025-11-20 11:00:00+00:00,3009.54248046875,3013.453857421875,3006.028564453125,3012.066650390625,0
2025-11-20 11:15:00+00:00,3001.1103515625,3013.57177734375,3001.1103515625,3009.451416015625,568692736
2025-11-20 11:30:00+00:00,3016.650146484375,3017.321044921875,3001.757568359375,3001.757568359375,1019351040
2025-11-20 11:45:00+00:00,3021.07861328125,3021.33544921875,3014.635009765625,3016.605224609375,1340309504
2025-11-20 12:00:00+00:00,3016.808349609375,3023.35205078125,3016.808349609375,3020.892822265625,132165632
2025-11-20 12:15:00+00:00,3017.611328125,3017.611328125,3009.27197265625,3010.44189453125,555892736
2025-11-20 12:30:00+00:00,3014.250732421875,3024.822998046875,3014.250732421875,3016.408935546875,530542592
2025-11-20 12:45:00+00:00,3026.39013671875,3029.131591796875,3014.62890625,3014.62890625,161345536
2025-11-20 13:00:00+00:00,3033.78564453125,3033.78564453125,3021.0224609375,3025.86669921875,20262912
2025-11-20 13:15:00+00:00,3014.46142578125,3033.467041015625,3014.21240234375,3033.467041015625,597200896
2025-11-20 13:30:00+00:00,3006.467529296875,3031.79443359375,3006.467529296875,3022.46533203125,340623360
2025-11-20 13:45:00+00:00,2999.4013671875,3017.4580078125,2997.800048828125,2998.98974609375,1376829440
2025-11-20 14:00:00+00:00,2970.219970703125,2998.573486328125,2964.9462890625,2998.573486328125,291799040
2025-11-20 14:15:00+00:00,3005.99169921875,3012.241943359375,2967.878173828125,2967.878173828125,1378238464
2025-11-20 14:30:00+00:00,2991.85888671875,3013.033935546875,2977.723876953125,3008.349609375,596357120
2025-11-20 14:45:00+00:00,3002.1015625,3006.831298828125,2987.005126953125,2992.432373046875,729743360
2025-11-20 15:00:00+00:00,2971.428466796875,3000.88623046875,2966.193359375,3000.88623046875,0
2025-11-20 15:15:00+00:00,2985.205810546875,2992.36767578125,2966.311767578125,2970.100830078125,621334528
2025-11-20 15:30:00+00:00,2983.4169921875,2990.035888671875,2974.867431640625,2985.123046875,241885184
2025-11-20 15:45:00+00:00,2966.814208984375,2984.9716796875,2966.814208984375,2984.9716796875,0
2025-11-20 16:00:00+00:00,2904.829345703125,2955.301513671875,2902.0556640625,2952.531494140625,261136384
2025-11-20 16:15:00+00:00,2906.1123046875,2909.316162109375,2884.810791015625,2893.028076171875,1812701184
2025-11-20 16:30:00+00:00,2871.475830078125,2893.40625,2866.470947265625,2889.038818359375,1761087488
2025-11-20 16:45:00+00:00,2852.595947265625,2869.307861328125,2849.478759765625,2865.834716796875,712941568
2025-11-20 17:00:00+00:00,2810.251220703125,2860.048583984375,2810.251220703125,2856.268310546875,84819968
2025-11-20 17:15:00+00:00,2821.038818359375,2823.81591796875,2808.4658203125,2818.74658203125,1376870400
2025-11-20 17:30:00+00:00,2819.61181640625,2838.95263671875,2817.5322265625,2823.91552734375,1851760640
2025-11-20 17:45:00+00:00,2834.345947265625,2834.345947265625,2815.667724609375,2818.46044921875,746082304
2025-11-20 18:00:00+00:00,2846.985107421875,2846.985107421875,2816.37548828125,2831.78955078125,2871685120
2025-11-20 18:15:00+00:00,2821.271484375,2854.6787109375,2821.271484375,2854.6787109375,1069092864
2025-11-20 18:30:00+00:00,2818.239990234375,2824.302001953125,2818.107421875,2821.509765625,1213689856
2025-11-20 18:45:00+00:00,2809.674560546875,2820.18408203125,2806.111328125,2820.18408203125,1256837120
2025-11-20 19:00:00+00:00,2810.68359375,2812.44677734375,2795.59228515625,2812.44677734375,849870848
2025-11-20 19:15:00+00:00,2840.31982421875,2840.7802734375,2807.609375,2808.4970703125,305991680
2025-11-20 19:30:00+00:00,2828.60693359375,2833.712646484375,2821.609130859375,2831.471923828125,1799413760
2025-11-20 19:45:00+00:00,2846.836669921875,2846.836669921875,2828.747802734375,2828.747802734375,7299072
2025-11-20 20:00:00+00:00,2825.497802734375,2844.123291015625,2825.497802734375,2844.123291015625,724127744
2025-11-20 20:15:00+00:00,2842.0029296875,2843.849853515625,2819.41162109375,2819.41162109375,791965696
2025-11-20 20:30:00+00:00,2834.010498046875,2848.14453125,2834.010498046875,2846.490234375,2464161792
2025-11-20 20:45:00+00:00,2834.50537109375,2841.1513671875,2833.0400390625,2836.048583984375,44679168
2025-11-20 21:00:00+00:00,2845.4638671875,2848.563720703125,2839.039794921875,2839.039794921875,374661120
2025-11-20 21:15:00+00:00,2861.8681640625,2875.318603515625,2845.293701171875,2845.293701171875,988925952
2025-11-20 21:30:00+00:00,2883.5185546875,2883.5185546875,2861.95166015625,2861.95166015625,5873664
2025-11-20 21:45:00+00:00,2876.669189453125,2892.7216796875,2876.669189453125,2884.623291015625,56066048
2025-11-20 22:00:00+00:00,2891.66357421875,2897.7001953125,2875.046142578125,2876.836181640625,1784483840
2025-11-20 22:15:00+00:00,2898.359130859375,2898.71337890625,2894.518310546875,2894.9658203125,0
2025-11-20 22:30:00+00:00,2888.41650390625,2898.60009765625,2881.83251953125,2898.0009765625,1520091136
2025-11-20 22:45:00+00:00,2886.097412109375,2890.04443359375,2883.134521484375,2885.448974609375,1354674176
2025-11-20 23:00:00+00:00,2866.52001953125,2887.357421875,2859.276611328125,2886.572265625,165531648
2025-11-20 23:15:00+00:00,2861.924560546875,2870.939453125,2854.946533203125,2864.558349609375,1289408512
2025-11-20 23:30:00+00:00,2844.004150390625,2858.8447265625,2833.300537109375,2858.8447265625,336003072
2025-11-20 23:45:00+00:00,2834.962890625,2847.404296875,2827.723876953125,2847.404296875,1053372416
2025-11-21 00:00:00+00:00,2846.616455078125,2849.859130859375,2830.572509765625,2830.572509765625,143720448
2025-11-21 00:15:00+00:00,2854.24072265625,2858.234130859375,2846.616455078125,2846.616455078125,833662976
2025-11-21 00:30:00+00:00,2861.619873046875,2862.853515625,2848.8193359375,2853.199462890625,405770240
2025-11-21 00:45:00+00:00,2855.318115234375,2863.45703125,2855.318115234375,2857.952392578125,888070144
2025-11-21 01:00:00+00:00,2861.078125,2865.233642578125,2855.5810546875,2859.107666015625,568147968
2025-11-21 01:15:00+00:00,2873.722412109375,2880.30224609375,2849.97021484375,2859.439697265625,479191040
2025-11-21 01:30:00+00:00,2868.0615234375,2875.132568359375,2859.936767578125,2875.132568359375,558600192
2025-11-21 01:45:00+00:00,2860.24658203125,2867.750732421875,2857.399658203125,2865.60595703125,656125952
2025-11-21 02:00:00+00:00,2835.762939453125,2858.914306640625,2835.762939453125,2858.914306640625,32260096
2025-11-21 02:15:00+00:00,2837.40185546875,2847.887451171875,2822.26513671875,2833.726806640625,667938816
2025-11-21 02:30:00+00:00,2822.852783203125,2840.182373046875,2822.852783203125,2837.39111328125,1753350144
2025-11-21 02:45:00+00:00,2780.87939453125,2824.648193359375,2780.87939453125,2811.59375,274083840
2025-11-21 03:00:00+00:00,2809.640380859375,2817.658447265625,2785.0078125,2785.0078125,1364013056
2025-11-21 03:15:00+00:00,2802.064208984375,2812.31591796875,2791.13232421875,2806.942138671875,1003315200
2025-11-21 03:30:00+00:00,2818.652099609375,2818.652099609375,2796.41015625,2804.13330078125,269361152
2025-11-21 03:45:00+00:00,2813.7294921875,2819.298828125,2809.43310546875,2819.298828125,1894768640
2025-11-21 04:00:00+00:00,2805.949462890625,2807.540283203125,2797.340576171875,2807.540283203125,75640832
2025-11-21 04:15:00+00:00,2807.451904296875,2807.451904296875,2798.179931640625,2806.893310546875,775938048
2025-11-21 04:30:00+00:00,2802.71923828125,2807.04931640625,2781.74755859375,2807.04931640625,834207744
2025-11-21 04:45:00+00:00,2815.099609375,2815.473876953125,2801.206787109375,2806.9482421875,584278016
2025-11-21 05:00:00+00:00,2815.0830078125,2821.274658203125,2812.739013671875,2816.09375,350314496
2025-11-21 05:15:00+00:00,2820.808349609375,2826.8076171875,2818.370849609375,2818.370849609375,1171304448
2025-11-21 05:30:00+00:00,2803.85107421875,2822.67578125,2800.2939453125,2821.045166015625,409718784
2025-11-21 05:45:00+00:00,2804.228515625,2805.252197265625,2798.8876953125,2805.252197265625,1478381568
2025-11-21 06:00:00+00:00,2804.128173828125,2808.568603515625,2793.13818359375,2805.697998046875,1372467200
2025-11-21 06:15:00+00:00,2792.01220703125,2805.165283203125,2792.01220703125,2805.165283203125,47316992
2025-11-21 06:30:00+00:00,2792.236572265625,2794.083251953125,2782.533203125,2790.080810546875,1112903680
2025-11-21 06:45:00+00:00,2789.468505859375,2795.861083984375,2788.568115234375,2794.47607421875,30412800
2025-11-21 07:00:00+00:00,2781.03076171875,2794.80029296875,2781.03076171875,2788.283935546875,190623744
2025-11-21 07:15:00+00:00,2763.33935546875,2776.292236328125,2758.480712890625,2776.292236328125,1081413632
2025-11-21 07:30:00+00:00,2727.821533203125,2751.301513671875,2684.31396484375,2751.301513671875,2092503040
2025-11-21 07:45:00+00:00,2710.890869140625,2728.91357421875,2705.527587890625,2728.91357421875,3947487232
2025-11-21 08:00:00+00:00,2745.415283203125,2745.415283203125,2707.382568359375,2711.1689453125,1137065984
2025-11-21 08:15:00+00:00,2735.36376953125,2746.157470703125,2735.36376953125,2739.398681640625,3483951104
2025-11-21 08:30:00+00:00,2723.03759765625,2743.993896484375,2723.03759765625,2734.60888671875,249098240
2025-11-21 08:45:00+00:00,2737.130859375,2739.740478515625,2725.251953125,2725.251953125,1879146496
2025-11-21 09:00:00+00:00,2732.93408203125,2742.197509765625,2731.432373046875,2735.12109375,1031127040
2025-11-21 09:15:00+00:00,2709.821044921875,2733.509765625,2709.821044921875,2733.142578125,992493568
2025-11-21 09:30:00+00:00,2686.697021484375,2707.018310546875,2681.801025390625,2707.018310546875,1058607104
2025-11-21 09:45:00+00:00,2685.314208984375,2687.18798828125,2677.715576171875,2687.18798828125,1548677120
2025-11-21 10:00:00+00:00,2690.127197265625,2702.0830078125,2663.0576171875,2679.1611328125,1209114624
2025-11-21 10:15:00+00:00,2686.337646484375,2697.548095703125,2683.254150390625,2690.112060546875,1349574656
2025-11-21 10:30:00+00:00,2704.720703125,2712.11669921875,2683.23388671875,2683.23388671875,1604186112
2025-11-21 10:45:00+00:00,2693.7666015625,2704.059326171875,2693.7666015625,2703.416748046875,1724919808
2025-11-21 11:00:00+00:00,2712.830810546875,2715.5810546875,2693.2275390625,2694.64111328125,1042870272
2025-11-21 11:15:00+00:00,2709.7138671875,2716.39013671875,2709.7138671875,2714.204833984375,762060800
2025-11-21 11:30:00+00:00,2688.3876953125,2712.40234375,2688.3876953125,2707.779052734375,2271723520
2025-11-21 11:45:00+00:00,2684.168701171875,2690.07421875,2675.125244140625,2690.07421875,2646794240
2025-11-21 12:00:00+00:00,2677.976318359375,2686.5595703125,2670.0263671875,2685.630615234375,167645184
2025-11-21 12:15:00+00:00,2629.41162109375,2680.266845703125,2629.41162109375,2680.266845703125,1742385152
2025-11-21 12:30:00+00:00,2712.79345703125,2713.035400390625,2632.35546875,2632.35546875,2994548736
2025-11-21 12:45:00+00:00,2725.462646484375,2734.236572265625,2723.664794921875,2725.613525390625,2606104576
2025-11-21 13:00:00+00:00,2734.667236328125,2734.667236328125,2713.845947265625,2723.456787109375,493322240
2025-11-21 13:15:00+00:00,2737.199951171875,2748.2529296875,2732.559326171875,2735.39599609375,393936896
2025-11-21 13:30:00+00:00,2754.352783203125,2754.352783203125,2730.806640625,2733.06298828125,1224093696
2025-11-21 13:45:00+00:00,2745.82080078125,2759.4951171875,2745.82080078125,2757.364013671875,1364627456
2025-11-21 14:00:00+00:00,2733.92041015625,2742.7158203125,2733.92041015625,2738.705810546875,428232704
2025-11-21 14:15:00+00:00,2722.1142578125,2729.0703125,2720.0859375,2729.0703125,83316736
2025-11-21 14:30:00+00:00,2756.363525390625,2766.44287109375,2723.40087890625,2723.40087890625,1621864448
2025-11-21 14:45:00+00:00,2772.9755859375,2775.319091796875,2740.89013671875,2755.6748046875,0
2025-11-21 15:00:00+00:00,2742.507080078125,2774.646484375,2742.507080078125,2774.646484375,4175687680
2025-11-21 15:15:00+00:00,2732.15771484375,2749.349365234375,2727.560302734375,2739.9072265625,500768768
2025-11-21 15:30:00+00:00,2698.572509765625,2731.25244140625,2694.9443359375,2727.035400390625,870825984
2025-11-21 15:45:00+00:00,2698.911865234375,2718.881591796875,2695.614990234375,2709.726318359375,1517436928
2025-11-21 16:00:00+00:00,2692.083740234375,2703.9248046875,2681.411865234375,2702.4736328125,713560064
2025-11-21 16:15:00+00:00,2714.42578125,2714.42578125,2680.38720703125,2695.170166015625,0
2025-11-21 16:30:00+00:00,2721.52685546875,2733.344970703125,2708.9794921875,2714.44677734375,367525888
2025-11-21 16:45:00+00:00,2760.04638671875,2760.04638671875,2705.5849609375,2710.8173828125,2655281152
2025-11-21 17:00:00+00:00,2779.3232421875,2788.417236328125,2754.845458984375,2760.18994140625,0
2025-11-21 17:15:00+00:00,2786.968994140625,2797.423095703125,2780.03125,2782.763671875,1765498880
2025-11-21 17:30:00+00:00,2792.27001953125,2799.8515625,2786.950927734375,2792.28564453125,315998208
2025-11-21 17:45:00+00:00,2781.9765625,2800.100341796875,2781.9765625,2791.212158203125,627060736
2025-11-21 18:00:00+00:00,2731.830810546875,2778.187255859375,2731.830810546875,2778.187255859375,0
2025-11-21 18:15:00+00:00,2743.526123046875,2743.526123046875,2718.407958984375,2728.251708984375,1737814016
2025-11-21 18:30:00+00:00,2771.053466796875,2772.187744140625,2749.29052734375,2749.29052734375,2217349120
2025-11-21 18:45:00+00:00,2775.313720703125,2786.08984375,2769.437744140625,2770.86669921875,317919232
2025-11-21 19:00:00+00:00,2766.01123046875,2782.513671875,2766.01123046875,2781.6767578125,1837699072
2025-11-21 19:15:00+00:00,2778.72998046875,2779.993896484375,2763.528076171875,2766.45166015625,532201472
2025-11-21 19:30:00+00:00,2764.106689453125,2775.896240234375,2764.106689453125,2775.896240234375,0
2025-11-21 19:45:00+00:00,2748.87890625,2754.197509765625,2742.003662109375,2754.197509765625,83783680
2025-11-21 20:00:00+00:00,2747.1298828125,2751.44189453125,2728.43505859375,2749.020751953125,1060651008
2025-11-21 20:15:00+00:00,2715.05517578125,2741.146728515625,2715.05517578125,2741.146728515625,0
2025-11-21 20:30:00+00:00,2735.714111328125,2735.714111328125,2709.224609375,2709.224609375,771457024
2025-11-21 20:45:00+00:00,2738.189453125,2748.4775390625,2735.100341796875,2735.100341796875,793395200
2025-11-21 21:00:00+00:00,2740.443359375,2742.754150390625,2733.350830078125,2736.994140625,1469894656
2025-11-21 21:15:00+00:00,2765.670166015625,2765.670166015625,2742.661865234375,2742.661865234375,0
2025-11-21 21:30:00+00:00,2772.126220703125,2772.126220703125,2760.539794921875,2764.1630859375,181456896
2025-11-21 21:45:00+00:00,2763.3828125,2771.709716796875,2763.3828125,2769.12890625,1029111808
2025-11-21 22:00:00+00:00,2762.767822265625,2771.197998046875,2762.767822265625,2764.56201171875,188686336
2025-11-21 22:15:00+00:00,2754.51708984375,2766.35498046875,2749.7763671875,2763.23193359375,0
2025-11-21 22:30:00+00:00,2740.8349609375,2751.4345703125,2733.40576171875,2751.4345703125,2203275264
2025-11-21 22:45:00+00:00,2724.0361328125,2750.746826171875,2724.0361328125,2741.193115234375,1355685888
2025-11-21 23:00:00+00:00,2727.083740234375,2727.083740234375,2715.18017578125,2722.93701171875,1481883648
2025-11-21 23:15:00+00:00,2751.759033203125,2751.759033203125,2728.05859375,2728.05859375,1486610432
2025-11-21 23:30:00+00:00,2764.156494140625,2764.156494140625,2753.4462890625,2753.4462890625,298934272
2025-11-21 23:45:00+00:00,2762.017578125,2767.525390625,2761.958984375,2762.999267578125,1493512192
2025-11-22 00:00:00+00:00,2773.546630859375,2775.501708984375,2764.318359375,2764.603759765625,0
2025-11-22 00:15:00+00:00,2760.91845703125,2776.893798828125,2760.91845703125,2776.893798828125,2114551808
2025-11-22 00:30:00+00:00,2767.15625,2771.6767578125,2758.0263671875,2758.0263671875,663175168
2025-11-22 00:45:00+00:00,2763.852783203125,2769.06396484375,2759.201171875,2769.06396484375,596127744
2025-11-22 01:00:00+00:00,2763.42822265625,2771.304443359375,2762.90625,2763.8564453125,861831168
2025-11-22 01:15:00+00:00,2769.840087890625,2770.73095703125,2763.13427734375,2763.13427734375,771330048
2025-11-22 01:30:00+00:00,2768.612548828125,2780.82470703125,2768.612548828125,2771.6240234375,1281830912
2025-11-22 01:45:00+00:00,2771.310791015625,2774.953857421875,2767.43359375,2767.43359375,832258048
2025-11-22 02:00:00+00:00,2759.598388671875,2773.341796875,2759.598388671875,2771.90673828125,0
2025-11-22 02:15:00+00:00,2755.17626953125,2759.4228515625,2749.863525390625,2759.36572265625,989990912
2025-11-22 02:30:00+00:00,2743.0537109375,2754.526123046875,2741.85791015625,2754.526123046875,321089536
2025-11-22 02:45:00+00:00,2748.87744140625,2748.87744140625,2739.906982421875,2742.040771484375,915730432
2025-11-22 03:00:00+00:00,2754.49755859375,2754.49755859375,2746.698486328125,2750.8291015625,0
2025-11-22 03:15:00+00:00,2744.22216796875,2755.374755859375,2741.75537109375,2755.374755859375,507826176
2025-11-22 03:30:00+00:00,2746.970703125,2749.522216796875,2743.918701171875,2746.14404296875,487931904
2025-11-22 03:45:00+00:00,2752.71875,2752.790771484375,2743.74560546875,2746.443603515625,501387264
2025-11-22 04:00:00+00:00,2733.31982421875,2751.86572265625,2733.31982421875,2751.86572265625,478625792
2025-11-22 04:15:00+00:00,2734.68896484375,2735.716796875,2727.31103515625,2731.196533203125,166764544
2025-11-22 04:30:00+00:00,2729.34228515625,2738.75634765625,2727.50830078125,2737.719482421875,1045004288
2025-11-22 04:45:00+00:00,2743.498291015625,2744.33837890625,2731.170654296875,2731.170654296875,412778496
2025-11-22 05:00:00+00:00,2743.782958984375,2746.2392578125,2741.714599609375,2744.4345703125,395411456
2025-11-22 05:15:00+00:00,2733.778076171875,2744.390625,2729.38037109375,2744.390625,724115456
2025-11-22 05:30:00+00:00,2728.45068359375,2734.709716796875,2727.28564453125,2734.709716796875,504438784
2025-11-22 05:45:00+00:00,2742.264892578125,2742.318115234375,2728.6416015625,2728.6416015625,772628480
2025-11-22 06:00:00+00:00,2739.686767578125,2742.04296875,2732.623046875,2741.97119140625,319463424
2025-11-22 06:15:00+00:00,2750.157470703125,2751.179931640625,2740.2451171875,2740.9951171875,2068414464
2025-11-22 06:30:00+00:00,2758.737060546875,2762.84033203125,2749.81640625,2749.81640625,1350635520
2025-11-22 06:45:00+00:00,2764.3427734375,2764.3427734375,2758.2353515625,2760.196044921875,988733440
2025-11-22 07:00:00+00:00,2757.12158203125,2765.1435546875,2757.023193359375,2763.939697265625,573448192
2025-11-22 07:15:00+00:00,2757.5048828125,2764.314697265625,2756.61181640625,2756.646728515625,0
2025-11-22 07:30:00+00:00,2755.606201171875,2761.182861328125,2753.81201171875,2758.61083984375,0
2025-11-22 07:45:00+00:00,2755.5546875,2758.89453125,2755.291259765625,2758.363525390625,255737856
2025-11-22 08:00:00+00:00,2744.090576171875,2754.860107421875,2744.090576171875,2754.860107421875,319504384
2025-11-22 08:15:00+00:00,2726.78125,2745.108154296875,2726.78125,2745.108154296875,0
2025-11-22 08:30:00+00:00,2724.684814453125,2731.36181640625,2721.93017578125,2727.773193359375,641187840
2025-11-22 08:45:00+00:00,2731.150634765625,2735.24267578125,2725.489013671875,2727.18115234375,439123968
2025-11-22 09:00:00+00:00,2736.796142578125,2736.796142578125,2728.416259765625,2728.416259765625,0
2025-11-22 09:15:00+00:00,2723.646484375,2736.147216796875,2722.065673828125,2736.147216796875,591306752
2025-11-22 09:30:00+00:00,2728.38232421875,2735.5498046875,2721.1650390625,2724.39599609375,0
2025-11-22 09:45:00+00:00,2723.717041015625,2732.4619140625,2723.717041015625,2727.5185546875,112537600
2025-11-22 10:00:00+00:00,2729.493408203125,2729.493408203125,2723.64697265625,2723.64697265625,0
2025-11-22 10:15:00+00:00,2710.39892578125,2725.930419921875,2709.526123046875,2725.930419921875,191873024
2025-11-22 10:30:00+00:00,2709.79296875,2714.2333984375,2709.527099609375,2709.527099609375,913457152
2025-11-22 10:45:00+00:00,2711.694091796875,2713.52880859375,2704.91650390625,2710.23046875,0
2025-11-22 11:00:00+00:00,2726.275390625,2726.275390625,2707.638427734375,2711.94189453125,63371264
2025-11-22 11:15:00+00:00,2736.5654296875,2736.5654296875,2721.461669921875,2727.612060546875,154306560
2025-11-22 11:30:00+00:00,2737.067138671875,2739.4404296875,2734.084716796875,2735.49560546875,1102694400
2025-11-22 11:45:00+00:00,2736.41259765625,2739.810546875,2735.92626953125,2739.810546875,4255744
2025-11-22 12:00:00+00:00,2714.845947265625,2734.631591796875,2714.845947265625,2734.631591796875,794478592
2025-11-22 12:15:00+00:00,2715.489990234375,2719.246826171875,2714.42626953125,2714.42626953125,219523072
2025-11-22 12:30:00+00:00,2715.662353515625,2719.4765625,2715.662353515625,2718.06005859375,0
2025-11-22 12:45:00+00:00,2719.3525390625,2721.054931640625,2712.7607421875,2715.0849609375,0
2025-11-22 13:00:00+00:00,2727.934326171875,2728.806640625,2713.410888671875,2719.737060546875,9607168
2025-11-22 13:15:00+00:00,2715.138671875,2727.300537109375,2715.138671875,2727.300537109375,87162880
2025-11-22 13:30:00+00:00,2716.38134765625,2717.631103515625,2712.34228515625,2715.459228515625,97765376
2025-11-22 13:45:00+00:00,2717.2177734375,2722.9951171875,2714.760009765625,2719.340087890625,433233920
2025-11-22 14:00:00+00:00,2734.4755859375,2734.731201171875,2717.526123046875,2717.526123046875,629172224
2025-11-22 14:15:00+00:00,2745.65283203125,2746.88330078125,2737.292724609375,2744.01611328125,92686336
2025-11-22 14:30:00+00:00,2741.35302734375,2746.725341796875,2741.35302734375,2744.57861328125,6971392
2025-11-22 14:45:00+00:00,2744.125732421875,2745.512451171875,2733.299072265625,2740.7255859375,223322112
2025-11-22 15:00:00+00:00,2739.0634765625,2746.7998046875,2737.930908203125,2746.7998046875,114135040
2025-11-22 15:15:00+00:00,2746.923095703125,2747.381103515625,2739.43115234375,2739.43115234375,123142144
2025-11-22 15:30:00+00:00,2728.36083984375,2746.583740234375,2728.36083984375,2746.583740234375,0
2025-11-22 15:45:00+00:00,2733.659912109375,2733.659912109375,2727.64013671875,2728.4453125,342241280
2025-11-22 16:00:00+00:00,2747.42578125,2747.42578125,2735.62548828125,2737.488525390625,0
2025-11-22 16:15:00+00:00,2748.67822265625,2749.6708984375,2743.956298828125,2747.77001953125,203446272
2025-11-22 16:30:00+00:00,2749.718994140625,2749.718994140625,2745.509765625,2747.25,0
2025-11-22 16:45:00+00:00,2755.2099609375,2755.61181640625,2751.7392578125,2753.812744140625,470792192
2025-11-22 17:00:00+00:00,2747.382568359375,2753.101806640625,2745.087890625,2753.101806640625,0
2025-11-22 17:15:00+00:00,2755.427978515625,2755.427978515625,2747.465576171875,2749.5673828125,130428928
2025-11-22 17:30:00+00:00,2747.601806640625,2754.405517578125,2747.601806640625,2754.405517578125,0
2025-11-22 17:45:00+00:00,2746.470458984375,2747.94287109375,2746.177001953125,2747.94287109375,393375744
2025-11-22 18:00:00+00:00,2751.29638671875,2752.222900390625,2745.94482421875,2749.092529296875,0
2025-11-22 18:15:00+00:00,2747.7451171875,2750.906005859375,2747.7451171875,2750.906005859375,2971648
2025-11-22 18:30:00+00:00,2748.315673828125,2748.958251953125,2743.69873046875,2748.958251953125,0
2025-11-22 18:45:00+00:00,2750.09033203125,2752.188232421875,2747.544921875,2748.025634765625,13299712
2025-11-22 19:00:00+00:00,2749.83251953125,2754.401611328125,2748.403076171875,2751.001953125,199378944
2025-11-22 19:15:00+00:00,2749.435791015625,2754.257080078125,2749.004150390625,2752.802490234375,0
2025-11-22 19:30:00+00:00,2745.6025390625,2750.24267578125,2745.553955078125,2748.7861328125,449427456
2025-11-22 19:45:00+00:00,2750.61279296875,2751.580078125,2746.170654296875,2746.170654296875,12052480
2025-11-22 20:00:00+00:00,2754.47705078125,2754.47705078125,2749.883544921875,2750.5361328125,0
2025-11-22 20:15:00+00:00,2752.59130859375,2754.326904296875,2750.45751953125,2754.326904296875,0
2025-11-22 20:30:00+00:00,2744.691650390625,2752.762451171875,2744.570068359375,2752.762451171875,0
2025-11-22 20:45:00+00:00,2738.89794921875,2742.72314453125,2733.83154296875,2741.73681640625,0
2025-11-22 21:00:00+00:00,2737.5849609375,2743.150146484375,2736.4580078125,2739.72216796875,273688576
2025-11-22 21:15:00+00:00,2745.23828125,2745.23828125,2738.830810546875,2738.830810546875,0
2025-11-22 21:30:00+00:00,2745.089599609375,2745.425537109375,2742.549560546875,2744.57080078125,0
2025-11-22 21:45:00+00:00,2746.206298828125,2746.8564453125,2743.76220703125,2744.556396484375,450206720
2025-11-22 22:00:00+00:00,2753.980712890625,2753.980712890625,2740.8623046875,2746.280029296875,0
2025-11-22 22:15:00+00:00,2759.05908203125,2764.01220703125,2755.5732421875,2755.5732421875,700421120
2025-11-22 22:30:00+00:00,2764.929931640625,2764.929931640625,2757.629150390625,2758.21240234375,26106880
2025-11-22 22:45:00+00:00,2791.1884765625,2794.4658203125,2764.78466796875,2765.47998046875,1299105792
2025-11-22 23:00:00+00:00,2779.2041015625,2789.56884765625,2777.873779296875,2785.8876953125,8750080
2025-11-22 23:15:00+00:00,2777.145751953125,2781.988037109375,2768.549072265625,2781.988037109375,61825024
2025-11-22 23:30:00+00:00,2772.666015625,2778.25146484375,2772.666015625,2776.683349609375,112395264
2025-11-22 23:45:00+00:00,2768.464599609375,2771.46435546875,2768.464599609375,2770.739990234375,34238464
2025-11-23 00:00:00+00:00,2775.5732421875,2778.140869140625,2768.27099609375,2768.27099609375,146744320
2025-11-23 00:15:00+00:00,2784.677978515625,2786.83544921875,2776.080810546875,2777.612060546875,317019136
2025-11-23 00:30:00+00:00,2771.740234375,2781.2685546875,2771.6416015625,2781.2685546875,325807104
2025-11-23 00:45:00+00:00,2770.107421875,2774.389892578125,2768.376708984375,2772.853759765625,47100928
2025-11-23 01:00:00+00:00,2780.65234375,2780.88720703125,2771.0224609375,2771.0224609375,17783808
2025-11-23 01:15:00+00:00,2783.27685546875,2786.527587890625,2780.25244140625,2782.278076171875,329206784
2025-11-23 01:30:00+00:00,2801.847900390625,2801.847900390625,2786.27685546875,2786.27685546875,228365312
2025-11-23 01:45:00+00:00,2805.62841796875,2809.694580078125,2799.8525390625,2801.36865234375,436301824
2025-11-23 02:00:00+00:00,2807.11767578125,2815.98681640625,2805.08984375,2806.49267578125,64320512
2025-11-23 02:15:00+00:00,2820.042236328125,2822.107666015625,2808.66845703125,2808.66845703125,596759552
2025-11-23 02:30:00+00:00,2826.3193359375,2827.50537109375,2818.208740234375,2818.208740234375,539090944
2025-11-23 02:45:00+00:00,2820.44482421875,2830.507080078125,2820.33740234375,2828.131103515625,250160128
2025-11-23 03:00:00+00:00,2812.57080078125,2819.977783203125,2810.253173828125,2819.868408203125,154650624
2025-11-23 03:15:00+00:00,2811.877197265625,2814.345703125,2810.605712890625,2811.232666015625,0
2025-11-23 03:30:00+00:00,2817.08740234375,2819.1103515625,2811.27392578125,2812.42529296875,150411264
2025-11-23 03:45:00+00:00,2822.2333984375,2822.2333984375,2817.359130859375,2817.39892578125,41618432
2025-11-23 04:00:00+00:00,2832.41748046875,2832.41748046875,2820.6533203125,2825.743896484375,319954944
2025-11-23 04:15:00+00:00,2838.776123046875,2847.705322265625,2831.00830078125,2831.74560546875,359858176
2025-11-23 04:30:00+00:00,2822.55908203125,2829.223388671875,2822.55908203125,2826.31591796875,345541632
2025-11-23 04:45:00+00:00,2826.311279296875,2829.6826171875,2821.654541015625,2821.654541015625,157441024
2025-11-23 05:00:00+00:00,2825.094482421875,2826.8037109375,2824.135009765625,2826.41162109375,10843136
2025-11-23 05:15:00+00:00,2822.54150390625,2829.1591796875,2822.54150390625,2828.3427734375,79369216
2025-11-23 05:30:00+00:00,2816.112060546875,2823.3193359375,2815.03173828125,2823.09228515625,548940800
2025-11-23 05:45:00+00:00,2823.83642578125,2823.83642578125,2815.785400390625,2815.785400390625,89966592
2025-11-23 06:00:00+00:00,2824.267333984375,2830.00439453125,2823.627685546875,2823.7763671875,0
2025-11-23 06:15:00+00:00,2818.658935546875,2825.2880859375,2818.658935546875,2824.17822265625,259766272
2025-11-23 06:30:00+00:00,2810.486083984375,2819.4921875,2808.37890625,2819.4921875,811472896
2025-11-23 06:45:00+00:00,2810.615478515625,2812.12060546875,2807.806640625,2810.315185546875,68368384
2025-11-23 07:00:00+00:00,2800.862060546875,2809.679443359375,2795.104736328125,2809.679443359375,318106624
2025-11-23 07:15:00+00:00,2779.82421875,2802.527099609375,2777.262451171875,2802.527099609375,175331328
2025-11-23 07:30:00+00:00,2791.108642578125,2791.108642578125,2780.560546875,2780.984130859375,823059456
2025-11-23 07:45:00+00:00,2790.99658203125,2792.2421875,2789.535888671875,2790.990478515625,247816192
2025-11-23 08:00:00+00:00,2802.285888671875,2802.830078125,2792.3974609375,2792.3974609375,212490240
2025-11-23 08:15:00+00:00,2806.140625,2806.73779296875,2801.7099609375,2801.992919921875,290476032
2025-11-23 08:30:00+00:00,2804.267578125,2806.732177734375,2804.267578125,2806.408203125,0
2025-11-23 08:45:00+00:00,2812.387451171875,2812.387451171875,2803.329345703125,2803.468505859375,42072064
2025-11-23 09:00:00+00:00,2809.615966796875,2810.75439453125,2808.133056640625,2810.75439453125,16881664
2025-11-23 09:15:00+00:00,2806.88916015625,2813.831298828125,2806.88916015625,2809.871826171875,162869248
2025-11-23 09:30:00+00:00,2818.12255859375,2818.12255859375,2806.76171875,2808.2392578125,120178688
2025-11-23 09:45:00+00:00,2815.572509765625,2818.473388671875,2814.9169921875,2818.473388671875,183574528
2025-11-23 10:00:00+00:00,2806.955078125,2815.374755859375,2806.822021484375,2815.374755859375,78977024
2025-11-23 10:15:00+00:00,2806.61279296875,2810.526611328125,2802.97509765625,2806.92626953125,196827136
2025-11-23 10:30:00+00:00,2810.22216796875,2810.22216796875,2804.4228515625,2804.949951171875,0
2025-11-23 10:45:00+00:00,2807.94482421875,2811.24462890625,2807.020263671875,2809.42333984375,141475840
2025-11-23 11:00:00+00:00,2805.855712890625,2807.9267578125,2804.774169921875,2806.435546875,197005312
2025-11-23 11:15:00+00:00,2811.96728515625,2813.35009765625,2805.067626953125,2807.219970703125,185397248
2025-11-23 11:30:00+00:00,2817.0068359375,2817.121826171875,2812.5283203125,2812.5283203125,135738368
2025-11-23 11:45:00+00:00,2814.802734375,2818.12060546875,2812.94677734375,2816.970703125,0
2025-11-23 12:00:00+00:00,2821.21728515625,2821.21728515625,2813.98876953125,2814.01318359375,518145024
2025-11-23 12:15:00+00:00,2835.4951171875,2842.016845703125,2828.46240234375,2828.46240234375,344580096
2025-11-23 12:30:00+00:00,2833.23828125,2839.36572265625,2831.102783203125,2834.35009765625,469696512
2025-11-23 12:45:00+00:00,2832.979736328125,2836.614501953125,2831.384521484375,2834.619140625,362160128
2025-11-23 13:00:00+00:00,2822.66259765625,2834.562744140625,2822.66259765625,2832.9462890625,164014080
2025-11-23 13:15:00+00:00,2828.291015625,2829.416259765625,2822.78759765625,2822.78759765625,1196085248
2025-11-23 13:30:00+00:00,2837.5556640625,2837.574462890625,2829.84228515625,2829.84228515625,123359232
2025-11-23 13:45:00+00:00,2842.40576171875,2842.552490234375,2837.88037109375,2837.88037109375,566134784
2025-11-23 14:00:00+00:00,2834.46923828125,2855.837646484375,2833.643310546875,2842.7763671875,900818944
2025-11-23 14:15:00+00:00,2828.622314453125,2834.7900390625,2824.953369140625,2833.98876953125,148590592
2025-11-23 14:30:00+00:00,2829.78125,2831.638427734375,2826.827392578125,2828.49853515625,314978304
2025-11-23 14:45:00+00:00,2813.54150390625,2828.992431640625,2813.54150390625,2828.350830078125,161179648
2025-11-23 15:00:00+00:00,2818.9931640625,2820.56787109375,2810.90478515625,2813.7265625,234184704
2025-11-23 15:15:00+00:00,2819.1337890625,2821.902099609375,2815.937255859375,2819.53271484375,77846528
2025-11-23 15:30:00+00:00,2833.87744140625,2834.76318359375,2817.704345703125,2818.609619140625,925544448
2025-11-23 15:45:00+00:00,2836.037353515625,2836.037353515625,2830.088623046875,2832.074462890625,185847808
2025-11-23 16:00:00+00:00,2831.44091796875,2842.01806640625,2831.44091796875,2835.50341796875,305184768
2025-11-23 16:15:00+00:00,2820.802734375,2831.188232421875,2820.802734375,2831.008056640625,0
2025-11-23 16:30:00+00:00,2828.8564453125,2829.79296875,2819.45361328125,2819.966064453125,232798208
2025-11-23 16:45:00+00:00,2804.361083984375,2829.02001953125,2804.361083984375,2829.02001953125,114190336
2025-11-23 17:00:00+00:00,2799.091552734375,2799.091552734375,2792.21435546875,2798.937744140625,418398208
2025-11-23 17:15:00+00:00,2803.845947265625,2803.845947265625,2788.553466796875,2797.3583984375,582340608
2025-11-23 17:30:00+00:00,2802.00927734375,2805.415283203125,2797.801025390625,2805.415283203125,502831104
2025-11-23 17:45:00+00:00,2792.041259765625,2802.629150390625,2788.598876953125,2802.629150390625,275034112
2025-11-23 18:00:00+00:00,2795.416259765625,2799.055908203125,2794.670654296875,2794.670654296875,0
2025-11-23 18:15:00+00:00,2804.878662109375,2810.1533203125,2796.548583984375,2796.548583984375,898514944
2025-11-23 18:30:00+00:00,2811.54736328125,2813.503662109375,2801.796875,2801.796875,197963776
2025-11-23 18:45:00+00:00,2806.119384765625,2812.451416015625,2804.879638671875,2812.451416015625,455976960
2025-11-23 19:00:00+00:00,2812.268310546875,2813.15087890625,2806.927978515625,2806.927978515625,1185792
2025-11-23 19:15:00+00:00,2825.135498046875,2826.39599609375,2811.521484375,2811.521484375,223365120
2025-11-23 19:30:00+00:00,2830.964599609375,2836.094482421875,2824.92431640625,2824.92431640625,515241984
2025-11-23 19:45:00+00:00,2821.284423828125,2830.069580078125,2821.284423828125,2830.069580078125,288776192
2025-11-23 20:00:00+00:00,2825.4521484375,2829.205810546875,2821.2021484375,2821.4375,547151872
2025-11-23 20:15:00+00:00,2832.754638671875,2833.713623046875,2826.544189453125,2829.443359375,46313472
2025-11-23 20:30:00+00:00,2827.131103515625,2830.320556640625,2824.486328125,2830.320556640625,350713856
2025-11-23 20:45:00+00:00,2827.44873046875,2829.8974609375,2826.976806640625,2828.749755859375,77924352
2025-11-23 21:00:00+00:00,2820.913330078125,2828.181884765625,2817.6015625,2828.181884765625,160317440
2025-11-23 21:15:00+00:00,2837.688720703125,2837.688720703125,2822.04931640625,2822.04931640625,201951232
2025-11-23 21:30:00+00:00,2833.98046875,2838.235595703125,2831.436767578125,2838.235595703125,248881152
2025-11-23 21:45:00+00:00,2842.478759765625,2842.478759765625,2828.27197265625,2828.27197265625,44916736
2025-11-23 22:00:00+00:00,2831.80126953125,2841.73046875,2826.91064453125,2841.58349609375,670031872
2025-11-23 22:15:00+00:00,2838.554443359375,2838.554443359375,2826.3935546875,2833.230712890625,315367424
2025-11-23 22:30:00+00:00,2831.770263671875,2838.46044921875,2829.62744140625,2838.46044921875,478388224
2025-11-23 22:45:00+00:00,2837.707275390625,2837.707275390625,2830.7998046875,2830.7998046875,0
2025-11-23 23:00:00+00:00,2820.22900390625,2840.7080078125,2819.840087890625,2840.7080078125,247218176
2025-11-23 23:15:00+00:00,2804.122314453125,2816.716796875,2799.169189453125,2814.7451171875,231342080
2025-11-23 23:30:00+00:00,2802.59130859375,2804.158935546875,2795.611328125,2804.158935546875,379594752
2025-11-23 23:45:00+00:00,2799.56494140625,2804.1787109375,2799.3310546875,2801.918212890625,188194816
2025-11-24 00:00:00+00:00,2780.331787109375,2801.148681640625,2780.1171875,2801.148681640625,170137600
2025-11-24 00:15:00+00:00,2782.916259765625,2784.4296875,2766.26708984375,2778.330078125,243304448
2025-11-24 00:30:00+00:00,2786.20166015625,2793.518310546875,2777.89892578125,2777.89892578125,557510656
2025-11-24 00:45:00+00:00,2787.32861328125,2799.789794921875,2782.947021484375,2788.500244140625,27092992
2025-11-24 01:00:00+00:00,2795.59521484375,2795.59521484375,2780.802001953125,2784.146240234375,230410240
2025-11-24 01:15:00+00:00,2792.885498046875,2792.885498046875,2783.82568359375,2788.71533203125,1053147136
2025-11-24 01:30:00+00:00,2779.4501953125,2789.43115234375,2779.4501953125,2789.43115234375,622098432
2025-11-24 01:45:00+00:00,2804.32470703125,2804.471923828125,2780.055419921875,2780.746826171875,21616640
2025-11-24 02:00:00+00:00,2853.84033203125,2853.84033203125,2804.9580078125,2804.9580078125,555993088
2025-11-24 02:15:00+00:00,2853.575927734375,2862.03955078125,2853.575927734375,2857.3447265625,942706688
2025-11-24 02:30:00+00:00,2840.280517578125,2856.63232421875,2838.485595703125,2853.2080078125,786139136
2025-11-24 02:45:00+00:00,2834.97509765625,2840.5771484375,2830.822021484375,2840.5771484375,0
2025-11-24 03:00:00+00:00,2836.476318359375,2844.795166015625,2835.323974609375,2840.4814453125,436015104
2025-11-24 03:15:00+00:00,2855.614501953125,2860.78076171875,2839.577880859375,2839.577880859375,156479488
2025-11-24 03:30:00+00:00,2853.207275390625,2860.120361328125,2853.207275390625,2856.42236328125,1318000640
2025-11-24 03:45:00+00:00,2855.31494140625,2858.55615234375,2851.74658203125,2855.3212890625,490481664
2025-11-24 04:00:00+00:00,2864.263427734375,2866.388916015625,2854.0166015625,2855.31494140625,350361600
2025-11-24 04:15:00+00:00,2809.046142578125,2859.300048828125,2804.0966796875,2859.300048828125,130748416
2025-11-24 04:30:00+00:00,2822.488037109375,2825.54150390625,2812.18017578125,2812.18017578125,100907008
2025-11-24 04:45:00+00:00,2823.19482421875,2827.500244140625,2819.699462890625,2826.617919921875,690866176
2025-11-24 05:00:00+00:00,2879.65087890625,2879.65087890625,2823.490966796875,2823.739501953125,0
2025-11-24 05:15:00+00:00,2878.058349609375,2881.904541015625,2874.869384765625,2878.904541015625,1295185920
2025-11-24 05:30:00+00:00,2868.026123046875,2876.411376953125,2863.000732421875,2876.411376953125,1062426624
2025-11-24 05:45:00+00:00,2865.820556640625,2868.518798828125,2862.001708984375,2868.34130859375,71706624
2025-11-24 06:00:00+00:00,2838.95458984375,2865.574462890625,2838.95458984375,2865.364501953125,368734208
2025-11-24 06:15:00+00:00,2839.08154296875,2844.685546875,2836.59619140625,2837.234619140625,302931968
2025-11-24 06:30:00+00:00,2836.405517578125,2842.0166015625,2834.7021484375,2839.897705078125,0
2025-11-24 06:45:00+00:00,2838.02490234375,2838.179931640625,2831.612548828125,2836.34619140625,509577216
2025-11-24 07:00:00+00:00,2832.64208984375,2838.00927734375,2829.625,2838.00927734375,322033664
2025-11-24 07:15:00+00:00,2827.345947265625,2833.303955078125,2825.091796875,2830.363525390625,0
2025-11-24 07:30:00+00:00,2834.865478515625,2835.406982421875,2827.223876953125,2827.230712890625,402249728
2025-11-24 07:45:00+00:00,2828.856689453125,2841.85302734375,2828.856689453125,2841.85302734375,266842112
2025-11-24 08:00:00+00:00,2828.606689453125,2828.606689453125,2821.552490234375,2826.406005859375,391661568
2025-11-24 08:15:00+00:00,2826.6416015625,2831.078857421875,2824.603515625,2829.303955078125,282880000
2025-11-24 08:30:00+00:00,2827.005859375,2827.005859375,2822.053466796875,2824.398193359375,7387136
2025-11-24 08:45:00+00:00,2839.70654296875,2839.70654296875,2826.013671875,2827.188720703125,597215232
2025-11-24 09:00:00+00:00,2814.548095703125,2839.0478515625,2813.258544921875,2839.0478515625,848539648
2025-11-24 09:15:00+00:00,2792.863525390625,2814.171875,2789.75634765625,2814.171875,316342272
2025-11-24 09:30:00+00:00,2800.484130859375,2808.677001953125,2793.822509765625,2793.822509765625,1046484992
2025-11-24 09:45:00+00:00,2795.93603515625,2800.973388671875,2795.862060546875,2800.075927734375,230475776
2025-11-24 10:00:00+00:00,2796.347412109375,2802.466064453125,2795.77880859375,2796.76171875,295448576
2025-11-24 10:15:00+00:00,2797.661376953125,2800.212890625,2794.312255859375,2794.312255859375,129464320
2025-11-24 10:30:00+00:00,2801.356201171875,2802.881103515625,2795.635498046875,2797.300048828125,478373888
2025-11-24 10:45:00+00:00,2800.450927734375,2801.38623046875,2796.386962890625,2800.88525390625,35725312
2025-11-24 11:00:00+00:00,2799.201904296875,2800.0234375,2791.4306640625,2798.5791015625,276115456
2025-11-24 11:15:00+00:00,2794.07275390625,2799.169677734375,2794.07275390625,2798.349609375,17483776
2025-11-24 11:30:00+00:00,2800.56591796875,2804.598388671875,2793.852783203125,2793.852783203125,321894400
2025-11-24 11:45:00+00:00,2801.98193359375,2803.5732421875,2800.560302734375,2803.00146484375,571351040
2025-11-24 12:00:00+00:00,2795.028076171875,2803.157470703125,2795.028076171875,2802.056884765625,22597632
2025-11-24 12:15:00+00:00,2801.751708984375,2801.751708984375,2795.36474609375,2795.36474609375,612372480
2025-11-24 12:30:00+00:00,2797.036865234375,2809.38916015625,2797.036865234375,2804.582763671875,1240700928
2025-11-24 12:45:00+00:00,2801.256103515625,2804.326171875,2799.4462890625,2799.4462890625,12912640
2025-11-24 13:00:00+00:00,2816.587890625,2819.8896484375,2802.28466796875,2802.28466796875,326596608
2025-11-24 13:15:00+00:00,2816.5048828125,2816.5048828125,2810.460693359375,2816.453857421875,298760192
2025-11-24 13:30:00+00:00,2824.97412109375,2824.97412109375,2815.398681640625,2819.3662109375,263540736
2025-11-24 13:45:00+00:00,2818.513671875,2825.526123046875,2818.006103515625,2825.526123046875,217927680
2025-11-24 14:00:00+00:00,2808.02685546875,2814.053466796875,2802.839599609375,2814.053466796875,693968896
2025-11-24 14:15:00+00:00,2802.873046875,2806.50732421875,2801.89453125,2805.726318359375,158597120
2025-11-24 14:30:00+00:00,2829.4853515625,2845.04248046875,2799.315673828125,2799.315673828125,358899712
2025-11-24 14:45:00+00:00,2818.13232421875,2818.13232421875,2787.703125,2803.07763671875,795052032
2025-11-24 15:00:00+00:00,2822.09912109375,2836.7734375,2822.09912109375,2827.546630859375,750223360
2025-11-24 15:15:00+00:00,2822.863037109375,2832.28271484375,2815.85595703125,2830.971923828125,499263488
2025-11-24 15:30:00+00:00,2843.918212890625,2843.918212890625,2818.893798828125,2818.893798828125,374294528
2025-11-24 15:45:00+00:00,2845.48828125,2856.3662109375,2838.119384765625,2845.18212890625,685649920
2025-11-24 16:00:00+00:00,2844.13232421875,2860.57861328125,2844.13232421875,2845.215576171875,732141568
2025-11-24 16:15:00+00:00,2853.496337890625,2854.366455078125,2844.7216796875,2844.7216796875,326574080
2025-11-24 16:30:00+00:00,2855.666748046875,2855.666748046875,2849.3212890625,2850.103515625,111282176
2025-11-24 16:45:00+00:00,2858.790283203125,2870.36865234375,2858.790283203125,2863.681884765625,407349248
2025-11-24 17:00:00+00:00,2858.335693359375,2864.0888671875,2857.9794921875,2864.0888671875,391852032
2025-11-24 17:15:00+00:00,2914.46044921875,2914.46044921875,2857.667236328125,2857.667236328125,62447616
2025-11-24 17:30:00+00:00,2921.975830078125,2927.384521484375,2907.0908203125,2913.4169921875,1114472448
2025-11-24 17:45:00+00:00,2940.797119140625,2940.797119140625,2918.10205078125,2921.55078125,647208960
2025-11-24 18:00:00+00:00,2948.0908203125,2952.0126953125,2939.908203125,2939.908203125,1456558080
2025-11-24 18:15:00+00:00,2939.444091796875,2948.565673828125,2939.302490234375,2948.404296875,748265472
2025-11-24 18:30:00+00:00,2944.73388671875,2946.686767578125,2932.095458984375,2937.94677734375,997036032
2025-11-24 18:45:00+00:00,2955.9921875,2955.9921875,2944.35693359375,2944.35693359375,493811712
2025-11-24 19:00:00+00:00,2967.2568359375,2975.842529296875,2955.36865234375,2955.9921875,45840384
2025-11-24 19:15:00+00:00,2967.919677734375,2976.111083984375,2967.118408203125,2970.6220703125,1639718912
2025-11-24 19:30:00+00:00,2959.398681640625,2974.415283203125,2959.398681640625,2971.655029296875,40722432
2025-11-24 19:45:00+00:00,2956.63330078125,2962.79248046875,2956.63330078125,2957.538330078125,339937280
2025-11-24 20:00:00+00:00,2981.620849609375,2981.620849609375,2957.478515625,2958.273681640625,87257088
2025-11-24 20:15:00+00:00,2976.859130859375,2980.1044921875,2973.92724609375,2975.530029296875,958797824
2025-11-24 20:30:00+00:00,2975.357666015625,2978.681640625,2973.5458984375,2975.71044921875,122619904
2025-11-24 20:45:00+00:00,2972.150390625,2981.84814453125,2972.061767578125,2976.989990234375,567279616
2025-11-24 21:00:00+00:00,2968.544921875,2973.62744140625,2965.748779296875,2973.62744140625,408434688
2025-11-24 21:15:00+00:00,2964.364990234375,2968.45263671875,2963.560302734375,2968.45263671875,456763392
2025-11-24 21:30:00+00:00,2965.99609375,2972.32373046875,2962.627197265625,2965.314453125,106389504
2025-11-24 21:45:00+00:00,2962.524658203125,2962.524658203125,2950.29150390625,2956.487548828125,592791552
2025-11-24 22:00:00+00:00,2967.25,2975.62353515625,2958.66796875,2959.648681640625,754653184
2025-11-24 22:15:00+00:00,2957.708251953125,2966.1083984375,2957.19580078125,2966.1083984375,381474816
2025-11-24 22:30:00+00:00,2959.102294921875,2963.532470703125,2959.102294921875,2960.527587890625,358268928
2025-11-24 22:45:00+00:00,2959.748291015625,2959.787353515625,2953.76513671875,2958.302978515625,530896896
2025-11-24 23:00:00+00:00,2961.355224609375,2961.355224609375,2955.780029296875,2958.104736328125,41857024
2025-11-24 23:15:00+00:00,2965.547119140625,2966.701904296875,2960.557373046875,2961.0439453125,504438784
2025-11-24 23:30:00+00:00,2957.708740234375,2966.5576171875,2956.649169921875,2966.5576171875,135559168
2025-11-24 23:45:00+00:00,2952.893798828125,2962.49560546875,2952.6533203125,2962.49560546875,866695168
2025-11-25 00:00:00+00:00,2943.672119140625,2952.52783203125,2943.672119140625,2952.52783203125,277637120
2025-11-25 00:15:00+00:00,2935.193603515625,2939.7275390625,2933.708984375,2937.02392578125,210558976
2025-11-25 00:30:00+00:00,2949.22998046875,2949.22998046875,2932.5390625,2934.154052734375,143052800
2025-11-25 00:45:00+00:00,2943.245361328125,2946.750732421875,2940.867919921875,2945.184326171875,307286016
2025-11-25 01:00:00+00:00,2946.883544921875,2946.883544921875,2936.532958984375,2942.4140625,701734912
2025-11-25 01:15:00+00:00,2941.95263671875,2946.4140625,2939.04150390625,2946.4140625,84678656
2025-11-25 01:30:00+00:00,2936.552490234375,2943.1865234375,2934.477783203125,2940.663330078125,476411904
2025-11-25 01:45:00+00:00,2922.273681640625,2936.443359375,2922.273681640625,2936.443359375,402311168
2025-11-25 02:00:00+00:00,2919.4951171875,2923.83447265625,2916.33544921875,2919.95361328125,0
2025-11-25 02:15:00+00:00,2913.933837890625,2920.744384765625,2912.989990234375,2918.637939453125,0
2025-11-25 02:30:00+00:00,2917.58056640625,2917.58056640625,2909.801513671875,2913.544677734375,490024960
2025-11-25 02:45:00+00:00,2929.8037109375,2930.529052734375,2923.866943359375,2923.866943359375,132677632
2025-11-25 03:00:00+00:00,2924.9853515625,2932.28125,2924.9853515625,2929.659912109375,276731904
2025-11-25 03:15:00+00:00,2925.267333984375,2928.658935546875,2923.32080078125,2924.305419921875,0
2025-11-25 03:30:00+00:00,2910.0322265625,2925.144775390625,2909.132080078125,2924.943603515625,466245632
2025-11-25 03:45:00+00:00,2910.385986328125,2912.03662109375,2905.826416015625,2910.41259765625,760453120
2025-11-25 04:00:00+00:00,2921.153076171875,2921.153076171875,2910.517333984375,2911.310302734375,93773824
2025-11-25 04:15:00+00:00,2928.68017578125,2928.68017578125,2920.736572265625,2923.97119140625,0
2025-11-25 04:30:00+00:00,2932.32958984375,2936.908935546875,2928.82421875,2928.82421875,406818816
2025-11-25 04:45:00+00:00,2938.1103515625,2940.889404296875,2931.018798828125,2931.018798828125,486901760
2025-11-25 05:00:00+00:00,2929.18505859375,2938.059814453125,2929.18505859375,2938.059814453125,230213632
2025-11-25 05:15:00+00:00,2921.044921875,2930.284423828125,2919.2958984375,2928.589599609375,0
2025-11-25 05:30:00+00:00,2931.593017578125,2931.99755859375,2921.437744140625,2921.437744140625,349075456
2025-11-25 05:45:00+00:00,2930.2666015625,2934.62255859375,2930.2666015625,2931.282470703125,201660416
2025-11-25 06:00:00+00:00,2923.454345703125,2930.373046875,2921.5791015625,2930.373046875,171270144
2025-11-25 06:15:00+00:00,2915.738525390625,2923.680419921875,2915.738525390625,2923.296630859375,274872320
2025-11-25 06:30:00+00:00,2916.414306640625,2920.936279296875,2913.698974609375,2915.659423828125,247240704
2025-11-25 06:45:00+00:00,2923.3876953125,2923.601318359375,2914.806884765625,2916.518798828125,0
2025-11-25 07:00:00+00:00,2922.792724609375,2922.792724609375,2917.151611328125,2920.625732421875,201920512
2025-11-25 07:15:00+00:00,2915.58154296875,2920.142822265625,2913.7861328125,2919.994140625,502315008
2025-11-25 07:30:00+00:00,2917.057373046875,2919.32177734375,2914.636474609375,2914.636474609375,65196032
2025-11-25 07:45:00+00:00,2903.74755859375,2917.642578125,2903.74755859375,2917.642578125,272230400
2025-11-25 08:00:00+00:00,2901.05615234375,2904.01806640625,2900.310791015625,2902.857666015625,232560640
2025-11-25 08:15:00+00:00,2904.483154296875,2907.831298828125,2898.16015625,2899.066162109375,331427840
2025-11-25 08:30:00+00:00,2898.738037109375,2903.60888671875,2895.8955078125,2903.60888671875,200613888
2025-11-25 08:45:00+00:00,2872.800537109375,2897.77880859375,2872.4287109375,2897.240966796875,6791168
2025-11-25 09:00:00+00:00,2869.470458984375,2875.059814453125,2868.8935546875,2871.325927734375,415277056
2025-11-25 09:15:00+00:00,2870.448486328125,2871.25,2868.638427734375,2871.10400390625,0
2025-11-25 09:30:00+00:00,2882.533203125,2882.533203125,2870.3759765625,2870.3759765625,278216704
2025-11-25 09:45:00+00:00,2892.69580078125,2892.69580078125,2884.59716796875,2889.20263671875,282933248
2025-11-25 10:00:00+00:00,2888.15625,2891.63427734375,2885.61962890625,2891.63427734375,271724544
2025-11-25 10:15:00+00:00,2889.670654296875,2890.143798828125,2880.38525390625,2887.00244140625,472954880
2025-11-25 10:30:00+00:00,2894.294921875,2896.023681640625,2890.425537109375,2890.425537109375,429385728
2025-11-25 10:45:00+00:00,2897.941162109375,2897.941162109375,2894.65771484375,2894.65771484375,78290944
2025-11-25 11:00:00+00:00,2895.050537109375,2897.6943359375,2890.349365234375,2897.6943359375,0
2025-11-25 11:15:00+00:00,2893.464111328125,2894.75048828125,2890.0048828125,2893.857666015625,130375680
2025-11-25 11:30:00+00:00,2896.256103515625,2897.11767578125,2892.074462890625,2893.19384765625,8327168
2025-11-25 11:45:00+00:00,2890.612060546875,2895.0380859375,2890.135498046875,2894.819580078125,214581248
2025-11-25 12:00:00+00:00,2904.037109375,2904.037109375,2890.9638671875,2890.9638671875,334065664
2025-11-25 12:15:00+00:00,2921.62744140625,2928.1357421875,2914.170654296875,2922.367919921875,405454848
2025-11-25 12:30:00+00:00,2928.39794921875,2928.39794921875,2914.009765625,2918.924072265625,284030976
2025-11-25 12:45:00+00:00,2927.21435546875,2928.067626953125,2922.660400390625,2928.067626953125,370057216
2025-11-25 13:00:00+00:00,2927.869873046875,2928.6015625,2919.931396484375,2926.5400390625,396056576
2025-11-25 13:15:00+00:00,2929.259521484375,2931.015869140625,2925.577880859375,2927.73681640625,55105536
2025-11-25 13:30:00+00:00,2906.666748046875,2930.26025390625,2905.579345703125,2929.48681640625,295137280
2025-11-25 13:45:00+00:00,2904.84765625,2909.437744140625,2900.281005859375,2904.494873046875,1331972096
2025-11-25 14:00:00+00:00,2910.527099609375,2918.193603515625,2906.296875,2906.8876953125,0
2025-11-25 14:15:00+00:00,2913.665283203125,2914.2412109375,2908.97265625,2910.673828125,250230784
2025-11-25 14:30:00+00:00,2882.9990234375,2908.539306640625,2882.9990234375,2905.50927734375,169947136
2025-11-25 14:45:00+00:00,2878.192626953125,2879.51513671875,2858.321533203125,2879.51513671875,3042287616
2025-11-25 15:00:00+00:00,2881.624755859375,2892.369873046875,2859.631591796875,2875.25439453125,325058560
2025-11-25 15:15:00+00:00,2878.58740234375,2880.540771484375,2868.68212890625,2875.511962890625,392003584
2025-11-25 15:30:00+00:00,2899.662109375,2905.03515625,2882.724853515625,2882.724853515625,0
2025-11-25 15:45:00+00:00,2895.80615234375,2912.029052734375,2892.492919921875,2905.571044921875,367624192
2025-11-25 16:00:00+00:00,2895.17333984375,2898.72900390625,2891.416015625,2894.45703125,359475200
2025-11-25 16:15:00+00:00,2923.445068359375,2923.445068359375,2891.351806640625,2891.351806640625,186992640
2025-11-25 16:30:00+00:00,2930.19482421875,2931.26611328125,2918.718017578125,2927.42138671875,374280192
2025-11-25 16:45:00+00:00,2929.3056640625,2929.3056640625,2923.87255859375,2926.426025390625,153640960
2025-11-25 17:00:00+00:00,2941.84033203125,2941.84033203125,2920.19287109375,2928.65234375,0
2025-11-25 17:15:00+00:00,2931.137939453125,2942.375732421875,2931.137939453125,2942.375732421875,1422039040
2025-11-25 17:30:00+00:00,2946.76220703125,2949.2578125,2929.54638671875,2929.54638671875,1035735040
2025-11-25 17:45:00+00:00,2938.575439453125,2945.19580078125,2938.364501953125,2943.14453125,247044096
2025-11-25 18:00:00+00:00,2947.13037109375,2947.13037109375,2935.60107421875,2936.723876953125,0
2025-11-25 18:15:00+00:00,2946.6982421875,2956.02587890625,2945.393310546875,2945.393310546875,382265344
2025-11-25 18:30:00+00:00,2939.467529296875,2953.468017578125,2939.466064453125,2947.423828125,0
2025-11-25 18:45:00+00:00,2925.1923828125,2940.8193359375,2925.1923828125,2937.751220703125,107229184
2025-11-25 19:00:00+00:00,2902.5654296875,2925.2890625,2897.0546875,2924.365478515625,105103360
2025-11-25 19:15:00+00:00,2878.1875,2902.7001953125,2875.774169921875,2902.7001953125,474341376
2025-11-25 19:30:00+00:00,2902.040771484375,2902.040771484375,2882.412353515625,2882.412353515625,832815104
2025-11-25 19:45:00+00:00,2918.471435546875,2919.9794921875,2904.393798828125,2905.977294921875,1070563328
2025-11-25 20:00:00+00:00,2925.167236328125,2926.40185546875,2921.421142578125,2921.421142578125,53385216
2025-11-25 20:15:00+00:00,2933.756103515625,2935.259521484375,2929.28271484375,2931.88037109375,239185920
2025-11-25 20:30:00+00:00,2932.26123046875,2940.110107421875,2929.735107421875,2931.934326171875,548802560
2025-11-25 20:45:00+00:00,2932.856201171875,2938.130615234375,2932.0419921875,2932.751708984375,401354752
2025-11-25 21:00:00+00:00,2928.05615234375,2928.764892578125,2925.2890625,2926.74755859375,193675264
2025-11-25 21:15:00+00:00,2936.375244140625,2937.8037109375,2929.832275390625,2929.832275390625,154001408
2025-11-25 21:30:00+00:00,2940.850830078125,2940.850830078125,2932.01171875,2937.38037109375,173475840
2025-11-25 21:45:00+00:00,2931.692626953125,2941.27685546875,2930.521240234375,2939.594482421875,0
2025-11-25 22:00:00+00:00,2911.154052734375,2927.952880859375,2908.44580078125,2927.952880859375,490618880
2025-11-25 22:15:00+00:00,2928.09521484375,2930.03271484375,2910.535888671875,2910.535888671875,264986624
2025-11-25 22:30:00+00:00,2946.70556640625,2953.854736328125,2930.50634765625,2930.50634765625,0
2025-11-25 22:45:00+00:00,2966.38525390625,2966.38525390625,2943.205078125,2946.4287109375,711485440
2025-11-25 23:00:00+00:00,2975.81787109375,2975.81787109375,2961.463134765625,2970.4287109375,273729536
2025-11-25 23:15:00+00:00,2964.7021484375,2972.20263671875,2963.26806640625,2971.685302734375,965726208
2025-11-25 23:30:00+00:00,2966.177734375,2966.726806640625,2960.126953125,2962.499755859375,559226880
2025-11-25 23:45:00+00:00,2957.85009765625,2966.672119140625,2954.45849609375,2966.672119140625,58372096
2025-11-26 00:00:00+00:00,2954.494873046875,2958.98974609375,2954.494873046875,2958.760498046875,0
2025-11-26 00:15:00+00:00,2958.970947265625,2966.873046875,2954.024658203125,2954.024658203125,144134144
2025-11-26 00:30:00+00:00,2953.788330078125,2959.089599609375,2949.884765625,2959.089599609375,422197248
2025-11-26 00:45:00+00:00,2952.063232421875,2958.306640625,2952.063232421875,2955.173583984375,70979584
2025-11-26 01:00:00+00:00,2951.500732421875,2953.1982421875,2947.340087890625,2953.1982421875,985901056
2025-11-26 01:15:00+00:00,2959.44384765625,2960.05126953125,2948.747314453125,2950.393310546875,203665408
2025-11-26 01:30:00+00:00,2980.10302734375,2980.10302734375,2960.42724609375,2960.42724609375,454852608
2025-11-26 01:45:00+00:00,2967.261474609375,2976.431884765625,2965.983642578125,2976.431884765625,530534400
2025-11-26 02:00:00+00:00,2970.6708984375,2971.3134765625,2968.208251953125,2968.297607421875,0
2025-11-26 02:15:00+00:00,2962.47900390625,2973.496826171875,2962.47900390625,2971.21484375,72916992
2025-11-26 02:30:00+00:00,2967.62353515625,2967.83203125,2958.94384765625,2958.94384765625,165201920
2025-11-26 02:45:00+00:00,2956.58056640625,2964.496337890625,2956.58056640625,2964.496337890625,16939008
2025-11-26 03:00:00+00:00,2954.2841796875,2956.038818359375,2952.591064453125,2955.75439453125,67276800
2025-11-26 03:15:00+00:00,2959.773681640625,2962.3984375,2954.8251953125,2954.8251953125,257720320
2025-11-26 03:30:00+00:00,2934.047607421875,2959.38134765625,2934.047607421875,2959.38134765625,27357184
2025-11-26 03:45:00+00:00,2925.748291015625,2934.478759765625,2922.822509765625,2934.478759765625,118108160
2025-11-26 04:00:00+00:00,2922.104248046875,2931.268798828125,2921.89794921875,2927.66455078125,679690240
2025-11-26 04:15:00+00:00,2934.118408203125,2934.87255859375,2922.020751953125,2922.020751953125,342667264
2025-11-26 04:30:00+00:00,2932.853515625,2936.353271484375,2932.048828125,2933.658447265625,250353664
2025-11-26 04:45:00+00:00,2931.12548828125,2934.251953125,2930.69677734375,2933.160888671875,131569664
2025-11-26 05:00:00+00:00,2935.77392578125,2937.37841796875,2930.114013671875,2930.114013671875,138608640
2025-11-26 05:15:00+00:00,2937.96923828125,2944.661865234375,2935.935546875,2935.935546875,983851008
2025-11-26 05:30:00+00:00,2944.6318359375,2945.281005859375,2940.05126953125,2940.05126953125,770506752
2025-11-26 05:45:00+00:00,2943.123779296875,2946.003173828125,2941.578857421875,2944.496826171875,151334912
2025-11-26 06:00:00+00:00,2949.24658203125,2949.4951171875,2941.96923828125,2942.404541015625,170334208
2025-11-26 06:15:00+00:00,2939.58349609375,2948.833740234375,2935.785888671875,2948.833740234375,148244480
2025-11-26 06:30:00+00:00,2941.892822265625,2941.892822265625,2933.264892578125,2937.830322265625,291655680
2025-11-26 06:45:00+00:00,2945.927734375,2947.081787109375,2938.20849609375,2942.994384765625,101111808
2025-11-26 07:00:00+00:00,2940.423828125,2946.846435546875,2940.165771484375,2946.294189453125,1131997184
2025-11-26 07:15:00+00:00,2943.4287109375,2947.003662109375,2940.00634765625,2940.00634765625,107444224
2025-11-26 07:30:00+00:00,2936.702880859375,2944.7548828125,2936.702880859375,2944.7548828125,37888000
2025-11-26 07:45:00+00:00,2940.568603515625,2940.568603515625,2936.093994140625,2936.994140625,42037248
2025-11-26 08:00:00+00:00,2935.384033203125,2944.8779296875,2935.04248046875,2943.063720703125,33105920
2025-11-26 08:15:00+00:00,2926.520263671875,2933.177734375,2925.427001953125,2931.6025390625,0
2025-11-26 08:30:00+00:00,2920.455810546875,2926.486083984375,2916.621337890625,2923.865478515625,728420352
2025-11-26 08:45:00+00:00,2911.957275390625,2919.715576171875,2911.957275390625,2919.363525390625,72869888
2025-11-26 09:00:00+00:00,2914.839599609375,2914.839599609375,2908.872802734375,2911.632080078125,199221248
2025-11-26 09:15:00+00:00,2913.403076171875,2913.7666015625,2910.181884765625,2913.7666015625,69713920
2025-11-26 09:30:00+00:00,2909.39306640625,2912.874267578125,2904.2685546875,2912.874267578125,504762368
2025-11-26 09:45:00+00:00,2902.95458984375,2908.9853515625,2902.499755859375,2908.9853515625,0
2025-11-26 10:00:00+00:00,2913.5166015625,2915.6455078125,2905.57568359375,2905.57568359375,190398464
2025-11-26 10:15:00+00:00,2913.730224609375,2913.730224609375,2906.977294921875,2909.536865234375,572727296
2025-11-26 10:30:00+00:00,2912.545166015625,2914.27783203125,2906.828857421875,2914.27783203125,0
2025-11-26 10:45:00+00:00,2913.236083984375,2913.73046875,2910.41064453125,2912.072509765625,0
2025-11-26 11:00:00+00:00,2915.62646484375,2915.62646484375,2909.41064453125,2913.262939453125,519886848
2025-11-26 11:15:00+00:00,2911.877685546875,2914.723876953125,2911.877685546875,2914.723876953125,189270016
2025-11-26 11:30:00+00:00,2914.203857421875,2914.203857421875,2908.350341796875,2910.300048828125,24254464
2025-11-26 11:45:00+00:00,2913.123779296875,2914.641845703125,2910.181396484375,2913.939453125,582807552
2025-11-26 12:00:00+00:00,2895.654052734375,2916.053955078125,2893.83203125,2913.86865234375,0
2025-11-26 12:15:00+00:00,2900.41748046875,2900.41748046875,2891.50390625,2894.20361328125,761434112
2025-11-26 12:30:00+00:00,2902.845703125,2903.392333984375,2898.64453125,2900.242919921875,170684416
2025-11-26 12:45:00+00:00,2901.829345703125,2902.99560546875,2901.173583984375,2901.802734375,188291072
2025-11-26 13:00:00+00:00,2904.61572265625,2905.27197265625,2900.544921875,2901.357177734375,0
2025-11-26 13:15:00+00:00,2913.946533203125,2914.661376953125,2904.630615234375,2904.630615234375,0
2025-11-26 13:30:00+00:00,2926.0595703125,2927.7080078125,2908.967529296875,2913.2998046875,63850496
2025-11-26 13:45:00+00:00,2930.133056640625,2930.6015625,2922.1123046875,2922.600341796875,43999232
2025-11-26 14:00:00+00:00,2934.864501953125,2934.864501953125,2921.79248046875,2931.02734375,242405376
2025-11-26 14:15:00+00:00,2937.224853515625,2937.2900390625,2928.406005859375,2931.796630859375,427323392
2025-11-26 14:30:00+00:00,2935.489501953125,2942.4306640625,2926.0625,2935.354248046875,285308928
2025-11-26 14:45:00+00:00,2916.41455078125,2941.783935546875,2916.41455078125,2931.481201171875,54358016
2025-11-26 15:00:00+00:00,2930.054931640625,2930.054931640625,2908.354736328125,2908.354736328125,0
2025-11-26 15:15:00+00:00,2936.79345703125,2936.79345703125,2922.057861328125,2926.5791015625,940953600
2025-11-26 15:30:00+00:00,2923.837158203125,2936.990478515625,2923.837158203125,2936.990478515625,32376832
2025-11-26 15:45:00+00:00,2915.413330078125,2921.82421875,2910.429931640625,2921.82421875,1031454720
2025-11-26 16:00:00+00:00,2942.718994140625,2943.0791015625,2924.51025390625,2924.51025390625,360484864
2025-11-26 16:15:00+00:00,2949.741943359375,2953.424560546875,2942.697509765625,2942.697509765625,33085440
2025-11-26 16:30:00+00:00,2950.38916015625,2956.7353515625,2942.78125,2945.074462890625,823924736
2025-11-26 16:45:00+00:00,2948.372802734375,2949.541748046875,2935.028076171875,2949.541748046875,117065728
2025-11-26 17:00:00+00:00,2947.398193359375,2948.87890625,2942.584228515625,2945.9814453125,313280512
2025-11-26 17:15:00+00:00,2965.99853515625,2965.99853515625,2939.82958984375,2945.95654296875,282820608
2025-11-26 17:30:00+00:00,3009.95458984375,3009.95458984375,2975.42431640625,2975.66357421875,783718400
2025-11-26 17:45:00+00:00,3031.84912109375,3031.84912109375,3012.391845703125,3014.255126953125,733052928
2025-11-26 18:00:00+00:00,3034.34912109375,3041.278076171875,3030.259765625,3030.259765625,967313408
2025-11-26 18:15:00+00:00,3038.578857421875,3043.927001953125,3032.736328125,3037.95703125,658823168
2025-11-26 18:30:00+00:00,3022.25732421875,3038.188232421875,3021.880126953125,3037.510498046875,484294656
2025-11-26 18:45:00+00:00,3033.039306640625,3033.039306640625,3016.312255859375,3017.626708984375,207566848
2025-11-26 19:00:00+00:00,3020.507568359375,3033.598876953125,3020.507568359375,3033.598876953125,0
2025-11-26 19:15:00+00:00,3025.95166015625,3028.177734375,3019.649169921875,3019.649169921875,22618112
2025-11-26 19:30:00+00:00,3032.652587890625,3035.78466796875,3026.451904296875,3026.451904296875,66766848
2025-11-26 19:45:00+00:00,3034.3837890625,3036.966796875,3031.971923828125,3033.64990234375,0
2025-11-26 20:00:00+00:00,3024.355224609375,3027.09228515625,3011.631591796875,3027.09228515625,829603840
2025-11-26 20:15:00+00:00,3021.39111328125,3024.2958984375,3016.64306640625,3024.26025390625,301127680
2025-11-26 20:30:00+00:00,3018.759521484375,3021.5625,3017.10888671875,3021.5625,487075840
2025-11-26 20:45:00+00:00,3025.98486328125,3025.98486328125,3011.536376953125,3012.52734375,83480576
2025-11-26 21:00:00+00:00,3018.94189453125,3025.974853515625,3018.94189453125,3025.974853515625,198068224
2025-11-26 21:15:00+00:00,3027.912109375,3029.1630859375,3017.689453125,3019.216796875,231299072
2025-11-26 21:30:00+00:00,3025.46630859375,3034.563720703125,3025.46630859375,3031.293212890625,321040384
2025-11-26 21:45:00+00:00,3021.7685546875,3031.832275390625,3021.7685546875,3025.578125,420976640
2025-11-26 22:00:00+00:00,3024.81982421875,3031.545654296875,3018.8193359375,3021.318115234375,114266112
2025-11-26 22:15:00+00:00,3023.72705078125,3030.036865234375,3019.280517578125,3024.345947265625,501223424
2025-11-26 22:30:00+00:00,3023.911376953125,3030.71142578125,3020.82470703125,3023.22998046875,27066368
2025-11-26 22:45:00+00:00,3028.6953125,3028.6953125,3022.790283203125,3023.1650390625,489709568
2025-11-26 23:00:00+00:00,3028.5693359375,3031.76171875,3026.867431640625,3027.130859375,63557632
2025-11-26 23:15:00+00:00,3021.56298828125,3028.153076171875,3021.56298828125,3028.153076171875,128641024
2025-11-26 23:30:00+00:00,3021.63525390625,3022.33349609375,3017.856689453125,3019.308349609375,1165312
2025-11-26 23:45:00+00:00,3027.8740234375,3029.007568359375,3021.10498046875,3021.10498046875,281245696
2025-11-27 00:00:00+00:00,3013.23486328125,3026.08837890625,3010.678466796875,3026.00927734375,45785088
2025-11-27 00:15:00+00:00,3015.725341796875,3017.19921875,3010.37646484375,3013.330322265625,371605504
2025-11-27 00:30:00+00:00,3023.233642578125,3023.233642578125,3015.870849609375,3016.596923828125,186808320
2025-11-27 00:45:00+00:00,3037.568359375,3045.839599609375,3022.50244140625,3022.50244140625,344039424
2025-11-27 01:00:00+00:00,3036.46484375,3045.80859375,3035.554443359375,3035.7666015625,321251328
2025-11-27 01:15:00+00:00,3034.595458984375,3037.997314453125,3028.435791015625,3035.7802734375,892545024
2025-11-27 01:30:00+00:00,3037.917236328125,3037.917236328125,3031.10107421875,3033.46435546875,0
2025-11-27 01:45:00+00:00,3053.510009765625,3053.510009765625,3036.63818359375,3038.98193359375,477485056
2025-11-27 02:00:00+00:00,3048.11669921875,3051.433349609375,3043.142333984375,3051.433349609375,324255744
2025-11-27 02:15:00+00:00,3066.060791015625,3066.060791015625,3048.11572265625,3048.11572265625,873293824
2025-11-27 02:30:00+00:00,3067.571533203125,3070.28173828125,3060.607421875,3067.038330078125,469374976
2025-11-27 02:45:00+00:00,3039.088134765625,3067.031005859375,3039.052490234375,3067.031005859375,926674944
2025-11-27 03:00:00+00:00,3042.0859375,3044.820068359375,3038.655029296875,3038.655029296875,374401024
2025-11-27 03:15:00+00:00,3046.598388671875,3051.505126953125,3042.25341796875,3042.25341796875,47722496
2025-11-27 03:30:00+00:00,3038.352783203125,3046.122802734375,3037.45263671875,3046.122802734375,306804736
2025-11-27 03:45:00+00:00,3035.059814453125,3036.03173828125,3031.80615234375,3032.282958984375,165267456
2025-11-27 04:00:00+00:00,3046.277099609375,3047.511474609375,3032.740966796875,3034.9326171875,10424320
2025-11-27 04:15:00+00:00,3040.857666015625,3051.964599609375,3040.857666015625,3048.2412109375,557912064
2025-11-27 04:30:00+00:00,3043.311279296875,3044.421630859375,3037.6181640625,3037.723388671875,194263040
2025-11-27 04:45:00+00:00,3040.48583984375,3043.20556640625,3040.132080078125,3043.20556640625,15022080
2025-11-27 05:00:00+00:00,3037.098388671875,3043.831787109375,3036.509765625,3040.576904296875,51970048
2025-11-27 05:15:00+00:00,3039.173583984375,3042.3359375,3035.66552734375,3037.38720703125,363069440
2025-11-27 05:30:00+00:00,3021.904052734375,3038.388671875,3021.904052734375,3038.388671875,47648768
2025-11-27 05:45:00+00:00,3021.38916015625,3026.306640625,3020.221435546875,3023.150146484375,324675584
2025-11-27 06:00:00+00:00,3029.906494140625,3030.391845703125,3024.0830078125,3024.0830078125,0
2025-11-27 06:15:00+00:00,3031.628662109375,3031.93896484375,3025.504150390625,3029.692626953125,1067008
2025-11-27 06:30:00+00:00,3029.740234375,3032.751953125,3029.740234375,3032.751953125,234850304
2025-11-27 06:45:00+00:00,3028.08642578125,3030.755859375,3025.4580078125,3030.03857421875,15116288
2025-11-27 07:00:00+00:00,3030.531982421875,3030.531982421875,3027.0888671875,3028.390869140625,139341824
2025-11-27 07:15:00+00:00,3035.632080078125,3035.632080078125,3029.781005859375,3030.064208984375,597262336
2025-11-27 07:30:00+00:00,3029.931640625,3034.800048828125,3029.705078125,3034.800048828125,243243008
2025-11-27 07:45:00+00:00,3032.37744140625,3034.9287109375,3029.190185546875,3029.421142578125,74864640
2025-11-27 08:00:00+00:00,3024.818359375,3033.531982421875,3024.818359375,3033.34326171875,0
2025-11-27 08:15:00+00:00,3025.11767578125,3025.11767578125,3022.849853515625,3024.01611328125,304502784
2025-11-27 08:30:00+00:00,3024.852294921875,3026.615478515625,3021.074462890625,3024.228271484375,267051008
2025-11-27 08:45:00+00:00,3027.457275390625,3027.457275390625,3024.692626953125,3024.692626953125,34359296
2025-11-27 09:00:00+00:00,3026.976318359375,3027.904541015625,3026.708984375,3027.737060546875,196337664
2025-11-27 09:15:00+00:00,3031.9375,3036.858642578125,3027.435791015625,3027.435791015625,268529664
2025-11-27 09:30:00+00:00,3037.805419921875,3040.387451171875,3030.570556640625,3030.570556640625,75450368
2025-11-27 09:45:00+00:00,3028.236328125,3036.65234375,3028.236328125,3036.65234375,0
2025-11-27 10:00:00+00:00,3027.826904296875,3031.439697265625,3027.362548828125,3027.362548828125,276168704
2025-11-27 10:15:00+00:00,3034.22021484375,3035.011962890625,3028.9609375,3029.2060546875,575938560
2025-11-27 10:30:00+00:00,3031.106689453125,3034.19189453125,3023.292724609375,3034.19189453125,207644672
2025-11-27 10:45:00+00:00,3035.1162109375,3035.1162109375,3030.515625,3030.8330078125,25819136
2025-11-27 11:00:00+00:00,3031.9130859375,3034.77099609375,3030.602294921875,3034.5419921875,193265664
2025-11-27 11:15:00+00:00,3028.15673828125,3032.371826171875,3028.15673828125,3031.971435546875,46372864
2025-11-27 11:30:00+00:00,3031.0068359375,3031.385498046875,3027.7451171875,3027.7451171875,54396928
2025-11-27 11:45:00+00:00,3029.345947265625,3031.17138671875,3028.953125,3030.57470703125,41218048
2025-11-27 12:00:00+00:00,3027.345458984375,3029.770263671875,3026.1884765625,3029.553466796875,0
2025-11-27 12:15:00+00:00,3014.759765625,3026.530517578125,3012.846435546875,3026.530517578125,298119168
2025-11-27 12:30:00+00:00,3008.52490234375,3015.242431640625,3008.52490234375,3013.38623046875,64002048
2025-11-27 12:45:00+00:00,2991.128662109375,3009.170654296875,2991.128662109375,3007.7734375,246061056
2025-11-27 13:00:00+00:00,2994.14111328125,2998.665283203125,2993.357177734375,2993.357177734375,335224832
2025-11-27 13:15:00+00:00,2998.775634765625,2998.775634765625,2990.10888671875,2996.347412109375,402540544
2025-11-27 13:30:00+00:00,2996.712158203125,3000.48876953125,2991.983154296875,3000.48876953125,121649152
2025-11-27 13:45:00+00:00,2997.914306640625,2999.31982421875,2993.960693359375,2996.0087890625,378054656
2025-11-27 14:00:00+00:00,2994.980224609375,2997.667724609375,2994.980224609375,2995.466552734375,0
2025-11-27 14:15:00+00:00,2997.56005859375,2997.56005859375,2987.326904296875,2995.175537109375,808509440
2025-11-27 14:30:00+00:00,2993.232177734375,2998.440673828125,2989.2578125,2998.440673828125,193861632
2025-11-27 14:45:00+00:00,2997.71435546875,2997.71435546875,2992.825439453125,2993.222900390625,0
2025-11-27 15:00:00+00:00,2992.133544921875,3007.746826171875,2992.133544921875,2996.720458984375,518150144
2025-11-27 15:15:00+00:00,3004.123291015625,3004.554443359375,2992.331787109375,2992.331787109375,1388777472
2025-11-27 15:30:00+00:00,3000.91552734375,3007.081298828125,3000.370361328125,3003.99755859375,130275328
2025-11-27 15:45:00+00:00,3011.693359375,3011.898193359375,3004.39453125,3004.39453125,0
2025-11-27 16:00:00+00:00,3016.191650390625,3016.191650390625,3006.114013671875,3010.8349609375,228663296
2025-11-27 16:15:00+00:00,3017.4580078125,3022.827880859375,3017.4580078125,3020.74658203125,803375104
2025-11-27 16:30:00+00:00,3020.66064453125,3024.591064453125,3016.48681640625,3016.48681640625,762830848
2025-11-27 16:45:00+00:00,3021.23486328125,3021.23486328125,3017.499755859375,3019.494384765625,409796608
2025-11-27 17:00:00+00:00,3018.70458984375,3020.783203125,3017.1962890625,3020.46044921875,170051584
2025-11-27 17:15:00+00:00,3019.081787109375,3022.23388671875,3019.081787109375,3019.17919921875,292530176
2025-11-27 17:30:00+00:00,3015.110595703125,3020.62109375,3014.475830078125,3016.531494140625,0
2025-11-27 17:45:00+00:00,3019.778564453125,3019.778564453125,3015.5498046875,3015.737548828125,47536128
2025-11-27 18:00:00+00:00,3021.0869140625,3022.043212890625,3018.24609375,3019.88720703125,55228416
2025-11-27 18:15:00+00:00,3021.6494140625,3026.745849609375,3021.6494140625,3021.852294921875,0
2025-11-27 18:30:00+00:00,3035.1279296875,3035.1279296875,3021.63916015625,3021.63916015625,0
2025-11-27 18:45:00+00:00,3037.21240234375,3037.9326171875,3033.532958984375,3034.3466796875,219467776
2025-11-27 19:00:00+00:00,3033.133544921875,3037.39892578125,3031.205078125,3037.39892578125,336470016
2025-11-27 19:15:00+00:00,3030.59912109375,3033.191162109375,3029.974365234375,3033.191162109375,5548032
2025-11-27 19:30:00+00:00,3035.26416015625,3035.26416015625,3028.2255859375,3030.41943359375,0
2025-11-27 19:45:00+00:00,3030.842041015625,3035.5869140625,3029.15234375,3035.5869140625,432021504
2025-11-27 20:00:00+00:00,3038.789794921875,3038.789794921875,3031.460205078125,3031.893798828125,449847296
2025-11-27 20:15:00+00:00,3037.027587890625,3038.50830078125,3036.095458984375,3038.096435546875,389505024
2025-11-27 20:30:00+00:00,3042.37255859375,3042.707275390625,3036.9638671875,3036.9638671875,3481600
2025-11-27 20:45:00+00:00,3040.041259765625,3042.46728515625,3040.041259765625,3042.46728515625,25737216
2025-11-27 21:00:00+00:00,3036.81103515625,3037.749267578125,3034.068603515625,3037.749267578125,168184832
2025-11-27 21:15:00+00:00,3038.099609375,3043.0771484375,3037.51953125,3037.982666015625,23966720
2025-11-27 21:30:00+00:00,3039.33984375,3040.1982421875,3036.312744140625,3038.538330078125,164038656
2025-11-27 21:45:00+00:00,3034.123291015625,3040.1982421875,3034.123291015625,3039.361083984375,0
2025-11-27 22:00:00+00:00,3030.87939453125,3034.633056640625,3030.6064453125,3034.633056640625,161204224
2025-11-27 22:15:00+00:00,3031.65625,3033.57421875,3029.25927734375,3030.7802734375,755260416
2025-11-27 22:30:00+00:00,3022.129638671875,3033.441162109375,3022.129638671875,3033.441162109375,0
2025-11-27 22:45:00+00:00,3011.15625,3014.50732421875,3008.050537109375,3013.124267578125,349698048
2025-11-27 23:00:00+00:00,3019.16162109375,3019.16162109375,3010.79736328125,3010.79736328125,1014724608
2025-11-27 23:15:00+00:00,3013.668701171875,3021.021728515625,3012.8154296875,3021.021728515625,0
2025-11-27 23:30:00+00:00,3015.16552734375,3015.499267578125,3009.27490234375,3012.783935546875,555281408
2025-11-27 23:45:00+00:00,3014.33984375,3017.75927734375,3014.33984375,3017.09375,65011712
2025-11-28 00:00:00+00:00,3014.2783203125,3015.48974609375,3012.549072265625,3015.344970703125,0
2025-11-28 00:15:00+00:00,3015.328125,3015.529541015625,3010.264892578125,3012.822509765625,92952576
2025-11-28 00:30:00+00:00,3013.193359375,3022.18212890625,3013.193359375,3015.7041015625,175656960
2025-11-28 00:45:00+00:00,3013.465087890625,3013.891845703125,3011.77880859375,3012.95458984375,4772864
2025-11-28 01:00:00+00:00,3000.05126953125,3014.914306640625,2999.53173828125,3013.8876953125,0
2025-11-28 01:15:00+00:00,3002.52734375,3003.078857421875,2997.070068359375,2999.857666015625,121895936
2025-11-28 01:30:00+00:00,3004.865478515625,3007.427001953125,2998.47021484375,3002.08056640625,599488512
2025-11-28 01:45:00+00:00,2998.197021484375,3004.094482421875,2997.152587890625,3003.6474609375,290454528
2025-11-28 02:00:00+00:00,2999.62255859375,3000.854736328125,2998.413818359375,2998.83056640625,386242560
2025-11-28 02:15:00+00:00,3000.58349609375,3007.51806640625,2999.315185546875,3001.721923828125,4662272
2025-11-28 02:30:00+00:00,3003.862548828125,3004.61572265625,2999.69287109375,2999.69287109375,0
2025-11-28 02:45:00+00:00,3012.35791015625,3012.69287109375,3003.9794921875,3003.9794921875,47304704
2025-11-28 03:00:00+00:00,3010.701904296875,3013.59619140625,3009.34423828125,3012.3046875,13632512
2025-11-28 03:15:00+00:00,3008.094970703125,3009.958251953125,3004.59765625,3009.721435546875,438161408
2025-11-28 03:30:00+00:00,3006.144775390625,3010.688232421875,3006.144775390625,3009.13037109375,97753088
2025-11-28 03:45:00+00:00,3008.968994140625,3009.340087890625,3006.298583984375,3006.298583984375,325913600
2025-11-28 04:00:00+00:00,3015.763671875,3016.500244140625,3006.307861328125,3008.623779296875,140142592
2025-11-28 04:15:00+00:00,3014.74267578125,3017.112548828125,3013.69189453125,3015.89794921875,449019904
2025-11-28 04:30:00+00:00,3014.94287109375,3018.515869140625,3013.926025390625,3014.513427734375,51342336
2025-11-28 04:45:00+00:00,3017.765625,3017.765625,3014.16064453125,3014.72216796875,15652864
2025-11-28 05:00:00+00:00,3023.845703125,3024.467041015625,3016.469970703125,3017.479736328125,207828992
2025-11-28 05:15:00+00:00,3024.078857421875,3027.032958984375,3022.896484375,3024.96533203125,133115904
2025-11-28 05:30:00+00:00,3021.338134765625,3024.3759765625,3020.433837890625,3023.677490234375,128192512
2025-11-28 05:45:00+00:00,3024.009033203125,3026.436279296875,3022.9287109375,3023.077392578125,468044800
2025-11-28 06:00:00+00:00,3022.048828125,3024.439697265625,3019.233642578125,3024.439697265625,157987840
2025-11-28 06:15:00+00:00,3014.029541015625,3021.22412109375,3013.855224609375,3021.22412109375,475471872
2025-11-28 06:30:00+00:00,3012.14111328125,3012.934326171875,3006.012939453125,3011.152587890625,189645824
2025-11-28 06:45:00+00:00,3010.49951171875,3011.755859375,3009.0146484375,3011.014404296875,464544768
2025-11-28 07:00:00+00:00,3015.384765625,3015.51806640625,3010.021240234375,3010.021240234375,14329856
2025-11-28 07:15:00+00:00,3020.753173828125,3021.045654296875,3014.33154296875,3015.49951171875,15642624
2025-11-28 07:30:00+00:00,3008.605712890625,3020.748779296875,3008.605712890625,3020.748779296875,178553856
2025-11-28 07:45:00+00:00,3001.2919921875,3010.02197265625,3001.066162109375,3010.02197265625,582350848
2025-11-28 08:00:00+00:00,3018.646484375,3018.646484375,3002.446044921875,3002.446044921875,17725440
2025-11-28 08:15:00+00:00,3018.444580078125,3019.29931640625,3015.44775390625,3017.478759765625,39920640
2025-11-28 08:30:00+00:00,3021.9990234375,3024.487060546875,3015.88134765625,3018.000244140625,554787840
2025-11-28 08:45:00+00:00,3059.117919921875,3063.7900390625,3022.868896484375,3022.868896484375,777329664
2025-11-28 09:00:00+00:00,3061.437255859375,3068.82275390625,3056.40234375,3059.782470703125,1376101376
2025-11-28 09:15:00+00:00,3058.6318359375,3061.27197265625,3058.159423828125,3061.08349609375,334501888
2025-11-28 09:30:00+00:00,3052.03662109375,3059.41552734375,3050.934814453125,3059.41552734375,128658432
2025-11-28 09:45:00+00:00,3052.491455078125,3055.603271484375,3051.315185546875,3051.315185546875,36878336
2025-11-28 10:00:00+00:00,3050.7919921875,3055.526123046875,3050.7919921875,3054.511474609375,12825600
2025-11-28 10:15:00+00:00,3052.666015625,3054.43212890625,3048.38671875,3050.12646484375,29246464
2025-11-28 10:30:00+00:00,3052.864013671875,3054.22607421875,3050.890625,3051.120849609375,63566848
2025-11-28 10:45:00+00:00,3059.7607421875,3062.649169921875,3051.11767578125,3052.53271484375,38051840
2025-11-28 11:00:00+00:00,3050.266845703125,3060.94482421875,3050.266845703125,3060.37255859375,204514304
2025-11-28 11:15:00+00:00,3031.443115234375,3031.443115234375,3024.597900390625,3024.890869140625,423514112
2025-11-28 11:30:00+00:00,3033.7490234375,3033.7490234375,3030.410888671875,3030.410888671875,45399040
2025-11-28 11:45:00+00:00,3035.582763671875,3036.4609375,3030.214599609375,3031.345947265625,373291008
2025-11-28 12:00:00+00:00,3039.90673828125,3043.459228515625,3034.632080078125,3034.632080078125,306573312
2025-11-28 12:15:00+00:00,3037.392822265625,3039.706787109375,3036.68359375,3039.12060546875,0
2025-11-28 12:30:00+00:00,3039.092529296875,3039.56982421875,3034.460205078125,3037.02587890625,0
2025-11-28 12:45:00+00:00,3036.215576171875,3038.335693359375,3036.215576171875,3038.078369140625,457803776
2025-11-28 13:00:00+00:00,3029.8798828125,3036.184326171875,3028.232177734375,3035.942138671875,99725312
2025-11-28 13:15:00+00:00,3035.189208984375,3035.43994140625,3029.525390625,3030.74169921875,53395456
2025-11-28 13:30:00+00:00,3055.0576171875,3055.0576171875,3035.364013671875,3035.364013671875,483378176
2025-11-28 13:45:00+00:00,3074.28515625,3075.150390625,3054.169189453125,3054.169189453125,1319163904
2025-11-28 14:00:00+00:00,3068.94873046875,3075.189697265625,3068.1904296875,3074.375244140625,645446656
2025-11-28 14:15:00+00:00,3092.49755859375,3092.49755859375,3072.135986328125,3072.135986328125,107894784
2025-11-28 14:30:00+00:00,3058.43994140625,3078.25390625,3055.028564453125,3078.25390625,1034652672
2025-11-28 14:45:00+00:00,3063.505126953125,3068.038330078125,3055.74560546875,3057.375,239049728
2025-11-28 15:00:00+00:00,3067.65283203125,3069.95361328125,3057.8837890625,3066.3583984375,310278144
2025-11-28 15:15:00+00:00,3082.5849609375,3084.533203125,3067.6484375,3067.751953125,119547904
2025-11-28 15:30:00+00:00,3073.739013671875,3088.760498046875,3073.739013671875,3083.82080078125,460484608
2025-11-28 15:45:00+00:00,3071.97412109375,3075.55615234375,3065.466552734375,3071.36669921875,602595328
2025-11-28 16:00:00+00:00,3058.839111328125,3073.7744140625,3056.0771484375,3073.7744140625,653996032
2025-11-28 16:15:00+00:00,3029.019775390625,3060.673095703125,3029.019775390625,3059.05322265625,435302400
2025-11-28 16:30:00+00:00,3034.288330078125,3036.575927734375,3030.173095703125,3030.173095703125,885909504
2025-11-28 16:45:00+00:00,3027.197265625,3037.172607421875,3027.197265625,3037.172607421875,422299648
2025-11-28 17:00:00+00:00,3020.492431640625,3030.133056640625,3020.24560546875,3025.984619140625,757475328
2025-11-28 17:15:00+00:00,3018.289306640625,3024.39404296875,3018.289306640625,3019.30712890625,366282752
2025-11-28 17:30:00+00:00,3024.344970703125,3024.344970703125,3018.32568359375,3018.32568359375,268957696
2025-11-28 17:45:00+00:00,3043.454345703125,3043.454345703125,3024.239013671875,3024.239013671875,222478336
2025-11-28 18:00:00+00:00,3046.732177734375,3046.732177734375,3029.73974609375,3033.76708984375,903569408
2025-11-28 18:15:00+00:00,3037.43896484375,3048.35693359375,3036.727294921875,3047.47021484375,455995392
2025-11-28 18:30:00+00:00,3040.51806640625,3040.51806640625,3033.82861328125,3038.22412109375,388874240
2025-11-28 18:45:00+00:00,3036.403564453125,3043.647705078125,3035.85546875,3040.7841796875,206960640
2025-11-28 19:00:00+00:00,3042.34326171875,3044.28857421875,3040.314697265625,3041.163818359375,203438080
2025-11-28 19:15:00+00:00,3053.75634765625,3054.680419921875,3041.62060546875,3042.14404296875,74633216
2025-11-28 19:30:00+00:00,3056.219970703125,3058.884765625,3051.585205078125,3054.41650390625,327962624
2025-11-28 19:45:00+00:00,3049.270263671875,3053.736083984375,3048.7607421875,3053.736083984375,555139072
2025-11-28 20:00:00+00:00,3043.327880859375,3050.592041015625,3038.855224609375,3050.592041015625,0
2025-11-28 20:15:00+00:00,3054.6162109375,3055.791748046875,3043.443115234375,3043.443115234375,261689344
2025-11-28 20:30:00+00:00,3054.752685546875,3056.1279296875,3053.2900390625,3055.916259765625,99403776
2025-11-28 20:45:00+00:00,3057.491455078125,3057.851318359375,3054.090576171875,3054.4453125,501874688
2025-11-28 21:00:00+00:00,3053.740478515625,3058.76171875,3053.740478515625,3058.51171875,144779264
2025-11-28 21:15:00+00:00,3048.488037109375,3054.115478515625,3046.011474609375,3054.115478515625,34203648
2025-11-28 21:30:00+00:00,3053.370849609375,3053.370849609375,3046.124267578125,3049.15283203125,236984320
2025-11-28 21:45:00+00:00,3039.39208984375,3052.845703125,3039.39208984375,3052.845703125,47454208
2025-11-28 22:00:00+00:00,3034.404541015625,3038.277099609375,3033.0546875,3037.2568359375,456790016
2025-11-28 22:15:00+00:00,3032.882568359375,3032.882568359375,3026.337158203125,3026.337158203125,90818560
2025-11-29 19:30:00+00:00,2991.5107421875,2993.100341796875,2991.105712890625,2993.100341796875,0
2025-11-29 19:45:00+00:00,2989.5361328125,2992.796630859375,2987.2587890625,2991.960205078125,80456704
2025-11-29 20:00:00+00:00,2985.83544921875,2989.764404296875,2985.83544921875,2989.764404296875,0
2025-11-29 20:15:00+00:00,2992.88037109375,2992.88037109375,2986.310546875,2986.310546875,209014784
2025-11-29 20:30:00+00:00,2990.963134765625,2993.339111328125,2990.562255859375,2993.339111328125,15268864
2025-11-29 20:45:00+00:00,2998.507568359375,2999.309814453125,2990.875244140625,2992.973876953125,110150656
2025-11-29 21:00:00+00:00,2991.3037109375,2999.516845703125,2991.3037109375,2998.89697265625,55891968
2025-11-29 21:15:00+00:00,2994.248779296875,2994.248779296875,2985.487060546875,2990.2255859375,69009408
2025-11-29 21:30:00+00:00,2994.880126953125,2995.58203125,2994.315185546875,2994.32763671875,84958208
2025-11-29 21:45:00+00:00,2995.34130859375,2995.706787109375,2993.927001953125,2995.07373046875,458144768
2025-11-29 22:00:00+00:00,2994.06298828125,2995.346435546875,2993.79248046875,2995.2197265625,2893824
2025-11-29 22:15:00+00:00,2986.346923828125,2987.624267578125,2985.816162109375,2985.816162109375,99054592
2025-11-29 22:30:00+00:00,2991.71337890625,2993.003662109375,2985.828369140625,2985.828369140625,20497408
2025-11-29 22:45:00+00:00,2991.337158203125,2992.2275390625,2988.697998046875,2991.219482421875,5644288
2025-11-29 23:00:00+00:00,2987.71875,2990.74560546875,2987.71875,2990.74560546875,0
2025-11-29 23:15:00+00:00,2993.685791015625,2993.89892578125,2987.518310546875,2987.81689453125,582489088
2025-11-29 23:30:00+00:00,2992.8291015625,2992.98046875,2991.134033203125,2992.98046875,73711616
2025-11-29 23:45:00+00:00,2991.47265625,2993.27685546875,2990.60400390625,2992.6689453125,139838464
2025-11-30 00:00:00+00:00,2994.642822265625,2994.642822265625,2989.87109375,2990.836181640625,15856640
2025-11-30 00:15:00+00:00,2997.91259765625,2999.928955078125,2995.98046875,2997.376708984375,101167104
2025-11-30 00:30:00+00:00,2997.34912109375,2998.322998046875,2995.84375,2997.357177734375,119233536
2025-11-30 00:45:00+00:00,2998.35302734375,2998.35302734375,2996.060791015625,2998.00390625,56017920
2025-11-30 01:00:00+00:00,3009.61669921875,3009.962646484375,2997.85888671875,2998.3125,124099584
2025-11-30 01:15:00+00:00,3005.58447265625,3009.6572265625,3005.58447265625,3009.1298828125,61240320
2025-11-30 01:30:00+00:00,3007.87890625,3010.860107421875,3006.406005859375,3006.406005859375,206516224
2025-11-30 01:45:00+00:00,3006.43017578125,3007.5732421875,3005.64013671875,3007.5732421875,22181888
2025-11-30 02:00:00+00:00,3010.35009765625,3011.467529296875,3006.238525390625,3006.31787109375,30760960
2025-11-30 02:15:00+00:00,3005.3251953125,3009.599365234375,3005.3251953125,3009.599365234375,4148224
2025-11-30 02:30:00+00:00,2997.85546875,3006.67529296875,2997.85546875,3005.42236328125,0
2025-11-30 02:45:00+00:00,2992.9140625,2998.80859375,2992.517822265625,2997.970703125,553379840
2025-11-30 03:00:00+00:00,2990.939697265625,2994.5390625,2990.939697265625,2992.412353515625,107078656
2025-11-30 03:15:00+00:00,2988.65625,2991.02392578125,2978.857177734375,2990.967529296875,155542528
2025-11-30 03:30:00+00:00,3003.376708984375,3003.376708984375,2988.435546875,2988.877685546875,168684544
2025-11-30 03:45:00+00:00,3002.551513671875,3004.701904296875,3001.931396484375,3004.701904296875,156328960
2025-11-30 04:00:00+00:00,3003.11376953125,3003.8662109375,3001.5048828125,3002.302490234375,188052480
2025-11-30 04:15:00+00:00,2998.57080078125,3002.46240234375,2998.57080078125,3002.46240234375,0
2025-11-30 04:30:00+00:00,2998.7431640625,2999.65087890625,2998.3916015625,2998.621826171875,94510080
2025-11-30 04:45:00+00:00,2999.1318359375,2999.298828125,2997.7890625,2998.962158203125,3612672
2025-11-30 05:00:00+00:00,2994.7568359375,2999.135498046875,2993.838134765625,2999.135498046875,38430720
2025-11-30 05:15:00+00:00,2988.92724609375,2997.2724609375,2988.436279296875,2995.708740234375,567810048
2025-11-30 05:30:00+00:00,2991.390869140625,2991.517578125,2988.271484375,2988.271484375,29355008
2025-11-30 05:45:00+00:00,2993.615966796875,2993.987548828125,2990.140625,2991.07177734375,94663680
2025-11-30 06:00:00+00:00,2990.691162109375,2994.44384765625,2990.691162109375,2993.284423828125,14171136
2025-11-30 06:15:00+00:00,2997.463134765625,2997.463134765625,2989.824951171875,2990.500244140625,39273472
2025-11-30 06:30:00+00:00,2998.751220703125,3000.417236328125,2997.992431640625,2999.65771484375,7335936
2025-11-30 06:45:00+00:00,2998.62548828125,2998.756103515625,2998.007080078125,2998.756103515625,64527360
2025-11-30 07:00:00+00:00,3002.064697265625,3002.064697265625,2997.625244140625,2998.510009765625,0
2025-11-30 07:15:00+00:00,3005.13134765625,3005.13134765625,3001.878662109375,3002.70458984375,81971200
2025-11-30 07:30:00+00:00,3004.889404296875,3006.45556640625,3004.30517578125,3004.453857421875,10127360
2025-11-30 07:45:00+00:00,3006.615234375,3008.83203125,3004.924072265625,3004.924072265625,35000320
2025-11-30 08:00:00+00:00,3004.9072265625,3007.161376953125,3004.9072265625,3006.456298828125,565876736
2025-11-30 08:15:00+00:00,3012.35400390625,3015.611083984375,3004.302978515625,3004.803466796875,3818496
2025-11-30 08:30:00+00:00,3013.186767578125,3013.186767578125,3006.15625,3009.064453125,422282240
2025-11-30 08:45:00+00:00,3008.1787109375,3012.156494140625,3008.1787109375,3012.156494140625,262958080
2025-11-30 09:00:00+00:00,3013.1298828125,3013.1298828125,3006.913818359375,3007.8935546875,46657536
2025-11-30 09:15:00+00:00,3008.801513671875,3013.045166015625,3007.30029296875,3013.045166015625,559127552
2025-11-30 09:30:00+00:00,3009.7041015625,3009.7041015625,3006.090576171875,3008.198486328125,21100544
2025-11-30 09:45:00+00:00,3010.5283203125,3010.5283203125,3007.03564453125,3010.02197265625,30648320
2025-11-30 10:00:00+00:00,3008.109130859375,3011.329345703125,3007.58447265625,3010.512939453125,81871872
2025-11-30 10:15:00+00:00,3010.911865234375,3010.99658203125,3008.060546875,3008.33984375,0
2025-11-30 10:30:00+00:00,3009.45361328125,3011.4345703125,3009.18310546875,3011.4345703125,19914752
2025-11-30 10:45:00+00:00,3009.784423828125,3010.12548828125,3008.3623046875,3009.12939453125,3478528
2025-11-30 11:00:00+00:00,3013.741943359375,3015.74169921875,3009.67919921875,3009.71044921875,7303168
2025-11-30 11:15:00+00:00,3004.989013671875,3011.571533203125,3004.912353515625,3011.571533203125,75871232
2025-11-30 11:30:00+00:00,3006.897705078125,3006.897705078125,3003.012939453125,3005.227294921875,98850816
2025-11-30 11:45:00+00:00,3003.8515625,3006.61474609375,3001.595947265625,3006.484130859375,69775360
2025-11-30 12:00:00+00:00,3007.036376953125,3007.036376953125,3001.8125,3003.693359375,15847424
2025-11-30 12:15:00+00:00,3010.80029296875,3011.248779296875,3008.697509765625,3008.697509765625,64914432
2025-11-30 12:30:00+00:00,3024.522216796875,3024.522216796875,3008.891845703125,3010.162109375,0
2025-11-30 12:45:00+00:00,3027.54833984375,3030.3115234375,3025.942626953125,3025.95166015625,342246400
2025-11-30 13:00:00+00:00,3025.147705078125,3027.220458984375,3024.449951171875,3026.64990234375,102323200
2025-11-30 13:15:00+00:00,3046.225341796875,3048.67822265625,3025.239501953125,3025.239501953125,261948416
2025-11-30 13:30:00+00:00,3045.17529296875,3050.873291015625,3044.92431640625,3046.94189453125,437707776
2025-11-30 13:45:00+00:00,3047.946533203125,3048.587890625,3042.5458984375,3044.488525390625,150322176
2025-11-30 14:00:00+00:00,3044.209228515625,3049.1640625,3044.209228515625,3049.1640625,119745536
2025-11-30 14:15:00+00:00,3040.236572265625,3045.740966796875,3037.402099609375,3045.740966796875,38360064
2025-11-30 14:30:00+00:00,3029.388671875,3039.74365234375,3029.388671875,3039.74365234375,284959744
2025-11-30 14:45:00+00:00,3035.2978515625,3035.2978515625,3028.5341796875,3029.426513671875,195527680
2025-11-30 15:00:00+00:00,3029.141845703125,3037.82177734375,3026.199951171875,3037.82177734375,128442368
2025-11-30 15:15:00+00:00,3036.834716796875,3036.834716796875,3028.45654296875,3029.84130859375,50893824
2025-11-30 15:30:00+00:00,3030.69091796875,3036.049560546875,3027.873291015625,3036.049560546875,363520
2025-11-30 15:45:00+00:00,3029.033935546875,3031.23388671875,3028.444580078125,3030.614501953125,135169024
2025-11-30 16:00:00+00:00,3034.250244140625,3034.250244140625,3028.764892578125,3029.052001953125,50723840
2025-11-30 16:15:00+00:00,3046.374755859375,3047.24560546875,3035.773193359375,3035.773193359375,65884160
2025-11-30 16:30:00+00:00,3044.624755859375,3048.17724609375,3043.931884765625,3046.18701171875,118860800
2025-11-30 16:45:00+00:00,3044.582275390625,3049.624267578125,3044.582275390625,3044.92578125,3028992
2025-11-30 17:00:00+00:00,3033.4912109375,3043.001708984375,3033.364501953125,3043.001708984375,87107584
2025-11-30 17:15:00+00:00,3036.795166015625,3040.73291015625,3034.65869140625,3034.65869140625,108370944
2025-11-30 17:30:00+00:00,3040.988525390625,3041.815673828125,3035.031982421875,3036.403564453125,10902528
2025-11-30 17:45:00+00:00,3041.051025390625,3043.49853515625,3040.432373046875,3040.432373046875,52037632
2025-11-30 18:00:00+00:00,3035.22216796875,3041.127685546875,3034.37646484375,3041.127685546875,12026880
2025-11-30 18:15:00+00:00,3035.425048828125,3037.513916015625,3034.31201171875,3034.925537109375,0
2025-11-30 18:30:00+00:00,3030.75146484375,3035.703369140625,3030.676513671875,3035.703369140625,34799616
2025-11-30 18:45:00+00:00,3036.387451171875,3036.9697265625,3031.42138671875,3031.42138671875,88580096
2025-11-30 19:00:00+00:00,3034.911376953125,3039.42529296875,3032.7890625,3036.270751953125,152826880
2025-11-30 19:15:00+00:00,3031.71435546875,3035.419189453125,3031.47607421875,3034.693115234375,476753920
2025-11-30 19:30:00+00:00,3035.49169921875,3036.274658203125,3030.051025390625,3031.815185546875,111121408
2025-11-30 19:45:00+00:00,3034.033935546875,3035.741455078125,3032.347900390625,3035.04443359375,266532864
2025-11-30 20:00:00+00:00,3040.825927734375,3040.825927734375,3034.339111328125,3034.339111328125,0
2025-11-30 20:15:00+00:00,3031.177978515625,3040.7919921875,3031.177978515625,3040.732177734375,191187968
2025-11-30 20:30:00+00:00,3027.1591796875,3030.989990234375,3025.367431640625,3030.989990234375,85481472
2025-11-30 20:45:00+00:00,3029.263427734375,3029.263427734375,3025.41259765625,3027.247314453125,102414336
2025-11-30 21:00:00+00:00,3018.714111328125,3029.1982421875,3018.714111328125,3028.905517578125,130844672
2025-11-30 21:15:00+00:00,3020.908935546875,3021.968994140625,3017.91259765625,3021.231689453125,130253824
2025-11-30 21:30:00+00:00,3020.9931640625,3024.9052734375,3020.07080078125,3023.406005859375,163125248
2025-11-30 21:45:00+00:00,3021.960205078125,3024.595458984375,3021.068359375,3021.15673828125,124789760
2025-11-30 22:00:00+00:00,3029.62451171875,3029.62451171875,3021.424072265625,3021.424072265625,130553856
2025-11-30 22:15:00+00:00,3030.448974609375,3033.93994140625,3029.5087890625,3031.810302734375,144308224
2025-11-30 22:30:00+00:00,3028.561279296875,3030.431884765625,3023.4921875,3030.431884765625,49660928
2025-11-30 22:45:00+00:00,3032.5771484375,3032.5771484375,3024.94580078125,3027.8447265625,6375424
2025-11-30 23:00:00+00:00,3019.4423828125,3033.201416015625,3018.70751953125,3033.201416015625,45295616
2025-11-30 23:15:00+00:00,3010.281982421875,3022.048095703125,3010.281982421875,3020.9892578125,136794112
2025-11-30 23:30:00+00:00,2998.744140625,3010.14990234375,2997.732666015625,3010.14990234375,191793152
2025-11-30 23:45:00+00:00,2994.091796875,3001.648193359375,2992.63818359375,2999.739501953125,317701120
2025-12-01 00:00:00+00:00,2921.8515625,2996.332275390625,2921.8515625,2991.9501953125,1059509248
2025-12-01 00:15:00+00:00,2896.525390625,2920.41552734375,2894.713623046875,2917.849609375,672964608
2025-12-01 00:30:00+00:00,2870.56884765625,2894.044921875,2868.43603515625,2890.564697265625,1144720384
2025-12-01 00:45:00+00:00,2844.90625,2866.794921875,2835.84716796875,2866.794921875,725761024
2025-12-01 01:00:00+00:00,2852.62451171875,2859.701416015625,2838.83642578125,2838.83642578125,628795392
2025-12-01 01:15:00+00:00,2849.916748046875,2857.5546875,2847.165771484375,2850.761962890625,276967424
2025-12-01 01:30:00+00:00,2853.1025390625,2857.302734375,2847.9873046875,2847.9873046875,298932224
2025-12-01 01:45:00+00:00,2852.911376953125,2852.911376953125,2849.216552734375,2852.7373046875,284155904
2025-12-01 02:00:00+00:00,2871.5185546875,2872.27392578125,2851.2392578125,2852.11962890625,819973120
2025-12-01 02:15:00+00:00,2856.628662109375,2869.77880859375,2856.332763671875,2869.77880859375,16326656
2025-12-01 02:30:00+00:00,2854.895751953125,2860.34716796875,2843.719482421875,2855.972412109375,784347136
2025-12-01 02:45:00+00:00,2841.49658203125,2853.8310546875,2836.9130859375,2853.8310546875,858866688
2025-12-01 03:00:00+00:00,2827.032470703125,2840.221923828125,2824.493408203125,2839.749755859375,419270656
2025-12-01 03:15:00+00:00,2828.554931640625,2831.76318359375,2823.272705078125,2826.514404296875,271001600
2025-12-01 03:30:00+00:00,2830.29052734375,2830.29052734375,2819.668701171875,2825.74267578125,442644480
2025-12-01 03:45:00+00:00,2827.468017578125,2831.181396484375,2823.245361328125,2831.181396484375,702683136
2025-12-01 04:00:00+00:00,2822.464599609375,2826.68994140625,2820.30078125,2826.68994140625,320182272
2025-12-01 04:15:00+00:00,2809.801025390625,2820.9521484375,2809.801025390625,2820.9521484375,225021952
2025-12-01 04:30:00+00:00,2816.515625,2816.59423828125,2808.546875,2809.049560546875,623652864
2025-12-01 04:45:00+00:00,2821.390869140625,2822.770751953125,2814.579833984375,2814.9931640625,445974528
2025-12-01 05:00:00+00:00,2821.485595703125,2824.641845703125,2816.2763671875,2822.079345703125,445423616
2025-12-01 05:15:00+00:00,2821.7705078125,2822.551025390625,2812.585205078125,2818.197021484375,62681088
2025-12-01 05:30:00+00:00,2816.0634765625,2821.377685546875,2814.487548828125,2820.1826171875,115630080
2025-12-01 05:45:00+00:00,2828.198974609375,2830.14501953125,2815.252685546875,2815.252685546875,968378368
2025-12-01 06:00:00+00:00,2828.56201171875,2833.240234375,2825.533447265625,2828.45263671875,135077888
2025-12-01 06:15:00+00:00,2827.16357421875,2831.152099609375,2827.16357421875,2829.294677734375,95467520
2025-12-01 06:30:00+00:00,2827.492431640625,2829.502197265625,2824.8037109375,2826.78662109375,106188800
2025-12-01 06:45:00+00:00,2825.91455078125,2830.125244140625,2825.3212890625,2828.157470703125,91801600
2025-12-01 07:00:00+00:00,2824.134765625,2826.136962890625,2821.359375,2825.799072265625,83326976
2025-12-01 07:15:00+00:00,2831.852783203125,2831.852783203125,2824.173095703125,2825.03466796875,50155520
2025-12-01 07:30:00+00:00,2838.257568359375,2839.48876953125,2830.369140625,2830.369140625,547631104
2025-12-01 07:45:00+00:00,2840.8212890625,2842.561767578125,2839.149169921875,2839.149169921875,511453184
2025-12-01 08:00:00+00:00,2836.843017578125,2845.0380859375,2836.63037109375,2840.696533203125,420583424
2025-12-01 08:15:00+00:00,2835.203125,2836.929443359375,2833.753662109375,2836.31396484375,333318144
2025-12-01 08:30:00+00:00,2842.07861328125,2842.07861328125,2836.53857421875,2837.271728515625,348018688
2025-12-01 08:45:00+00:00,2837.451416015625,2842.274169921875,2837.451416015625,2841.810791015625,66457600
2025-12-01 09:00:00+00:00,2833.69189453125,2847.05810546875,2833.69189453125,2840.60302734375,671879168
2025-12-01 09:15:00+00:00,2836.7802734375,2836.7802734375,2831.615478515625,2834.501708984375,183291904
2025-12-01 09:30:00+00:00,2839.6845703125,2840.42578125,2838.085205078125,2838.528564453125,1086609408
2025-12-01 09:45:00+00:00,2837.206298828125,2843.95556640625,2836.852783203125,2842.832763671875,112543744
2025-12-01 10:00:00+00:00,2841.527587890625,2845.26318359375,2839.051025390625,2839.051025390625,216348672
2025-12-01 10:15:00+00:00,2837.748046875,2840.330322265625,2837.748046875,2840.330322265625,71557120
2025-12-01 10:30:00+00:00,2841.789306640625,2841.978759765625,2838.570556640625,2838.8251953125,382662656
2025-12-01 10:45:00+00:00,2843.794677734375,2844.517822265625,2842.24365234375,2842.24365234375,321462272
2025-12-01 11:00:00+00:00,2837.197509765625,2843.7783203125,2836.905517578125,2843.7783203125,258992128
2025-12-01 11:15:00+00:00,2844.213134765625,2845.00048828125,2837.11572265625,2837.11572265625,565168128
2025-12-01 11:30:00+00:00,2842.637939453125,2844.27587890625,2842.637939453125,2844.006103515625,483397632
2025-12-01 11:45:00+00:00,2838.10107421875,2841.404052734375,2837.705078125,2840.1865234375,384915456
2025-12-01 12:00:00+00:00,2819.69189453125,2838.83203125,2819.31787109375,2838.474609375,194779136
2025-12-01 12:15:00+00:00,2819.568603515625,2825.28955078125,2818.993408203125,2818.993408203125,230897664
2025-12-01 12:30:00+00:00,2813.11083984375,2822.098388671875,2813.11083984375,2820.04443359375,446922752
2025-12-01 12:45:00+00:00,2824.828369140625,2824.828369140625,2799.86474609375,2816.828125,320473088
2025-12-01 13:00:00+00:00,2826.869384765625,2837.20166015625,2821.341064453125,2821.341064453125,962312192
2025-12-01 13:15:00+00:00,2823.53076171875,2828.90771484375,2823.409912109375,2827.53515625,278097920
2025-12-01 13:30:00+00:00,2810.4580078125,2823.120849609375,2809.279296875,2823.120849609375,629010432
2025-12-01 13:45:00+00:00,2813.280029296875,2814.5966796875,2809.42578125,2810.54443359375,536690688
2025-12-01 14:00:00+00:00,2824.8125,2824.8125,2810.114990234375,2812.89990234375,18575360
2025-12-01 14:15:00+00:00,2819.227783203125,2821.54833984375,2815.612548828125,2821.54833984375,47153152
2025-12-01 14:30:00+00:00,2815.6064453125,2828.931640625,2809.61328125,2820.645751953125,971057152
2025-12-01 14:45:00+00:00,2820.794189453125,2820.794189453125,2811.427978515625,2812.9208984375,126982144
2025-12-01 15:00:00+00:00,2812.982177734375,2820.435791015625,2810.342041015625,2820.435791015625,509573120
2025-12-01 15:15:00+00:00,2770.497802734375,2805.15966796875,2770.497802734375,2805.15966796875,665010176
2025-12-01 15:30:00+00:00,2727.4677734375,2769.08447265625,2727.279296875,2768.373291015625,1426884608
2025-12-01 15:45:00+00:00,2745.124755859375,2754.0029296875,2725.1748046875,2725.1748046875,1388146688
2025-12-01 16:00:00+00:00,2727.282958984375,2747.921142578125,2726.659912109375,2745.3515625,585650176
2025-12-01 16:15:00+00:00,2737.7314453125,2737.7314453125,2724.7314453125,2725.331787109375,674723840
2025-12-01 16:30:00+00:00,2751.912109375,2752.35693359375,2733.056884765625,2734.709228515625,236965888
2025-12-01 16:45:00+00:00,2727.2998046875,2749.978759765625,2727.2998046875,2749.978759765625,1617846272
2025-12-01 17:00:00+00:00,2740.23779296875,2742.599853515625,2728.56201171875,2728.56201171875,424511488
2025-12-01 17:15:00+00:00,2745.10107421875,2745.10107421875,2729.46533203125,2732.865234375,487692288
2025-12-01 17:30:00+00:00,2744.655029296875,2744.655029296875,2737.114013671875,2742.9541015625,359481344
2025-12-01 17:45:00+00:00,2740.53515625,2751.31494140625,2740.53515625,2747.7177734375,866754560
2025-12-01 18:00:00+00:00,2753.81982421875,2753.81982421875,2739.669921875,2739.669921875,88479744
2025-12-01 18:15:00+00:00,2748.5048828125,2755.430908203125,2748.5048828125,2754.9951171875,346419200
2025-12-01 18:30:00+00:00,2728.152099609375,2750.084716796875,2728.152099609375,2750.084716796875,330366976
2025-12-01 18:45:00+00:00,2750.69140625,2754.42919921875,2727.16162109375,2727.3232421875,532899840
2025-12-01 19:00:00+00:00,2747.701171875,2750.435302734375,2744.1572265625,2750.25732421875,595218432
2025-12-01 19:15:00+00:00,2740.788330078125,2746.932861328125,2737.640869140625,2746.932861328125,231049216
2025-12-01 19:30:00+00:00,2735.11572265625,2746.495361328125,2733.436279296875,2736.86376953125,371316736
2025-12-01 19:45:00+00:00,2741.840087890625,2741.840087890625,2733.639404296875,2735.022216796875,1087188992
2025-12-01 20:00:00+00:00,2763.945068359375,2765.98095703125,2741.115234375,2741.115234375,306249728
2025-12-01 20:15:00+00:00,2751.359619140625,2760.0546875,2750.50732421875,2760.0546875,314335232
2025-12-01 20:30:00+00:00,2753.648193359375,2753.648193359375,2745.549560546875,2752.092529296875,434335744
2025-12-01 20:45:00+00:00,2759.0234375,2759.08837890625,2752.957275390625,2757.267822265625,912818176
2025-12-01 21:00:00+00:00,2764.197265625,2772.815673828125,2756.89306640625,2756.89306640625,794284032
2025-12-01 21:15:00+00:00,2787.0078125,2791.439453125,2764.36865234375,2764.36865234375,667697152
2025-12-01 21:30:00+00:00,2795.568115234375,2796.697998046875,2784.564697265625,2784.564697265625,794431488
2025-12-01 21:45:00+00:00,2791.376220703125,2795.568115234375,2786.322021484375,2795.568115234375,1079066624
2025-12-01 22:00:00+00:00,2796.1298828125,2811.314697265625,2791.990966796875,2791.990966796875,904515584
2025-12-01 22:15:00+00:00,2800.684814453125,2802.174072265625,2793.5791015625,2793.5791015625,496615424
2025-12-01 22:30:00+00:00,2805.591552734375,2805.591552734375,2796.3310546875,2800.860595703125,73084928
2025-12-01 22:45:00+00:00,2804.059814453125,2810.70166015625,2804.059814453125,2804.9931640625,105336832
2025-12-01 23:00:00+00:00,2800.58251953125,2806.947021484375,2798.812255859375,2798.812255859375,335249408
2025-12-01 23:15:00+00:00,2809.361083984375,2810.172607421875,2798.3486328125,2798.3486328125,386523136
2025-12-01 23:30:00+00:00,2806.936279296875,2817.107177734375,2806.936279296875,2817.107177734375,376041472
2025-12-01 23:45:00+00:00,2799.575927734375,2807.525390625,2799.07177734375,2807.525390625,339353600
2025-12-02 00:00:00+00:00,2796.552734375,2801.953857421875,2794.689697265625,2799.8388671875,0
2025-12-02 00:15:00+00:00,2788.19970703125,2794.854248046875,2785.288330078125,2794.854248046875,544634880
2025-12-02 00:30:00+00:00,2791.35595703125,2799.10107421875,2789.734130859375,2789.734130859375,396027904
2025-12-02 00:45:00+00:00,2793.61572265625,2796.68896484375,2788.688720703125,2788.688720703125,220010496
2025-12-02 01:00:00+00:00,2808.24755859375,2820.79638671875,2794.577880859375,2794.828369140625,727209984
2025-12-02 01:15:00+00:00,2805.95751953125,2806.833984375,2799.9609375,2803.7099609375,271896576
2025-12-02 01:30:00+00:00,2798.6865234375,2804.2109375,2798.1083984375,2804.19482421875,318832640
2025-12-02 01:45:00+00:00,2794.955810546875,2798.759765625,2793.9853515625,2797.809326171875,139063296
2025-12-02 02:00:00+00:00,2797.566162109375,2797.566162109375,2789.6787109375,2795.071533203125,308094976
2025-12-02 02:15:00+00:00,2807.84521484375,2807.84521484375,2797.412841796875,2797.412841796875,296630272
2025-12-02 02:30:00+00:00,2812.67529296875,2813.31494140625,2806.264404296875,2806.828125,37009408
2025-12-02 02:45:00+00:00,2801.76708984375,2812.492431640625,2801.76708984375,2811.953369140625,293642240
2025-12-02 03:00:00+00:00,2802.341064453125,2803.008056640625,2797.69873046875,2801.153076171875,0
2025-12-02 03:15:00+00:00,2789.091064453125,2802.25927734375,2788.04833984375,2802.25927734375,182839296
2025-12-02 03:30:00+00:00,2803.6796875,2803.6796875,2787.501708984375,2790.397216796875,513714176
2025-12-02 03:45:00+00:00,2805.17919921875,2807.015869140625,2804.456298828125,2806.291259765625,182956032
2025-12-02 04:00:00+00:00,2808.663818359375,2811.44970703125,2804.462646484375,2804.462646484375,1323214848
2025-12-02 04:15:00+00:00,2806.900390625,2812.85107421875,2806.760009765625,2807.955322265625,0
2025-12-02 04:30:00+00:00,2805.636962890625,2806.919677734375,2804.8388671875,2806.919677734375,0
2025-12-02 04:45:00+00:00,2805.421875,2807.1259765625,2805.421875,2805.998046875,0
2025-12-02 05:00:00+00:00,2805.464599609375,2805.974853515625,2799.768310546875,2805.33740234375,78012416
2025-12-02 05:15:00+00:00,2802.7314453125,2805.985107421875,2802.7314453125,2803.344482421875,137728000
2025-12-02 05:30:00+00:00,2799.704345703125,2801.93798828125,2799.236328125,2800.377197265625,278310912
2025-12-02 05:45:00+00:00,2803.21630859375,2803.21630859375,2799.809326171875,2799.90771484375,173080576
2025-12-02 06:00:00+00:00,2799.929931640625,2803.501953125,2799.312255859375,2803.49267578125,37761024
2025-12-02 06:15:00+00:00,2801.601806640625,2804.376708984375,2800.95361328125,2800.99951171875,333524992
2025-12-02 06:30:00+00:00,2812.87060546875,2812.87060546875,2802.349609375,2802.349609375,0
2025-12-02 06:45:00+00:00,2812.518798828125,2814.660400390625,2810.865234375,2811.93505859375,383557632
2025-12-02 07:00:00+00:00,2809.66796875,2813.36865234375,2808.788330078125,2813.26123046875,9832448
2025-12-02 07:15:00+00:00,2805.609130859375,2809.04150390625,2805.51611328125,2808.793212890625,259315712
2025-12-02 07:30:00+00:00,2806.65234375,2807.545654296875,2804.46728515625,2805.91064453125,75610112
2025-12-02 07:45:00+00:00,2806.109130859375,2806.2392578125,2805.270263671875,2806.054931640625,0
2025-12-02 08:00:00+00:00,2795.310302734375,2805.898681640625,2795.310302734375,2805.7861328125,8491008
2025-12-02 08:15:00+00:00,2788.14501953125,2795.619140625,2788.14501953125,2795.619140625,837087232
2025-12-02 08:30:00+00:00,2794.68115234375,2797.944091796875,2785.2265625,2786.885498046875,95234048
2025-12-02 08:45:00+00:00,2796.31884765625,2801.5849609375,2795.963134765625,2797.762939453125,663345152
2025-12-02 09:00:00+00:00,2805.045654296875,2808.521484375,2799.60009765625,2799.60009765625,0
2025-12-02 09:15:00+00:00,2807.28076171875,2809.0361328125,2799.146728515625,2804.262451171875,424718336
2025-12-02 09:30:00+00:00,2798.62255859375,2806.1650390625,2797.7744140625,2806.1650390625,0
2025-12-02 09:45:00+00:00,2798.404052734375,2799.25537109375,2796.73828125,2797.6748046875,300656640
2025-12-02 10:00:00+00:00,2808.77783203125,2808.77783203125,2798.679443359375,2798.679443359375,175194112
2025-12-02 10:15:00+00:00,2805.6640625,2808.150390625,2805.6640625,2808.150390625,1257164800
2025-12-02 10:30:00+00:00,2812.401123046875,2812.401123046875,2805.584716796875,2805.584716796875,317421568
2025-12-02 10:45:00+00:00,2824.21240234375,2829.359619140625,2812.23681640625,2812.23681640625,0
2025-12-02 11:00:00+00:00,2818.708740234375,2827.44970703125,2818.708740234375,2826.63818359375,421896192
2025-12-02 11:15:00+00:00,2826.140869140625,2826.140869140625,2818.259033203125,2819.65771484375,473108480
2025-12-02 11:30:00+00:00,2825.25048828125,2829.263671875,2825.25048828125,2829.263671875,192233472
2025-12-02 11:45:00+00:00,2825.385986328125,2828.019775390625,2824.359130859375,2824.393310546875,0
2025-12-02 12:00:00+00:00,2829.6337890625,2829.715087890625,2825.6865234375,2825.6865234375,0
2025-12-02 12:15:00+00:00,2823.84423828125,2829.05810546875,2823.726806640625,2828.5966796875,20000768
2025-12-02 12:30:00+00:00,2821.7333984375,2825.544677734375,2817.631591796875,2823.98046875,171845632
2025-12-02 12:45:00+00:00,2826.507568359375,2826.507568359375,2820.800537109375,2821.025634765625,22278144
2025-12-02 13:00:00+00:00,2829.210693359375,2830.7470703125,2823.78955078125,2828.454833984375,0
2025-12-02 13:15:00+00:00,2839.18896484375,2841.07080078125,2828.34423828125,2828.34423828125,319545344
2025-12-02 13:30:00+00:00,2840.619384765625,2841.9375,2837.50146484375,2838.268798828125,14192640
2025-12-02 13:45:00+00:00,2846.7626953125,2846.7626953125,2839.9306640625,2839.9306640625,0
2025-12-02 14:00:00+00:00,2857.1396484375,2862.47998046875,2842.6181640625,2845.568359375,757381120
2025-12-02 14:15:00+00:00,2868.5654296875,2868.5654296875,2851.428955078125,2858.6142578125,372455424
2025-12-02 14:30:00+00:00,2861.041748046875,2869.755615234375,2857.03515625,2860.251708984375,898441216
2025-12-02 14:45:00+00:00,2894.904541015625,2907.155517578125,2884.66015625,2884.66015625,841928704
2025-12-02 15:00:00+00:00,2947.031494140625,2947.031494140625,2895.5166015625,2895.5166015625,707905536
2025-12-02 15:15:00+00:00,2964.207275390625,2980.9814453125,2955.583740234375,2955.583740234375,1226143744
2025-12-02 15:30:00+00:00,3008.660400390625,3008.660400390625,2969.51611328125,2972.986328125,453885952
2025-12-02 15:45:00+00:00,3007.5693359375,3017.29541015625,3002.75341796875,3002.75341796875,353730560
2025-12-02 16:00:00+00:00,3014.9921875,3021.22021484375,3007.483642578125,3007.483642578125,654489600
2025-12-02 16:15:00+00:00,2999.318115234375,3015.965087890625,2993.519775390625,3015.965087890625,658212864
2025-12-02 16:30:00+00:00,2993.686767578125,3002.772705078125,2993.686767578125,2999.815673828125,493543424
2025-12-02 16:45:00+00:00,3000.716796875,3005.6318359375,2990.99658203125,2990.99658203125,0
2025-12-02 17:00:00+00:00,2998.383056640625,3005.156005859375,2997.814697265625,2997.814697265625,731928576
2025-12-02 17:15:00+00:00,3028.612548828125,3028.612548828125,2997.2802734375,2997.2802734375,65204224
2025-12-02 17:30:00+00:00,3023.780029296875,3030.41748046875,3021.119873046875,3028.042724609375,651956224
2025-12-02 17:45:00+00:00,3017.021484375,3022.77978515625,3017.021484375,3022.77978515625,52543488
2025-12-02 18:00:00+00:00,3019.0546875,3024.041015625,3017.351806640625,3017.370849609375,223395840
2025-12-02 18:15:00+00:00,3019.26123046875,3031.34326171875,3019.26123046875,3021.81396484375,109643776
2025-12-02 18:30:00+00:00,3021.72998046875,3031.7763671875,3020.697509765625,3021.132568359375,201646080
2025-12-02 18:45:00+00:00,3011.564453125,3020.463134765625,3011.38671875,3020.463134765625,729630720
2025-12-02 19:00:00+00:00,3023.7119140625,3023.818359375,3014.584716796875,3014.584716796875,0
2025-12-02 19:15:00+00:00,3021.195556640625,3022.13818359375,3018.110107421875,3020.542236328125,739717120
2025-12-02 19:30:00+00:00,3025.063720703125,3029.35693359375,3021.33984375,3021.33984375,429285376
2025-12-02 19:45:00+00:00,3017.18115234375,3024.637451171875,3016.436279296875,3023.552734375,45039616
2025-12-02 20:00:00+00:00,3009.739501953125,3016.783935546875,3009.2021484375,3016.783935546875,198858752
2025-12-02 20:15:00+00:00,2994.444580078125,3006.755859375,2992.740966796875,3006.755859375,865533952
2025-12-02 20:30:00+00:00,2977.957275390625,2989.684326171875,2977.173583984375,2984.703369140625,747204608
2025-12-02 20:45:00+00:00,2980.772705078125,2989.208251953125,2980.772705078125,2980.777099609375,430821376
2025-12-02 21:00:00+00:00,2986.562744140625,2989.1357421875,2980.783447265625,2982.19970703125,871428096
2025-12-02 21:15:00+00:00,2987.684326171875,2987.684326171875,2981.918212890625,2987.4384765625,0
2025-12-02 21:30:00+00:00,2989.73876953125,2993.093505859375,2986.742431640625,2986.742431640625,398528512
2025-12-02 21:45:00+00:00,2997.55908203125,2997.55908203125,2988.69140625,2990.5,167118848
2025-12-02 22:00:00+00:00,3016.1650390625,3016.1650390625,2997.371337890625,2997.371337890625,134230016
2025-12-02 22:15:00+00:00,3011.87548828125,3015.732666015625,3010.900146484375,3015.732666015625,313241600
2025-12-02 22:30:00+00:00,3018.257568359375,3018.257568359375,3011.525634765625,3012.158935546875,224811008
2025-12-02 22:45:00+00:00,3016.778076171875,3016.778076171875,3014.76513671875,3014.76513671875,296200192
2025-12-02 23:00:00+00:00,3015.91162109375,3018.3623046875,3013.06884765625,3018.3623046875,419780608
2025-12-02 23:15:00+00:00,3008.064208984375,3015.3515625,3008.064208984375,3014.22119140625,2813952
2025-12-02 23:30:00+00:00,3001.7451171875,3009.80517578125,3000.79296875,3009.490234375,305156096
2025-12-02 23:45:00+00:00,2997.874267578125,3002.4677734375,2997.04345703125,3001.40234375,381521920
2025-12-03 00:00:00+00:00,3002.8466796875,3003.714111328125,2995.5029296875,2997.8037109375,474968064
2025-12-03 00:15:00+00:00,2990.504150390625,3001.885986328125,2990.504150390625,3000.4892578125,359612416
2025-12-03 00:30:00+00:00,3001.011962890625,3001.011962890625,2988.78466796875,2991.442626953125,301355008
2025-12-03 00:45:00+00:00,3004.88623046875,3008.695556640625,3002.029052734375,3002.82568359375,817209344
2025-12-03 01:00:00+00:00,3011.375244140625,3011.54248046875,3002.150634765625,3003.739990234375,387653632
2025-12-03 01:15:00+00:00,3011.0439453125,3014.734619140625,3010.1181640625,3010.976318359375,332136448
2025-12-03 01:30:00+00:00,3013.934326171875,3015.62646484375,3011.8134765625,3011.8134765625,294674432
2025-12-03 01:45:00+00:00,3015.27978515625,3024.6884765625,3014.197265625,3014.197265625,226416640
2025-12-03 02:00:00+00:00,3042.43212890625,3042.43212890625,3016.314697265625,3016.677734375,314243072
2025-12-03 02:15:00+00:00,3043.029541015625,3045.44873046875,3036.71044921875,3045.005615234375,907022336
2025-12-03 02:30:00+00:00,3033.565673828125,3042.898193359375,3033.565673828125,3042.898193359375,444768256
2025-12-03 02:45:00+00:00,3031.430908203125,3034.3271484375,3026.337890625,3031.736328125,838848512
2025-12-03 03:00:00+00:00,3028.614013671875,3035.217529296875,3023.484619140625,3030.91015625,451786752
2025-12-03 03:15:00+00:00,3036.11279296875,3036.11279296875,3027.240234375,3028.866455078125,520112128
2025-12-03 03:30:00+00:00,3034.121337890625,3038.03564453125,3034.121337890625,3038.03564453125,810014720
2025-12-03 03:45:00+00:00,3033.501220703125,3035.970947265625,3033.024169921875,3034.516357421875,0
2025-12-03 04:00:00+00:00,3042.27880859375,3042.284423828125,3032.153564453125,3032.94921875,108361728
2025-12-03 04:15:00+00:00,3055.74267578125,3055.74267578125,3041.1865234375,3041.1865234375,397430784
2025-12-03 04:30:00+00:00,3054.15771484375,3054.15771484375,3046.0263671875,3047.138671875,1005256704
2025-12-03 04:45:00+00:00,3058.2607421875,3058.73779296875,3051.6357421875,3053.740966796875,490680320
2025-12-03 05:00:00+00:00,3059.9755859375,3070.126953125,3056.99609375,3057.399658203125,774807552
2025-12-03 05:15:00+00:00,3056.18017578125,3059.03564453125,3053.0244140625,3059.03564453125,354545664
2025-12-03 05:30:00+00:00,3062.605224609375,3064.32861328125,3054.168701171875,3056.3779296875,476565504
2025-12-03 05:45:00+00:00,3061.177978515625,3065.896484375,3059.756103515625,3061.23486328125,516843520
2025-12-03 06:00:00+00:00,3070.716796875,3073.895263671875,3059.070068359375,3061.95263671875,670173184
2025-12-03 06:15:00+00:00,3083.553466796875,3084.74267578125,3070.20947265625,3070.20947265625,57686016
2025-12-03 06:30:00+00:00,3071.963623046875,3083.95751953125,3071.963623046875,3083.95751953125,504043520
2025-12-03 06:45:00+00:00,3066.90576171875,3067.397705078125,3060.470703125,3064.8896484375,499298304
2025-12-03 07:00:00+00:00,3060.78662109375,3067.889404296875,3060.78662109375,3067.520263671875,168986624
2025-12-03 07:15:00+00:00,3061.77783203125,3063.810546875,3053.89697265625,3059.37841796875,417812480
2025-12-03 07:30:00+00:00,3058.281982421875,3061.738037109375,3058.281982421875,3060.259033203125,342640640
2025-12-03 07:45:00+00:00,3058.793212890625,3061.7783203125,3058.793212890625,3059.299560546875,623804416
2025-12-03 08:00:00+00:00,3059.640869140625,3061.130126953125,3055.2060546875,3058.81494140625,126892032
2025-12-03 08:15:00+00:00,3050.078125,3059.649169921875,3050.078125,3059.649169921875,8183808
2025-12-03 08:30:00+00:00,3049.055908203125,3050.92919921875,3046.865966796875,3050.35302734375,477751296
2025-12-03 08:45:00+00:00,3050.54638671875,3054.761962890625,3049.173095703125,3050.135498046875,378681344
2025-12-03 09:00:00+00:00,3053.104248046875,3053.277587890625,3049.3115234375,3050.785888671875,1173942272
2025-12-03 09:15:00+00:00,3053.1513671875,3055.30419921875,3053.1513671875,3055.275146484375,520622080
2025-12-03 09:30:00+00:00,3051.887939453125,3053.962890625,3050.01171875,3051.92626953125,23986176
2025-12-03 09:45:00+00:00,3062.902587890625,3062.902587890625,3052.8095703125,3052.8095703125,212512768
2025-12-03 10:00:00+00:00,3061.374755859375,3063.1337890625,3061.374755859375,3062.039306640625,345624576
2025-12-03 10:15:00+00:00,3072.346923828125,3077.994873046875,3061.789794921875,3061.789794921875,161067008
2025-12-03 10:30:00+00:00,3053.982177734375,3068.57275390625,3053.982177734375,3068.57275390625,160276480
2025-12-03 10:45:00+00:00,3054.577392578125,3060.764892578125,3053.198486328125,3054.187744140625,327432192
2025-12-03 11:00:00+00:00,3059.109619140625,3061.804931640625,3055.815185546875,3055.815185546875,11030528
2025-12-03 11:15:00+00:00,3066.343505859375,3067.729736328125,3055.643798828125,3058.403076171875,26083328
2025-12-03 11:30:00+00:00,3069.775390625,3072.3740234375,3068.98681640625,3071.907958984375,765947904
2025-12-03 11:45:00+00:00,3073.554931640625,3076.0595703125,3070.13818359375,3070.13818359375,52475904
2025-12-03 12:00:00+00:00,3072.57470703125,3079.2744140625,3069.955078125,3073.651123046875,435607552
2025-12-03 12:15:00+00:00,3076.317626953125,3082.788818359375,3073.88037109375,3074.2041015625,352256000
2025-12-03 12:30:00+00:00,3076.275390625,3078.349365234375,3071.78076171875,3073.859130859375,80156672
2025-12-03 12:45:00+00:00,3082.928955078125,3083.443359375,3077.600341796875,3077.600341796875,382371840
2025-12-03 13:00:00+00:00,3084.671142578125,3087.94189453125,3081.807373046875,3082.29345703125,71788544
2025-12-03 13:15:00+00:00,3091.889404296875,3093.322998046875,3083.689453125,3083.689453125,8863744
2025-12-03 13:30:00+00:00,3093.367431640625,3093.8857421875,3085.763671875,3090.86767578125,307132416
2025-12-03 13:45:00+00:00,3090.047607421875,3093.723876953125,3090.047607421875,3093.709716796875,0
2025-12-03 14:00:00+00:00,3053.047119140625,3091.445556640625,3041.83154296875,3091.213134765625,55580672
2025-12-03 14:15:00+00:00,3073.822265625,3073.822265625,3049.375244140625,3049.375244140625,526655488
2025-12-03 14:30:00+00:00,3139.375,3139.375,3059.01171875,3066.078857421875,778240
2025-12-03 14:45:00+00:00,3088.6318359375,3132.28125,3077.93212890625,3132.28125,1248770048
2025-12-03 15:00:00+00:00,3076.3349609375,3108.104248046875,3076.3349609375,3081.20361328125,70481920
2025-12-03 15:15:00+00:00,3079.64990234375,3080.713623046875,3060.4892578125,3067.99560546875,0
2025-12-03 15:30:00+00:00,3083.577880859375,3089.373779296875,3074.9404296875,3077.725341796875,366129152
2025-12-03 15:45:00+00:00,3082.69287109375,3089.98828125,3082.160888671875,3082.416015625,0
2025-12-03 16:00:00+00:00,3069.5693359375,3091.589111328125,3066.837890625,3084.883056640625,183709696
2025-12-03 16:15:00+00:00,3083.858154296875,3083.858154296875,3070.351318359375,3070.351318359375,275406848
2025-12-03 16:30:00+00:00,3101.88427734375,3106.21142578125,3084.277587890625,3084.277587890625,36800512
2025-12-03 16:45:00+00:00,3087.22314453125,3106.317138671875,3087.22314453125,3106.317138671875,634193920
2025-12-03 17:00:00+00:00,3106.656494140625,3106.656494140625,3088.874755859375,3088.874755859375,876134400
2025-12-03 17:15:00+00:00,3099.98291015625,3108.67822265625,3097.866943359375,3107.876220703125,255592448
2025-12-03 17:30:00+00:00,3117.939208984375,3119.9013671875,3099.216796875,3099.216796875,286963712
2025-12-03 17:45:00+00:00,3130.495361328125,3132.990234375,3118.2666015625,3118.2666015625,665079808
2025-12-03 18:00:00+00:00,3138.19482421875,3138.19482421875,3128.859619140625,3129.388427734375,227377152
2025-12-03 18:15:00+00:00,3130.122802734375,3136.49755859375,3120.7529296875,3136.49755859375,455735296
2025-12-03 18:30:00+00:00,3141.4599609375,3141.4599609375,3128.827392578125,3131.8125,82915328
2025-12-03 18:45:00+00:00,3115.517578125,3140.285888671875,3107.40234375,3140.285888671875,838139904
2025-12-03 19:00:00+00:00,3119.729248046875,3123.458251953125,3114.973388671875,3115.526123046875,205443072
2025-12-03 19:15:00+00:00,3123.52197265625,3123.706787109375,3114.792236328125,3119.007568359375,121081856
2025-12-03 19:30:00+00:00,3118.423828125,3124.918212890625,3115.846923828125,3124.918212890625,113602560
2025-12-03 19:45:00+00:00,3128.0009765625,3132.13671875,3119.795654296875,3119.795654296875,560115712
2025-12-03 20:00:00+00:00,3126.255615234375,3135.691650390625,3119.726318359375,3128.44189453125,430510080
2025-12-03 20:15:00+00:00,3126.47705078125,3126.962890625,3121.568603515625,3126.228271484375,394145792
2025-12-03 20:30:00+00:00,3127.479248046875,3131.7255859375,3126.491455078125,3126.87548828125,0
2025-12-03 20:45:00+00:00,3133.645263671875,3154.07958984375,3129.862060546875,3129.862060546875,655271936
2025-12-03 21:00:00+00:00,3150.54833984375,3151.0810546875,3131.490966796875,3138.782958984375,323874816
2025-12-03 21:15:00+00:00,3148.866943359375,3153.283935546875,3148.83837890625,3150.06494140625,76947456
2025-12-03 21:30:00+00:00,3149.388427734375,3152.307861328125,3148.358154296875,3148.46337890625,100677632
2025-12-03 21:45:00+00:00,3163.685546875,3165.3642578125,3147.697998046875,3150.43115234375,22030336
2025-12-03 22:00:00+00:00,3162.119873046875,3174.83544921875,3155.033935546875,3167.28564453125,1339348992
2025-12-03 22:15:00+00:00,3158.6474609375,3165.60498046875,3158.03076171875,3165.60498046875,348237824
2025-12-03 22:30:00+00:00,3170.869384765625,3171.741455078125,3158.45654296875,3162.20263671875,483069952
2025-12-03 22:45:00+00:00,3190.623046875,3192.329345703125,3168.62109375,3168.62109375,595388416
2025-12-03 23:00:00+00:00,3190.3271484375,3212.26416015625,3189.8974609375,3189.8974609375,839563264
2025-12-03 23:15:00+00:00,3183.176513671875,3193.8447265625,3181.09716796875,3192.74853515625,578301952
2025-12-03 23:30:00+00:00,3189.464111328125,3189.464111328125,3181.09716796875,3181.98291015625,373544960
2025-12-03 23:45:00+00:00,3195.597900390625,3197.95849609375,3188.750732421875,3189.9267578125,697092096
2025-12-04 00:00:00+00:00,3179.804443359375,3196.663330078125,3179.804443359375,3189.25537109375,134430720
2025-12-04 00:15:00+00:00,3184.676513671875,3190.424072265625,3177.859619140625,3177.859619140625,505966592
2025-12-04 00:30:00+00:00,3196.905517578125,3196.905517578125,3181.579345703125,3184.916748046875,633192448
2025-12-04 00:45:00+00:00,3199.0556640625,3206.957763671875,3193.015869140625,3199.164306640625,774346752
2025-12-04 01:00:00+00:00,3229.7939453125,3229.7939453125,3197.8740234375,3198.41796875,0
2025-12-04 01:15:00+00:00,3210.6962890625,3237.661865234375,3205.304443359375,3236.15966796875,1468610560
2025-12-04 01:30:00+00:00,3218.59423828125,3219.27197265625,3208.31005859375,3209.95361328125,405680128
2025-12-04 01:45:00+00:00,3203.313232421875,3219.021240234375,3203.080322265625,3219.021240234375,69838848
2025-12-04 02:00:00+00:00,3212.973388671875,3213.831298828125,3202.1474609375,3203.4521484375,0
2025-12-04 02:15:00+00:00,3214.82421875,3218.74755859375,3210.55859375,3213.962158203125,779051008
2025-12-04 02:30:00+00:00,3222.327880859375,3223.254150390625,3210.064453125,3213.939453125,0
2025-12-04 02:45:00+00:00,3225.00439453125,3225.00439453125,3220.220947265625,3222.438232421875,263479296
2025-12-04 03:00:00+00:00,3219.706298828125,3226.757080078125,3219.50146484375,3223.255615234375,8525824
2025-12-04 03:15:00+00:00,3215.591796875,3219.967041015625,3212.767578125,3219.967041015625,3258368
2025-12-04 03:30:00+00:00,3207.9296875,3215.38427734375,3207.406494140625,3215.38427734375,772126720
2025-12-04 03:45:00+00:00,3210.0927734375,3210.781982421875,3207.34326171875,3207.793212890625,370176000
2025-12-04 04:00:00+00:00,3217.35791015625,3217.95703125,3210.450439453125,3210.450439453125,144820224
2025-12-04 04:15:00+00:00,3207.737060546875,3213.83935546875,3205.222900390625,3213.83935546875,244682752
2025-12-04 04:30:00+00:00,3197.06591796875,3210.329345703125,3197.06591796875,3208.020263671875,0
2025-12-04 04:45:00+00:00,3191.09423828125,3198.7353515625,3189.960693359375,3198.7353515625,360034304
2025-12-04 05:00:00+00:00,3187.9326171875,3193.02734375,3187.43115234375,3191.787109375,173066240
2025-12-04 05:15:00+00:00,3189.5732421875,3189.5732421875,3181.580810546875,3188.394287109375,82049024
2025-12-04 05:30:00+00:00,3184.4306640625,3192.370361328125,3183.931396484375,3192.296875,662536192
2025-12-04 05:45:00+00:00,3184.292724609375,3184.357666015625,3175.217041015625,3183.38330078125,388438016
2025-12-04 06:00:00+00:00,3186.633544921875,3186.633544921875,3183.733642578125,3185.264892578125,51732480
2025-12-04 06:15:00+00:00,3203.489990234375,3203.489990234375,3186.6162109375,3186.6162109375,30603264
2025-12-04 06:30:00+00:00,3210.1748046875,3217.29638671875,3203.17041015625,3203.17041015625,935827456
2025-12-04 06:45:00+00:00,3205.9189453125,3210.64501953125,3205.81982421875,3209.37890625,544600064
2025-12-04 07:00:00+00:00,3185.304931640625,3206.009521484375,3185.304931640625,3206.009521484375,130004992
2025-12-04 07:15:00+00:00,3198.04736328125,3200.014404296875,3188.0986328125,3189.260986328125,224104448
2025-12-04 07:30:00+00:00,3198.87548828125,3200.60693359375,3196.62060546875,3197.06787109375,465172480
2025-12-04 07:45:00+00:00,3191.25927734375,3198.849609375,3190.6416015625,3198.849609375,242042880
2025-12-04 08:00:00+00:00,3178.347900390625,3196.11376953125,3178.347900390625,3190.99853515625,23087104
2025-12-04 08:15:00+00:00,3183.154296875,3185.86572265625,3179.3056640625,3179.3056640625,930676736
2025-12-04 08:30:00+00:00,3189.542236328125,3190.593017578125,3179.138671875,3182.18798828125,0
2025-12-04 08:45:00+00:00,3182.040283203125,3189.90673828125,3181.725830078125,3189.90673828125,287307776
2025-12-04 09:00:00+00:00,3195.51953125,3197.326171875,3184.525390625,3184.690673828125,389281792
2025-12-04 09:15:00+00:00,3196.0751953125,3196.0751953125,3189.173095703125,3194.223876953125,379324416
2025-12-04 09:30:00+00:00,3204.229248046875,3204.229248046875,3195.786865234375,3195.786865234375,344219648
2025-12-04 09:45:00+00:00,3201.419921875,3207.951904296875,3201.419921875,3207.951904296875,239355904
2025-12-04 10:00:00+00:00,3199.10302734375,3202.5947265625,3198.29248046875,3201.238037109375,5232640
2025-12-04 10:15:00+00:00,3198.302978515625,3199.2314453125,3195.37646484375,3196.736572265625,130668544
2025-12-04 10:30:00+00:00,3195.7236328125,3198.31103515625,3195.4111328125,3197.478759765625,188346368
2025-12-04 10:45:00+00:00,3188.583740234375,3193.3125,3186.926513671875,3193.3125,723648512
2025-12-04 11:00:00+00:00,3191.87060546875,3192.003662109375,3185.38037109375,3188.7841796875,14350336
2025-12-04 11:15:00+00:00,3189.18896484375,3191.990966796875,3185.48193359375,3191.990966796875,22349824
2025-12-04 11:30:00+00:00,3182.090576171875,3193.52880859375,3181.902587890625,3190.7490234375,0
2025-12-04 11:45:00+00:00,3186.099853515625,3187.490478515625,3181.27783203125,3182.287841796875,601583616
2025-12-04 12:00:00+00:00,3191.212646484375,3191.3994140625,3186.85498046875,3186.85498046875,102789120
2025-12-04 12:15:00+00:00,3179.12158203125,3191.441162109375,3179.12158203125,3190.43115234375,665874432
2025-12-04 12:30:00+00:00,3184.84619140625,3185.716796875,3179.479736328125,3179.479736328125,28366848
2025-12-04 12:45:00+00:00,3177.583984375,3184.910400390625,3177.583984375,3184.62060546875,290363392
2025-12-04 13:00:00+00:00,3167.0087890625,3176.6982421875,3161.47900390625,3175.965576171875,295639040
2025-12-04 13:15:00+00:00,3186.310791015625,3188.1962890625,3164.90185546875,3164.90185546875,131923968
2025-12-04 13:30:00+00:00,3180.42626953125,3186.609130859375,3175.0498046875,3186.01416015625,943806464
2025-12-04 13:45:00+00:00,3173.017822265625,3176.28076171875,3168.34912109375,3176.28076171875,156020736
2025-12-04 14:00:00+00:00,3179.584716796875,3180.55859375,3170.83984375,3170.83984375,0
2025-12-04 14:15:00+00:00,3187.12744140625,3187.12744140625,3177.475830078125,3178.892822265625,179271680
2025-12-04 14:30:00+00:00,3178.5166015625,3187.501708984375,3173.570556640625,3187.501708984375,0
2025-12-04 14:45:00+00:00,3145.820556640625,3179.342041015625,3145.820556640625,3178.17578125,0
2025-12-04 15:00:00+00:00,3182.576416015625,3182.576416015625,3148.713623046875,3148.713623046875,441417728
2025-12-04 15:15:00+00:00,3172.58251953125,3183.83837890625,3167.412353515625,3181.179931640625,309868544
2025-12-04 15:30:00+00:00,3212.568603515625,3220.63671875,3174.09521484375,3174.09521484375,1038215168
2025-12-04 15:45:00+00:00,3212.66650390625,3214.967041015625,3201.84716796875,3214.682861328125,434206720
2025-12-04 16:00:00+00:00,3201.275390625,3208.0029296875,3190.564697265625,3208.0029296875,96647168
2025-12-04 16:15:00+00:00,3212.0810546875,3222.362548828125,3198.185546875,3198.185546875,358459392
2025-12-04 16:30:00+00:00,3179.095947265625,3210.961669921875,3179.095947265625,3210.961669921875,213770240
2025-12-04 16:45:00+00:00,3170.672607421875,3186.928955078125,3164.41650390625,3180.1826171875,750614528
2025-12-04 17:00:00+00:00,3172.0546875,3173.39306640625,3164.617919921875,3170.48828125,558534656
2025-12-04 17:15:00+00:00,3163.41845703125,3170.861083984375,3162.168212890625,3170.861083984375,144404480
2025-12-04 17:30:00+00:00,3147.882568359375,3164.21728515625,3141.012939453125,3164.21728515625,75208704
2025-12-04 17:45:00+00:00,3161.08544921875,3161.18310546875,3146.775390625,3150.346435546875,1064314880
2025-12-04 18:00:00+00:00,3157.642333984375,3161.80615234375,3150.100341796875,3161.80615234375,857311232
2025-12-04 18:15:00+00:00,3157.78271484375,3164.228759765625,3150.5126953125,3157.1474609375,465686528
2025-12-04 18:30:00+00:00,3141.68994140625,3163.20068359375,3141.68994140625,3159.304931640625,211437568
2025-12-04 18:45:00+00:00,3137.66259765625,3147.14501953125,3136.56201171875,3140.8291015625,338593792
2025-12-04 19:00:00+00:00,3101.20654296875,3141.788330078125,3101.20654296875,3141.767578125,447604736
2025-12-04 19:15:00+00:00,3090.484130859375,3096.45458984375,3072.794677734375,3096.014892578125,2354919424
2025-12-04 19:30:00+00:00,3117.5859375,3119.3408203125,3093.924072265625,3093.924072265625,838168576
2025-12-04 19:45:00+00:00,3121.95068359375,3127.728515625,3117.041015625,3117.041015625,386945024
2025-12-04 20:00:00+00:00,3118.819580078125,3126.64501953125,3109.410888671875,3122.102783203125,305641472
2025-12-04 20:15:00+00:00,3124.807861328125,3124.807861328125,3112.8994140625,3117.55126953125,334565376
2025-12-04 20:30:00+00:00,3127.692626953125,3127.692626953125,3119.002685546875,3120.529296875,770865152
2025-12-04 20:45:00+00:00,3141.748291015625,3144.03125,3131.14208984375,3131.14208984375,125442048
2025-12-04 21:00:00+00:00,3144.138427734375,3149.68310546875,3141.005126953125,3141.297119140625,44548096
2025-12-04 21:15:00+00:00,3134.0908203125,3144.605712890625,3133.111328125,3141.6552734375,52516864
2025-12-04 21:30:00+00:00,3138.11962890625,3140.10791015625,3129.14794921875,3133.11767578125,452704256
2025-12-04 21:45:00+00:00,3123.33349609375,3135.5126953125,3122.956787109375,3135.5126953125,154009600
2025-12-04 22:00:00+00:00,3135.5439453125,3136.6591796875,3123.33349609375,3123.33349609375,1103323136
2025-12-04 22:15:00+00:00,3139.829833984375,3140.627197265625,3134.86962890625,3134.86962890625,35344384
2025-12-04 22:30:00+00:00,3146.574951171875,3147.43017578125,3141.044189453125,3141.044189453125,75163648
2025-12-04 22:45:00+00:00,3145.234375,3146.8388671875,3143.87451171875,3146.284423828125,95997952
2025-12-04 23:00:00+00:00,3137.189208984375,3144.8759765625,3136.592041015625,3144.8759765625,416122880
2025-12-04 23:15:00+00:00,3138.379150390625,3140.5361328125,3137.609130859375,3137.609130859375,0
2025-12-04 23:30:00+00:00,3132.478515625,3140.892333984375,3132.247314453125,3138.5634765625,236675072
2025-12-04 23:45:00+00:00,3134.72998046875,3135.336669921875,3132.740966796875,3133.155029296875,0
2025-12-05 00:00:00+00:00,3137.935546875,3142.87548828125,3134.1826171875,3134.1826171875,231948288
2025-12-05 00:15:00+00:00,3148.189208984375,3154.71337890625,3136.41796875,3136.779052734375,0
2025-12-05 00:30:00+00:00,3152.73974609375,3152.73974609375,3147.010009765625,3147.82763671875,158191616
2025-12-05 00:45:00+00:00,3147.989990234375,3153.1708984375,3147.989990234375,3153.1708984375,274944000
2025-12-05 01:00:00+00:00,3152.8681640625,3156.954833984375,3146.858154296875,3147.65185546875,0
2025-12-05 01:15:00+00:00,3168.505126953125,3168.505126953125,3151.236083984375,3151.236083984375,0
2025-12-05 01:30:00+00:00,3162.431640625,3166.552978515625,3159.72265625,3166.552978515625,296724480
2025-12-05 01:45:00+00:00,3164.63330078125,3168.432373046875,3163.33642578125,3163.470947265625,580222976
2025-12-05 02:00:00+00:00,3161.786376953125,3164.10302734375,3158.755615234375,3164.10302734375,82929664
2025-12-05 02:15:00+00:00,3177.281005859375,3177.281005859375,3162.66015625,3162.66015625,710928384
2025-12-05 02:30:00+00:00,3187.87646484375,3187.87646484375,3177.571533203125,3177.84228515625,139442176
2025-12-05 02:45:00+00:00,3183.436767578125,3188.528076171875,3183.185302734375,3188.455810546875,271308800
2025-12-05 03:00:00+00:00,3185.697265625,3190.7216796875,3184.095703125,3184.095703125,18040832
2025-12-05 03:15:00+00:00,3174.281982421875,3185.473876953125,3174.281982421875,3185.473876953125,226998272
2025-12-05 03:30:00+00:00,3173.40673828125,3174.93115234375,3172.062744140625,3174.5078125,597323776
2025-12-05 03:45:00+00:00,3170.472412109375,3173.03662109375,3169.9521484375,3172.3173828125,0
2025-12-05 04:00:00+00:00,3180.349609375,3181.3603515625,3171.08935546875,3171.08935546875,272732160
2025-12-05 04:15:00+00:00,3170.87353515625,3180.38671875,3170.87353515625,3180.38671875,11538432
2025-12-05 04:30:00+00:00,3157.41455078125,3170.561767578125,3157.41455078125,3170.561767578125,269787136
2025-12-05 04:45:00+00:00,3168.634765625,3172.203369140625,3153.58349609375,3157.527587890625,318588928
2025-12-05 05:00:00+00:00,3164.650390625,3171.426025390625,3164.650390625,3168.17822265625,5902336
2025-12-05 05:15:00+00:00,3157.5791015625,3164.154541015625,3155.51611328125,3164.154541015625,215042048
2025-12-05 05:30:00+00:00,3157.89306640625,3157.89306640625,3154.14013671875,3156.28955078125,13043712
2025-12-05 05:45:00+00:00,3155.041015625,3157.853515625,3154.1220703125,3157.853515625,151111680
2025-12-05 06:00:00+00:00,3169.2919921875,3171.5322265625,3155.452392578125,3155.452392578125,282093568
2025-12-05 06:15:00+00:00,3166.43603515625,3168.7783203125,3163.65869140625,3168.7783203125,0
2025-12-05 06:30:00+00:00,3164.74462890625,3166.876953125,3161.955322265625,3166.2470703125,353609728
2025-12-05 06:45:00+00:00,3168.951416015625,3168.951416015625,3164.783447265625,3164.783447265625,247668736
2025-12-05 07:00:00+00:00,3177.25732421875,3179.52880859375,3169.08349609375,3169.666259765625,272889856
2025-12-05 07:15:00+00:00,3182.2275390625,3182.2275390625,3175.791259765625,3176.86865234375,0
2025-12-05 07:30:00+00:00,3176.135009765625,3181.611328125,3176.135009765625,3181.611328125,17213440
2025-12-05 07:45:00+00:00,3173.807861328125,3175.919921875,3172.833251953125,3175.919921875,815960064
2025-12-05 08:00:00+00:00,3164.850341796875,3174.031494140625,3163.07373046875,3174.031494140625,607684608
2025-12-05 08:15:00+00:00,3162.29541015625,3164.087890625,3160.5830078125,3164.087890625,255492096
2025-12-05 08:30:00+00:00,3150.04345703125,3161.77587890625,3149.9462890625,3161.77587890625,6064128
2025-12-05 08:45:00+00:00,3156.244384765625,3157.1357421875,3150.22705078125,3150.22705078125,128718848
2025-12-05 09:00:00+00:00,3143.395751953125,3155.94091796875,3143.395751953125,3155.94091796875,344619008
2025-12-05 09:15:00+00:00,3123.520751953125,3142.71728515625,3121.09521484375,3142.71728515625,1040453632
2025-12-05 09:30:00+00:00,3115.972412109375,3127.897705078125,3115.972412109375,3123.719970703125,321716224
2025-12-05 09:45:00+00:00,3120.89013671875,3120.89013671875,3113.245361328125,3114.305908203125,285011968
2025-12-05 10:00:00+00:00,3131.25439453125,3136.894287109375,3122.91650390625,3122.91650390625,399343616
2025-12-05 10:15:00+00:00,3141.08984375,3143.635986328125,3129.167236328125,3129.167236328125,30009344
2025-12-05 10:30:00+00:00,3145.22900390625,3147.025390625,3141.625,3141.8798828125,262109184
2025-12-05 10:45:00+00:00,3139.663818359375,3145.87646484375,3139.459716796875,3145.87646484375,280076288
2025-12-05 11:00:00+00:00,3142.83349609375,3142.83349609375,3132.36962890625,3135.153076171875,0
2025-12-05 11:15:00+00:00,3129.57080078125,3143.019287109375,3127.6259765625,3142.814697265625,229429248
2025-12-05 11:30:00+00:00,3119.90478515625,3130.349853515625,3116.271484375,3130.349853515625,681256960
2025-12-05 11:45:00+00:00,3133.16064453125,3137.234130859375,3119.185302734375,3119.185302734375,272707584
2025-12-05 12:00:00+00:00,3125.414794921875,3135.05029296875,3125.414794921875,3132.228271484375,184537088
2025-12-05 12:15:00+00:00,3124.62841796875,3125.589599609375,3120.32958984375,3125.087646484375,82608128
2025-12-05 12:30:00+00:00,3128.27099609375,3132.2255859375,3122.544921875,3124.65673828125,332744704
2025-12-05 12:45:00+00:00,3129.586181640625,3130.22314453125,3126.604736328125,3127.155029296875,11315200
2025-12-05 13:00:00+00:00,3130.159423828125,3135.7548828125,3118.9677734375,3128.883056640625,179738624
2025-12-05 13:15:00+00:00,3117.53662109375,3130.968505859375,3117.53662109375,3127.330810546875,29988864
2025-12-05 13:30:00+00:00,3093.15966796875,3121.130615234375,3092.0625,3121.130615234375,341329920
2025-12-05 13:45:00+00:00,3102.1494140625,3107.409423828125,3091.3486328125,3096.054443359375,496717824
2025-12-05 14:00:00+00:00,3102.376220703125,3112.37939453125,3100.19140625,3100.19140625,292333568
2025-12-05 14:15:00+00:00,3102.642333984375,3105.961669921875,3100.888671875,3104.21337890625,285306880
2025-12-05 14:30:00+00:00,3099.42626953125,3113.808349609375,3087.696044921875,3102.518798828125,201097216
2025-12-05 14:45:00+00:00,3103.056884765625,3104.84765625,3091.4853515625,3096.032958984375,660932608
2025-12-05 15:00:00+00:00,3144.41943359375,3154.093505859375,3104.16259765625,3104.16259765625,397901824
2025-12-05 15:15:00+00:00,3133.394775390625,3144.896728515625,3131.69873046875,3141.47998046875,1223870464
2025-12-05 15:30:00+00:00,3128.957275390625,3145.709228515625,3128.957275390625,3137.018310546875,237099008
2025-12-05 15:45:00+00:00,3098.7001953125,3127.610595703125,3098.7001953125,3127.610595703125,556316672
2025-12-05 16:00:00+00:00,3061.930419921875,3105.85546875,3061.930419921875,3105.85546875,813621248
2025-12-05 16:15:00+00:00,3068.246337890625,3072.305908203125,3054.696044921875,3060.31103515625,829616128
2025-12-05 16:30:00+00:00,3016.693359375,3064.243896484375,3009.390625,3064.243896484375,20389888
2025-12-05 16:45:00+00:00,3037.652587890625,3037.652587890625,3007.718994140625,3016.370361328125,1290852352
2025-12-05 17:00:00+00:00,3017.7421875,3035.35498046875,3016.846923828125,3035.35498046875,486121472
2025-12-05 17:15:00+00:00,3014.6484375,3021.859130859375,3013.6865234375,3017.77294921875,1100853248
2025-12-05 17:30:00+00:00,3019.155029296875,3027.8466796875,3013.372314453125,3016.04248046875,71829504
2025-12-05 17:45:00+00:00,3033.503662109375,3039.075439453125,3020.18701171875,3020.18701171875,649371648
2025-12-05 18:00:00+00:00,3053.22265625,3062.09521484375,3031.681884765625,3034.462158203125,0
2025-12-05 18:15:00+00:00,3024.040771484375,3053.30322265625,3024.040771484375,3053.30322265625,1209188352
2025-12-05 18:30:00+00:00,3011.0478515625,3032.143798828125,3011.0478515625,3028.438720703125,653611008
2025-12-05 18:45:00+00:00,3008.20556640625,3015.55712890625,3007.66162109375,3011.797607421875,226756608
2025-12-05 19:00:00+00:00,3008.539306640625,3008.6318359375,2993.359130859375,3008.6318359375,35747840
2025-12-05 19:15:00+00:00,3026.96923828125,3028.11962890625,3011.22509765625,3011.660888671875,420204544
2025-12-05 19:30:00+00:00,3031.21337890625,3034.375,3026.26220703125,3026.26220703125,0
2025-12-05 19:45:00+00:00,3040.805908203125,3046.00537109375,3028.48583984375,3030.08642578125,0
2025-12-05 20:00:00+00:00,3037.977783203125,3039.8837890625,3030.241455078125,3038.948486328125,803067904
2025-12-05 20:15:00+00:00,3044.7900390625,3047.3037109375,3041.42041015625,3042.2373046875,300875776
2025-12-05 20:30:00+00:00,3027.864990234375,3042.207275390625,3025.934814453125,3042.207275390625,106917888
2025-12-05 20:45:00+00:00,3024.014404296875,3026.13916015625,3018.089111328125,3026.13916015625,51240960
2025-12-05 21:00:00+00:00,3030.539794921875,3033.088623046875,3022.8876953125,3022.8876953125,490358784
2025-12-05 21:15:00+00:00,3031.0966796875,3036.075927734375,3029.76904296875,3034.63330078125,47968256
2025-12-05 21:30:00+00:00,3026.755615234375,3030.684814453125,3026.0849609375,3030.684814453125,394053632
2025-12-05 21:45:00+00:00,3019.12109375,3026.054931640625,3016.90576171875,3026.054931640625,325535744
2025-12-05 22:00:00+00:00,3012.731689453125,3021.8701171875,3012.731689453125,3019.40869140625,137814016
2025-12-05 22:15:00+00:00,3024.700439453125,3025.70263671875,3014.0029296875,3014.0029296875,55896064
2025-12-05 22:30:00+00:00,3031.302978515625,3031.302978515625,3023.518798828125,3025.863037109375,411734016
2025-12-05 22:45:00+00:00,3028.757080078125,3031.353515625,3028.5078125,3030.966552734375,141645824
2025-12-05 23:00:00+00:00,3011.9150390625,3028.19775390625,3009.68310546875,3028.19775390625,327829504
2025-12-05 23:15:00+00:00,3023.7490234375,3023.7490234375,3012.650146484375,3012.650146484375,513998848
2025-12-05 23:30:00+00:00,3024.158935546875,3025.17333984375,3022.3681640625,3023.68310546875,261937152
2025-12-05 23:45:00+00:00,3024.298583984375,3025.162353515625,3020.367919921875,3021.089599609375,382586880
2025-12-06 00:00:00+00:00,3017.517578125,3023.348388671875,3016.488525390625,3023.239990234375,0
2025-12-06 00:15:00+00:00,3014.99072265625,3019.717529296875,3014.4404296875,3018.07470703125,29898752
2025-12-06 00:30:00+00:00,3028.1142578125,3028.1142578125,3016.115234375,3016.115234375,315052032
2025-12-06 00:45:00+00:00,3027.02001953125,3028.7841796875,3023.6865234375,3028.7841796875,20072448
2025-12-06 01:00:00+00:00,3029.71728515625,3030.09326171875,3023.229736328125,3026.878662109375,12896256
2025-12-06 01:15:00+00:00,3027.01171875,3032.8525390625,3026.693359375,3029.965087890625,709206016
2025-12-06 01:30:00+00:00,3021.755615234375,3027.9580078125,3021.32763671875,3027.9580078125,0
2025-12-06 01:45:00+00:00,3027.278076171875,3029.47998046875,3022.569580078125,3022.569580078125,181493760
2025-12-06 02:00:00+00:00,3023.0302734375,3027.328857421875,3020.90283203125,3027.328857421875,166195200
2025-12-06 02:15:00+00:00,3023.23583984375,3024.377197265625,3022.896728515625,3023.72216796875,191492096
2025-12-06 02:30:00+00:00,3028.4560546875,3029.18408203125,3022.977783203125,3023.283203125,3538944
2025-12-06 02:45:00+00:00,3029.243896484375,3029.99365234375,3027.570068359375,3028.037109375,671391744
2025-12-06 03:00:00+00:00,3045.150634765625,3045.58251953125,3029.5625,3029.5625,22802432
2025-12-06 03:15:00+00:00,3035.83251953125,3044.460693359375,3035.83251953125,3044.460693359375,326447104
2025-12-06 03:30:00+00:00,3039.50146484375,3041.375244140625,3035.525146484375,3036.154296875,250882048
2025-12-06 03:45:00+00:00,3040.0185546875,3041.45361328125,3038.949462890625,3040.1181640625,269275136
2025-12-06 04:00:00+00:00,3037.3623046875,3042.350341796875,3037.3623046875,3040.61572265625,56645632
2025-12-06 04:15:00+00:00,3034.282958984375,3038.211669921875,3034.282958984375,3037.26318359375,204599296
2025-12-06 04:30:00+00:00,3033.2587890625,3035.3203125,3033.2587890625,3034.328369140625,0
2025-12-06 04:45:00+00:00,3037.398681640625,3037.697998046875,3033.400634765625,3033.45458984375,0
2025-12-06 05:00:00+00:00,3039.219970703125,3039.219970703125,3036.912109375,3037.228759765625,196978688
2025-12-06 05:15:00+00:00,3037.08203125,3039.293701171875,3035.132568359375,3039.293701171875,393900032
2025-12-06 05:30:00+00:00,3037.59423828125,3038.27880859375,3036.497314453125,3038.27880859375,0
2025-12-06 05:45:00+00:00,3039.677734375,3040.40185546875,3036.97607421875,3036.97607421875,40531968
2025-12-06 06:00:00+00:00,3038.771728515625,3039.282470703125,3036.470703125,3039.282470703125,0
2025-12-06 06:15:00+00:00,3040.29443359375,3040.29443359375,3036.871337890625,3039.010498046875,670855168
2025-12-06 06:30:00+00:00,3039.7578125,3041.525390625,3039.6103515625,3040.866455078125,49780736
2025-12-06 06:45:00+00:00,3039.247314453125,3040.396484375,3038.9580078125,3039.688720703125,19828736
2025-12-06 07:00:00+00:00,3041.2275390625,3041.52392578125,3038.916015625,3039.969482421875,3485696
2025-12-06 07:15:00+00:00,3034.33447265625,3040.855712890625,3034.33447265625,3040.855712890625,0
2025-12-06 07:30:00+00:00,3032.951904296875,3033.726318359375,3026.859375,3031.186279296875,91840512
2025-12-06 07:45:00+00:00,3028.919677734375,3033.637939453125,3028.919677734375,3032.52685546875,603201536
2025-12-06 08:00:00+00:00,3030.054443359375,3030.622802734375,3026.078369140625,3027.80224609375,0
2025-12-06 08:15:00+00:00,3016.30615234375,3033.54443359375,3016.30615234375,3030.12890625,22157312
2025-12-06 08:30:00+00:00,3020.2001953125,3020.314453125,3015.36669921875,3016.632568359375,262127616
2025-12-06 08:45:00+00:00,3017.133056640625,3020.2373046875,3016.19189453125,3020.2373046875,138291200
2025-12-06 09:00:00+00:00,3025.525634765625,3025.525634765625,3015.83203125,3015.960693359375,0
2025-12-06 09:15:00+00:00,3030.98974609375,3030.98974609375,3026.165771484375,3026.165771484375,40894464
2025-12-06 09:30:00+00:00,3032.02001953125,3032.567138671875,3029.03125,3031.664306640625,137336832
2025-12-06 09:45:00+00:00,3031.3359375,3032.67919921875,3031.1845703125,3031.940185546875,0
2025-12-06 10:00:00+00:00,3031.165283203125,3031.847900390625,3028.12158203125,3031.308837890625,177022976
2025-12-06 10:15:00+00:00,3032.83349609375,3037.4130859375,3031.3447265625,3031.3447265625,400343040
2025-12-06 10:30:00+00:00,3033.917724609375,3033.917724609375,3031.348876953125,3032.294921875,0
2025-12-06 10:45:00+00:00,3032.846435546875,3035.2431640625,3031.69677734375,3035.141357421875,44011520
2025-12-06 11:00:00+00:00,3035.807373046875,3036.164306640625,3030.67822265625,3032.033935546875,106512384
2025-12-06 11:15:00+00:00,3037.325927734375,3037.7587890625,3035.556640625,3035.887451171875,3565568
2025-12-06 11:30:00+00:00,3038.842529296875,3039.360107421875,3036.9951171875,3037.34423828125,57819136
2025-12-06 11:45:00+00:00,3039.00439453125,3041.28076171875,3039.00439453125,3039.76416015625,140802048
2025-12-06 12:00:00+00:00,3037.765869140625,3040.641357421875,3037.765869140625,3039.5146484375,0
2025-12-06 12:15:00+00:00,3036.508544921875,3037.430419921875,3034.401123046875,3037.430419921875,0
2025-12-06 12:30:00+00:00,3035.212158203125,3038.447998046875,3035.071533203125,3036.70849609375,0
2025-12-06 12:45:00+00:00,3032.2724609375,3034.936767578125,3031.739013671875,3034.936767578125,490776576
2025-12-06 13:00:00+00:00,3032.671630859375,3033.231689453125,3031.3974609375,3032.18115234375,0
2025-12-06 13:15:00+00:00,3035.306396484375,3035.497802734375,3032.847412109375,3033.19482421875,0
2025-12-06 13:30:00+00:00,3039.6982421875,3040.607666015625,3034.66015625,3035.2548828125,11747328
2025-12-06 13:45:00+00:00,3037.693359375,3039.949951171875,3037.693359375,3039.693115234375,0
2025-12-06 14:00:00+00:00,3037.6845703125,3038.47998046875,3036.141357421875,3037.01318359375,0
2025-12-06 14:15:00+00:00,3045.306884765625,3060.484375,3037.93017578125,3037.93017578125,112621568
2025-12-06 14:30:00+00:00,3052.76513671875,3053.71630859375,3049.98876953125,3049.98876953125,226482176
2025-12-06 14:45:00+00:00,3055.7265625,3059.355712890625,3053.286865234375,3053.286865234375,0
2025-12-06 15:00:00+00:00,3049.028076171875,3055.946044921875,3047.897705078125,3055.946044921875,481619968
2025-12-06 15:15:00+00:00,3033.8994140625,3049.0556640625,3031.041015625,3049.0556640625,58124288
2025-12-06 15:30:00+00:00,3047.221923828125,3047.221923828125,3033.736572265625,3035.090087890625,69517312
2025-12-06 15:45:00+00:00,3046.41357421875,3049.499267578125,3045.753173828125,3047.611328125,12871680
2025-12-06 16:00:00+00:00,3051.604736328125,3052.66552734375,3042.906982421875,3042.906982421875,0
2025-12-06 16:15:00+00:00,3054.024658203125,3054.21142578125,3051.151123046875,3051.376220703125,33075200
2025-12-06 16:30:00+00:00,3060.34814453125,3064.374755859375,3053.78125,3054.690185546875,0
2025-12-06 16:45:00+00:00,3053.119873046875,3062.16943359375,3052.68798828125,3062.16943359375,0
2025-12-06 17:00:00+00:00,3050.74267578125,3055.509765625,3050.652099609375,3053.0029296875,24681472
2025-12-06 17:15:00+00:00,3055.43017578125,3055.43017578125,3049.326416015625,3051.028076171875,383319040
2025-12-06 17:30:00+00:00,3051.8857421875,3058.548095703125,3051.8857421875,3058.548095703125,0
2025-12-06 17:45:00+00:00,3055.349609375,3055.349609375,3050.69677734375,3052.15771484375,135699456
2025-12-06 18:00:00+00:00,3053.264892578125,3056.10205078125,3051.033935546875,3056.10205078125,0
2025-12-06 18:15:00+00:00,3053.296875,3055.193603515625,3051.48779296875,3055.181396484375,40836096
2025-12-06 18:30:00+00:00,3049.436279296875,3052.8818359375,3049.0908203125,3052.147216796875,0
2025-12-06 18:45:00+00:00,3043.37548828125,3049.160888671875,3041.150634765625,3049.160888671875,107409408
2025-12-06 19:00:00+00:00,3034.508544921875,3047.723388671875,3034.508544921875,3043.063720703125,0
2025-12-06 19:15:00+00:00,3035.856201171875,3036.77685546875,3034.155517578125,3034.155517578125,0
2025-12-06 19:30:00+00:00,3031.63623046875,3037.50927734375,3028.093994140625,3037.50927734375,233355264
2025-12-06 19:45:00+00:00,3031.64990234375,3031.64990234375,3029.97021484375,3031.075927734375,28478464
2025-12-06 20:00:00+00:00,3035.978515625,3036.05322265625,3031.3369140625,3031.3369140625,0
2025-12-06 20:15:00+00:00,3038.58447265625,3039.52978515625,3035.96240234375,3036.2265625,0
2025-12-06 20:30:00+00:00,3040.260498046875,3040.410400390625,3038.39404296875,3038.48876953125,0
2025-12-06 20:45:00+00:00,3040.871337890625,3040.94921875,3040.13671875,3040.806884765625,0
2025-12-06 21:00:00+00:00,3039.767822265625,3043.541259765625,3038.5810546875,3039.237548828125,0
2025-12-06 21:15:00+00:00,3041.74609375,3042.942626953125,3039.203125,3039.706787109375,7721984
2025-12-06 21:30:00+00:00,3044.508056640625,3044.508056640625,3041.464599609375,3041.76123046875,34543616
2025-12-06 21:45:00+00:00,3044.0224609375,3044.0224609375,3042.442626953125,3042.6826171875,33641472
2025-12-06 22:00:00+00:00,3046.584716796875,3046.584716796875,3039.471435546875,3043.51953125,20103168
2025-12-06 22:15:00+00:00,3048.651611328125,3053.0625,3047.499755859375,3048.92529296875,447916032
2025-12-06 22:30:00+00:00,3045.26318359375,3047.7265625,3045.26318359375,3047.7265625,23376896
2025-12-06 22:45:00+00:00,3043.82177734375,3046.457763671875,3042.787841796875,3044.5625,0
2025-12-06 23:00:00+00:00,3036.667236328125,3043.720947265625,3035.96484375,3042.967041015625,126318592
2025-12-06 23:15:00+00:00,3031.31494140625,3038.55126953125,3029.669189453125,3037.49462890625,240836608
2025-12-06 23:30:00+00:00,3032.244873046875,3035.32861328125,3030.68994140625,3030.83642578125,238132224
2025-12-06 23:45:00+00:00,3039.8974609375,3040.5927734375,3034.366943359375,3034.366943359375,134181888
2025-12-07 00:00:00+00:00,3035.883056640625,3039.4130859375,3035.84619140625,3038.321044921875,27778048
2025-12-07 00:15:00+00:00,3039.569580078125,3039.929443359375,3034.5546875,3035.1708984375,0
2025-12-07 00:30:00+00:00,3047.24658203125,3047.37548828125,3040.9169921875,3041.353759765625,113037312
2025-12-07 00:45:00+00:00,3046.7470703125,3046.7470703125,3043.66455078125,3046.284912109375,95252480
2025-12-07 01:00:00+00:00,3046.394287109375,3047.133544921875,3043.42822265625,3046.63134765625,0
2025-12-07 01:15:00+00:00,3047.6884765625,3050.197265625,3045.78955078125,3046.3046875,119452672
2025-12-07 01:30:00+00:00,3046.928466796875,3049.7001953125,3046.150634765625,3047.890380859375,18479104
2025-12-07 01:45:00+00:00,3047.244140625,3051.36474609375,3046.2021484375,3048.05908203125,134471680
2025-12-07 02:00:00+00:00,3045.73974609375,3046.760986328125,3044.587646484375,3045.279052734375,0
2025-12-07 02:15:00+00:00,3048.31201171875,3049.820556640625,3044.8212890625,3044.8212890625,89095168
2025-12-07 02:30:00+00:00,3044.893310546875,3047.75146484375,3044.582275390625,3046.969482421875,3789824
2025-12-07 02:45:00+00:00,3055.543701171875,3055.543701171875,3045.9912109375,3045.9912109375,164335616
2025-12-07 03:00:00+00:00,3055.740966796875,3055.78173828125,3052.27783203125,3054.414794921875,37573632
2025-12-07 03:15:00+00:00,3052.64892578125,3054.424560546875,3051.68798828125,3054.424560546875,306992128
2025-12-07 03:30:00+00:00,3054.961181640625,3055.386962890625,3051.851806640625,3052.615478515625,7878656
2025-12-07 03:45:00+00:00,3054.742431640625,3055.415283203125,3054.345458984375,3054.345458984375,2516992
2025-12-07 04:00:00+00:00,3055.65625,3057.750732421875,3054.20458984375,3054.898193359375,0
2025-12-07 04:15:00+00:00,3051.47119140625,3055.841552734375,3051.47119140625,3055.841552734375,0
2025-12-07 04:30:00+00:00,3045.885498046875,3050.9248046875,3044.630615234375,3050.9248046875,258401280
2025-12-07 04:45:00+00:00,3047.50439453125,3047.959716796875,3046.13427734375,3046.13427734375,16325632
2025-12-07 05:00:00+00:00,3046.951904296875,3050.020263671875,3046.48779296875,3047.461181640625,10996736
2025-12-07 05:15:00+00:00,3046.8994140625,3047.802490234375,3045.766357421875,3046.869140625,3202048
2025-12-07 05:30:00+00:00,3048.659912109375,3049.497802734375,3046.3623046875,3046.38427734375,173623296
2025-12-07 05:45:00+00:00,3046.503662109375,3047.660888671875,3046.503662109375,3047.46484375,15792128
2025-12-07 06:00:00+00:00,3046.432861328125,3047.916748046875,3045.646728515625,3046.06298828125,18150400
2025-12-07 06:15:00+00:00,3047.665283203125,3048.83837890625,3045.47119140625,3046.4970703125,762880
2025-12-07 06:30:00+00:00,3048.017333984375,3048.298583984375,3046.906494140625,3047.4111328125,0
2025-12-07 06:45:00+00:00,3048.8876953125,3048.8876953125,3046.58740234375,3047.569580078125,23190528
2025-12-07 07:00:00+00:00,3038.357177734375,3050.965087890625,3038.357177734375,3048.784423828125,37183488
2025-12-07 07:15:00+00:00,3037.689208984375,3039.597412109375,3036.992431640625,3038.3935546875,55248896
2025-12-07 07:30:00+00:00,3035.4111328125,3038.05810546875,3035.146240234375,3038.05810546875,41223168
2025-12-07 07:45:00+00:00,3037.36083984375,3038.758544921875,3033.855224609375,3034.93359375,7960576
2025-12-07 08:00:00+00:00,3032.301025390625,3037.3720703125,3032.301025390625,3037.302734375,5909504
2025-12-07 08:15:00+00:00,3035.0,3035.23291015625,3029.829833984375,3030.876708984375,8355840
2025-12-07 08:30:00+00:00,3042.57470703125,3043.009521484375,3034.77685546875,3034.77685546875,167208960
2025-12-07 08:45:00+00:00,3036.233154296875,3041.77685546875,3036.233154296875,3041.77685546875,45551616
2025-12-07 09:00:00+00:00,3037.70556640625,3038.0078125,3036.193603515625,3036.193603515625,60423168
2025-12-07 09:15:00+00:00,3030.086669921875,3037.85888671875,3028.542236328125,3037.515625,2587648
2025-12-07 09:30:00+00:00,3030.439697265625,3034.59814453125,3030.014404296875,3030.014404296875,117198848
2025-12-07 09:45:00+00:00,3031.366943359375,3031.366943359375,3026.835205078125,3030.190185546875,348172288
2025-12-07 10:00:00+00:00,3036.143310546875,3036.326904296875,3031.054931640625,3031.054931640625,211794944
2025-12-07 10:15:00+00:00,3035.17919921875,3038.56103515625,3035.17919921875,3038.56103515625,89085952
2025-12-07 10:30:00+00:00,3041.822021484375,3041.822021484375,3032.9560546875,3035.105712890625,2368512
2025-12-07 10:45:00+00:00,3039.82958984375,3043.077880859375,3039.454345703125,3041.28955078125,113815552
2025-12-07 11:00:00+00:00,3040.966064453125,3041.488525390625,3038.925048828125,3038.925048828125,76805120
2025-12-07 11:15:00+00:00,3038.25244140625,3041.129150390625,3038.25244140625,3040.966064453125,453283840
2025-12-07 11:30:00+00:00,3040.6943359375,3041.491943359375,3038.030517578125,3038.030517578125,471526400
2025-12-07 11:45:00+00:00,3037.78125,3040.75439453125,3037.210693359375,3040.75439453125,16214016
2025-12-07 12:00:00+00:00,3043.028076171875,3043.245849609375,3036.95947265625,3037.441162109375,0
2025-12-07 12:15:00+00:00,3040.909423828125,3043.58447265625,3040.909423828125,3042.923583984375,34780160
2025-12-07 12:30:00+00:00,3043.063232421875,3043.12890625,3041.964111328125,3041.964111328125,0
2025-12-07 12:45:00+00:00,3048.7685546875,3050.49169921875,3043.57861328125,3043.57861328125,586496000
2025-12-07 13:00:00+00:00,3041.546630859375,3051.912109375,3041.288330078125,3049.724609375,121404416
2025-12-07 13:15:00+00:00,3033.39453125,3045.43408203125,3032.9697265625,3043.32861328125,415145984
2025-12-07 13:30:00+00:00,3033.87353515625,3035.821533203125,3031.5048828125,3031.724853515625,657484800
2025-12-07 13:45:00+00:00,3033.550537109375,3033.83251953125,3031.06396484375,3031.736572265625,10645504
2025-12-07 14:00:00+00:00,3027.478515625,3034.546630859375,3026.655029296875,3032.96142578125,77622272
2025-12-07 14:15:00+00:00,2956.3994140625,3027.634765625,2950.34716796875,3026.78662109375,1229736960
2025-12-07 14:30:00+00:00,2948.02294921875,2957.97216796875,2936.447509765625,2945.951416015625,1109550080
2025-12-07 14:45:00+00:00,2944.546142578125,2953.2939453125,2942.851806640625,2948.120849609375,592500736
2025-12-07 15:00:00+00:00,2966.515380859375,2973.98876953125,2941.88916015625,2943.95166015625,313224192
2025-12-07 15:15:00+00:00,2958.284423828125,2965.9296875,2954.55322265625,2965.9296875,516417536
2025-12-07 15:30:00+00:00,2975.610107421875,2981.16357421875,2956.021728515625,2956.021728515625,349009920
2025-12-07 15:45:00+00:00,3020.612548828125,3023.83740234375,2971.8193359375,2973.303466796875,96318464
2025-12-07 16:00:00+00:00,3008.625244140625,3029.00146484375,3003.473876953125,3029.00146484375,1209838592
2025-12-07 16:15:00+00:00,3017.013916015625,3021.549560546875,3006.90771484375,3006.90771484375,516483072
2025-12-07 16:30:00+00:00,3019.552978515625,3022.236328125,3013.95361328125,3017.4267578125,195586048
2025-12-07 16:45:00+00:00,3029.12646484375,3029.12646484375,3015.307373046875,3019.1162109375,93716480
2025-12-07 17:00:00+00:00,3040.30712890625,3040.696533203125,3027.629150390625,3035.57763671875,506673152
2025-12-07 17:15:00+00:00,3101.688232421875,3101.688232421875,3038.768798828125,3038.768798828125,427455488
2025-12-07 17:30:00+00:00,3114.793212890625,3129.59619140625,3103.818115234375,3103.818115234375,1308896256
2025-12-07 17:45:00+00:00,3114.578125,3119.30859375,3112.302978515625,3114.4033203125,751772672
2025-12-07 18:00:00+00:00,3123.0810546875,3131.00341796875,3113.984619140625,3113.984619140625,1050594304
2025-12-07 18:15:00+00:00,3147.32177734375,3148.205322265625,3122.439697265625,3124.428466796875,189790208
2025-12-07 18:30:00+00:00,3135.031982421875,3146.364013671875,3133.496826171875,3144.869140625,356571136
2025-12-07 18:45:00+00:00,3130.412353515625,3138.871826171875,3129.54345703125,3135.031982421875,201558016
2025-12-07 19:00:00+00:00,3130.831787109375,3133.491455078125,3123.827880859375,3129.717041015625,113049600
2025-12-07 19:15:00+00:00,3127.869140625,3132.520751953125,3126.2119140625,3131.556640625,172259328
2025-12-07 19:30:00+00:00,3136.27294921875,3136.27294921875,3127.7236328125,3127.7236328125,187709440
2025-12-07 19:45:00+00:00,3136.786376953125,3140.34521484375,3135.57373046875,3139.61328125,240187392
2025-12-07 20:00:00+00:00,3135.52490234375,3140.01416015625,3134.306396484375,3137.49169921875,87201792
2025-12-07 20:15:00+00:00,3144.82568359375,3145.738525390625,3136.139892578125,3136.139892578125,224090112
2025-12-07 20:30:00+00:00,3142.444580078125,3144.063232421875,3137.8515625,3144.063232421875,83122176
2025-12-07 20:45:00+00:00,3142.60498046875,3143.1162109375,3139.7587890625,3143.1162109375,29272064
2025-12-07 21:00:00+00:00,3131.877197265625,3142.2802734375,3129.774169921875,3142.2802734375,223635456
2025-12-07 21:15:00+00:00,3118.7978515625,3132.819091796875,3118.401123046875,3131.735595703125,185880576
2025-12-07 21:30:00+00:00,3107.425048828125,3128.656005859375,3106.75830078125,3118.888916015625,309721088
2025-12-07 21:45:00+00:00,3079.352783203125,3107.654052734375,3072.989990234375,3107.654052734375,394993664
2025-12-07 22:00:00+00:00,3041.2783203125,3083.228515625,3030.97216796875,3083.228515625,544569344
2025-12-07 22:15:00+00:00,3041.00634765625,3046.55322265625,3033.440185546875,3044.809326171875,806670336
2025-12-07 22:30:00+00:00,3052.481201171875,3059.47607421875,3043.496826171875,3045.480712890625,150208512
2025-12-07 22:45:00+00:00,3035.4638671875,3061.071044921875,3028.0771484375,3053.343994140625,1117968384
2025-12-07 23:00:00+00:00,3035.283447265625,3040.675048828125,3029.064208984375,3034.478271484375,186462208
2025-12-07 23:15:00+00:00,3049.4892578125,3049.4892578125,3034.380615234375,3034.380615234375,399765504
2025-12-07 23:30:00+00:00,3039.504150390625,3049.53662109375,3038.594482421875,3049.030029296875,278196224
2025-12-07 23:45:00+00:00,3058.16015625,3059.020751953125,3040.19287109375,3041.024169921875,187211776
2025-12-08 00:00:00+00:00,3048.2724609375,3061.862060546875,3048.2724609375,3061.862060546875,113190912
2025-12-08 00:15:00+00:00,3057.15185546875,3057.15185546875,3044.80322265625,3047.911376953125,263411712
2025-12-08 00:30:00+00:00,3068.732421875,3074.260498046875,3056.422607421875,3057.63330078125,877404160
2025-12-08 00:45:00+00:00,3064.425048828125,3068.221435546875,3064.1279296875,3066.632568359375,93077504
2025-12-08 01:00:00+00:00,3079.16259765625,3080.955078125,3063.929931640625,3063.929931640625,176441344
2025-12-08 01:15:00+00:00,3103.570068359375,3103.570068359375,3073.518798828125,3078.213134765625,296300544
2025-12-08 01:30:00+00:00,3117.6875,3131.67578125,3105.998779296875,3105.998779296875,716447744
2025-12-08 01:45:00+00:00,3098.811279296875,3118.138427734375,3096.45556640625,3117.279541015625,608272384
2025-12-08 02:00:00+00:00,3103.3720703125,3106.824462890625,3094.995361328125,3098.709716796875,305901568
2025-12-08 02:15:00+00:00,3101.154541015625,3105.85400390625,3099.482666015625,3100.429443359375,355256320
2025-12-08 02:30:00+00:00,3097.72900390625,3101.836181640625,3096.892333984375,3100.87060546875,186714112
2025-12-08 02:45:00+00:00,3112.21923828125,3113.3408203125,3099.37890625,3099.37890625,241664
2025-12-08 03:00:00+00:00,3103.248779296875,3112.144775390625,3103.248779296875,3110.5478515625,148682752
2025-12-08 03:15:00+00:00,3118.967529296875,3118.967529296875,3103.91650390625,3103.91650390625,708927488
2025-12-08 03:30:00+00:00,3105.9013671875,3117.4345703125,3105.9013671875,3117.4345703125,87113728
2025-12-08 03:45:00+00:00,3110.774658203125,3111.5361328125,3105.51611328125,3105.51611328125,319186944
2025-12-08 04:00:00+00:00,3114.249267578125,3115.65771484375,3112.09033203125,3112.09033203125,115081216
2025-12-08 04:15:00+00:00,3119.58056640625,3122.396484375,3111.623046875,3113.994384765625,74944512
2025-12-08 04:30:00+00:00,3127.608154296875,3135.388916015625,3119.4951171875,3119.4951171875,1055344640
2025-12-08 04:45:00+00:00,3128.414794921875,3129.515625,3121.99658203125,3125.61328125,217653248
2025-12-08 05:00:00+00:00,3126.601806640625,3128.891845703125,3123.42236328125,3128.891845703125,256135168
2025-12-08 05:15:00+00:00,3133.500244140625,3136.61279296875,3123.922607421875,3126.34375,200044544
2025-12-08 05:30:00+00:00,3133.2509765625,3138.111083984375,3133.099853515625,3134.4619140625,355719168
2025-12-08 05:45:00+00:00,3130.844970703125,3137.800537109375,3130.064697265625,3133.019287109375,614397952
2025-12-08 06:00:00+00:00,3127.259521484375,3135.421875,3127.259521484375,3132.2373046875,465324032
2025-12-08 06:15:00+00:00,3124.808837890625,3130.034423828125,3123.3359375,3127.421630859375,131794944
2025-12-08 06:30:00+00:00,3135.048095703125,3135.27294921875,3125.43603515625,3125.43603515625,543799296
2025-12-08 06:45:00+00:00,3131.2783203125,3138.595947265625,3131.2783203125,3134.930908203125,498114560
2025-12-08 07:00:00+00:00,3125.440673828125,3131.456787109375,3125.440673828125,3130.931640625,523696128
2025-12-08 07:15:00+00:00,3135.292724609375,3135.292724609375,3125.452392578125,3126.93798828125,10205184
2025-12-08 07:30:00+00:00,3132.894775390625,3136.85205078125,3132.5009765625,3134.775634765625,360894464
2025-12-08 07:45:00+00:00,3133.0234375,3133.597900390625,3129.738037109375,3133.497314453125,510670848
2025-12-08 08:00:00+00:00,3131.16650390625,3133.655517578125,3130.2626953125,3133.655517578125,31756288
2025-12-08 08:15:00+00:00,3131.480224609375,3135.783447265625,3131.2529296875,3131.4033203125,49203200
2025-12-08 08:30:00+00:00,3133.595703125,3133.595703125,3127.024658203125,3132.400146484375,43501568
2025-12-08 08:45:00+00:00,3142.49267578125,3144.788818359375,3131.979248046875,3135.283447265625,895397888
2025-12-08 09:00:00+00:00,3170.17724609375,3177.5234375,3143.71533203125,3143.71533203125,1239400448
2025-12-08 09:15:00+00:00,3157.96875,3167.28271484375,3157.078125,3167.28271484375,321251328
2025-12-08 09:30:00+00:00,3160.6298828125,3164.140380859375,3155.727294921875,3159.103759765625,303773696
2025-12-08 09:45:00+00:00,3158.74560546875,3160.014892578125,3155.5322265625,3160.014892578125,47849472
2025-12-08 10:00:00+00:00,3156.51513671875,3163.369873046875,3156.51513671875,3158.68603515625,53665792
2025-12-08 10:15:00+00:00,3156.53125,3159.513916015625,3155.460693359375,3157.38232421875,547467264
2025-12-08 10:30:00+00:00,3159.852294921875,3159.852294921875,3155.65478515625,3156.869384765625,40067072
2025-12-08 10:45:00+00:00,3160.376220703125,3160.989013671875,3159.0234375,3159.8271484375,247930880
2025-12-08 11:00:00+00:00,3158.745361328125,3160.634521484375,3156.379150390625,3160.634521484375,10989568
2025-12-08 11:15:00+00:00,3160.059326171875,3163.48583984375,3159.41357421875,3160.297607421875,202551296
2025-12-08 11:30:00+00:00,3145.228515625,3159.998291015625,3145.228515625,3159.998291015625,483885056
2025-12-08 11:45:00+00:00,3142.73583984375,3144.71044921875,3139.721435546875,3144.71044921875,249075712
2025-12-08 12:00:00+00:00,3140.71923828125,3142.200927734375,3137.834716796875,3142.200927734375,158707712
2025-12-08 12:15:00+00:00,3139.586669921875,3141.106201171875,3136.903076171875,3140.135498046875,142946304
2025-12-08 12:30:00+00:00,3128.712890625,3141.2978515625,3128.712890625,3140.30419921875,44398592
2025-12-08 12:45:00+00:00,3132.46435546875,3132.46435546875,3126.187744140625,3126.727294921875,2284568576
2025-12-08 13:00:00+00:00,3151.0849609375,3157.5,3130.939453125,3132.038330078125,96329728
2025-12-08 13:15:00+00:00,3139.9833984375,3149.185546875,3139.40869140625,3146.496337890625,523112448
2025-12-08 13:30:00+00:00,3142.520751953125,3144.18994140625,3135.154052734375,3143.4189453125,54607872
2025-12-08 13:45:00+00:00,3144.3037109375,3154.977294921875,3144.3037109375,3147.572021484375,431044608
2025-12-08 14:00:00+00:00,3150.1318359375,3150.53369140625,3143.42724609375,3145.389892578125,39120896
2025-12-08 14:15:00+00:00,3141.845458984375,3152.19384765625,3134.965087890625,3151.9404296875,17233920
2025-12-08 14:30:00+00:00,3154.9521484375,3165.29833984375,3130.369384765625,3143.11767578125,1103034368
2025-12-08 14:45:00+00:00,3131.200439453125,3174.82861328125,3130.837646484375,3167.65478515625,100296704
2025-12-08 15:00:00+00:00,3103.935546875,3137.099365234375,3103.935546875,3130.333740234375,928657408
2025-12-08 15:15:00+00:00,3108.70654296875,3118.896240234375,3095.322265625,3109.52978515625,550752256
2025-12-08 15:30:00+00:00,3095.46630859375,3118.868896484375,3095.46630859375,3108.101806640625,1158141952
2025-12-08 15:45:00+00:00,3105.726318359375,3109.7158203125,3094.7998046875,3094.7998046875,339056640
2025-12-08 16:00:00+00:00,3107.0791015625,3107.536865234375,3095.1328125,3102.034912109375,171569152
2025-12-08 16:15:00+00:00,3119.46826171875,3120.5625,3096.88134765625,3102.92138671875,362002432
2025-12-08 16:30:00+00:00,3124.61767578125,3129.977783203125,3120.551025390625,3122.43017578125,982935552
2025-12-08 16:45:00+00:00,3107.271240234375,3125.21435546875,3103.275146484375,3125.21435546875,956917760
2025-12-08 17:00:00+00:00,3120.351806640625,3121.87890625,3101.48291015625,3106.072265625,174137344
2025-12-08 17:15:00+00:00,3109.161376953125,3118.427978515625,3104.213134765625,3116.462646484375,297601024
2025-12-08 17:30:00+00:00,3106.1591796875,3114.318603515625,3103.2138671875,3107.4609375,283502592
2025-12-08 17:45:00+00:00,3124.556640625,3124.556640625,3102.822998046875,3105.4951171875,119279616
2025-12-08 18:00:00+00:00,3125.11572265625,3125.11572265625,3115.97119140625,3121.08203125,202199040
2025-12-08 18:15:00+00:00,3116.423583984375,3131.966796875,3116.423583984375,3123.420654296875,371855360
2025-12-08 18:30:00+00:00,3113.8603515625,3115.57763671875,3106.17138671875,3115.30712890625,40613888
2025-12-08 18:45:00+00:00,3085.74755859375,3124.711181640625,3085.74755859375,3118.400634765625,480581632
2025-12-08 19:00:00+00:00,3102.440673828125,3109.244140625,3090.13134765625,3090.13134765625,269348864
2025-12-08 19:15:00+00:00,3112.26708984375,3114.11572265625,3102.045654296875,3103.66796875,429420544
2025-12-08 19:30:00+00:00,3114.0341796875,3121.674072265625,3114.0341796875,3114.28515625,4790272
2025-12-08 19:45:00+00:00,3117.89599609375,3126.37744140625,3114.10107421875,3116.283935546875,953903104
2025-12-08 20:00:00+00:00,3130.68994140625,3134.104248046875,3118.58447265625,3118.58447265625,523841536
2025-12-08 20:15:00+00:00,3129.39306640625,3132.56787109375,3127.799072265625,3129.00048828125,302934016
2025-12-08 20:30:00+00:00,3130.490966796875,3130.490966796875,3124.013916015625,3129.624267578125,28798976
2025-12-08 20:45:00+00:00,3132.939697265625,3143.45068359375,3128.595947265625,3129.011474609375,255490048
2025-12-08 21:00:00+00:00,3132.715087890625,3139.810791015625,3131.6494140625,3136.42822265625,736970752
2025-12-08 21:15:00+00:00,3135.8798828125,3135.8798828125,3128.976318359375,3130.2646484375,199106560
2025-12-08 21:30:00+00:00,3141.451904296875,3149.275390625,3136.03271484375,3138.858154296875,228823040
2025-12-08 21:45:00+00:00,3148.990478515625,3148.990478515625,3139.5478515625,3142.869873046875,0
2025-12-08 22:00:00+00:00,3135.83251953125,3147.9130859375,3135.83251953125,3147.9130859375,381257728
2025-12-08 22:15:00+00:00,3130.233642578125,3135.67724609375,3130.233642578125,3132.953369140625,220329984
2025-12-08 22:30:00+00:00,3124.8388671875,3131.772705078125,3122.586181640625,3131.322998046875,0
2025-12-08 22:45:00+00:00,3128.982421875,3133.566162109375,3125.399169921875,3125.399169921875,140044288
2025-12-08 23:00:00+00:00,3128.14208984375,3135.708251953125,3128.14208984375,3130.123779296875,127805440
2025-12-08 23:15:00+00:00,3122.354248046875,3128.822998046875,3115.906982421875,3127.82177734375,130334720
2025-12-08 23:30:00+00:00,3125.828369140625,3127.43212890625,3122.35498046875,3123.897705078125,443039744
2025-12-08 23:45:00+00:00,3124.172119140625,3126.406494140625,3124.172119140625,3125.4521484375,27156480
2025-12-09 00:00:00+00:00,3130.623046875,3130.623046875,3123.199951171875,3124.718505859375,0
2025-12-09 00:15:00+00:00,3137.5458984375,3141.4033203125,3130.8720703125,3130.8720703125,462047232
2025-12-09 00:30:00+00:00,3123.140380859375,3137.98828125,3120.705322265625,3137.98828125,0
2025-12-09 00:45:00+00:00,3119.3486328125,3123.7578125,3116.03466796875,3122.296142578125,605261824
2025-12-09 01:00:00+00:00,3115.7314453125,3120.548583984375,3112.754638671875,3119.580322265625,417888256
2025-12-09 01:15:00+00:00,3116.160888671875,3123.58935546875,3114.29345703125,3116.75927734375,20271104
2025-12-09 01:30:00+00:00,3107.80615234375,3112.308349609375,3105.00830078125,3111.05859375,16584704
2025-12-09 01:45:00+00:00,3106.744140625,3108.4736328125,3101.95849609375,3108.28173828125,85942272
2025-12-09 02:00:00+00:00,3108.919189453125,3115.44921875,3107.337646484375,3107.337646484375,336179200
2025-12-09 02:15:00+00:00,3110.94482421875,3111.808349609375,3106.184814453125,3106.184814453125,0
2025-12-09 02:30:00+00:00,3107.697021484375,3113.41796875,3106.09375,3113.41796875,135870464
2025-12-09 02:45:00+00:00,3101.8095703125,3112.261962890625,3101.8095703125,3107.349609375,17147904
2025-12-09 03:00:00+00:00,3100.80126953125,3103.34326171875,3098.8408203125,3098.8408203125,37261312
2025-12-09 03:15:00+00:00,3099.128173828125,3103.1884765625,3092.87646484375,3099.757568359375,382341120
2025-12-09 03:30:00+00:00,3118.608642578125,3120.69921875,3101.5205078125,3101.5205078125,107917312
2025-12-09 03:45:00+00:00,3127.30322265625,3127.30322265625,3119.0556640625,3119.198486328125,256305152
2025-12-09 04:00:00+00:00,3125.034423828125,3128.972900390625,3125.034423828125,3127.392822265625,382472192
2025-12-09 04:15:00+00:00,3126.42919921875,3128.462646484375,3124.743896484375,3124.743896484375,432711680
2025-12-09 04:30:00+00:00,3107.9599609375,3126.721435546875,3105.68115234375,3126.721435546875,634071040
2025-12-09 04:45:00+00:00,3107.71044921875,3109.77587890625,3106.743896484375,3106.941650390625,179724288
2025-12-09 05:00:00+00:00,3106.419677734375,3109.239013671875,3104.078857421875,3107.82763671875,8439808
2025-12-09 05:15:00+00:00,3103.826171875,3106.167724609375,3097.0869140625,3103.576171875,96940032
2025-12-09 05:30:00+00:00,3115.92333984375,3116.692138671875,3104.5712890625,3104.5712890625,728494080
2025-12-09 05:45:00+00:00,3108.579833984375,3117.48388671875,3107.709716796875,3115.009033203125,307019776
2025-12-09 06:00:00+00:00,3107.411376953125,3115.451904296875,3107.411376953125,3107.781494140625,99813376
2025-12-09 06:15:00+00:00,3102.711181640625,3109.17333984375,3101.952880859375,3108.239990234375,20944896
2025-12-09 06:30:00+00:00,3100.015869140625,3104.441162109375,3097.81396484375,3102.413330078125,157405184
2025-12-09 06:45:00+00:00,3112.36572265625,3112.36572265625,3100.58544921875,3100.58544921875,274229248
2025-12-09 07:00:00+00:00,3113.04931640625,3116.855712890625,3112.3017578125,3113.260986328125,88465408
2025-12-09 07:15:00+00:00,3121.837646484375,3123.7900390625,3111.701171875,3111.836669921875,62521344
2025-12-09 07:30:00+00:00,3124.746826171875,3124.97412109375,3120.5517578125,3122.12158203125,253845504
2025-12-09 07:45:00+00:00,3122.6279296875,3126.187744140625,3122.6279296875,3124.97900390625,530472960
2025-12-09 08:00:00+00:00,3122.016357421875,3124.903076171875,3120.400634765625,3122.33544921875,0
2025-12-09 08:15:00+00:00,3122.439697265625,3128.458740234375,3122.06689453125,3122.551513671875,65351680
2025-12-09 08:30:00+00:00,3119.96875,3121.033203125,3117.679443359375,3121.033203125,454090752
2025-12-09 08:45:00+00:00,3121.35400390625,3124.64111328125,3120.33837890625,3120.33837890625,203245568
2025-12-09 09:00:00+00:00,3120.6875,3121.71826171875,3117.57373046875,3120.876708984375,0
2025-12-09 09:15:00+00:00,3117.286865234375,3121.31640625,3117.286865234375,3120.179931640625,0
2025-12-09 09:30:00+00:00,3106.398681640625,3117.178955078125,3106.15185546875,3117.0693359375,92665856
2025-12-09 09:45:00+00:00,3106.611083984375,3108.864013671875,3105.80126953125,3105.80126953125,251457536
2025-12-09 10:00:00+00:00,3109.7841796875,3109.85986328125,3101.74072265625,3106.428955078125,0
2025-12-09 10:15:00+00:00,3111.078857421875,3111.569091796875,3108.389892578125,3108.8623046875,1081956352
2025-12-09 10:30:00+00:00,3102.955078125,3113.93115234375,3098.114501953125,3111.0859375,39227392
2025-12-09 10:45:00+00:00,3105.581787109375,3106.7919921875,3100.575927734375,3103.75439453125,266147840
2025-12-09 11:00:00+00:00,3106.55126953125,3108.689453125,3105.748046875,3107.21240234375,0
2025-12-09 11:15:00+00:00,3106.2705078125,3106.72412109375,3102.190673828125,3106.447998046875,286484480
2025-12-09 11:30:00+00:00,3107.84814453125,3107.84814453125,3105.051025390625,3106.595458984375,350300160
2025-12-09 11:45:00+00:00,3119.150146484375,3119.150146484375,3108.161865234375,3108.161865234375,46284800
2025-12-09 12:00:00+00:00,3116.728271484375,3119.9130859375,3115.96826171875,3118.504150390625,0
2025-12-09 12:15:00+00:00,3131.50146484375,3136.0107421875,3116.681884765625,3116.681884765625,437291008
2025-12-09 12:30:00+00:00,3133.516357421875,3133.516357421875,3129.50048828125,3130.9921875,123348992
2025-12-09 12:45:00+00:00,3137.72119140625,3139.215576171875,3133.7587890625,3133.7587890625,51437568
2025-12-09 13:00:00+00:00,3134.597900390625,3138.817138671875,3134.322998046875,3137.4306640625,30566400
2025-12-09 13:15:00+00:00,3135.392822265625,3136.85791015625,3130.271240234375,3134.061767578125,373452800
2025-12-09 13:30:00+00:00,3114.928466796875,3138.19580078125,3114.53125,3136.429443359375,109635584
2025-12-09 13:45:00+00:00,3117.155029296875,3117.155029296875,3111.328369140625,3111.328369140625,479420416
2025-12-09 14:00:00+00:00,3118.21435546875,3122.17724609375,3116.89111328125,3116.89111328125,16244736
2025-12-09 14:15:00+00:00,3107.4619140625,3116.009033203125,3104.69921875,3116.009033203125,146642944
2025-12-09 14:30:00+00:00,3111.9794921875,3118.27734375,3100.969970703125,3110.481689453125,127662080
2025-12-09 14:45:00+00:00,3113.263916015625,3116.37646484375,3107.108154296875,3111.6640625,0
2025-12-09 15:00:00+00:00,3131.39013671875,3163.497314453125,3117.69970703125,3117.69970703125,1381892096
2025-12-09 15:15:00+00:00,3140.48681640625,3140.48681640625,3125.6650390625,3126.017333984375,858333184
2025-12-09 15:30:00+00:00,3184.4931640625,3190.482177734375,3148.355224609375,3159.1611328125,642877440
2025-12-09 15:45:00+00:00,3251.046142578125,3251.046142578125,3207.587890625,3209.094970703125,1292830720
2025-12-09 16:00:00+00:00,3293.515380859375,3293.515380859375,3243.860107421875,3243.860107421875,1251080192
2025-12-09 16:15:00+00:00,3292.82470703125,3295.2890625,3280.679443359375,3291.977294921875,1044912128
2025-12-09 16:30:00+00:00,3340.447509765625,3341.268310546875,3289.26318359375,3289.26318359375,957360128
2025-12-09 16:45:00+00:00,3370.50634765625,3370.50634765625,3340.837646484375,3343.782958984375,1388371968
2025-12-09 17:00:00+00:00,3390.51904296875,3395.838623046875,3362.548095703125,3366.708251953125,945807360
2025-12-09 17:15:00+00:00,3364.37158203125,3390.909912109375,3364.330810546875,3390.656494140625,878198784
2025-12-09 17:30:00+00:00,3370.178466796875,3373.986083984375,3361.667236328125,3367.818359375,617701376
2025-12-09 17:45:00+00:00,3371.166015625,3378.4228515625,3368.1787109375,3368.1787109375,535218176
2025-12-09 18:00:00+00:00,3376.706298828125,3378.582763671875,3369.947021484375,3372.3427734375,813203456
2025-12-09 18:15:00+00:00,3385.2060546875,3385.2060546875,3372.33837890625,3377.279296875,62486528
2025-12-09 18:30:00+00:00,3377.500732421875,3384.671142578125,3377.500732421875,3384.671142578125,392654848
2025-12-09 18:45:00+00:00,3376.363525390625,3376.363525390625,3363.509033203125,3375.654541015625,70369280
2025-12-09 19:00:00+00:00,3369.248779296875,3375.837646484375,3364.205322265625,3375.837646484375,629739520
2025-12-09 19:15:00+00:00,3370.720458984375,3372.134033203125,3366.098388671875,3368.7587890625,43288576
2025-12-09 19:30:00+00:00,3351.97802734375,3375.213623046875,3351.97802734375,3370.7119140625,522043392
2025-12-09 19:45:00+00:00,3359.63623046875,3366.3642578125,3350.8388671875,3350.8388671875,364283904
2025-12-09 20:00:00+00:00,3355.23388671875,3359.29248046875,3350.2119140625,3355.38427734375,247515136
2025-12-09 20:15:00+00:00,3327.24658203125,3355.29150390625,3308.184814453125,3354.167724609375,244383744
2025-12-09 20:30:00+00:00,3327.352294921875,3335.49609375,3312.268310546875,3324.438720703125,1148291072
2025-12-09 20:45:00+00:00,3328.62255859375,3338.2373046875,3325.526123046875,3326.94384765625,98617344
2025-12-09 21:00:00+00:00,3325.323974609375,3326.086181640625,3315.00537109375,3325.544921875,211617792
2025-12-09 21:15:00+00:00,3332.0419921875,3334.02978515625,3322.896484375,3323.494140625,540786688
2025-12-09 21:30:00+00:00,3325.3525390625,3332.70361328125,3322.56494140625,3332.1796875,831664128
2025-12-09 21:45:00+00:00,3302.547607421875,3324.102783203125,3287.864013671875,3324.102783203125,911816704
2025-12-09 22:00:00+00:00,3324.917236328125,3327.37451171875,3300.017822265625,3302.05908203125,590270464
2025-12-09 22:15:00+00:00,3314.8173828125,3322.059814453125,3314.8173828125,3321.314208984375,157368320
2025-12-09 22:30:00+00:00,3335.585693359375,3338.748291015625,3314.37841796875,3315.06787109375,441845760
2025-12-09 22:45:00+00:00,3334.795654296875,3336.254638671875,3329.583984375,3336.22216796875,358653952
2025-12-09 23:00:00+00:00,3322.6201171875,3331.940185546875,3321.679443359375,3331.940185546875,1372620800
2025-12-09 23:15:00+00:00,3327.11083984375,3327.11083984375,3319.127197265625,3319.5283203125,262248448
2025-12-09 23:30:00+00:00,3332.891357421875,3334.934814453125,3327.048583984375,3328.08203125,339834880
2025-12-09 23:45:00+00:00,3322.390869140625,3332.267333984375,3322.0068359375,3332.267333984375,369432576
2025-12-10 00:00:00+00:00,3327.306640625,3327.306640625,3317.632080078125,3320.3271484375,0
2025-12-10 00:15:00+00:00,3315.57275390625,3325.91064453125,3310.259521484375,3325.91064453125,450306048
2025-12-10 00:30:00+00:00,3315.294677734375,3323.19287109375,3313.947265625,3320.41357421875,281837568
2025-12-10 00:45:00+00:00,3309.7099609375,3319.893310546875,3308.128173828125,3317.603515625,182288384
2025-12-10 01:00:00+00:00,3307.90087890625,3314.17236328125,3307.90087890625,3308.90673828125,319653888
2025-12-10 01:15:00+00:00,3304.164306640625,3311.619140625,3301.57177734375,3306.162109375,78256128
2025-12-10 01:30:00+00:00,3296.341796875,3304.169921875,3291.10888671875,3304.169921875,100014080
2025-12-10 01:45:00+00:00,3305.150390625,3305.150390625,3295.3486328125,3297.001708984375,1353195520
2025-12-10 02:00:00+00:00,3299.259033203125,3303.596435546875,3293.8720703125,3303.596435546875,11399168
2025-12-10 02:15:00+00:00,3309.40283203125,3312.346435546875,3299.733154296875,3299.733154296875,842665984
2025-12-10 02:30:00+00:00,3304.489990234375,3310.506591796875,3304.489990234375,3308.791015625,295192576
2025-12-10 02:45:00+00:00,3306.47265625,3306.47265625,3300.550537109375,3305.833740234375,337033216
2025-12-10 03:00:00+00:00,3313.499755859375,3314.660400390625,3308.664794921875,3314.660400390625,398262272
2025-12-10 03:15:00+00:00,3308.99609375,3313.5439453125,3307.424072265625,3313.5439453125,380944384
2025-12-10 03:30:00+00:00,3312.979248046875,3312.979248046875,3307.32080078125,3309.42724609375,271826944
2025-12-10 03:45:00+00:00,3309.9404296875,3313.4755859375,3309.9404296875,3312.385498046875,0
2025-12-10 04:00:00+00:00,3312.446533203125,3312.868408203125,3308.4609375,3309.34619140625,223686656
2025-12-10 04:15:00+00:00,3311.166748046875,3319.527587890625,3310.509033203125,3312.446533203125,440416256
2025-12-10 04:30:00+00:00,3321.998046875,3322.73681640625,3310.64794921875,3310.75,132749312
2025-12-10 04:45:00+00:00,3323.865966796875,3326.138427734375,3321.09912109375,3321.57421875,378826752
2025-12-10 05:00:00+00:00,3320.90966796875,3323.921630859375,3320.90966796875,3323.164794921875,25546752
2025-12-10 05:15:00+00:00,3319.05419921875,3332.53759765625,3319.05419921875,3324.178955078125,357228544
2025-12-10 05:30:00+00:00,3323.089111328125,3323.089111328125,3317.076416015625,3317.076416015625,123451392
2025-12-10 05:45:00+00:00,3323.8701171875,3323.9306640625,3320.718505859375,3323.34033203125,270481408
2025-12-10 06:00:00+00:00,3323.3876953125,3323.724853515625,3317.796630859375,3323.724853515625,22222848
2025-12-10 06:15:00+00:00,3321.386962890625,3323.98193359375,3321.372802734375,3323.98193359375,307990528
2025-12-10 06:30:00+00:00,3321.086669921875,3324.142822265625,3319.685302734375,3321.564208984375,52881408
2025-12-10 06:45:00+00:00,3326.0673828125,3326.66064453125,3321.36181640625,3322.731201171875,284813312
2025-12-10 07:00:00+00:00,3319.451171875,3325.70703125,3319.451171875,3323.97705078125,12337152
2025-12-10 07:15:00+00:00,3316.507568359375,3319.270751953125,3313.521240234375,3319.089111328125,1332967424
2025-12-10 07:30:00+00:00,3320.662109375,3320.80126953125,3316.060791015625,3317.142578125,238499840
2025-12-10 07:45:00+00:00,3324.6826171875,3325.024658203125,3320.730712890625,3320.730712890625,465539072
2025-12-10 08:00:00+00:00,3330.394775390625,3331.444580078125,3326.41943359375,3326.41943359375,134916096
2025-12-10 08:15:00+00:00,3329.13330078125,3332.363037109375,3328.994384765625,3331.0146484375,79951872
2025-12-10 08:30:00+00:00,3329.15380859375,3329.606201171875,3324.374267578125,3328.630615234375,233381888
2025-12-10 08:45:00+00:00,3324.39892578125,3327.82177734375,3324.39892578125,3327.82177734375,23529472
2025-12-10 09:00:00+00:00,3320.59716796875,3323.94287109375,3319.79443359375,3323.863037109375,59101184
2025-12-10 09:15:00+00:00,3317.350830078125,3319.811279296875,3316.54150390625,3319.811279296875,11667456
2025-12-10 09:30:00+00:00,3321.414794921875,3321.414794921875,3317.152587890625,3317.152587890625,290547712
2025-12-10 09:45:00+00:00,3345.78662109375,3345.78662109375,3321.59521484375,3321.59521484375,283514880
2025-12-10 10:00:00+00:00,3344.559326171875,3372.124755859375,3344.177490234375,3347.788818359375,863047680
2025-12-10 10:15:00+00:00,3328.561767578125,3344.64208984375,3325.411865234375,3344.64208984375,0
2025-12-10 10:30:00+00:00,3320.5986328125,3330.565673828125,3318.558349609375,3329.77783203125,1229496320
2025-12-10 10:45:00+00:00,3319.45849609375,3320.72265625,3314.760498046875,3320.72265625,378644480
2025-12-10 11:00:00+00:00,3313.831298828125,3319.67578125,3313.36181640625,3313.36181640625,365983744
2025-12-10 11:15:00+00:00,3318.443359375,3318.849853515625,3312.68212890625,3312.68212890625,77445120
2025-12-10 11:30:00+00:00,3306.880859375,3318.76220703125,3306.880859375,3318.76220703125,404443136
2025-12-10 11:45:00+00:00,3317.935302734375,3319.342041015625,3301.19677734375,3307.98828125,1527113728
2025-12-10 12:00:00+00:00,3312.688720703125,3320.608154296875,3312.688720703125,3318.849609375,262879232
2025-12-10 12:15:00+00:00,3313.3017578125,3316.826416015625,3311.930419921875,3311.930419921875,669046784
2025-12-10 12:30:00+00:00,3320.91796875,3320.91796875,3312.336181640625,3314.098876953125,99627008
2025-12-10 12:45:00+00:00,3326.189208984375,3326.189208984375,3317.578125,3321.637939453125,146386944
2025-12-10 13:00:00+00:00,3322.54248046875,3328.945556640625,3321.22265625,3324.885498046875,413763584
2025-12-10 13:15:00+00:00,3335.8544921875,3337.705322265625,3320.95166015625,3323.27587890625,414894080
2025-12-10 13:30:00+00:00,3326.392822265625,3334.882080078125,3325.40185546875,3334.882080078125,444035072
2025-12-10 13:45:00+00:00,3334.7841796875,3334.7841796875,3327.618408203125,3329.035888671875,0
2025-12-10 14:00:00+00:00,3323.84423828125,3335.189453125,3323.84423828125,3335.189453125,204892160
2025-12-10 14:15:00+00:00,3326.231689453125,3330.852294921875,3322.9599609375,3323.2255859375,22704128
2025-12-10 14:30:00+00:00,3325.61669921875,3331.29638671875,3316.873046875,3322.6552734375,48300032
2025-12-10 14:45:00+00:00,3315.534423828125,3322.29736328125,3310.961669921875,3322.29736328125,374910976
2025-12-10 15:00:00+00:00,3333.06640625,3336.284423828125,3318.203369140625,3318.57470703125,417277952
2025-12-10 15:15:00+00:00,3324.262451171875,3334.347900390625,3322.76904296875,3334.347900390625,402186240
2025-12-10 15:30:00+00:00,3323.470947265625,3325.134033203125,3309.810302734375,3323.643798828125,871763968
2025-12-10 15:45:00+00:00,3324.817138671875,3326.947998046875,3319.052490234375,3324.467529296875,0
2025-12-10 16:00:00+00:00,3344.06298828125,3344.9619140625,3323.742919921875,3328.4033203125,184844288
2025-12-10 16:15:00+00:00,3354.41552734375,3357.727783203125,3340.04541015625,3342.7001953125,0
2025-12-10 16:30:00+00:00,3349.73388671875,3357.94091796875,3346.430908203125,3357.94091796875,767055872
2025-12-10 16:45:00+00:00,3351.38916015625,3367.746826171875,3350.736572265625,3354.046142578125,0
2025-12-10 17:00:00+00:00,3357.206787109375,3357.206787109375,3350.90869140625,3351.567138671875,0
2025-12-10 17:15:00+00:00,3373.41796875,3379.606689453125,3356.419677734375,3358.29443359375,305924096
2025-12-10 17:30:00+00:00,3367.0556640625,3369.43603515625,3358.762451171875,3369.43603515625,209577984
2025-12-10 17:45:00+00:00,3368.726806640625,3375.0361328125,3368.25830078125,3369.119140625,140230656
2025-12-10 18:00:00+00:00,3371.111328125,3371.111328125,3364.58251953125,3369.651123046875,0
2025-12-10 18:15:00+00:00,3369.730712890625,3372.531494140625,3361.755859375,3369.28564453125,124538880
2025-12-10 18:30:00+00:00,3395.47119140625,3427.7880859375,3373.826904296875,3373.826904296875,960016384
2025-12-10 18:45:00+00:00,3383.205322265625,3407.396728515625,3377.81591796875,3394.282958984375,527409152
2025-12-10 19:00:00+00:00,3391.251953125,3393.182373046875,3361.041748046875,3383.22314453125,3401097216
2025-12-10 19:15:00+00:00,3374.178466796875,3403.67431640625,3374.178466796875,3398.2998046875,996106240
2025-12-10 19:30:00+00:00,3369.083984375,3402.73388671875,3366.76806640625,3373.6435546875,655747072
2025-12-10 19:45:00+00:00,3392.02880859375,3392.02880859375,3367.24072265625,3367.24072265625,99874816
2025-12-10 20:00:00+00:00,3423.838623046875,3423.838623046875,3371.59814453125,3390.39453125,580188160
2025-12-10 20:15:00+00:00,3403.459716796875,3444.17822265625,3391.85595703125,3436.545166015625,616298496
2025-12-10 20:30:00+00:00,3398.3671875,3404.771728515625,3392.30419921875,3404.771728515625,898781184
2025-12-10 20:45:00+00:00,3354.81494140625,3400.1064453125,3354.81494140625,3398.064453125,547145728
2025-12-10 21:00:00+00:00,3352.492431640625,3366.075927734375,3333.5517578125,3355.685546875,1060841472
2025-12-10 21:15:00+00:00,3359.648193359375,3366.703125,3353.2333984375,3354.202880859375,469954560
2025-12-10 21:30:00+00:00,3353.039794921875,3363.994140625,3342.929931640625,3358.21875,234430464
2025-12-10 21:45:00+00:00,3348.7421875,3362.5009765625,3348.7421875,3356.1083984375,505393152
2025-12-10 22:00:00+00:00,3333.68994140625,3352.72412109375,3333.68994140625,3341.2021484375,530415616
2025-12-10 22:15:00+00:00,3332.071533203125,3341.56640625,3321.506103515625,3335.705322265625,217333760
2025-12-10 22:30:00+00:00,3348.76953125,3348.76953125,3330.444091796875,3334.162841796875,396140544
2025-12-10 22:45:00+00:00,3349.62353515625,3351.714111328125,3341.72021484375,3348.135498046875,490045440
2025-12-10 23:00:00+00:00,3344.1357421875,3350.055908203125,3341.748046875,3347.606689453125,1136683008
2025-12-10 23:15:00+00:00,3334.030517578125,3342.920654296875,3334.030517578125,3341.63623046875,0
2025-12-10 23:30:00+00:00,3329.70068359375,3332.61474609375,3324.8056640625,3329.281494140625,133001216
2025-12-10 23:45:00+00:00,3328.126708984375,3328.98193359375,3324.90966796875,3328.3984375,257955840
2025-12-11 00:00:00+00:00,3323.344482421875,3327.0576171875,3322.3212890625,3324.526611328125,26859520
2025-12-11 00:15:00+00:00,3314.839111328125,3324.327392578125,3314.839111328125,3324.327392578125,19726336
2025-12-11 00:30:00+00:00,3282.044921875,3310.3603515625,3280.607421875,3310.3603515625,896471040
2025-12-11 00:45:00+00:00,3279.1552734375,3282.2060546875,3264.577392578125,3282.2060546875,698490880
2025-12-11 01:00:00+00:00,3263.234619140625,3279.135986328125,3263.234619140625,3279.135986328125,572416000
2025-12-11 01:15:00+00:00,3263.954833984375,3263.954833984375,3247.714599609375,3260.70556640625,785393664
2025-12-11 01:30:00+00:00,3266.3564453125,3273.028076171875,3265.68896484375,3266.735595703125,559429632
2025-12-11 01:45:00+00:00,3255.69580078125,3266.59716796875,3255.132080078125,3266.59716796875,414078976
2025-12-11 02:00:00+00:00,3230.60986328125,3255.70947265625,3230.60986328125,3255.70947265625,400353280
2025-12-11 02:15:00+00:00,3224.086669921875,3233.718017578125,3215.06005859375,3231.348876953125,689262592
2025-12-11 02:30:00+00:00,3227.639404296875,3227.639404296875,3214.0771484375,3221.224365234375,290512896
2025-12-11 02:45:00+00:00,3210.282958984375,3223.458984375,3210.282958984375,3223.458984375,895139840
2025-12-11 03:00:00+00:00,3179.3828125,3211.410888671875,3173.457763671875,3211.410888671875,240779264
2025-12-11 03:15:00+00:00,3177.066162109375,3191.12060546875,3173.497314453125,3175.30712890625,776450048
2025-12-11 03:30:00+00:00,3180.935791015625,3185.773193359375,3177.580810546875,3178.94189453125,601741312
2025-12-11 03:45:00+00:00,3191.49658203125,3191.49658203125,3180.877685546875,3182.12060546875,184985600
2025-12-11 04:00:00+00:00,3202.3212890625,3202.3212890625,3183.6552734375,3188.34423828125,289814528
2025-12-11 04:15:00+00:00,3192.48828125,3197.369873046875,3191.06396484375,3197.369873046875,518733824
2025-12-11 04:30:00+00:00,3197.85400390625,3197.85400390625,3190.39453125,3195.267333984375,995602432
2025-12-11 04:45:00+00:00,3215.967041015625,3215.967041015625,3192.535888671875,3196.552734375,194549760
2025-12-11 05:00:00+00:00,3198.7197265625,3215.45703125,3198.7197265625,3215.45703125,414777344
2025-12-11 05:15:00+00:00,3206.506103515625,3208.13232421875,3196.35009765625,3196.35009765625,494886912
2025-12-11 05:30:00+00:00,3207.8046875,3208.8125,3204.767578125,3207.20458984375,142950400
2025-12-11 05:45:00+00:00,3214.044921875,3214.802490234375,3208.654296875,3208.654296875,59998208
2025-12-11 06:00:00+00:00,3209.2802734375,3214.447021484375,3208.626708984375,3214.32177734375,0
2025-12-11 06:15:00+00:00,3198.094482421875,3209.13818359375,3197.482177734375,3209.020263671875,174022656
2025-12-11 06:30:00+00:00,3202.653564453125,3213.437744140625,3198.787841796875,3198.787841796875,220172288
2025-12-11 06:45:00+00:00,3203.038818359375,3204.298828125,3200.667724609375,3202.611083984375,976474112
2025-12-11 07:00:00+00:00,3203.5654296875,3204.4560546875,3201.1591796875,3204.4560546875,36208640
2025-12-11 07:15:00+00:00,3199.698974609375,3205.890625,3197.43310546875,3203.968017578125,435093504
2025-12-11 07:30:00+00:00,3201.9599609375,3205.015380859375,3200.7119140625,3200.7119140625,38690816
2025-12-11 07:45:00+00:00,3201.47802734375,3203.654541015625,3200.649169921875,3201.93115234375,27369472
2025-12-11 08:00:00+00:00,3192.033203125,3201.070068359375,3187.356689453125,3200.626708984375,53370880
2025-12-11 08:15:00+00:00,3195.416015625,3195.563720703125,3188.999267578125,3188.999267578125,439537664
2025-12-11 08:30:00+00:00,3187.216796875,3190.0244140625,3182.857177734375,3190.0244140625,389943296
2025-12-11 08:45:00+00:00,3196.509521484375,3197.90478515625,3187.348388671875,3187.51611328125,206684160
2025-12-11 09:00:00+00:00,3203.921630859375,3205.10693359375,3197.88134765625,3197.88134765625,593801216
2025-12-11 09:15:00+00:00,3208.99609375,3212.028564453125,3203.921630859375,3203.921630859375,1044357120
2025-12-11 09:30:00+00:00,3207.502197265625,3211.907470703125,3206.14697265625,3211.004150390625,218943488
2025-12-11 09:45:00+00:00,3197.19580078125,3204.379150390625,3196.847900390625,3201.9140625,216047616
2025-12-11 10:00:00+00:00,3198.624755859375,3203.31884765625,3198.624755859375,3199.49169921875,557512704
2025-12-11 10:15:00+00:00,3197.046875,3201.440673828125,3192.2255859375,3201.440673828125,0
2025-12-11 10:30:00+00:00,3190.697265625,3194.933349609375,3190.697265625,3194.933349609375,0
2025-12-11 10:45:00+00:00,3198.549072265625,3198.549072265625,3190.573486328125,3190.573486328125,0
2025-12-11 11:00:00+00:00,3197.604248046875,3201.614990234375,3194.9033203125,3197.67919921875,5601280
2025-12-11 11:15:00+00:00,3197.9091796875,3199.669677734375,3196.534423828125,3196.970458984375,271181824
2025-12-11 11:30:00+00:00,3198.226806640625,3198.62060546875,3196.530029296875,3197.06640625,0
2025-12-11 11:45:00+00:00,3196.67431640625,3198.125244140625,3196.099609375,3198.03955078125,0
2025-12-11 12:00:00+00:00,3191.542236328125,3195.60498046875,3189.50830078125,3195.60498046875,437215232
2025-12-11 12:15:00+00:00,3199.209228515625,3201.68994140625,3191.418212890625,3191.418212890625,340377600
2025-12-11 12:30:00+00:00,3201.8310546875,3207.19384765625,3199.8701171875,3199.8701171875,334139392
2025-12-11 12:45:00+00:00,3199.528076171875,3206.014892578125,3199.528076171875,3205.06787109375,0
2025-12-11 13:00:00+00:00,3201.021484375,3203.77197265625,3199.790771484375,3199.790771484375,0
2025-12-11 13:15:00+00:00,3202.2109375,3202.2109375,3196.965087890625,3200.1416015625,51980288
2025-12-11 13:30:00+00:00,3195.94873046875,3200.343994140625,3191.6875,3199.767333984375,532574208
2025-12-11 13:45:00+00:00,3192.023681640625,3196.638671875,3191.0634765625,3194.815673828125,432195584
2025-12-11 14:00:00+00:00,3192.2568359375,3192.8662109375,3190.562744140625,3192.10205078125,51513344
2025-12-11 14:15:00+00:00,3190.280029296875,3195.823486328125,3190.280029296875,3193.42041015625,338655232
2025-12-11 14:30:00+00:00,3193.408447265625,3194.164306640625,3172.70068359375,3172.70068359375,359454720
2025-12-11 14:45:00+00:00,3166.3857421875,3188.64111328125,3149.30419921875,3187.6708984375,755886080
2025-12-11 15:00:00+00:00,3183.405029296875,3183.405029296875,3158.604736328125,3158.604736328125,1646626816
2025-12-11 15:15:00+00:00,3197.789794921875,3203.703369140625,3175.700439453125,3182.85400390625,426156032
2025-12-11 15:30:00+00:00,3172.044677734375,3186.981689453125,3167.239501953125,3186.981689453125,951656448
2025-12-11 15:45:00+00:00,3180.151123046875,3182.968505859375,3171.05029296875,3171.46240234375,1170274304
2025-12-11 16:00:00+00:00,3160.2060546875,3181.75341796875,3160.2060546875,3181.75341796875,338880512
2025-12-11 16:15:00+00:00,3169.8759765625,3173.306640625,3157.756103515625,3159.65234375,268369920
2025-12-11 16:30:00+00:00,3190.64453125,3190.64453125,3162.847900390625,3172.579833984375,708124672
2025-12-11 16:45:00+00:00,3173.212158203125,3192.83447265625,3173.212158203125,3189.153564453125,223823872
2025-12-11 17:00:00+00:00,3176.92333984375,3176.92333984375,3171.373046875,3174.52880859375,663627776
2025-12-11 17:15:00+00:00,3197.134765625,3199.284912109375,3178.06591796875,3178.06591796875,234414080
2025-12-11 17:30:00+00:00,3189.592041015625,3202.35888671875,3189.592041015625,3195.75244140625,379750400
2025-12-11 17:45:00+00:00,3183.6806640625,3188.516357421875,3183.6806640625,3185.98388671875,56541184
2025-12-11 18:00:00+00:00,3196.474609375,3197.333984375,3181.61474609375,3183.18359375,345942016
2025-12-11 18:15:00+00:00,3201.16357421875,3201.16357421875,3194.946533203125,3195.913818359375,306092032
2025-12-11 18:30:00+00:00,3223.836181640625,3223.836181640625,3198.11328125,3200.1201171875,249913344
2025-12-11 18:45:00+00:00,3199.3837890625,3233.2197265625,3199.3837890625,3230.880859375,928040960
2025-12-11 19:00:00+00:00,3195.5927734375,3214.362060546875,3193.072265625,3208.524658203125,0
2025-12-11 19:15:00+00:00,3209.389892578125,3212.475341796875,3199.470947265625,3199.470947265625,313917440
2025-12-11 19:30:00+00:00,3215.10302734375,3227.810791015625,3211.88330078125,3211.88330078125,212439040
2025-12-11 19:45:00+00:00,3194.64892578125,3220.228271484375,3194.225341796875,3216.34228515625,83429376
2025-12-11 20:00:00+00:00,3217.5546875,3217.5546875,3195.472412109375,3195.472412109375,109973504
2025-12-11 20:15:00+00:00,3202.783203125,3217.447021484375,3199.5361328125,3216.783203125,246779904
2025-12-11 20:30:00+00:00,3216.41748046875,3222.416259765625,3202.9560546875,3202.9560546875,461824000
2025-12-11 20:45:00+00:00,3226.05029296875,3226.1240234375,3212.389404296875,3216.041748046875,160137216
2025-12-11 21:00:00+00:00,3239.543212890625,3241.0751953125,3218.78076171875,3222.197998046875,571017216
2025-12-11 21:15:00+00:00,3246.83984375,3258.186767578125,3240.74169921875,3240.74169921875,701171712
2025-12-11 21:30:00+00:00,3258.48974609375,3270.73681640625,3248.753662109375,3248.753662109375,282834944
2025-12-11 21:45:00+00:00,3250.107177734375,3269.15771484375,3250.107177734375,3265.301025390625,157362176
2025-12-11 22:00:00+00:00,3255.3583984375,3256.419189453125,3250.228271484375,3250.228271484375,364154880
2025-12-11 22:15:00+00:00,3236.848876953125,3262.756591796875,3235.201416015625,3262.756591796875,160538624
2025-12-11 22:30:00+00:00,3237.1826171875,3248.126220703125,3235.021240234375,3235.021240234375,230481920
2025-12-11 22:45:00+00:00,3241.33447265625,3241.33447265625,3232.774658203125,3238.719482421875,282464256
2025-12-11 23:00:00+00:00,3231.430908203125,3243.263916015625,3230.620361328125,3240.170166015625,336551936
2025-12-11 23:15:00+00:00,3232.38330078125,3237.461181640625,3229.529052734375,3229.576904296875,295589888
2025-12-11 23:30:00+00:00,3241.630859375,3241.630859375,3231.035400390625,3231.035400390625,117977088
2025-12-11 23:45:00+00:00,3236.83154296875,3242.204833984375,3235.8125,3241.510498046875,618999808
2025-12-12 00:00:00+00:00,3231.1123046875,3238.8623046875,3231.1123046875,3237.53662109375,53176320
2025-12-12 00:15:00+00:00,3236.32568359375,3243.8818359375,3231.235107421875,3231.235107421875,314198016
2025-12-12 00:30:00+00:00,3234.050537109375,3237.241943359375,3233.308837890625,3237.134033203125,177737728
2025-12-12 00:45:00+00:00,3201.95263671875,3232.0078125,3201.95263671875,3231.56298828125,0
2025-12-12 01:00:00+00:00,3210.170166015625,3212.552490234375,3188.593505859375,3188.593505859375,399548416
2025-12-12 01:15:00+00:00,3231.1982421875,3234.749755859375,3218.818115234375,3218.818115234375,453476352
2025-12-12 01:30:00+00:00,3242.748779296875,3244.413330078125,3232.4443359375,3233.55126953125,3520512
2025-12-12 01:45:00+00:00,3232.734375,3239.022705078125,3231.36669921875,3237.10791015625,238223360
2025-12-12 02:00:00+00:00,3252.111083984375,3252.111083984375,3229.5673828125,3235.26171875,626989056
2025-12-12 02:15:00+00:00,3251.685546875,3252.32421875,3247.84765625,3248.676513671875,137529344
2025-12-12 02:30:00+00:00,3249.6181640625,3251.386962890625,3247.137451171875,3249.347412109375,141185024
2025-12-12 02:45:00+00:00,3258.979248046875,3265.37255859375,3249.1279296875,3250.171142578125,42426368
2025-12-12 03:00:00+00:00,3255.977294921875,3263.294677734375,3255.977294921875,3259.39453125,0
2025-12-12 03:15:00+00:00,3241.796142578125,3253.2099609375,3240.53369140625,3253.2099609375,66347008
2025-12-12 03:30:00+00:00,3248.343017578125,3249.114013671875,3242.83154296875,3242.98388671875,0
2025-12-12 03:45:00+00:00,3247.02294921875,3250.118896484375,3247.02294921875,3248.807373046875,297498624
2025-12-12 04:00:00+00:00,3245.260986328125,3248.136962890625,3245.260986328125,3247.084716796875,157556736
2025-12-12 04:15:00+00:00,3243.79541015625,3245.190673828125,3242.818603515625,3245.142578125,0
2025-12-12 04:30:00+00:00,3243.344482421875,3243.710693359375,3242.4833984375,3243.710693359375,0
2025-12-12 04:45:00+00:00,3248.579833984375,3250.549072265625,3244.295654296875,3244.295654296875,226603008
2025-12-12 05:00:00+00:00,3243.9033203125,3251.38916015625,3243.9033203125,3248.158447265625,350300160
2025-12-12 05:15:00+00:00,3234.79541015625,3243.409912109375,3234.79541015625,3242.71337890625,92123136
2025-12-12 05:30:00+00:00,3244.508056640625,3244.508056640625,3235.501953125,3235.501953125,369045504
2025-12-12 05:45:00+00:00,3247.919921875,3249.260009765625,3244.4873046875,3244.4873046875,279617536
2025-12-12 06:00:00+00:00,3261.079345703125,3261.368896484375,3248.145751953125,3248.30859375,1322891264
2025-12-12 06:15:00+00:00,3258.669677734375,3264.3984375,3258.669677734375,3263.9755859375,261693440
2025-12-12 06:30:00+00:00,3257.309814453125,3258.386962890625,3255.879638671875,3258.386962890625,3194880
2025-12-12 06:45:00+00:00,3254.0361328125,3257.239990234375,3251.23193359375,3256.46533203125,245628928
2025-12-12 07:00:00+00:00,3254.001953125,3254.036376953125,3251.513427734375,3254.036376953125,0
2025-12-12 07:15:00+00:00,3255.1123046875,3255.1123046875,3251.671875,3253.328369140625,325363712
2025-12-12 07:30:00+00:00,3251.134033203125,3257.327880859375,3246.073486328125,3255.07421875,589133824
2025-12-12 07:45:00+00:00,3248.080810546875,3251.94873046875,3248.080810546875,3251.517578125,227414016
2025-12-12 08:00:00+00:00,3250.103515625,3250.103515625,3245.108642578125,3246.255615234375,0
2025-12-12 08:15:00+00:00,3240.963623046875,3249.71875,3240.963623046875,3249.658935546875,0
2025-12-12 08:30:00+00:00,3240.24853515625,3240.24853515625,3236.562255859375,3238.569091796875,528873472
2025-12-12 08:45:00+00:00,3244.049072265625,3246.3271484375,3238.60693359375,3240.01416015625,0
2025-12-12 09:00:00+00:00,3245.470703125,3248.84228515625,3241.181884765625,3247.474365234375,106534912
2025-12-12 09:15:00+00:00,3242.81103515625,3249.333251953125,3242.81103515625,3246.376953125,482234368
2025-12-12 09:30:00+00:00,3242.8349609375,3242.8349609375,3238.533203125,3238.533203125,192794624
2025-12-12 09:45:00+00:00,3253.91650390625,3253.91650390625,3241.96142578125,3242.73681640625,298192896
2025-12-12 10:00:00+00:00,3253.04150390625,3254.928955078125,3252.1884765625,3253.136962890625,35770368
2025-12-12 10:15:00+00:00,3248.854248046875,3253.25537109375,3246.84228515625,3253.014404296875,193454080
2025-12-12 10:30:00+00:00,3245.37060546875,3248.96435546875,3243.810302734375,3248.91650390625,253814784
2025-12-12 10:45:00+00:00,3246.406494140625,3248.01171875,3245.09375,3245.27734375,396402688
2025-12-12 11:00:00+00:00,3240.20556640625,3245.667724609375,3240.20556640625,3245.667724609375,0
2025-12-12 11:15:00+00:00,3234.6318359375,3238.720703125,3230.275146484375,3238.720703125,996976640
2025-12-12 11:30:00+00:00,3241.400390625,3241.400390625,3234.194091796875,3234.194091796875,66785280
2025-12-12 11:45:00+00:00,3240.902587890625,3240.902587890625,3238.663330078125,3240.33349609375,49641472
2025-12-12 12:00:00+00:00,3238.057861328125,3243.036865234375,3236.89794921875,3243.036865234375,0
2025-12-12 12:15:00+00:00,3236.52685546875,3241.275390625,3236.52685546875,3238.546142578125,6119424
2025-12-12 12:30:00+00:00,3237.109375,3239.361083984375,3235.599365234375,3236.421875,1986560
2025-12-12 12:45:00+00:00,3247.606689453125,3247.606689453125,3236.612060546875,3236.612060546875,659664896
2025-12-12 13:00:00+00:00,3247.061279296875,3248.4052734375,3245.29150390625,3248.4052734375,208111616
2025-12-12 13:15:00+00:00,3242.34228515625,3250.969482421875,3242.34228515625,3246.548095703125,231708672
2025-12-12 13:30:00+00:00,3241.572021484375,3245.576416015625,3241.572021484375,3243.66943359375,372140032
2025-12-12 13:45:00+00:00,3240.78271484375,3243.79541015625,3239.9453125,3239.9453125,84041728
2025-12-12 14:00:00+00:00,3237.76611328125,3241.955078125,3237.05126953125,3241.955078125,0
2025-12-12 14:15:00+00:00,3227.89013671875,3237.961669921875,3227.52294921875,3237.32763671875,339724288
2025-12-12 14:30:00+00:00,3231.1865234375,3245.8125,3221.5908203125,3221.5908203125,452900864
2025-12-12 14:45:00+00:00,3236.223876953125,3236.315185546875,3223.896728515625,3230.126953125,0
2025-12-12 15:00:00+00:00,3211.373291015625,3225.6376953125,3204.96875,3224.106689453125,781985792
2025-12-12 15:15:00+00:00,3164.927978515625,3207.68212890625,3164.927978515625,3207.68212890625,198494208
2025-12-12 15:30:00+00:00,3104.6767578125,3156.058837890625,3095.768798828125,3156.058837890625,1889542144
2025-12-12 15:45:00+00:00,3066.207275390625,3116.860595703125,3066.207275390625,3105.577392578125,1158666240
2025-12-12 16:00:00+00:00,3075.330810546875,3082.35693359375,3064.076416015625,3072.9990234375,1365970944
2025-12-12 16:15:00+00:00,3084.286865234375,3084.807861328125,3053.87109375,3072.935546875,1101367296
2025-12-12 16:30:00+00:00,3055.4931640625,3085.529541015625,3051.628662109375,3085.529541015625,973592576
2025-12-12 16:45:00+00:00,3065.14501953125,3074.966064453125,3055.485107421875,3055.485107421875,616316928
2025-12-12 17:00:00+00:00,3088.04052734375,3095.541015625,3069.16796875,3072.176513671875,678393856
2025-12-12 17:15:00+00:00,3070.105224609375,3098.907470703125,3070.105224609375,3093.14453125,60733440
2025-12-12 17:30:00+00:00,3071.067626953125,3074.835693359375,3066.41259765625,3066.41259765625,721506304
2025-12-12 17:45:00+00:00,3067.398681640625,3077.287109375,3067.398681640625,3072.9091796875,69679104
2025-12-12 18:00:00+00:00,3087.73193359375,3088.21044921875,3066.43701171875,3066.43701171875,0
2025-12-12 18:15:00+00:00,3088.42724609375,3091.34619140625,3075.525390625,3086.9873046875,822585344
2025-12-12 18:30:00+00:00,3097.976318359375,3097.976318359375,3087.74951171875,3089.556396484375,328546304
2025-12-12 18:45:00+00:00,3083.844482421875,3096.178955078125,3083.844482421875,3090.64892578125,0
2025-12-12 19:00:00+00:00,3070.32763671875,3081.17919921875,3070.32763671875,3081.17919921875,332169216
2025-12-12 19:15:00+00:00,3073.88134765625,3081.1982421875,3071.052978515625,3072.328125,1047697408
2025-12-12 19:30:00+00:00,3069.22802734375,3075.86328125,3069.22802734375,3073.83935546875,416620544
2025-12-12 19:45:00+00:00,3070.733642578125,3073.390625,3065.85107421875,3068.375,56469504
2025-12-12 20:00:00+00:00,3070.68359375,3075.229248046875,3070.68359375,3074.052001953125,57182208
2025-12-12 20:15:00+00:00,3072.966552734375,3081.013916015625,3072.358642578125,3072.358642578125,27379712
2025-12-12 20:30:00+00:00,3075.674560546875,3075.674560546875,3068.9921875,3074.779296875,191315968
2025-12-12 20:45:00+00:00,3077.9365234375,3085.347412109375,3077.683837890625,3078.2578125,0
2025-12-12 21:00:00+00:00,3087.30859375,3087.85986328125,3078.14453125,3082.064453125,0
2025-12-12 21:15:00+00:00,3083.886474609375,3085.34130859375,3081.8486328125,3085.34130859375,53336064
2025-12-12 21:30:00+00:00,3088.3779296875,3089.580322265625,3086.962158203125,3086.962158203125,55613440
2025-12-12 21:45:00+00:00,3083.669677734375,3089.947509765625,3083.261962890625,3087.983154296875,0
2025-12-12 22:00:00+00:00,3090.695068359375,3090.695068359375,3082.15576171875,3082.15576171875,0
2025-12-12 22:15:00+00:00,3094.20068359375,3094.20068359375,3088.51025390625,3089.3916015625,0
2025-12-12 22:30:00+00:00,3090.94482421875,3094.202880859375,3090.94482421875,3093.86962890625,168312832
2025-12-12 22:45:00+00:00,3092.587890625,3092.587890625,3089.576171875,3091.855224609375,152160256
2025-12-12 23:00:00+00:00,3096.13037109375,3096.40234375,3093.468505859375,3093.468505859375,196300800
2025-12-12 23:15:00+00:00,3091.247314453125,3094.9716796875,3091.15478515625,3094.9716796875,0
2025-12-12 23:30:00+00:00,3087.720703125,3090.345947265625,3086.24072265625,3090.345947265625,0
2025-12-12 23:45:00+00:00,3083.76025390625,3088.1416015625,3083.76025390625,3088.1416015625,0
2025-12-13 00:00:00+00:00,3092.52587890625,3093.791748046875,3086.50048828125,3086.50048828125,595134464
2025-12-13 00:15:00+00:00,3088.8408203125,3091.8671875,3088.8408203125,3091.8671875,0
2025-12-13 00:30:00+00:00,3086.035400390625,3087.260498046875,3085.94384765625,3087.23779296875,20938752
2025-12-13 00:45:00+00:00,3086.72509765625,3086.72509765625,3085.128662109375,3086.369873046875,0
2025-12-13 01:00:00+00:00,3090.1728515625,3090.1728515625,3086.265869140625,3086.73095703125,0
2025-12-13 01:15:00+00:00,3089.274169921875,3090.339599609375,3089.274169921875,3090.166748046875,0
2025-12-13 01:30:00+00:00,3084.076416015625,3089.99560546875,3084.076416015625,3089.808349609375,0
2025-12-13 01:45:00+00:00,3083.322265625,3083.322265625,3080.07861328125,3081.397216796875,624850944
2025-12-13 02:00:00+00:00,3087.20654296875,3088.439208984375,3085.002197265625,3085.002197265625,146407424
2025-12-13 02:15:00+00:00,3088.162109375,3089.350830078125,3087.988525390625,3087.988525390625,0
2025-12-13 02:30:00+00:00,3087.507080078125,3088.324462890625,3086.132568359375,3088.324462890625,107038720
2025-12-13 02:45:00+00:00,3085.422607421875,3087.23046875,3085.251708984375,3087.201416015625,0
2025-12-13 03:00:00+00:00,3088.6962890625,3088.78173828125,3085.325439453125,3085.37890625,0
2025-12-13 03:15:00+00:00,3090.79638671875,3091.735595703125,3090.2783203125,3090.2783203125,0
2025-12-13 03:30:00+00:00,3092.49609375,3093.160400390625,3089.70458984375,3089.70458984375,1923072
2025-12-13 03:45:00+00:00,3089.718505859375,3092.426513671875,3089.718505859375,3091.9345703125,0
2025-12-13 04:00:00+00:00,3089.42626953125,3090.5966796875,3089.42626953125,3090.5966796875,168570880
2025-12-13 04:15:00+00:00,3091.099853515625,3091.48876953125,3089.283935546875,3089.45654296875,6893568
2025-12-13 04:30:00+00:00,3091.445556640625,3092.072998046875,3087.725341796875,3089.527099609375,53006336
2025-12-13 04:45:00+00:00,3091.013427734375,3092.50048828125,3090.96484375,3091.264404296875,130979840
2025-12-13 05:00:00+00:00,3090.86376953125,3091.566650390625,3090.719970703125,3090.832763671875,0
2025-12-13 05:15:00+00:00,3089.81103515625,3090.970458984375,3089.1396484375,3090.877685546875,0
2025-12-13 05:30:00+00:00,3086.84375,3089.3125,3086.84375,3089.1904296875,87259136
2025-12-13 05:45:00+00:00,3089.306884765625,3089.306884765625,3086.30224609375,3086.83837890625,3024896
2025-12-13 06:00:00+00:00,3087.626953125,3089.469482421875,3087.3564453125,3089.429931640625,0
2025-12-13 06:15:00+00:00,3086.579833984375,3088.07421875,3086.37060546875,3088.02197265625,0
2025-12-13 06:30:00+00:00,3091.8349609375,3091.8349609375,3086.631591796875,3087.055419921875,142329856
2025-12-13 06:45:00+00:00,3094.7265625,3095.136474609375,3090.56201171875,3090.56201171875,0
2025-12-13 07:00:00+00:00,3094.2451171875,3094.533203125,3094.134033203125,3094.227783203125,32557056
2025-12-13 07:15:00+00:00,3094.82568359375,3095.04833984375,3091.370361328125,3091.971923828125,12027904
2025-12-13 07:30:00+00:00,3094.502197265625,3095.091064453125,3093.73095703125,3094.595703125,0
2025-12-13 07:45:00+00:00,3095.202880859375,3095.216796875,3093.8017578125,3094.638916015625,36079616
2025-12-13 08:00:00+00:00,3095.76708984375,3095.979736328125,3095.09765625,3095.09765625,0
2025-12-13 08:15:00+00:00,3124.643310546875,3126.040771484375,3102.92822265625,3102.92822265625,318406656
2025-12-13 08:30:00+00:00,3111.82177734375,3122.994873046875,3111.82177734375,3122.994873046875,609669120
2025-12-13 08:45:00+00:00,3115.841796875,3118.13720703125,3112.322509765625,3112.322509765625,29241344
2025-12-13 09:00:00+00:00,3121.09814453125,3121.09814453125,3116.500244140625,3116.500244140625,137242624
2025-12-13 09:15:00+00:00,3114.093505859375,3120.77392578125,3114.093505859375,3120.77392578125,50124800
2025-12-13 09:30:00+00:00,3117.946533203125,3118.915771484375,3114.8076171875,3114.978271484375,124254208
2025-12-13 09:45:00+00:00,3120.022216796875,3121.507568359375,3117.00732421875,3117.349609375,225796096
2025-12-13 10:00:00+00:00,3120.188232421875,3120.70703125,3118.540283203125,3118.8701171875,142467072
2025-12-13 10:15:00+00:00,3128.800048828125,3129.98095703125,3121.24072265625,3121.24072265625,144916480
2025-12-13 10:30:00+00:00,3133.358642578125,3134.7060546875,3128.289306640625,3128.68017578125,55732224
2025-12-13 10:45:00+00:00,3127.29052734375,3133.10302734375,3126.478271484375,3133.10302734375,204718080
2025-12-13 11:00:00+00:00,3128.552490234375,3128.552490234375,3125.02783203125,3127.999267578125,225431552
2025-12-13 11:15:00+00:00,3125.874267578125,3127.22607421875,3125.409912109375,3126.569580078125,0
2025-12-13 11:30:00+00:00,3119.32421875,3124.95849609375,3119.32421875,3124.95849609375,0
2025-12-13 11:45:00+00:00,3119.970458984375,3121.80859375,3118.04296875,3119.72216796875,156360704
2025-12-13 12:00:00+00:00,3125.0556640625,3126.41015625,3119.95654296875,3119.95654296875,0
2025-12-13 12:15:00+00:00,3117.7958984375,3123.8681640625,3117.7958984375,3123.8681640625,133044224
2025-12-13 12:30:00+00:00,3115.069091796875,3119.240966796875,3115.069091796875,3119.240966796875,269051904
2025-12-13 12:45:00+00:00,3115.149169921875,3115.149169921875,3111.66015625,3111.66015625,126298112
2025-12-13 13:00:00+00:00,3111.62353515625,3118.48974609375,3111.62353515625,3117.173095703125,337938432
2025-12-13 13:15:00+00:00,3101.484130859375,3113.51171875,3101.484130859375,3111.533203125,196878336
2025-12-13 13:30:00+00:00,3106.7763671875,3106.7763671875,3097.585693359375,3099.587646484375,53174272
2025-12-13 13:45:00+00:00,3110.202880859375,3110.283203125,3105.903564453125,3106.662353515625,44529664
2025-12-13 14:00:00+00:00,3112.4560546875,3112.50390625,3108.30810546875,3112.278564453125,295084032
2025-12-13 14:15:00+00:00,3100.11767578125,3115.942138671875,3100.11767578125,3115.783447265625,0
2025-12-13 14:30:00+00:00,3108.6806640625,3110.84521484375,3098.00927734375,3098.00927734375,39680000
2025-12-13 14:45:00+00:00,3112.646240234375,3115.129638671875,3108.83544921875,3108.83544921875,372465664
2025-12-13 15:00:00+00:00,3118.98876953125,3122.39453125,3113.398681640625,3113.630126953125,0
2025-12-13 15:15:00+00:00,3117.39892578125,3120.773193359375,3116.578125,3118.998779296875,0
2025-12-13 15:30:00+00:00,3113.866455078125,3119.3544921875,3113.866455078125,3118.19677734375,0
2025-12-13 15:45:00+00:00,3111.19775390625,3113.609375,3107.4736328125,3113.609375,0
2025-12-13 16:00:00+00:00,3110.95166015625,3116.76611328125,3110.95166015625,3111.19775390625,0
2025-12-13 16:15:00+00:00,3104.21923828125,3111.15234375,3104.18408203125,3111.15234375,0
2025-12-13 16:30:00+00:00,3104.599609375,3107.810546875,3102.278564453125,3105.048828125,348829696
2025-12-13 16:45:00+00:00,3106.3232421875,3108.030517578125,3104.135498046875,3104.135498046875,230665216
2025-12-13 17:00:00+00:00,3102.458984375,3106.18505859375,3100.0146484375,3106.18505859375,0
2025-12-13 17:15:00+00:00,3099.165771484375,3103.442138671875,3099.165771484375,3102.31787109375,0
2025-12-13 17:30:00+00:00,3103.79638671875,3104.170166015625,3098.322998046875,3098.884033203125,0
2025-12-13 17:45:00+00:00,3100.974365234375,3103.693115234375,3100.557861328125,3103.693115234375,62775296
2025-12-13 18:00:00+00:00,3107.876708984375,3108.88037109375,3101.44287109375,3101.44287109375,0
2025-12-13 18:15:00+00:00,3108.21728515625,3110.09619140625,3107.8447265625,3110.09619140625,0
2025-12-13 18:30:00+00:00,3107.504638671875,3108.7353515625,3107.02734375,3107.616943359375,0
2025-12-13 18:45:00+00:00,3101.3818359375,3108.15380859375,3101.3818359375,3108.15380859375,0
2025-12-13 19:00:00+00:00,3105.83203125,3105.927490234375,3101.668212890625,3102.345458984375,0
2025-12-13 19:15:00+00:00,3105.6611328125,3107.288818359375,3105.4697265625,3106.3525390625,0
2025-12-13 19:30:00+00:00,3110.586669921875,3110.6162109375,3105.428466796875,3105.768310546875,3336192
2025-12-13 19:45:00+00:00,3109.46728515625,3112.146728515625,3108.7685546875,3111.178955078125,0
2025-12-13 20:00:00+00:00,3107.767822265625,3110.357421875,3107.767822265625,3109.886474609375,0
2025-12-13 20:15:00+00:00,3108.7216796875,3108.997314453125,3107.046875,3107.046875,4466688
2025-12-13 20:30:00+00:00,3108.822509765625,3109.502685546875,3107.516845703125,3109.487548828125,0
2025-12-13 20:45:00+00:00,3103.813720703125,3109.015869140625,3103.813720703125,3107.500732421875,445329408
2025-12-13 21:00:00+00:00,3101.00244140625,3105.2841796875,3101.00244140625,3104.661865234375,26346496
2025-12-13 21:15:00+00:00,3102.12158203125,3103.82763671875,3101.22021484375,3101.22021484375,453774336
2025-12-13 21:30:00+00:00,3106.436767578125,3106.436767578125,3084.852783203125,3102.3662109375,132744192
2025-12-13 21:45:00+00:00,3112.694091796875,3113.896240234375,3102.6484375,3106.874755859375,103506944
2025-12-13 22:00:00+00:00,3112.80126953125,3118.479736328125,3112.625,3113.287353515625,123340800
2025-12-13 22:15:00+00:00,3108.44873046875,3111.26318359375,3106.66357421875,3106.66357421875,57331712
2025-12-13 22:30:00+00:00,3115.635498046875,3115.635498046875,3108.68994140625,3108.743896484375,23977984
2025-12-13 22:45:00+00:00,3112.491943359375,3117.132080078125,3112.085205078125,3115.57470703125,62946304
2025-12-13 23:00:00+00:00,3114.240234375,3114.633544921875,3112.176025390625,3114.351318359375,123994112
2025-12-13 23:15:00+00:00,3113.413818359375,3115.22412109375,3112.66796875,3114.1142578125,60933120
2025-12-13 23:30:00+00:00,3114.76708984375,3115.949951171875,3113.18017578125,3113.927978515625,0
2025-12-13 23:45:00+00:00,3116.415771484375,3117.992431640625,3115.111083984375,3115.632080078125,82583552
2025-12-14 00:00:00+00:00,3109.45263671875,3115.77880859375,3106.76318359375,3115.77880859375,86490112
2025-12-14 00:15:00+00:00,3111.894775390625,3113.81494140625,3108.862548828125,3111.081787109375,99080192
2025-12-14 00:30:00+00:00,3118.025634765625,3118.814697265625,3111.17822265625,3111.17822265625,135845888
2025-12-14 00:45:00+00:00,3118.32373046875,3120.697021484375,3118.32373046875,3118.968017578125,55664640
2025-12-14 01:00:00+00:00,3121.789306640625,3121.789306640625,3118.717529296875,3119.919189453125,22335488
2025-12-14 01:15:00+00:00,3128.072021484375,3128.072021484375,3122.26123046875,3122.26123046875,32980992
2025-12-14 01:30:00+00:00,3120.53369140625,3128.37841796875,3119.702880859375,3128.37841796875,92285952
2025-12-14 01:45:00+00:00,3119.53759765625,3119.959716796875,3117.41650390625,3117.563232421875,0
2025-12-14 02:00:00+00:00,3123.978759765625,3124.3486328125,3120.196533203125,3120.678955078125,68380672
2025-12-14 02:15:00+00:00,3125.624267578125,3125.624267578125,3122.306396484375,3123.308349609375,27564032
2025-12-14 02:30:00+00:00,3120.142578125,3125.763916015625,3117.553955078125,3124.81494140625,30795776
2025-12-14 02:45:00+00:00,3123.214599609375,3123.214599609375,3120.327392578125,3120.98681640625,112986112
2025-12-14 03:00:00+00:00,3124.07080078125,3125.6376953125,3123.107421875,3123.447998046875,19589120
2025-12-14 03:15:00+00:00,3122.21728515625,3124.0048828125,3121.985107421875,3123.885009765625,657408
2025-12-14 03:30:00+00:00,3120.62158203125,3121.82666015625,3119.29541015625,3121.82666015625,16869376
2025-12-14 03:45:00+00:00,3119.804931640625,3120.7861328125,3119.0380859375,3120.72802734375,15310848
2025-12-14 04:00:00+00:00,3121.787353515625,3121.787353515625,3119.254638671875,3119.473388671875,0
2025-12-14 04:15:00+00:00,3119.71875,3121.984375,3119.71875,3121.664794921875,31028224
2025-12-14 04:30:00+00:00,3111.8095703125,3120.7900390625,3111.8095703125,3120.2421875,2296832
2025-12-14 04:45:00+00:00,3111.044677734375,3112.10107421875,3109.95556640625,3110.06884765625,806213632
2025-12-14 05:00:00+00:00,3110.435546875,3113.205810546875,3109.336181640625,3110.857421875,28321792
2025-12-14 05:15:00+00:00,3107.401611328125,3110.23388671875,3106.501220703125,3110.23388671875,65700864
2025-12-14 05:30:00+00:00,3113.172607421875,3113.474609375,3107.656005859375,3107.656005859375,24545280
2025-12-14 05:45:00+00:00,3112.4873046875,3114.916015625,3112.4873046875,3113.408203125,73274368
2025-12-14 06:00:00+00:00,3111.86083984375,3112.747314453125,3110.447021484375,3112.552734375,5481472
2025-12-14 06:15:00+00:00,3108.456298828125,3113.4697265625,3108.456298828125,3111.756103515625,2454528
2025-12-14 06:30:00+00:00,3111.9501953125,3112.189697265625,3107.155517578125,3108.43994140625,152111104
2025-12-14 06:45:00+00:00,3110.545654296875,3112.628173828125,3110.3388671875,3112.316650390625,11684864
2025-12-14 07:00:00+00:00,3111.78076171875,3112.05712890625,3110.239013671875,3111.0888671875,10479616
2025-12-14 07:15:00+00:00,3110.89794921875,3111.60205078125,3110.693603515625,3111.60205078125,0
2025-12-14 07:30:00+00:00,3111.257568359375,3111.358642578125,3109.837158203125,3110.768310546875,13596672
2025-12-14 07:45:00+00:00,3115.837158203125,3117.0029296875,3111.07421875,3111.36572265625,32756736
2025-12-14 08:00:00+00:00,3118.19384765625,3118.763427734375,3115.81494140625,3115.81494140625,33309696
2025-12-14 08:15:00+00:00,3118.06298828125,3118.94775390625,3116.345947265625,3117.856201171875,0
2025-12-14 08:30:00+00:00,3117.017578125,3119.88232421875,3116.748046875,3118.568603515625,0
2025-12-14 08:45:00+00:00,3112.5244140625,3116.96923828125,3112.5244140625,3116.876953125,25597952
2025-12-14 09:00:00+00:00,3112.6142578125,3113.187255859375,3111.603515625,3111.603515625,7323648
2025-12-14 09:15:00+00:00,3112.30517578125,3113.372802734375,3111.274658203125,3112.121337890625,9806848
2025-12-14 09:30:00+00:00,3112.02978515625,3112.961181640625,3109.0927734375,3111.90966796875,58279936
2025-12-14 09:45:00+00:00,3109.6884765625,3111.41162109375,3109.66796875,3111.41162109375,0
2025-12-14 10:00:00+00:00,3100.2890625,3110.925048828125,3100.2890625,3109.650390625,34870272
2025-12-14 10:15:00+00:00,3110.575927734375,3111.492431640625,3099.939208984375,3100.461181640625,15670272
2025-12-14 10:30:00+00:00,3105.461181640625,3107.3056640625,3104.127197265625,3107.3056640625,250048512
2025-12-14 10:45:00+00:00,3108.2314453125,3108.511474609375,3105.75537109375,3106.221923828125,96572416
2025-12-14 11:00:00+00:00,3103.02392578125,3108.2041015625,3101.840576171875,3106.2919921875,606792704
2025-12-14 11:15:00+00:00,3095.553955078125,3102.814453125,3095.553955078125,3102.814453125,325803008
2025-12-14 11:30:00+00:00,3078.27197265625,3094.654296875,3078.27197265625,3091.784423828125,273334272
2025-12-14 11:45:00+00:00,3085.380126953125,3086.133056640625,3059.04150390625,3066.79296875,611946496
2025-12-14 12:00:00+00:00,3086.23388671875,3091.0029296875,3073.953369140625,3085.739990234375,154534912
2025-12-14 12:15:00+00:00,3099.95458984375,3101.642822265625,3090.31982421875,3090.31982421875,818186240
2025-12-14 12:30:00+00:00,3106.099609375,3106.099609375,3098.619384765625,3098.619384765625,66448384
2025-12-14 12:45:00+00:00,3099.6337890625,3107.742431640625,3099.6337890625,3104.209228515625,72825856
2025-12-14 13:00:00+00:00,3092.6005859375,3095.710205078125,3083.668212890625,3095.710205078125,74077184
2025-12-14 13:15:00+00:00,3092.717041015625,3093.23095703125,3087.927978515625,3091.9794921875,169410560
2025-12-14 13:30:00+00:00,3089.71337890625,3094.395751953125,3089.251953125,3092.5712890625,13647872
2025-12-14 13:45:00+00:00,3097.07763671875,3097.07763671875,3088.92138671875,3090.54052734375,12198912
2025-12-14 14:00:00+00:00,3101.6064453125,3105.320556640625,3099.33935546875,3100.179931640625,165291008
2025-12-14 14:15:00+00:00,3093.702880859375,3099.482177734375,3093.702880859375,3099.482177734375,69610496
2025-12-14 14:30:00+00:00,3078.729248046875,3094.732666015625,3078.729248046875,3094.732666015625,136401920
2025-12-14 14:45:00+00:00,3086.24609375,3086.24609375,3076.392578125,3078.165771484375,162402304
2025-12-14 15:00:00+00:00,3075.736572265625,3084.945068359375,3074.46630859375,3084.945068359375,154500096
2025-12-14 15:15:00+00:00,3075.946533203125,3083.107666015625,3075.806396484375,3076.67333984375,23813120
2025-12-14 15:30:00+00:00,3086.6376953125,3086.6376953125,3077.38525390625,3078.40966796875,187992064
2025-12-14 15:45:00+00:00,3085.00146484375,3085.608154296875,3082.685546875,3085.334716796875,132746240
2025-12-14 16:00:00+00:00,3081.31884765625,3084.634521484375,3079.98046875,3084.634521484375,26825728
2025-12-14 16:15:00+00:00,3100.700439453125,3104.49853515625,3082.0537109375,3082.0537109375,0
2025-12-14 16:30:00+00:00,3088.802734375,3101.82763671875,3088.802734375,3100.898681640625,309558272
2025-12-14 16:45:00+00:00,3091.1162109375,3095.907958984375,3086.371337890625,3086.371337890625,279958528
2025-12-14 17:00:00+00:00,3088.723388671875,3100.968017578125,3088.723388671875,3098.318359375,154587136
2025-12-14 17:15:00+00:00,3082.570068359375,3088.583984375,3078.81005859375,3080.175048828125,105777152
2025-12-14 17:30:00+00:00,3083.6025390625,3083.64501953125,3076.96240234375,3082.499267578125,26655744
2025-12-14 17:45:00+00:00,3086.27734375,3088.4140625,3080.030029296875,3082.6337890625,525820928
2025-12-14 18:00:00+00:00,3091.29296875,3091.576904296875,3083.4736328125,3085.283447265625,94726144
2025-12-14 18:15:00+00:00,3087.560546875,3096.352783203125,3085.868896484375,3090.9765625,183832576
2025-12-14 18:30:00+00:00,3094.705078125,3096.89990234375,3087.72021484375,3087.72021484375,213945344
2025-12-14 18:45:00+00:00,3104.09423828125,3104.09423828125,3092.746826171875,3094.686767578125,488747008
2025-12-14 19:00:00+00:00,3094.514892578125,3103.268798828125,3090.75537109375,3103.268798828125,122303488
2025-12-14 19:15:00+00:00,3096.269775390625,3096.269775390625,3089.1689453125,3094.1650390625,332207104
2025-12-14 19:30:00+00:00,3092.54931640625,3098.100341796875,3088.9736328125,3096.857666015625,231693312
2025-12-14 19:45:00+00:00,3091.444091796875,3094.467529296875,3089.772705078125,3092.108642578125,455571456
2025-12-14 20:00:00+00:00,3082.656494140625,3094.75439453125,3069.792724609375,3094.5546875,271951872
2025-12-14 20:15:00+00:00,3090.87939453125,3096.264892578125,3090.87939453125,3095.0615234375,453480448
2025-12-14 20:30:00+00:00,3092.33837890625,3092.33837890625,3088.538818359375,3089.90087890625,101817344
2025-12-14 20:45:00+00:00,3084.273681640625,3093.230224609375,3084.273681640625,3092.8427734375,16727040
2025-12-14 21:00:00+00:00,3084.37890625,3084.37890625,3080.64990234375,3083.945556640625,44759040
2025-12-14 21:15:00+00:00,3087.78271484375,3090.0986328125,3084.962890625,3084.962890625,60313600
2025-12-14 21:30:00+00:00,3080.44384765625,3087.296630859375,3080.44384765625,3087.296630859375,37433344
2025-12-14 21:45:00+00:00,3082.303955078125,3082.37158203125,3078.904296875,3082.37158203125,128303104
2025-12-14 22:00:00+00:00,3078.05908203125,3087.74853515625,3078.05908203125,3082.2099609375,233323520
2025-12-14 22:15:00+00:00,3074.216064453125,3084.6005859375,3074.216064453125,3078.78662109375,245169152
2025-12-14 22:30:00+00:00,3064.0419921875,3074.8056640625,3057.946533203125,3074.8056640625,266219520
2025-12-14 22:45:00+00:00,3070.7607421875,3070.7607421875,3058.278076171875,3064.45068359375,176866304
2025-12-14 23:00:00+00:00,3066.906005859375,3080.616943359375,3064.765869140625,3073.93896484375,196916224
2025-12-14 23:15:00+00:00,3062.91552734375,3070.012939453125,3058.60107421875,3066.796630859375,244601856
2025-12-14 23:30:00+00:00,3058.3564453125,3064.00830078125,3034.692626953125,3062.730224609375,664104960
2025-12-14 23:45:00+00:00,3059.845458984375,3067.574951171875,3054.42333984375,3056.911376953125,196284416
2025-12-15 00:00:00+00:00,3060.108154296875,3082.742431640625,3060.108154296875,3062.03076171875,169562112
2025-12-15 00:15:00+00:00,3075.352294921875,3077.560546875,3059.345458984375,3060.2265625,1181594624
2025-12-15 00:30:00+00:00,3059.742919921875,3079.90234375,3058.43603515625,3074.39501953125,250116096
2025-12-15 00:45:00+00:00,3075.90478515625,3076.29736328125,3060.429443359375,3061.779541015625,509116416
2025-12-15 01:00:00+00:00,3074.850830078125,3076.420166015625,3067.623779296875,3075.10791015625,249952256
2025-12-15 01:15:00+00:00,3076.704833984375,3079.41748046875,3072.7646484375,3075.427734375,310317056
2025-12-15 01:30:00+00:00,3108.646728515625,3115.68359375,3076.647705078125,3076.787109375,151374848
2025-12-15 01:45:00+00:00,3111.84228515625,3116.98876953125,3104.142578125,3104.969970703125,554678272
2025-12-15 02:00:00+00:00,3122.129638671875,3126.188232421875,3109.656982421875,3110.7333984375,496219136
2025-12-15 02:15:00+00:00,3130.841064453125,3147.748779296875,3122.099365234375,3122.099365234375,588453888
2025-12-15 02:30:00+00:00,3118.6240234375,3136.342041015625,3118.6240234375,3133.73046875,214390784
2025-12-15 02:45:00+00:00,3121.8662109375,3124.642578125,3118.09716796875,3121.23779296875,347889664
2025-12-15 03:00:00+00:00,3120.006103515625,3124.978759765625,3118.262939453125,3119.00927734375,137930752
2025-12-15 03:15:00+00:00,3120.0107421875,3125.149169921875,3120.0107421875,3120.937255859375,203649024
2025-12-15 03:30:00+00:00,3114.2744140625,3118.703125,3111.643310546875,3118.703125,295127040
2025-12-15 03:45:00+00:00,3112.11962890625,3116.220703125,3111.6552734375,3115.45849609375,76046336
2025-12-15 04:00:00+00:00,3114.13525390625,3115.979248046875,3109.419677734375,3109.419677734375,1187510272
2025-12-15 04:15:00+00:00,3106.84912109375,3117.18701171875,3106.02490234375,3114.411865234375,139782144
2025-12-15 04:30:00+00:00,3120.226318359375,3120.77099609375,3107.99169921875,3108.3408203125,374202368
2025-12-15 04:45:00+00:00,3125.2060546875,3125.404541015625,3120.67919921875,3121.292236328125,427538432
2025-12-15 05:00:00+00:00,3122.146484375,3124.3623046875,3121.900146484375,3123.91357421875,185010176
2025-12-15 05:15:00+00:00,3122.8994140625,3123.557373046875,3121.36767578125,3122.203125,4007936
2025-12-15 05:30:00+00:00,3119.42041015625,3122.556884765625,3118.097412109375,3122.556884765625,223135744
2025-12-15 05:45:00+00:00,3119.753662109375,3120.680419921875,3116.3779296875,3118.2880859375,10057728
2025-12-15 06:00:00+00:00,3118.941650390625,3120.54736328125,3116.27001953125,3119.839111328125,71753728
2025-12-15 06:15:00+00:00,3121.25732421875,3121.25732421875,3117.32568359375,3117.4755859375,182130688
2025-12-15 06:30:00+00:00,3128.768798828125,3128.79931640625,3120.509033203125,3120.509033203125,20500480
2025-12-15 06:45:00+00:00,3137.595703125,3142.78125,3128.362548828125,3128.362548828125,492394496
2025-12-15 07:00:00+00:00,3127.600341796875,3140.49365234375,3126.455078125,3137.667236328125,336670720
2025-12-15 07:15:00+00:00,3128.562255859375,3130.774658203125,3128.4384765625,3128.4384765625,223856640
2025-12-15 07:30:00+00:00,3125.09228515625,3130.180908203125,3124.38330078125,3128.4794921875,48732160
2025-12-15 07:45:00+00:00,3129.625244140625,3129.7783203125,3124.476318359375,3124.77587890625,150198272
2025-12-15 08:00:00+00:00,3128.7216796875,3132.806884765625,3126.422607421875,3129.2275390625,291272704
2025-12-15 08:15:00+00:00,3142.0029296875,3142.0029296875,3128.957275390625,3128.957275390625,53276672
2025-12-15 08:30:00+00:00,3141.05078125,3141.6220703125,3138.654296875,3140.609619140625,307910656
2025-12-15 08:45:00+00:00,3140.456787109375,3143.14404296875,3140.258056640625,3141.102294921875,28928000
2025-12-15 09:00:00+00:00,3143.52001953125,3147.322509765625,3141.347900390625,3141.347900390625,76599296
2025-12-15 09:15:00+00:00,3146.498046875,3148.967041015625,3144.659423828125,3145.55029296875,77729792
2025-12-15 09:30:00+00:00,3147.3623046875,3147.88818359375,3145.9267578125,3147.049072265625,41025536
2025-12-15 09:45:00+00:00,3153.935302734375,3157.88232421875,3144.88134765625,3146.759521484375,844929024
2025-12-15 10:00:00+00:00,3156.69677734375,3156.69677734375,3152.699951171875,3154.014892578125,323174400
2025-12-15 10:15:00+00:00,3172.0458984375,3172.0458984375,3154.6982421875,3157.25048828125,0
2025-12-15 10:30:00+00:00,3160.06201171875,3175.1181640625,3160.06201171875,3170.369140625,695744512
2025-12-15 10:45:00+00:00,3158.367919921875,3158.926513671875,3155.60986328125,3158.926513671875,264228864
2025-12-15 11:00:00+00:00,3159.33154296875,3162.065673828125,3158.402587890625,3158.402587890625,0
2025-12-15 11:15:00+00:00,3159.255615234375,3159.67236328125,3156.91796875,3157.817626953125,54153216
2025-12-15 11:30:00+00:00,3148.995361328125,3159.527099609375,3147.60205078125,3159.527099609375,0
2025-12-15 11:45:00+00:00,3156.67822265625,3156.916259765625,3148.186279296875,3148.186279296875,0
2025-12-15 12:00:00+00:00,3148.939453125,3156.6337890625,3148.939453125,3156.6337890625,763949056
2025-12-15 12:15:00+00:00,3150.2744140625,3153.9287109375,3149.115966796875,3149.115966796875,520720384
2025-12-15 12:30:00+00:00,3153.236328125,3153.874267578125,3149.63671875,3149.63671875,48138240
2025-12-15 12:45:00+00:00,3157.72705078125,3157.877197265625,3150.862060546875,3152.79541015625,0
2025-12-15 13:00:00+00:00,3141.6337890625,3156.649169921875,3139.44580078125,3156.649169921875,574875648
2025-12-15 13:15:00+00:00,3138.46435546875,3142.87646484375,3133.583740234375,3142.87646484375,124686336
2025-12-15 13:30:00+00:00,3138.1943359375,3139.03125,3130.663330078125,3138.00439453125,291084288
2025-12-15 13:45:00+00:00,3133.573486328125,3139.995849609375,3133.573486328125,3137.314697265625,146532352
2025-12-15 14:00:00+00:00,3135.75244140625,3137.944580078125,3132.98291015625,3132.98291015625,685854720
2025-12-15 14:15:00+00:00,3130.997802734375,3144.4248046875,3128.5771484375,3137.364990234375,31979520
2025-12-15 14:30:00+00:00,3127.814453125,3145.499267578125,3118.403564453125,3130.805419921875,917821440
2025-12-15 14:45:00+00:00,3053.501953125,3125.363037109375,3041.839599609375,3125.363037109375,141412352
2025-12-15 15:00:00+00:00,3037.804931640625,3054.5087890625,3022.5390625,3051.198486328125,2463590400
2025-12-15 15:15:00+00:00,3001.386962890625,3035.819580078125,2993.999267578125,3035.819580078125,1515286528
2025-12-15 15:30:00+00:00,3002.96728515625,3011.0908203125,2989.497314453125,3002.8974609375,584187904
2025-12-15 15:45:00+00:00,3005.4951171875,3024.064453125,2998.207763671875,3010.020751953125,615073792
2025-12-15 16:00:00+00:00,3004.671630859375,3014.509765625,3002.234619140625,3011.001708984375,267999232
2025-12-15 16:15:00+00:00,3009.780517578125,3012.734130859375,3005.603271484375,3005.603271484375,1067794432
2025-12-15 16:30:00+00:00,2974.15771484375,3006.330322265625,2969.281982421875,3006.330322265625,203460608
2025-12-15 16:45:00+00:00,2982.13134765625,2990.052734375,2970.98876953125,2978.70068359375,1865070592
2025-12-15 17:00:00+00:00,2974.281005859375,2990.886474609375,2974.281005859375,2988.470703125,150599680
2025-12-15 17:15:00+00:00,2975.63525390625,2981.612060546875,2970.479248046875,2974.924072265625,394956800
2025-12-15 17:30:00+00:00,2958.82177734375,2974.9443359375,2953.114990234375,2974.661376953125,928382976
2025-12-15 17:45:00+00:00,2934.41015625,2956.05419921875,2934.41015625,2956.05419921875,468828160
2025-12-15 18:00:00+00:00,2937.034423828125,2942.762451171875,2928.642333984375,2934.180419921875,587929600
2025-12-15 18:15:00+00:00,2932.26904296875,2939.207763671875,2925.60107421875,2938.93115234375,545454080
2025-12-15 18:30:00+00:00,2915.653564453125,2929.138427734375,2906.865234375,2929.138427734375,445315072
2025-12-15 18:45:00+00:00,2937.370849609375,2937.370849609375,2916.80224609375,2916.80224609375,74192896
2025-12-15 19:00:00+00:00,2931.491455078125,2962.225830078125,2931.491455078125,2938.7373046875,564938752
2025-12-15 19:15:00+00:00,2948.552734375,2953.15185546875,2933.835205078125,2933.835205078125,554270720
2025-12-15 19:30:00+00:00,2947.1259765625,2953.43310546875,2946.418701171875,2946.418701171875,200153088
2025-12-15 19:45:00+00:00,2943.849365234375,2944.23681640625,2937.4423828125,2943.8603515625,1025447936
2025-12-15 20:00:00+00:00,2924.753662109375,2941.25,2924.49462890625,2941.25,464205824
2025-12-15 20:15:00+00:00,2926.51123046875,2928.158203125,2918.768310546875,2925.548828125,417382400
2025-12-15 20:30:00+00:00,2939.65380859375,2944.478759765625,2922.675048828125,2924.66015625,265736192
2025-12-15 20:45:00+00:00,2930.490478515625,2937.860107421875,2929.69287109375,2937.860107421875,388141056
2025-12-15 21:00:00+00:00,2923.929443359375,2930.548828125,2921.4970703125,2930.548828125,84621312
2025-12-15 21:15:00+00:00,2943.99951171875,2943.99951171875,2923.1875,2923.1875,138762240
2025-12-15 21:30:00+00:00,2938.383544921875,2946.045166015625,2937.83056640625,2943.970947265625,1433323520
2025-12-15 21:45:00+00:00,2943.828125,2943.828125,2938.47705078125,2938.47705078125,180531200
2025-12-15 22:00:00+00:00,2942.100341796875,2945.035400390625,2940.372314453125,2945.035400390625,335581184
2025-12-15 22:15:00+00:00,2940.1640625,2941.88427734375,2936.776123046875,2941.2431640625,22837248
2025-12-15 22:30:00+00:00,2939.81005859375,2941.090087890625,2938.57373046875,2940.45703125,97296384
2025-12-15 22:45:00+00:00,2947.885009765625,2947.885009765625,2939.229248046875,2940.685302734375,29411328
2025-12-15 23:00:00+00:00,2967.909912109375,2967.909912109375,2951.625244140625,2951.625244140625,664578048
2025-12-15 23:15:00+00:00,2957.52001953125,2968.135009765625,2956.73779296875,2968.135009765625,311863296
2025-12-15 23:30:00+00:00,2964.373291015625,2964.373291015625,2958.05712890625,2958.05712890625,0
2025-12-15 23:45:00+00:00,2964.2216796875,2965.19140625,2961.16845703125,2965.19140625,180142080
2025-12-16 00:00:00+00:00,2968.827392578125,2972.0986328125,2960.60205078125,2964.31201171875,19720192
2025-12-16 00:15:00+00:00,2974.71337890625,2976.627197265625,2969.208251953125,2969.208251953125,0
2025-12-16 00:30:00+00:00,2961.486083984375,2972.1748046875,2957.92724609375,2972.1748046875,45139968
2025-12-16 00:45:00+00:00,2945.362060546875,2962.07861328125,2945.362060546875,2962.07861328125,129026048
2025-12-16 01:00:00+00:00,2956.117431640625,2957.200439453125,2940.348876953125,2942.3994140625,869414912
2025-12-16 01:15:00+00:00,2948.946533203125,2958.533447265625,2947.5810546875,2955.5537109375,254294016
2025-12-16 01:30:00+00:00,2940.92578125,2953.911865234375,2937.744384765625,2949.034912109375,134836224
2025-12-16 01:45:00+00:00,2946.838134765625,2947.3056640625,2944.465087890625,2946.02001953125,185225216
2025-12-16 02:00:00+00:00,2947.75830078125,2947.799560546875,2940.91796875,2947.469482421875,240556032
2025-12-16 02:15:00+00:00,2964.012939453125,2964.012939453125,2943.28662109375,2947.356201171875,181688320
2025-12-16 02:30:00+00:00,2958.099365234375,2963.984130859375,2955.05859375,2963.984130859375,425119744
2025-12-16 02:45:00+00:00,2945.640869140625,2955.626953125,2943.642333984375,2954.649658203125,978991104
2025-12-16 03:00:00+00:00,2931.74609375,2949.3212890625,2931.74609375,2946.322509765625,151959552
2025-12-16 03:15:00+00:00,2935.827392578125,2935.827392578125,2930.347900390625,2930.347900390625,196339712
2025-12-16 03:30:00+00:00,2935.82470703125,2939.1435546875,2923.702392578125,2939.1435546875,391737344
2025-12-16 03:45:00+00:00,2936.011962890625,2937.63232421875,2932.178955078125,2933.862060546875,264353792
2025-12-16 04:00:00+00:00,2930.43994140625,2936.011962890625,2930.43994140625,2936.011962890625,201629696
2025-12-16 04:15:00+00:00,2919.197021484375,2929.77587890625,2919.197021484375,2929.77587890625,323477504
2025-12-16 04:30:00+00:00,2914.13720703125,2921.06396484375,2904.599609375,2920.259033203125,348960768
2025-12-16 04:45:00+00:00,2916.924560546875,2916.924560546875,2890.01171875,2911.26904296875,985186304
2025-12-16 05:00:00+00:00,2920.21923828125,2923.7568359375,2917.257080078125,2917.257080078125,376354816
2025-12-16 05:15:00+00:00,2918.29052734375,2922.940185546875,2916.6484375,2917.54345703125,342992896
2025-12-16 05:30:00+00:00,2923.858154296875,2924.4404296875,2914.870849609375,2916.998779296875,119037952
2025-12-16 05:45:00+00:00,2923.98681640625,2926.70068359375,2918.657470703125,2922.734130859375,145336320
2025-12-16 06:00:00+00:00,2933.572509765625,2936.2841796875,2923.259033203125,2923.259033203125,39782400
2025-12-16 06:15:00+00:00,2941.261962890625,2941.93505859375,2934.047607421875,2935.792724609375,291241984
2025-12-16 06:30:00+00:00,2940.21728515625,2941.93798828125,2939.342041015625,2941.85009765625,0
2025-12-16 06:45:00+00:00,2948.611572265625,2948.611572265625,2941.3349609375,2941.3349609375,649488384
2025-12-16 07:00:00+00:00,2940.3056640625,2946.868408203125,2940.021484375,2945.376953125,125689856
2025-12-16 07:15:00+00:00,2930.95654296875,2937.837890625,2929.72509765625,2937.837890625,35438592
2025-12-16 07:30:00+00:00,2920.67822265625,2932.473388671875,2920.67822265625,2931.113037109375,248645632
2025-12-16 07:45:00+00:00,2924.55712890625,2926.328857421875,2922.88525390625,2922.88525390625,325423104
2025-12-16 08:00:00+00:00,2932.588623046875,2932.588623046875,2923.7841796875,2923.7841796875,106700800
2025-12-16 08:15:00+00:00,2926.216796875,2931.302978515625,2923.17626953125,2931.302978515625,109811712
2025-12-16 08:30:00+00:00,2932.371337890625,2932.371337890625,2925.618408203125,2928.80615234375,43485184
2025-12-16 08:45:00+00:00,2928.45947265625,2937.47607421875,2927.836181640625,2933.83740234375,156635136
2025-12-16 09:00:00+00:00,2930.13671875,2930.35693359375,2928.88720703125,2930.35693359375,90486784
2025-12-16 09:15:00+00:00,2927.91162109375,2929.79638671875,2925.087890625,2929.79638671875,22224896
2025-12-16 09:30:00+00:00,2929.73974609375,2933.343505859375,2926.48046875,2927.927490234375,255617024
2025-12-16 09:45:00+00:00,2925.512451171875,2932.174072265625,2925.001220703125,2931.18603515625,0
2025-12-16 10:00:00+00:00,2928.742919921875,2928.742919921875,2924.097900390625,2926.05615234375,7675904
2025-12-16 10:15:00+00:00,2929.41455078125,2931.85107421875,2928.166015625,2928.606201171875,0
2025-12-16 10:30:00+00:00,2959.520263671875,2959.520263671875,2928.52880859375,2928.52880859375,0
2025-12-16 10:45:00+00:00,2949.212158203125,2961.9697265625,2944.14208984375,2959.323486328125,473083904
2025-12-16 11:00:00+00:00,2944.498291015625,2945.51904296875,2940.670654296875,2941.681640625,330065920
2025-12-16 11:15:00+00:00,2956.361083984375,2956.361083984375,2947.0908203125,2947.0908203125,219273216
2025-12-16 11:30:00+00:00,2954.02099609375,2960.2685546875,2951.77197265625,2956.99658203125,35360768
2025-12-16 11:45:00+00:00,2956.968994140625,2957.768798828125,2950.9404296875,2953.353271484375,227067904
2025-12-16 12:00:00+00:00,2962.630615234375,2962.630615234375,2955.77880859375,2956.774658203125,319229952
2025-12-16 12:15:00+00:00,2950.66796875,2959.73779296875,2950.140380859375,2958.7568359375,8712192
2025-12-16 12:30:00+00:00,2950.756591796875,2953.277099609375,2947.963134765625,2950.0263671875,38017024
2025-12-16 12:45:00+00:00,2952.00341796875,2957.616455078125,2950.27099609375,2953.133544921875,67569664
2025-12-16 13:00:00+00:00,2951.45849609375,2952.387451171875,2948.376220703125,2952.387451171875,3897344
2025-12-16 13:15:00+00:00,2959.56005859375,2959.56005859375,2950.868896484375,2953.297119140625,83869696
2025-12-16 13:30:00+00:00,2941.814697265625,2969.788330078125,2934.261962890625,2969.788330078125,782358528
2025-12-16 13:45:00+00:00,2918.224609375,2936.6884765625,2918.224609375,2931.37548828125,386797568
2025-12-16 14:00:00+00:00,2919.516357421875,2927.271484375,2895.5556640625,2914.939208984375,390803456
2025-12-16 14:15:00+00:00,2930.0419921875,2938.482666015625,2921.16357421875,2922.903564453125,360214528
2025-12-16 14:30:00+00:00,2933.2099609375,2943.193359375,2930.973388671875,2933.376953125,447072256
2025-12-16 14:45:00+00:00,2939.184814453125,2950.72607421875,2923.549560546875,2935.405029296875,394186752
2025-12-16 15:00:00+00:00,2935.779052734375,2944.0791015625,2927.22509765625,2940.645751953125,0
2025-12-16 15:15:00+00:00,2922.39599609375,2937.9501953125,2917.592041015625,2937.9501953125,90753024
2025-12-16 15:30:00+00:00,2933.021484375,2938.68017578125,2925.49072265625,2926.0791015625,16826368
2025-12-16 15:45:00+00:00,2965.499755859375,2972.3740234375,2938.89306640625,2938.89306640625,350515200
2025-12-16 16:00:00+00:00,2945.59912109375,2962.292724609375,2945.59912109375,2962.292724609375,243668992
2025-12-16 16:15:00+00:00,2952.115966796875,2954.7685546875,2942.77294921875,2945.965087890625,0
2025-12-16 16:30:00+00:00,2928.601318359375,2948.501953125,2926.569580078125,2948.501953125,0
2025-12-16 16:45:00+00:00,2941.790771484375,2941.790771484375,2931.07666015625,2932.807373046875,405706752
2025-12-16 17:00:00+00:00,2948.33349609375,2950.43603515625,2937.383056640625,2938.55712890625,198318080
2025-12-16 17:15:00+00:00,2929.189697265625,2951.392578125,2928.03125,2951.392578125,0
2025-12-16 17:30:00+00:00,2922.959228515625,2938.794189453125,2922.959228515625,2930.5869140625,43223040
2025-12-16 17:45:00+00:00,2921.924560546875,2928.134765625,2921.924560546875,2927.015625,48078848
2025-12-16 18:00:00+00:00,2931.876708984375,2931.876708984375,2915.2802734375,2919.0732421875,0
2025-12-16 18:15:00+00:00,2928.631591796875,2931.687744140625,2925.23779296875,2931.05859375,110362624
2025-12-16 18:30:00+00:00,2949.553466796875,2950.54833984375,2929.291259765625,2929.291259765625,229797888
2025-12-16 18:45:00+00:00,2951.362060546875,2965.53125,2951.035888671875,2951.035888671875,679247872
2025-12-16 19:00:00+00:00,2925.203857421875,2951.2880859375,2925.203857421875,2951.2880859375,0
2025-12-16 19:15:00+00:00,2927.064453125,2930.148193359375,2921.26220703125,2922.42041015625,172736512
2025-12-16 19:30:00+00:00,2941.580810546875,2941.580810546875,2929.255615234375,2929.255615234375,27285504
2025-12-16 19:45:00+00:00,2946.047119140625,2955.56591796875,2943.71533203125,2943.71533203125,158373888
2025-12-16 20:00:00+00:00,2948.20556640625,2951.5068359375,2943.864013671875,2945.511962890625,83300352
2025-12-16 20:15:00+00:00,2950.240234375,2952.4296875,2943.114990234375,2948.853271484375,0
2025-12-16 20:30:00+00:00,2960.669189453125,2961.3623046875,2950.2548828125,2950.759765625,491884544
2025-12-16 20:45:00+00:00,2949.601806640625,2961.1201171875,2949.015380859375,2960.86865234375,452782080
2025-12-16 21:00:00+00:00,2940.70361328125,2948.211181640625,2938.718505859375,2948.211181640625,121475072
2025-12-16 21:15:00+00:00,2946.733154296875,2946.733154296875,2940.83837890625,2942.07470703125,167389184
2025-12-16 21:30:00+00:00,2956.7109375,2957.881103515625,2947.79833984375,2947.79833984375,51939328
2025-12-16 21:45:00+00:00,2950.706298828125,2955.6533203125,2950.569091796875,2955.2978515625,159668224
2025-12-16 22:00:00+00:00,2952.244140625,2954.822265625,2950.633544921875,2950.633544921875,0
2025-12-16 22:15:00+00:00,2953.31298828125,2953.31298828125,2945.89453125,2945.89453125,160966656
2025-12-16 22:30:00+00:00,2956.997314453125,2956.997314453125,2954.666259765625,2956.5791015625,227330048
2025-12-16 22:45:00+00:00,2953.079833984375,2957.171630859375,2952.870849609375,2957.171630859375,195403776
2025-12-16 23:00:00+00:00,2950.658447265625,2954.300537109375,2949.2890625,2953.756103515625,0
2025-12-16 23:15:00+00:00,2950.90380859375,2955.6494140625,2950.90380859375,2951.247314453125,0
2025-12-16 23:30:00+00:00,2959.943359375,2959.943359375,2952.471923828125,2952.90087890625,0
2025-12-16 23:45:00+00:00,2964.03759765625,2964.480224609375,2960.021240234375,2961.12353515625,26157056
2025-12-17 00:00:00+00:00,2952.596923828125,2962.631103515625,2952.596923828125,2962.631103515625,0
2025-12-17 00:15:00+00:00,2952.25732421875,2953.190673828125,2949.48193359375,2951.1845703125,0
2025-12-17 00:30:00+00:00,2945.371337890625,2950.66259765625,2945.371337890625,2950.66259765625,140744704
2025-12-17 00:45:00+00:00,2949.511474609375,2950.698486328125,2944.935302734375,2944.935302734375,0
2025-12-17 01:00:00+00:00,2954.65771484375,2955.274169921875,2949.87939453125,2949.87939453125,0
2025-12-17 01:15:00+00:00,2960.978515625,2971.470947265625,2953.708251953125,2953.708251953125,131201024
2025-12-17 01:30:00+00:00,2956.5751953125,2965.54443359375,2956.5751953125,2963.76318359375,157538304
2025-12-17 01:45:00+00:00,2951.830078125,2957.906005859375,2949.455322265625,2955.171875,163047424
2025-12-17 02:00:00+00:00,2944.155517578125,2952.994140625,2944.155517578125,2952.994140625,162220032
2025-12-17 02:15:00+00:00,2948.16650390625,2948.16650390625,2940.563720703125,2942.220947265625,229017600
2025-12-17 02:30:00+00:00,2953.57421875,2953.57421875,2944.448974609375,2947.53125,0
2025-12-17 02:45:00+00:00,2958.7509765625,2964.384521484375,2954.751708984375,2954.751708984375,26990592
2025-12-17 03:00:00+00:00,2956.142578125,2960.74462890625,2956.142578125,2958.962158203125,74856448
2025-12-17 03:15:00+00:00,2952.765380859375,2956.650634765625,2952.765380859375,2955.883544921875,146702336
2025-12-17 03:30:00+00:00,2949.359619140625,2950.957763671875,2945.7255859375,2950.957763671875,110866432
2025-12-17 03:45:00+00:00,2946.284423828125,2948.982421875,2945.267578125,2948.302734375,0
2025-12-17 04:00:00+00:00,2947.967529296875,2950.101806640625,2947.340576171875,2947.340576171875,99244032
2025-12-17 04:15:00+00:00,2940.10546875,2947.703857421875,2935.422119140625,2947.703857421875,0
2025-12-17 04:30:00+00:00,2930.39453125,2939.4677734375,2929.01513671875,2939.407958984375,239319040
2025-12-17 04:45:00+00:00,2932.177978515625,2932.599365234375,2928.32373046875,2930.078369140625,0
2025-12-17 05:00:00+00:00,2934.89501953125,2935.005615234375,2917.71484375,2931.645751953125,0
2025-12-17 05:15:00+00:00,2919.2373046875,2933.298095703125,2915.16748046875,2933.298095703125,225710080
2025-12-17 05:30:00+00:00,2925.23828125,2925.53369140625,2917.87060546875,2921.53173828125,513220608
2025-12-17 05:45:00+00:00,2929.70361328125,2933.27392578125,2924.904052734375,2926.00830078125,174884864
2025-12-17 06:00:00+00:00,2939.857666015625,2940.962646484375,2929.758544921875,2929.758544921875,168435712
2025-12-17 06:15:00+00:00,2940.6796875,2941.59716796875,2937.75390625,2940.22998046875,161222656
2025-12-17 06:30:00+00:00,2935.968017578125,2942.23828125,2935.968017578125,2940.81103515625,4544512
2025-12-17 06:45:00+00:00,2935.56494140625,2935.858642578125,2933.927490234375,2935.74560546875,152997888
2025-12-17 07:00:00+00:00,2936.050537109375,2941.175048828125,2935.13818359375,2935.659912109375,28160000
2025-12-17 07:15:00+00:00,2936.911865234375,2937.58203125,2932.575927734375,2935.353515625,11724800
2025-12-17 07:30:00+00:00,2949.721435546875,2950.190673828125,2937.329833984375,2937.329833984375,496859136
2025-12-17 07:45:00+00:00,2947.23974609375,2948.680419921875,2945.978515625,2948.680419921875,198828032
2025-12-17 08:00:00+00:00,2941.947998046875,2947.1044921875,2940.518310546875,2947.1044921875,0
2025-12-17 08:15:00+00:00,2929.906005859375,2942.48876953125,2929.906005859375,2942.386962890625,113502208
2025-12-17 08:30:00+00:00,2924.82177734375,2930.879150390625,2923.451416015625,2930.086669921875,207347712
2025-12-17 08:45:00+00:00,2923.665771484375,2926.406005859375,2922.6357421875,2925.580078125,7116800
2025-12-17 09:00:00+00:00,2925.655517578125,2926.652099609375,2920.673828125,2924.553466796875,190287872
2025-12-17 09:15:00+00:00,2920.4365234375,2931.505126953125,2919.859130859375,2926.7431640625,10289152
2025-12-17 09:30:00+00:00,2925.63720703125,2925.63720703125,2919.822509765625,2920.4462890625,147304448
2025-12-17 09:45:00+00:00,2924.281494140625,2926.671630859375,2924.281494140625,2926.671630859375,0
2025-12-17 10:00:00+00:00,2925.539306640625,2925.539306640625,2913.865478515625,2923.0810546875,45017088
2025-12-17 10:15:00+00:00,2921.8857421875,2925.8974609375,2920.969970703125,2925.8974609375,120754176
2025-12-17 10:30:00+00:00,2922.579345703125,2923.89697265625,2915.385009765625,2920.037841796875,144816128
2025-12-17 10:45:00+00:00,2918.578369140625,2924.820068359375,2915.887451171875,2923.117431640625,0
2025-12-17 11:00:00+00:00,2928.677978515625,2928.677978515625,2918.047119140625,2919.069580078125,75874304
2025-12-17 11:15:00+00:00,2927.2841796875,2928.712158203125,2926.7861328125,2928.712158203125,177829888
2025-12-17 11:30:00+00:00,2930.999755859375,2932.13330078125,2926.825439453125,2927.33203125,106168320
2025-12-17 11:45:00+00:00,2927.415283203125,2931.57568359375,2926.347412109375,2930.300048828125,188573696
2025-12-17 12:00:00+00:00,2933.194091796875,2934.57373046875,2927.60302734375,2927.60302734375,44544000
2025-12-17 12:15:00+00:00,2923.801513671875,2932.911865234375,2923.801513671875,2932.911865234375,9596928
2025-12-17 12:30:00+00:00,2926.571044921875,2930.345458984375,2924.6162109375,2925.33642578125,167471104
2025-12-17 12:45:00+00:00,2925.14599609375,2927.169921875,2920.1142578125,2920.41845703125,76363776
2025-12-17 13:00:00+00:00,2928.750244140625,2932.36767578125,2924.0810546875,2925.048095703125,146784256
2025-12-17 13:15:00+00:00,2925.3662109375,2925.3662109375,2919.60302734375,2922.905517578125,103282688
2025-12-17 13:30:00+00:00,2928.41064453125,2929.04345703125,2924.94970703125,2924.94970703125,0
2025-12-17 13:45:00+00:00,2947.168212890625,2947.168212890625,2936.5859375,2939.326416015625,118069248
2025-12-17 14:00:00+00:00,2942.46630859375,2946.016845703125,2941.3330078125,2945.3310546875,0
2025-12-17 14:15:00+00:00,2941.122314453125,2947.037109375,2940.544677734375,2940.544677734375,0
2025-12-17 14:30:00+00:00,2925.466796875,2947.399169921875,2925.466796875,2941.431396484375,0
2025-12-17 14:45:00+00:00,2978.542724609375,2978.542724609375,2893.55322265625,2925.811279296875,499823616
2025-12-17 15:00:00+00:00,3015.414794921875,3021.396728515625,2984.328369140625,2984.328369140625,1878216704
2025-12-17 15:15:00+00:00,3011.787353515625,3024.725341796875,3006.6025390625,3022.093505859375,474478592
2025-12-17 15:30:00+00:00,2955.95458984375,3013.91455078125,2955.95458984375,3012.4951171875,559988736
2025-12-17 15:45:00+00:00,2903.1240234375,2950.719482421875,2903.1240234375,2950.719482421875,1015848960
2025-12-17 16:00:00+00:00,2898.685302734375,2923.729248046875,2898.685302734375,2903.493896484375,242065408
2025-12-17 16:15:00+00:00,2848.033447265625,2884.32421875,2847.1484375,2884.32421875,936962048
2025-12-17 16:30:00+00:00,2843.60302734375,2854.30224609375,2835.23486328125,2845.9189453125,776603648
2025-12-17 16:45:00+00:00,2858.326416015625,2858.326416015625,2843.501953125,2848.126220703125,151801856
2025-12-17 17:00:00+00:00,2857.0380859375,2867.567626953125,2845.5166015625,2867.567626953125,197701632
2025-12-17 17:15:00+00:00,2869.435546875,2876.074951171875,2856.62890625,2856.62890625,505329664
2025-12-17 17:30:00+00:00,2853.53564453125,2866.704833984375,2853.53564453125,2866.455810546875,40126464
2025-12-17 17:45:00+00:00,2849.715576171875,2854.99609375,2846.41748046875,2847.108642578125,274931712
2025-12-17 18:00:00+00:00,2852.901611328125,2858.9306640625,2846.862548828125,2846.862548828125,38533120
2025-12-17 18:15:00+00:00,2848.515625,2857.160400390625,2846.63623046875,2851.431396484375,60782592
2025-12-17 18:30:00+00:00,2819.71435546875,2849.6240234375,2819.71435546875,2849.00048828125,81485824
2025-12-17 18:45:00+00:00,2807.69775390625,2825.80908203125,2807.69775390625,2825.80908203125,1054062592
2025-12-17 19:00:00+00:00,2795.7158203125,2811.79345703125,2792.779541015625,2811.439208984375,327260160
2025-12-17 19:15:00+00:00,2807.92138671875,2814.123291015625,2799.558349609375,2800.134765625,339382272
2025-12-17 19:30:00+00:00,2803.94580078125,2811.491943359375,2797.074951171875,2807.505859375,106291200
2025-12-17 19:45:00+00:00,2817.488525390625,2818.63623046875,2810.42041015625,2810.42041015625,317159424
2025-12-17 20:00:00+00:00,2806.797607421875,2818.65185546875,2806.797607421875,2818.65185546875,378427392
2025-12-17 20:15:00+00:00,2829.729248046875,2832.229736328125,2807.73828125,2807.73828125,710760448
2025-12-17 20:30:00+00:00,2825.43505859375,2830.37109375,2819.01513671875,2830.37109375,303167488
2025-12-17 20:45:00+00:00,2817.05224609375,2827.649169921875,2816.102783203125,2826.677490234375,525084672
2025-12-17 21:00:00+00:00,2826.9130859375,2827.131103515625,2818.740966796875,2818.740966796875,330194944
2025-12-17 21:15:00+00:00,2818.924072265625,2825.90576171875,2816.072265625,2825.90576171875,57184256
2025-12-17 21:30:00+00:00,2814.69384765625,2820.542724609375,2813.04443359375,2819.23876953125,29382656
2025-12-17 21:45:00+00:00,2818.875,2819.924560546875,2815.125732421875,2817.08251953125,141522944
2025-12-17 22:00:00+00:00,2825.222900390625,2825.222900390625,2813.795166015625,2818.02783203125,239497216
2025-12-17 22:15:00+00:00,2834.943359375,2834.943359375,2821.4072265625,2823.93212890625,318464000
2025-12-17 22:30:00+00:00,2828.224853515625,2832.486572265625,2826.075439453125,2831.1337890625,133539840
2025-12-17 22:45:00+00:00,2834.62353515625,2836.22998046875,2826.0732421875,2829.01123046875,49920000
2025-12-17 23:00:00+00:00,2822.134521484375,2834.388916015625,2822.134521484375,2834.388916015625,236677120
2025-12-17 23:15:00+00:00,2822.4765625,2823.97607421875,2818.3603515625,2820.96337890625,61259776
2025-12-17 23:30:00+00:00,2828.53076171875,2828.53076171875,2821.951904296875,2824.22021484375,107597824
2025-12-17 23:45:00+00:00,2828.8994140625,2829.790283203125,2826.9921875,2827.726318359375,226043904
2025-12-18 00:00:00+00:00,2830.65283203125,2833.34765625,2826.671875,2832.8203125,48752640
2025-12-18 00:15:00+00:00,2830.09619140625,2832.880859375,2827.2568359375,2831.041748046875,455712768
2025-12-18 00:30:00+00:00,2832.62548828125,2836.117431640625,2831.9775390625,2833.802734375,17940480
2025-12-18 00:45:00+00:00,2834.904052734375,2836.690673828125,2831.890625,2831.9296875,421191680
2025-12-18 01:00:00+00:00,2825.775146484375,2835.001708984375,2822.574951171875,2835.001708984375,0
2025-12-18 01:15:00+00:00,2826.479248046875,2829.96630859375,2824.703369140625,2827.609130859375,325517312
2025-12-18 01:30:00+00:00,2828.359130859375,2829.000244140625,2824.056884765625,2825.517578125,148271104
2025-12-18 01:45:00+00:00,2826.49609375,2831.22216796875,2823.239013671875,2828.656494140625,110671872
2025-12-18 02:00:00+00:00,2836.026611328125,2836.026611328125,2822.00927734375,2826.374755859375,48775168
2025-12-18 02:15:00+00:00,2834.07470703125,2842.494384765625,2829.1494140625,2834.033447265625,46979072
2025-12-18 02:30:00+00:00,2839.01025390625,2841.181884765625,2833.999755859375,2833.999755859375,225513472
2025-12-18 02:45:00+00:00,2836.04736328125,2841.9306640625,2835.498779296875,2839.940673828125,227221504
2025-12-18 03:00:00+00:00,2836.383544921875,2836.383544921875,2832.824462890625,2833.419677734375,567478272
2025-12-18 03:15:00+00:00,2828.5576171875,2836.383544921875,2827.409423828125,2836.383544921875,89417728
2025-12-18 03:30:00+00:00,2828.767822265625,2829.986083984375,2823.24853515625,2827.692626953125,323921920
2025-12-18 03:45:00+00:00,2830.112060546875,2830.93408203125,2827.876708984375,2828.0810546875,217565184
2025-12-18 04:00:00+00:00,2831.8486328125,2838.350830078125,2831.1787109375,2831.447509765625,53893120
2025-12-18 04:15:00+00:00,2836.185302734375,2838.57568359375,2832.2080078125,2832.2080078125,57796608
2025-12-18 04:30:00+00:00,2839.3486328125,2839.3486328125,2836.6044921875,2836.6044921875,67432448
2025-12-18 04:45:00+00:00,2837.102783203125,2838.865966796875,2836.637451171875,2838.865966796875,205873152
2025-12-18 05:00:00+00:00,2830.76953125,2836.9072265625,2830.76953125,2836.9072265625,206592000
2025-12-18 05:15:00+00:00,2827.095947265625,2828.419677734375,2825.703857421875,2828.419677734375,189091840
2025-12-18 05:30:00+00:00,2830.899169921875,2832.338134765625,2824.52734375,2826.769287109375,5378048
2025-12-18 05:45:00+00:00,2824.48291015625,2830.396484375,2824.19287109375,2830.396484375,230467584
2025-12-18 06:00:00+00:00,2829.623046875,2829.623046875,2823.52734375,2824.497314453125,0
2025-12-18 06:15:00+00:00,2826.83349609375,2829.953125,2825.18603515625,2829.66552734375,196796416
2025-12-18 06:30:00+00:00,2829.2841796875,2829.963623046875,2825.820068359375,2826.595947265625,27234304
2025-12-18 06:45:00+00:00,2829.787109375,2829.787109375,2826.61376953125,2828.578369140625,30058496
2025-12-18 07:00:00+00:00,2834.158203125,2834.7451171875,2828.709228515625,2831.638916015625,241715200
2025-12-18 07:15:00+00:00,2836.554443359375,2836.72119140625,2835.00830078125,2835.18505859375,258766848
2025-12-18 07:30:00+00:00,2834.127197265625,2837.642333984375,2833.406982421875,2836.91162109375,0
2025-12-18 07:45:00+00:00,2834.10888671875,2834.9541015625,2832.918701171875,2834.58251953125,14757888
2025-12-18 08:00:00+00:00,2836.8876953125,2837.7470703125,2834.5986328125,2834.5986328125,244344832
2025-12-18 08:15:00+00:00,2842.6376953125,2847.390625,2839.0634765625,2839.0634765625,47937536
2025-12-18 08:30:00+00:00,2846.0419921875,2847.26123046875,2844.916015625,2844.916015625,328744960
2025-12-18 08:45:00+00:00,2840.474365234375,2844.52685546875,2839.903076171875,2844.51416015625,20318208
2025-12-18 09:00:00+00:00,2838.912109375,2840.49169921875,2834.971435546875,2840.49169921875,39303168
2025-12-18 09:15:00+00:00,2844.618408203125,2845.8408203125,2837.043212890625,2837.043212890625,24059904
2025-12-18 09:30:00+00:00,2851.504150390625,2851.504150390625,2844.806640625,2844.806640625,10457088
2025-12-18 09:45:00+00:00,2852.02978515625,2855.13623046875,2852.02978515625,2854.845947265625,274647040
2025-12-18 10:00:00+00:00,2854.50048828125,2855.713623046875,2850.504638671875,2851.598876953125,0
2025-12-18 10:15:00+00:00,2857.6025390625,2857.6025390625,2852.310302734375,2853.32177734375,214796288
2025-12-18 10:30:00+00:00,2855.83447265625,2860.159912109375,2855.83447265625,2857.7744140625,18673664
2025-12-18 10:45:00+00:00,2856.57666015625,2858.6982421875,2856.57666015625,2857.37109375,47075328
2025-12-18 11:00:00+00:00,2852.91650390625,2857.5830078125,2852.91650390625,2857.5830078125,256618496
2025-12-18 11:15:00+00:00,2853.22900390625,2853.22900390625,2849.82373046875,2849.82373046875,213581824
2025-12-18 11:30:00+00:00,2853.0732421875,2855.379638671875,2851.33837890625,2853.606689453125,78073856
2025-12-18 11:45:00+00:00,2857.33740234375,2857.392333984375,2852.91650390625,2853.13916015625,208203776
2025-12-18 12:00:00+00:00,2854.013916015625,2858.482666015625,2854.013916015625,2858.2998046875,12156928
2025-12-18 12:15:00+00:00,2856.69384765625,2858.039306640625,2853.224365234375,2853.224365234375,206315520
2025-12-18 12:30:00+00:00,2870.6572265625,2872.21435546875,2859.16455078125,2859.16455078125,321304576
2025-12-18 12:45:00+00:00,2869.744873046875,2872.314453125,2866.048828125,2870.926513671875,21315584
2025-12-18 13:00:00+00:00,2904.2373046875,2904.2373046875,2872.591064453125,2872.591064453125,47097856
2025-12-18 13:15:00+00:00,2890.370361328125,2902.58984375,2889.417724609375,2902.58984375,439715840
2025-12-18 13:30:00+00:00,2936.989501953125,2936.989501953125,2889.282470703125,2889.282470703125,949880832
2025-12-18 13:45:00+00:00,2962.4521484375,2971.052734375,2934.953369140625,2934.953369140625,987938816
2025-12-18 14:00:00+00:00,2943.918701171875,2984.060546875,2943.918701171875,2968.873046875,690233344
2025-12-18 14:15:00+00:00,2961.0546875,2970.607177734375,2935.93505859375,2935.93505859375,763228160
2025-12-18 14:30:00+00:00,2943.380126953125,2970.070556640625,2943.380126953125,2961.318115234375,995674112
2025-12-18 14:45:00+00:00,2950.174072265625,2952.028564453125,2929.171875,2929.171875,289871872
2025-12-18 15:00:00+00:00,2936.284912109375,2962.867919921875,2936.284912109375,2949.6142578125,0
2025-12-18 15:15:00+00:00,2970.165283203125,2970.165283203125,2936.21826171875,2936.21826171875,550977536
2025-12-18 15:30:00+00:00,2984.32421875,2993.499755859375,2959.275390625,2963.56982421875,347285504
2025-12-18 15:45:00+00:00,2962.066650390625,2975.497314453125,2960.86181640625,2975.497314453125,144674816
2025-12-18 16:00:00+00:00,2957.985107421875,2963.32373046875,2957.650146484375,2963.20263671875,0
2025-12-18 16:15:00+00:00,2929.687255859375,2951.8896484375,2929.687255859375,2951.8896484375,0
2025-12-18 16:30:00+00:00,2948.497802734375,2951.63330078125,2934.172607421875,2934.18994140625,150181888
2025-12-18 16:45:00+00:00,2942.713623046875,2952.28515625,2941.979248046875,2949.294677734375,135591936
2025-12-18 17:00:00+00:00,2861.0244140625,2939.188232421875,2861.0244140625,2939.188232421875,347088896
2025-12-18 17:15:00+00:00,2822.17822265625,2855.325439453125,2800.765869140625,2855.325439453125,1085421568
2025-12-18 17:30:00+00:00,2839.557373046875,2842.591796875,2812.306396484375,2812.306396484375,582301696
2025-12-18 17:45:00+00:00,2836.9755859375,2845.5830078125,2831.66455078125,2840.5,849582080
2025-12-18 18:00:00+00:00,2860.120361328125,2860.120361328125,2835.068603515625,2843.950439453125,120043520
2025-12-18 18:15:00+00:00,2838.037353515625,2856.9677734375,2838.037353515625,2856.9677734375,338272256
2025-12-18 18:30:00+00:00,2845.6337890625,2848.61669921875,2836.68896484375,2844.305908203125,292855808
2025-12-18 18:45:00+00:00,2827.206298828125,2844.681640625,2822.5546875,2844.681640625,604815360
2025-12-18 19:00:00+00:00,2819.597900390625,2829.12939453125,2813.660400390625,2824.719970703125,13883392
2025-12-18 19:15:00+00:00,2822.761962890625,2824.04736328125,2814.568603515625,2816.6533203125,212928512
2025-12-18 19:30:00+00:00,2799.77880859375,2827.628662109375,2799.77880859375,2827.628662109375,51681280
2025-12-18 19:45:00+00:00,2783.97412109375,2793.714111328125,2779.464599609375,2793.714111328125,1043279872
2025-12-18 20:00:00+00:00,2808.04638671875,2808.04638671875,2781.794921875,2781.794921875,78065664
2025-12-18 20:15:00+00:00,2792.476318359375,2804.848388671875,2792.476318359375,2804.1259765625,600969216
2025-12-18 20:30:00+00:00,2792.296630859375,2794.235107421875,2781.052734375,2788.267578125,140990464
2025-12-18 20:45:00+00:00,2781.085205078125,2792.944091796875,2779.95654296875,2792.05615234375,990558208
2025-12-18 21:00:00+00:00,2803.088134765625,2806.851806640625,2799.7783203125,2806.09326171875,1108099072
2025-12-18 21:15:00+00:00,2812.053466796875,2812.053466796875,2803.42041015625,2804.387451171875,127129600
2025-12-18 21:30:00+00:00,2813.0732421875,2828.850830078125,2813.0732421875,2821.14990234375,336658432
2025-12-18 21:45:00+00:00,2827.700927734375,2827.700927734375,2815.8701171875,2815.8701171875,414636032
2025-12-18 22:00:00+00:00,2827.300537109375,2833.080810546875,2826.406005859375,2826.845703125,348706816
2025-12-18 22:15:00+00:00,2821.83642578125,2824.751708984375,2820.64013671875,2821.236572265625,47630336
2025-12-18 22:30:00+00:00,2824.275390625,2828.510009765625,2824.05078125,2825.6650390625,311523328
2025-12-18 22:45:00+00:00,2827.13916015625,2829.19970703125,2821.2080078125,2824.2548828125,115701760
2025-12-18 23:00:00+00:00,2830.40234375,2830.7080078125,2824.870361328125,2827.347900390625,18388992
2025-12-18 23:15:00+00:00,2824.46484375,2831.48779296875,2824.114501953125,2831.48779296875,28659712
2025-12-18 23:30:00+00:00,2824.508544921875,2830.190185546875,2824.508544921875,2825.568359375,114350080
2025-12-18 23:45:00+00:00,2826.42041015625,2826.42041015625,2823.451416015625,2824.90185546875,26753024
2025-12-19 00:00:00+00:00,2828.728515625,2836.665283203125,2825.734130859375,2826.9697265625,679553024
2025-12-19 00:15:00+00:00,2823.502685546875,2830.552490234375,2823.502685546875,2827.353759765625,0
2025-12-19 00:30:00+00:00,2814.316162109375,2822.868408203125,2814.316162109375,2822.868408203125,603271168
2025-12-19 00:45:00+00:00,2828.61669921875,2828.61669921875,2815.26318359375,2816.07763671875,126586880
2025-12-19 01:00:00+00:00,2825.063720703125,2828.945068359375,2823.441162109375,2828.945068359375,271128576
2025-12-19 01:15:00+00:00,2824.455322265625,2830.83642578125,2823.8427734375,2825.408447265625,41824256
2025-12-19 01:30:00+00:00,2819.051513671875,2824.111572265625,2817.127197265625,2822.6748046875,235614208
2025-12-19 01:45:00+00:00,2821.326904296875,2823.34228515625,2811.689208984375,2819.29833984375,106682368
2025-12-19 02:00:00+00:00,2818.74609375,2820.4853515625,2811.685791015625,2820.4853515625,68030464
2025-12-19 02:15:00+00:00,2826.799560546875,2826.799560546875,2815.958740234375,2818.016845703125,297158656
2025-12-19 02:30:00+00:00,2828.917236328125,2831.765380859375,2825.48095703125,2826.964599609375,301078528
2025-12-19 02:45:00+00:00,2834.67822265625,2838.714111328125,2828.52587890625,2828.52587890625,377372672
2025-12-19 03:00:00+00:00,2869.395751953125,2869.395751953125,2833.322265625,2833.322265625,237408256
2025-12-19 03:15:00+00:00,2900.103515625,2902.6162109375,2853.817626953125,2866.662109375,936921088
2025-12-19 03:30:00+00:00,2901.440673828125,2928.42236328125,2887.614990234375,2911.032958984375,485548032
2025-12-19 03:45:00+00:00,2905.312744140625,2921.63818359375,2903.906494140625,2907.999267578125,1473605632
2025-12-19 04:00:00+00:00,2925.993896484375,2929.0654296875,2905.742919921875,2905.742919921875,583680000
2025-12-19 04:15:00+00:00,2924.29248046875,2927.12841796875,2917.741943359375,2927.12841796875,296114176
2025-12-19 04:30:00+00:00,2917.865966796875,2925.635009765625,2917.721923828125,2922.140380859375,302327808
2025-12-19 04:45:00+00:00,2920.142822265625,2921.47216796875,2917.832275390625,2917.832275390625,1089159168
2025-12-19 05:00:00+00:00,2920.48046875,2920.48046875,2909.593505859375,2919.695556640625,0
2025-12-19 05:15:00+00:00,2913.735107421875,2925.32666015625,2912.21826171875,2925.32666015625,362176512
2025-12-19 05:30:00+00:00,2919.83056640625,2921.681640625,2911.24267578125,2914.566162109375,616452096
2025-12-19 05:45:00+00:00,2920.470703125,2924.302978515625,2918.11767578125,2918.252685546875,380416000
2025-12-19 06:00:00+00:00,2918.55078125,2920.6630859375,2917.740234375,2919.751708984375,70377472
2025-12-19 06:15:00+00:00,2920.633544921875,2920.633544921875,2915.001708984375,2918.587158203125,277475328
2025-12-19 06:30:00+00:00,2923.33203125,2923.33203125,2918.77978515625,2921.093505859375,57141248
2025-12-19 06:45:00+00:00,2941.7431640625,2942.03515625,2924.275390625,2925.458740234375,1025828864
2025-12-19 07:00:00+00:00,2974.392333984375,2979.240234375,2944.845458984375,2944.845458984375,716443648
2025-12-19 07:15:00+00:00,2953.386962890625,2967.37060546875,2953.386962890625,2967.37060546875,1372413952
2025-12-19 07:30:00+00:00,2947.802001953125,2954.000244140625,2947.278076171875,2954.000244140625,303480832
2025-12-19 07:45:00+00:00,2948.78515625,2950.771240234375,2948.291015625,2948.291015625,132771840
2025-12-19 08:00:00+00:00,2951.921630859375,2960.56640625,2949.64453125,2949.79833984375,53981184
2025-12-19 08:15:00+00:00,2943.144287109375,2954.374755859375,2943.144287109375,2952.80322265625,311214080
2025-12-19 08:30:00+00:00,2946.515380859375,2948.130126953125,2938.38232421875,2939.66796875,488550400
2025-12-19 08:45:00+00:00,2950.51123046875,2951.760009765625,2946.923583984375,2946.923583984375,277180416
2025-12-19 09:00:00+00:00,2950.757568359375,2951.49462890625,2945.234619140625,2949.720703125,339103744
2025-12-19 09:15:00+00:00,2953.356201171875,2953.356201171875,2947.601318359375,2949.225830078125,58601472
2025-12-19 09:30:00+00:00,2949.765625,2953.888671875,2948.498291015625,2953.888671875,67153920
2025-12-19 09:45:00+00:00,2952.03857421875,2953.25439453125,2949.653564453125,2951.011962890625,296972288
2025-12-19 10:00:00+00:00,2953.46533203125,2959.81884765625,2950.164306640625,2953.616455078125,337842176
2025-12-19 10:15:00+00:00,2952.822509765625,2956.154052734375,2951.58935546875,2955.29931640625,1063112704
2025-12-19 10:30:00+00:00,2949.52490234375,2950.965576171875,2948.47998046875,2950.777587890625,49311744
2025-12-19 10:45:00+00:00,2953.807373046875,2953.807373046875,2950.38623046875,2950.38623046875,89690112
2025-12-19 11:00:00+00:00,2959.36572265625,2959.36572265625,2949.447998046875,2952.557861328125,335405056
2025-12-19 11:15:00+00:00,2960.948486328125,2960.948486328125,2954.4833984375,2958.2236328125,398929920
2025-12-19 11:30:00+00:00,2967.96728515625,2968.13525390625,2961.447998046875,2962.13916015625,273440768
2025-12-19 11:45:00+00:00,2963.337890625,2968.572265625,2963.337890625,2968.572265625,39469056
2025-12-19 12:00:00+00:00,2958.826416015625,2963.650634765625,2945.703125,2963.230712890625,769560576
2025-12-19 12:15:00+00:00,2956.34228515625,2963.88671875,2954.548583984375,2963.88671875,430501888
2025-12-19 12:30:00+00:00,2956.718994140625,2958.08544921875,2951.793701171875,2956.074951171875,300720128
2025-12-19 12:45:00+00:00,2955.535888671875,2961.6103515625,2954.761962890625,2956.65185546875,335618048
2025-12-19 13:00:00+00:00,2959.51416015625,2960.388916015625,2954.5029296875,2954.5029296875,317308928
2025-12-19 13:15:00+00:00,2964.198486328125,2965.1787109375,2957.488525390625,2960.7080078125,319750144
2025-12-19 13:30:00+00:00,2962.11572265625,2964.607666015625,2954.689208984375,2964.44775390625,0
2025-12-19 13:45:00+00:00,2960.039306640625,2962.088623046875,2958.002197265625,2962.088623046875,0
2025-12-19 14:00:00+00:00,2975.608154296875,2975.608154296875,2956.843994140625,2960.025634765625,0
2025-12-19 14:15:00+00:00,2962.03271484375,2975.423828125,2955.263916015625,2974.760498046875,0
2025-12-19 14:30:00+00:00,2960.468505859375,2968.31103515625,2945.231689453125,2958.346923828125,493471744
2025-12-19 14:45:00+00:00,2973.180908203125,2984.3056640625,2964.164306640625,2984.3056640625,115312640
2025-12-19 15:00:00+00:00,2983.59326171875,2985.727294921875,2968.197021484375,2976.5908203125,291088384
2025-12-19 15:15:00+00:00,2964.025390625,3013.0830078125,2961.10498046875,2986.40478515625,1280043008
2025-12-19 15:30:00+00:00,2967.474365234375,2977.822021484375,2956.4560546875,2965.066650390625,822962176
2025-12-19 15:45:00+00:00,2962.5654296875,2969.890380859375,2959.974609375,2969.890380859375,1007486976
2025-12-19 16:00:00+00:00,2982.886962890625,2985.4873046875,2964.296875,2964.433837890625,893104128
2025-12-19 16:15:00+00:00,2982.849365234375,2984.482421875,2976.317626953125,2984.482421875,311085056
2025-12-19 16:30:00+00:00,2982.34765625,2997.333984375,2982.34765625,2982.684814453125,20244480
2025-12-19 16:45:00+00:00,2963.638671875,2981.4091796875,2960.53125,2981.4091796875,787404800
2025-12-19 17:00:00+00:00,2984.664306640625,2986.878173828125,2964.02685546875,2964.02685546875,319387648
2025-12-19 17:15:00+00:00,2979.933349609375,2984.322998046875,2977.583251953125,2982.987548828125,0
2025-12-19 17:30:00+00:00,2966.791015625,2973.34130859375,2956.42333984375,2970.93359375,215857152
2025-12-19 17:45:00+00:00,2965.199462890625,2970.6044921875,2953.8544921875,2961.52392578125,999114752
2025-12-19 18:00:00+00:00,2946.38818359375,2949.994873046875,2938.761474609375,2938.761474609375,254644224
2025-12-19 18:15:00+00:00,2967.21142578125,2969.437255859375,2948.750244140625,2948.750244140625,4057088
2025-12-19 18:30:00+00:00,2953.56103515625,2967.385498046875,2953.56103515625,2966.913818359375,553678848
2025-12-19 18:45:00+00:00,2966.32177734375,2970.48828125,2951.55029296875,2954.865478515625,740771840
2025-12-19 19:00:00+00:00,2970.6279296875,2971.702880859375,2964.306640625,2964.306640625,207464448
2025-12-19 19:15:00+00:00,2977.337646484375,2983.293701171875,2971.03076171875,2972.555908203125,0
2025-12-19 19:30:00+00:00,2989.166015625,2992.531005859375,2976.998046875,2977.70263671875,543805440
2025-12-19 19:45:00+00:00,2985.691650390625,2992.54150390625,2983.836669921875,2990.4033203125,0
2025-12-19 20:00:00+00:00,2979.23291015625,2986.744873046875,2977.46240234375,2983.189453125,0
2025-12-19 20:15:00+00:00,2986.53515625,2992.023681640625,2979.063720703125,2979.876220703125,214792192
2025-12-19 20:30:00+00:00,2993.828857421875,2998.1455078125,2985.934814453125,2987.517333984375,121925632
2025-12-19 20:45:00+00:00,2989.663818359375,2996.27490234375,2989.423828125,2991.5556640625,57014272
2025-12-19 21:00:00+00:00,2985.645751953125,2991.41259765625,2984.658935546875,2991.41259765625,25509888
2025-12-19 21:15:00+00:00,2982.742919921875,2987.288330078125,2982.49755859375,2983.83203125,0
2025-12-19 21:30:00+00:00,2981.544677734375,2983.151123046875,2980.41162109375,2981.359619140625,0
2025-12-19 21:45:00+00:00,2975.08447265625,2981.101318359375,2975.08447265625,2979.539306640625,19746816
2025-12-19 22:00:00+00:00,2985.370849609375,2988.13330078125,2974.351318359375,2974.351318359375,11433984
2025-12-19 22:15:00+00:00,2989.15087890625,2991.08056640625,2984.91455078125,2984.91455078125,186888192
2025-12-19 22:30:00+00:00,2991.02294921875,2991.192138671875,2987.355224609375,2989.86376953125,1689600
2025-12-19 22:45:00+00:00,2985.910400390625,2990.14111328125,2985.17822265625,2990.14111328125,6033408
2025-12-19 23:00:00+00:00,2982.611572265625,2986.363525390625,2981.115966796875,2986.363525390625,1650688
2025-12-19 23:15:00+00:00,2983.892578125,2985.12890625,2981.59423828125,2982.12158203125,19312640
2025-12-19 23:30:00+00:00,2982.1298828125,2983.919677734375,2978.888671875,2983.919677734375,165769216
2025-12-19 23:45:00+00:00,2977.831787109375,2981.26025390625,2976.936279296875,2981.26025390625,567484416
2025-12-20 00:00:00+00:00,2974.039794921875,2978.5146484375,2971.24072265625,2977.785400390625,236214272
2025-12-20 00:15:00+00:00,2976.08984375,2976.4189453125,2974.020751953125,2974.90966796875,0
2025-12-20 00:30:00+00:00,2974.31689453125,2977.961669921875,2974.31689453125,2977.961669921875,4012032
2025-12-20 00:45:00+00:00,2973.4130859375,2975.969970703125,2971.62646484375,2974.21435546875,0
2025-12-20 01:00:00+00:00,2977.674560546875,2977.716796875,2973.11669921875,2973.331298828125,0
2025-12-20 01:15:00+00:00,2979.7861328125,2979.843505859375,2976.299072265625,2977.8916015625,63948800
2025-12-20 01:30:00+00:00,2974.553955078125,2978.630126953125,2974.553955078125,2978.630126953125,170317824
2025-12-20 01:45:00+00:00,2975.222900390625,2977.20947265625,2974.617431640625,2974.617431640625,0
2025-12-20 02:00:00+00:00,2974.92138671875,2975.246826171875,2973.784423828125,2975.246826171875,0
2025-12-20 02:15:00+00:00,2977.27587890625,2978.957763671875,2974.92041015625,2974.92041015625,0
2025-12-20 02:30:00+00:00,2984.20947265625,2984.20947265625,2977.07861328125,2977.07861328125,122124288
2025-12-20 02:45:00+00:00,2981.7490234375,2984.991455078125,2981.36572265625,2984.991455078125,204734464
2025-12-20 03:00:00+00:00,2982.18505859375,2983.551025390625,2981.2880859375,2981.900390625,0
2025-12-20 03:15:00+00:00,2988.46630859375,2988.46630859375,2981.3984375,2981.3984375,305618944
2025-12-20 03:30:00+00:00,2991.098388671875,2991.899169921875,2988.66357421875,2988.66357421875,0
2025-12-20 03:45:00+00:00,2987.524658203125,2990.552001953125,2987.333740234375,2990.552001953125,0
2025-12-20 04:00:00+00:00,2982.563720703125,2988.5,2981.857421875,2988.09619140625,0
2025-12-20 04:15:00+00:00,2983.449951171875,2983.81982421875,2980.339599609375,2980.339599609375,0
2025-12-20 04:30:00+00:00,2984.667236328125,2985.572021484375,2984.4619140625,2984.4619140625,169908224
2025-12-20 04:45:00+00:00,2982.425537109375,2984.548583984375,2981.874755859375,2984.14013671875,0
2025-12-20 05:00:00+00:00,2982.58837890625,2983.09130859375,2982.056884765625,2982.33203125,111239168
2025-12-20 05:15:00+00:00,2986.1650390625,2986.508544921875,2983.080810546875,2983.082275390625,134946816
2025-12-20 05:30:00+00:00,2984.42626953125,2987.385498046875,2983.852294921875,2986.71630859375,0
2025-12-20 05:45:00+00:00,2980.879150390625,2984.547607421875,2980.879150390625,2982.962890625,100161536
2025-12-20 06:00:00+00:00,2982.43701171875,2982.43701171875,2979.920166015625,2979.920166015625,10125312
2025-12-20 06:15:00+00:00,2982.59130859375,2983.567626953125,2982.2890625,2982.435546875,0
2025-12-20 06:30:00+00:00,2981.709716796875,2983.101806640625,2981.68701171875,2982.7734375,5154816
2025-12-20 06:45:00+00:00,2979.5146484375,2981.3720703125,2978.8564453125,2981.3720703125,0
2025-12-20 07:00:00+00:00,2975.11279296875,2980.194091796875,2975.11279296875,2979.455078125,0
2025-12-20 07:15:00+00:00,2978.8212890625,2978.8212890625,2974.037353515625,2975.259033203125,0
2025-12-20 07:30:00+00:00,2980.4033203125,2981.752197265625,2978.166259765625,2978.166259765625,0
2025-12-20 07:45:00+00:00,2981.6953125,2981.6953125,2978.9130859375,2979.34423828125,0
2025-12-20 08:00:00+00:00,2983.026611328125,2984.67236328125,2980.51220703125,2980.51220703125,82540544
2025-12-20 08:15:00+00:00,2987.07568359375,2987.694580078125,2982.255126953125,2982.255126953125,0
2025-12-20 08:30:00+00:00,2984.896728515625,2987.18896484375,2984.664794921875,2987.18896484375,1957888
2025-12-20 08:45:00+00:00,2981.6669921875,2984.079345703125,2981.14453125,2984.079345703125,87758848
2025-12-20 09:00:00+00:00,2982.297607421875,2983.87548828125,2981.040283203125,2981.1611328125,0
2025-12-20 09:15:00+00:00,2982.614013671875,2984.091796875,2982.614013671875,2982.77685546875,5275648
2025-12-20 09:30:00+00:00,2984.707763671875,2985.16943359375,2982.921142578125,2982.921142578125,0
2025-12-20 09:45:00+00:00,2982.482666015625,2984.567138671875,2982.482666015625,2984.504638671875,0
2025-12-20 10:00:00+00:00,2981.849365234375,2981.883056640625,2980.848388671875,2981.610595703125,0
2025-12-20 10:15:00+00:00,2975.676513671875,2981.806884765625,2975.676513671875,2981.806884765625,181368832
2025-12-20 10:30:00+00:00,2975.22119140625,2977.38525390625,2974.1015625,2977.38525390625,0
2025-12-20 10:45:00+00:00,2977.652587890625,2978.698486328125,2976.450439453125,2978.698486328125,36710400
2025-12-20 11:00:00+00:00,2976.16455078125,2977.52197265625,2975.398193359375,2977.52197265625,0
2025-12-20 11:15:00+00:00,2986.49658203125,2986.6943359375,2975.94482421875,2975.94482421875,14180352
2025-12-20 11:30:00+00:00,2983.50537109375,2986.17431640625,2983.50537109375,2986.158935546875,95229952
2025-12-20 11:45:00+00:00,2985.638427734375,2985.638427734375,2983.86669921875,2983.896240234375,0
2025-12-20 12:00:00+00:00,2990.38916015625,2991.30712890625,2985.4912109375,2985.49365234375,0
2025-12-20 12:15:00+00:00,2987.855224609375,2990.0517578125,2987.8466796875,2990.03369140625,0
2025-12-20 12:30:00+00:00,2986.53369140625,2987.4638671875,2986.33056640625,2987.4638671875,86577152
2025-12-20 12:45:00+00:00,2987.566650390625,2987.995849609375,2986.571533203125,2986.571533203125,0
2025-12-20 13:00:00+00:00,2976.29150390625,2989.469482421875,2976.010498046875,2987.92578125,160456704
2025-12-20 13:15:00+00:00,2970.99853515625,2976.16064453125,2969.752685546875,2976.16064453125,406176768
2025-12-20 13:30:00+00:00,2975.8056640625,2976.009033203125,2970.19677734375,2970.19677734375,20029440
2025-12-20 13:45:00+00:00,2979.568115234375,2980.43408203125,2977.09326171875,2977.09326171875,9955328
2025-12-20 14:00:00+00:00,2971.356689453125,2978.484130859375,2969.084228515625,2978.484130859375,0
2025-12-20 14:15:00+00:00,2974.253173828125,2974.377197265625,2971.04248046875,2971.04248046875,0
2025-12-20 14:30:00+00:00,2975.91845703125,2975.91845703125,2974.211669921875,2974.31201171875,0
2025-12-20 14:45:00+00:00,2978.775146484375,2979.07080078125,2976.71484375,2976.750244140625,0
2025-12-20 15:00:00+00:00,2976.72021484375,2978.84814453125,2975.00830078125,2978.822265625,0
2025-12-20 15:15:00+00:00,2971.066650390625,2977.14208984375,2968.6865234375,2977.14208984375,0
2025-12-20 15:30:00+00:00,2975.195556640625,2975.4033203125,2972.34765625,2972.34765625,0
2025-12-20 15:45:00+00:00,2975.836181640625,2976.012451171875,2975.11767578125,2975.12548828125,0
2025-12-20 16:00:00+00:00,2977.461181640625,2977.480224609375,2975.943359375,2976.400146484375,0
2025-12-20 16:15:00+00:00,2975.905029296875,2977.6435546875,2975.905029296875,2977.352783203125,26468352
2025-12-20 16:30:00+00:00,2973.700927734375,2974.69873046875,2973.37109375,2974.59619140625,33163264
2025-12-20 16:45:00+00:00,2977.4365234375,2977.712158203125,2975.03125,2975.03125,0
2025-12-20 17:00:00+00:00,2976.413818359375,2978.4296875,2974.064208984375,2978.4296875,0
2025-12-20 17:15:00+00:00,2978.01416015625,2979.42919921875,2976.64599609375,2976.66162109375,112053248
2025-12-20 17:30:00+00:00,2976.59765625,2978.140380859375,2975.8984375,2977.9365234375,0
2025-12-20 17:45:00+00:00,2976.827392578125,2977.89599609375,2976.189453125,2976.189453125,172124160
2025-12-20 18:00:00+00:00,2975.02099609375,2978.2421875,2974.903076171875,2976.7314453125,0
2025-12-20 18:15:00+00:00,2975.56396484375,2976.023681640625,2974.967041015625,2975.075439453125,0
2025-12-20 18:30:00+00:00,2973.98291015625,2975.73876953125,2973.98291015625,2975.648681640625,0
2025-12-20 18:45:00+00:00,2976.8798828125,2978.093017578125,2973.735595703125,2973.735595703125,0
2025-12-20 19:00:00+00:00,2979.05419921875,2979.05419921875,2974.865234375,2976.595947265625,0
2025-12-20 19:15:00+00:00,2977.578125,2978.730224609375,2976.0576171875,2978.730224609375,31030272
2025-12-20 19:30:00+00:00,2977.604736328125,2977.84033203125,2976.861572265625,2977.84033203125,0
2025-12-20 19:45:00+00:00,2977.252685546875,2977.818115234375,2976.89501953125,2977.5830078125,0
2025-12-20 20:00:00+00:00,2978.74951171875,2978.74951171875,2976.5361328125,2976.85498046875,0
2025-12-20 20:15:00+00:00,2979.86279296875,2979.86279296875,2978.611572265625,2978.64501953125,14944256
2025-12-20 20:30:00+00:00,2981.36669921875,2981.896240234375,2978.6728515625,2979.46533203125,6070272
2025-12-20 20:45:00+00:00,2983.4140625,2983.822265625,2981.06591796875,2981.4052734375,0
2025-12-20 21:00:00+00:00,2982.8779296875,2983.939208984375,2982.140380859375,2983.2978515625,0
2025-12-20 21:15:00+00:00,2981.378173828125,2983.727294921875,2981.302490234375,2982.86181640625,66048
2025-12-20 21:30:00+00:00,2981.495361328125,2982.49267578125,2981.35009765625,2981.35009765625,0
2025-12-20 21:45:00+00:00,2978.493408203125,2981.2080078125,2978.493408203125,2981.2080078125,5179392
2025-12-20 22:00:00+00:00,2975.111083984375,2978.808349609375,2975.111083984375,2978.808349609375,0
2025-12-20 22:15:00+00:00,2973.4697265625,2975.324462890625,2973.4697265625,2975.272705078125,72649728
2025-12-20 22:30:00+00:00,2976.899658203125,2976.899658203125,2973.40869140625,2973.40869140625,11278336
2025-12-20 22:45:00+00:00,2979.159912109375,2979.159912109375,2975.716064453125,2976.10009765625,42688000
2025-12-20 23:00:00+00:00,2975.73583984375,2977.44921875,2974.741455078125,2977.44921875,0
2025-12-20 23:15:00+00:00,2975.045654296875,2977.178466796875,2974.3056640625,2975.533935546875,0
2025-12-20 23:30:00+00:00,2973.65966796875,2975.424560546875,2973.65966796875,2974.8369140625,185636352
2025-12-20 23:45:00+00:00,2977.480712890625,2977.480712890625,2974.844482421875,2975.117431640625,7049216
2025-12-21 00:00:00+00:00,2976.020751953125,2977.10302734375,2974.9619140625,2977.10302734375,0
2025-12-21 00:15:00+00:00,2979.679443359375,2979.679443359375,2976.038818359375,2976.038818359375,60711936
2025-12-21 00:30:00+00:00,2977.03271484375,2979.954345703125,2976.5546875,2979.576904296875,27992064
2025-12-21 00:45:00+00:00,2977.765869140625,2978.308837890625,2977.207763671875,2977.51220703125,1718784
2025-12-21 01:00:00+00:00,2974.0966796875,2979.040771484375,2974.0966796875,2979.040771484375,20119040
2025-12-21 01:15:00+00:00,2974.68798828125,2975.4287109375,2974.406982421875,2974.521240234375,89802240
2025-12-21 01:30:00+00:00,2963.599609375,2973.938232421875,2963.599609375,2973.938232421875,86047744
2025-12-21 01:45:00+00:00,2967.7783203125,2970.105224609375,2964.841796875,2964.9453125,205093888
2025-12-21 02:00:00+00:00,2970.057373046875,2972.049072265625,2967.227294921875,2967.227294921875,206759424
2025-12-21 02:15:00+00:00,2963.685546875,2970.359619140625,2963.685546875,2970.359619140625,28103168
2025-12-21 02:30:00+00:00,2965.277587890625,2968.621337890625,2963.584228515625,2966.97021484375,33911296
2025-12-21 02:45:00+00:00,2964.169677734375,2965.086181640625,2962.879150390625,2964.4306640625,47621632
2025-12-21 03:00:00+00:00,2968.325439453125,2969.990966796875,2964.278564453125,2964.278564453125,175384064
2025-12-21 03:15:00+00:00,2971.3486328125,2973.89794921875,2968.968505859375,2968.968505859375,30676480
2025-12-21 03:30:00+00:00,2970.936767578125,2972.23193359375,2970.15380859375,2971.468994140625,37563904
2025-12-21 03:45:00+00:00,2972.1953125,2972.250732421875,2971.036865234375,2971.036865234375,0
2025-12-21 04:00:00+00:00,2975.73193359375,2975.8681640625,2971.21337890625,2971.86328125,12597760
2025-12-21 04:15:00+00:00,2977.222412109375,2977.222412109375,2975.124267578125,2975.124267578125,0
2025-12-21 04:30:00+00:00,2975.546142578125,2977.358642578125,2975.546142578125,2976.524169921875,22067200
2025-12-21 04:45:00+00:00,2974.374755859375,2975.282470703125,2974.07373046875,2975.282470703125,0
2025-12-21 05:00:00+00:00,2973.96875,2974.795654296875,2973.939453125,2974.325439453125,4151296
2025-12-21 05:15:00+00:00,2975.406494140625,2977.49169921875,2975.049560546875,2977.49169921875,19791360
2025-12-21 05:30:00+00:00,2973.6123046875,2975.3125,2973.6123046875,2975.3125,0
2025-12-21 05:45:00+00:00,2973.120361328125,2973.56689453125,2972.359619140625,2973.56689453125,0
2025-12-21 06:00:00+00:00,2974.601806640625,2974.945068359375,2972.71826171875,2972.71826171875,3789824
2025-12-21 06:15:00+00:00,2975.1259765625,2975.932373046875,2974.501708984375,2974.748046875,19469312
2025-12-21 06:30:00+00:00,2974.689453125,2975.8291015625,2974.29296875,2975.185302734375,34266112
2025-12-21 06:45:00+00:00,2975.196044921875,2975.196044921875,2974.33154296875,2974.68115234375,0
2025-12-21 07:00:00+00:00,2975.177490234375,2975.63916015625,2974.88671875,2975.09716796875,2350592
2025-12-21 07:15:00+00:00,2976.728271484375,2976.731201171875,2974.870849609375,2974.870849609375,0
2025-12-21 07:30:00+00:00,2976.07763671875,2977.312744140625,2976.07763671875,2976.951904296875,0
2025-12-21 07:45:00+00:00,2980.037841796875,2980.417236328125,2976.02392578125,2976.02392578125,0
2025-12-21 08:00:00+00:00,2977.9296875,2980.7529296875,2977.25341796875,2980.08642578125,463486464
2025-12-21 08:15:00+00:00,2983.101318359375,2983.101318359375,2978.037353515625,2978.037353515625,124928
2025-12-21 08:30:00+00:00,2993.18603515625,2994.1865234375,2983.43359375,2983.43359375,119535616
2025-12-21 08:45:00+00:00,2991.261962890625,2994.227783203125,2990.30517578125,2994.227783203125,151454720
2025-12-21 09:00:00+00:00,2990.537109375,2994.53369140625,2986.607666015625,2993.207275390625,229422080
2025-12-21 09:15:00+00:00,2993.1259765625,2995.156494140625,2989.677978515625,2990.64208984375,44194816
2025-12-21 09:30:00+00:00,2996.859375,2999.546142578125,2992.958740234375,2992.958740234375,117322752
2025-12-21 09:45:00+00:00,3001.458984375,3009.80712890625,2995.789306640625,2997.045166015625,220807680
2025-12-21 10:00:00+00:00,3000.837890625,3005.815673828125,2998.590087890625,3005.48876953125,249418752
2025-12-21 10:15:00+00:00,3001.49658203125,3003.67919921875,3000.628662109375,3000.73876953125,111868928
2025-12-21 10:30:00+00:00,2998.02734375,3001.23583984375,2996.154052734375,3000.785400390625,76019200
2025-12-21 10:45:00+00:00,2995.26611328125,2997.753662109375,2994.519775390625,2997.753662109375,145128448
2025-12-21 11:00:00+00:00,2994.750244140625,2996.084716796875,2994.06982421875,2995.35595703125,268108800
2025-12-21 11:15:00+00:00,2997.378173828125,2999.142822265625,2993.79296875,2994.485107421875,5865984
2025-12-21 11:30:00+00:00,2996.15625,2997.491455078125,2995.769775390625,2997.174072265625,15420416
2025-12-21 11:45:00+00:00,2995.50927734375,2995.979248046875,2995.016845703125,2995.689208984375,39050240
2025-12-21 12:00:00+00:00,3000.595947265625,3000.595947265625,2995.52783203125,2995.52783203125,26113024
2025-12-21 12:15:00+00:00,2999.86962890625,3003.970947265625,2999.842529296875,3000.01708984375,0
2025-12-21 12:30:00+00:00,2986.322265625,3000.044189453125,2985.93603515625,2999.140625,58459136
2025-12-21 12:45:00+00:00,2988.220947265625,2988.220947265625,2986.533203125,2986.5419921875,151480320
2025-12-21 13:00:00+00:00,2976.025390625,2989.4931640625,2967.06201171875,2989.4931640625,133224448
2025-12-21 13:15:00+00:00,2966.42578125,2973.56396484375,2966.35595703125,2973.56396484375,37710336
2025-12-21 13:30:00+00:00,2955.42919921875,2966.420654296875,2952.884521484375,2966.420654296875,256128000
2025-12-21 13:45:00+00:00,2949.05419921875,2957.0634765625,2945.78662109375,2955.80126953125,176523264
2025-12-21 14:00:00+00:00,2961.0849609375,2974.46728515625,2950.09765625,2950.09765625,371430400
2025-12-21 14:15:00+00:00,2961.008544921875,2966.01904296875,2959.960205078125,2959.960205078125,265455616
2025-12-21 14:30:00+00:00,2966.555908203125,2967.659423828125,2957.819580078125,2963.048828125,290479104
2025-12-21 14:45:00+00:00,2969.415771484375,2970.31689453125,2965.81494140625,2967.023193359375,29722624
2025-12-21 15:00:00+00:00,2968.083740234375,2969.46240234375,2964.78125,2969.46240234375,94976000
2025-12-21 15:15:00+00:00,2964.65283203125,2966.75732421875,2963.5380859375,2966.6123046875,69747712
2025-12-21 15:30:00+00:00,2968.1298828125,2971.6220703125,2964.7978515625,2964.7978515625,283745280
2025-12-21 15:45:00+00:00,2974.081298828125,2977.43408203125,2967.29638671875,2968.231201171875,122988544
2025-12-21 16:00:00+00:00,2974.92041015625,2976.4140625,2973.01220703125,2973.601806640625,106843136
2025-12-21 16:15:00+00:00,2976.6630859375,2981.4443359375,2969.5087890625,2973.011962890625,104937472
2025-12-21 16:30:00+00:00,2975.579833984375,2977.476806640625,2974.78515625,2977.476806640625,57270272
2025-12-21 16:45:00+00:00,2983.18017578125,2983.25048828125,2975.43994140625,2975.43994140625,38989824
2025-12-21 17:00:00+00:00,2983.6982421875,2985.28173828125,2982.558349609375,2985.15576171875,98592768
2025-12-21 17:15:00+00:00,2977.349365234375,2985.962646484375,2977.349365234375,2983.49365234375,10614784
2025-12-21 17:30:00+00:00,2985.090087890625,2985.482666015625,2978.06591796875,2978.122314453125,88982528
2025-12-21 17:45:00+00:00,2982.283935546875,2985.18310546875,2981.79736328125,2985.18310546875,264518656
2025-12-21 18:00:00+00:00,2969.27392578125,2983.347412109375,2969.27392578125,2983.347412109375,0
2025-12-21 18:15:00+00:00,2976.52001953125,2976.52001953125,2969.63427734375,2969.63427734375,218860544
2025-12-21 18:30:00+00:00,2983.54150390625,2983.54150390625,2977.30810546875,2977.30810546875,158524416
2025-12-21 18:45:00+00:00,2985.873046875,2985.873046875,2983.296142578125,2983.330078125,34086912
2025-12-21 19:00:00+00:00,2989.839599609375,2994.907958984375,2989.839599609375,2994.08251953125,66961408
2025-12-21 19:15:00+00:00,2989.876953125,2990.727783203125,2989.484619140625,2989.51904296875,90882048
2025-12-21 19:30:00+00:00,2988.110595703125,2990.3232421875,2981.433349609375,2990.3232421875,86876160
2025-12-21 19:45:00+00:00,2991.44970703125,2993.21923828125,2986.446044921875,2987.73828125,38945792
2025-12-21 20:00:00+00:00,2991.34765625,2992.754150390625,2990.636474609375,2990.647216796875,138508288
2025-12-21 20:15:00+00:00,2989.703125,2991.591552734375,2987.7470703125,2990.82373046875,113200128
2025-12-21 20:30:00+00:00,2991.808349609375,2992.5244140625,2989.0771484375,2989.0771484375,242829312
2025-12-21 20:45:00+00:00,2986.025634765625,2991.455322265625,2985.952880859375,2991.455322265625,48637952
2025-12-21 21:00:00+00:00,2987.96728515625,2988.03515625,2985.1279296875,2986.223388671875,10844160
2025-12-21 21:15:00+00:00,2987.6318359375,2989.879638671875,2987.6318359375,2988.040771484375,89239552
2025-12-21 21:30:00+00:00,2980.882080078125,2987.15087890625,2980.882080078125,2987.15087890625,25044992
2025-12-21 21:45:00+00:00,2972.307373046875,2978.872314453125,2971.3935546875,2978.872314453125,133835776
2025-12-21 22:00:00+00:00,2982.837158203125,2982.837158203125,2971.524658203125,2971.524658203125,42449920
2025-12-21 22:15:00+00:00,2986.891357421875,2987.239501953125,2981.552978515625,2984.705322265625,26635264
2025-12-21 22:30:00+00:00,2990.700439453125,2990.700439453125,2986.663818359375,2986.663818359375,127636480
2025-12-21 22:45:00+00:00,2993.7626953125,2993.7626953125,2989.41943359375,2989.516357421875,167375872
2025-12-21 23:00:00+00:00,2999.18212890625,3007.16162109375,2994.77734375,2994.77734375,165264384
2025-12-21 23:15:00+00:00,3001.07177734375,3005.867431640625,2998.98291015625,2998.98291015625,181314560
2025-12-21 23:30:00+00:00,3000.7041015625,3003.556884765625,2992.78564453125,2998.94775390625,79941632
2025-12-21 23:45:00+00:00,3002.174560546875,3003.74072265625,2999.9482421875,2999.9482421875,171400192
2025-12-22 00:00:00+00:00,3021.022216796875,3021.022216796875,3001.30322265625,3001.30322265625,188571648
2025-12-22 00:15:00+00:00,3028.4013671875,3056.98095703125,3017.578857421875,3048.628173828125,565764096
2025-12-22 00:30:00+00:00,3030.372802734375,3034.724365234375,3021.639404296875,3029.69921875,381571072
2025-12-22 00:45:00+00:00,3029.139404296875,3034.578125,3028.53125,3031.441162109375,58194944
2025-12-22 01:00:00+00:00,3029.896484375,3031.280029296875,3024.317626953125,3024.317626953125,976763904
2025-12-22 01:15:00+00:00,3037.058837890625,3039.281005859375,3029.47021484375,3029.47021484375,50400256
2025-12-22 01:30:00+00:00,3043.578857421875,3045.63330078125,3035.392333984375,3035.392333984375,170498048
2025-12-22 01:45:00+00:00,3021.741455078125,3042.841064453125,3019.176513671875,3042.841064453125,66653184
2025-12-22 02:00:00+00:00,2997.796630859375,3020.926513671875,2990.019775390625,3020.926513671875,909340672
2025-12-22 02:15:00+00:00,3001.672607421875,3005.080322265625,2992.519287109375,2994.52978515625,529555456
2025-12-22 02:30:00+00:00,3004.911865234375,3012.35107421875,2999.262451171875,2999.262451171875,48438272
2025-12-22 02:45:00+00:00,3009.758056640625,3012.03515625,3005.50439453125,3005.50439453125,229522432
2025-12-22 03:00:00+00:00,3015.84423828125,3018.818359375,3003.16650390625,3009.5361328125,18108416
2025-12-22 03:15:00+00:00,3024.55322265625,3025.29248046875,3014.451904296875,3014.489990234375,290984960
2025-12-22 03:30:00+00:00,3023.1259765625,3028.980712890625,3020.850830078125,3025.31103515625,472536064
2025-12-22 03:45:00+00:00,3020.6689453125,3023.044921875,3018.447265625,3021.35791015625,181330944
2025-12-22 04:00:00+00:00,3021.96533203125,3024.48046875,3019.811767578125,3021.1337890625,102379520
2025-12-22 04:15:00+00:00,3035.74658203125,3035.74658203125,3021.438232421875,3021.438232421875,78310400
2025-12-22 04:30:00+00:00,3036.110107421875,3037.17529296875,3028.610595703125,3034.530517578125,238217216
2025-12-22 04:45:00+00:00,3038.37939453125,3040.459228515625,3035.02197265625,3036.946533203125,129248256
2025-12-22 05:00:00+00:00,3034.290771484375,3039.103759765625,3032.903564453125,3038.894775390625,86317056
2025-12-22 05:15:00+00:00,3028.825927734375,3034.68896484375,3028.584716796875,3034.3564453125,20745216
2025-12-22 05:30:00+00:00,3031.698486328125,3034.9111328125,3025.966552734375,3026.7431640625,290189312
2025-12-22 05:45:00+00:00,3028.257080078125,3034.441650390625,3028.257080078125,3030.663330078125,445881344
2025-12-22 06:00:00+00:00,3023.536376953125,3028.201904296875,3023.536376953125,3027.452880859375,19651584
2025-12-22 06:15:00+00:00,3023.59033203125,3031.61767578125,3022.813720703125,3024.666259765625,200973312
2025-12-22 06:30:00+00:00,3028.04345703125,3028.04345703125,3024.0380859375,3024.0380859375,262558720
2025-12-22 06:45:00+00:00,3025.677978515625,3028.89599609375,3025.544921875,3028.89599609375,278723584
2025-12-22 07:00:00+00:00,3031.748779296875,3033.09521484375,3024.43896484375,3024.43896484375,111518720
2025-12-22 07:15:00+00:00,3031.212890625,3031.698486328125,3029.674560546875,3031.698486328125,45594624
2025-12-22 07:30:00+00:00,3029.24609375,3031.696533203125,3027.937744140625,3030.416748046875,64186368
2025-12-22 07:45:00+00:00,3028.952880859375,3029.9580078125,3026.6181640625,3029.9580078125,291033088
2025-12-22 08:00:00+00:00,3029.00048828125,3033.083251953125,3028.32861328125,3028.9921875,36578304
2025-12-22 08:15:00+00:00,3052.687744140625,3052.687744140625,3029.99267578125,3029.99267578125,344433664
2025-12-22 08:30:00+00:00,3042.697265625,3049.8203125,3042.127197265625,3049.8203125,171958272
2025-12-22 08:45:00+00:00,3026.685546875,3041.392578125,3026.15380859375,3041.392578125,0
2025-12-22 09:00:00+00:00,3030.170166015625,3031.71923828125,3026.464111328125,3026.464111328125,259542016
2025-12-22 09:15:00+00:00,3037.085205078125,3037.085205078125,3028.96630859375,3028.96630859375,35186688
2025-12-22 09:30:00+00:00,3033.263671875,3040.53857421875,3033.25927734375,3036.3134765625,186403840
2025-12-22 09:45:00+00:00,3037.099853515625,3037.824462890625,3032.305419921875,3033.888916015625,0
2025-12-22 10:00:00+00:00,3033.322265625,3040.173095703125,3032.3193359375,3039.614013671875,0
2025-12-22 10:15:00+00:00,3036.48291015625,3039.025390625,3034.682861328125,3036.54443359375,122412032
2025-12-22 10:30:00+00:00,3039.552490234375,3039.947265625,3035.57568359375,3035.57568359375,0
2025-12-22 10:45:00+00:00,3040.643310546875,3043.1767578125,3039.60986328125,3040.218994140625,113233920
2025-12-22 11:00:00+00:00,3041.076416015625,3042.642822265625,3039.74560546875,3039.74560546875,191363072
2025-12-22 11:15:00+00:00,3043.68212890625,3044.28271484375,3036.699462890625,3041.01513671875,60814336
2025-12-22 11:30:00+00:00,3044.031982421875,3047.911376953125,3043.239501953125,3043.836181640625,260029440
2025-12-22 11:45:00+00:00,3050.439697265625,3051.58740234375,3045.397705078125,3045.397705078125,221717504
2025-12-22 12:00:00+00:00,3050.79345703125,3052.082275390625,3046.6806640625,3048.397705078125,39546880
2025-12-22 12:15:00+00:00,3054.1943359375,3057.579833984375,3049.795654296875,3049.795654296875,113231872
2025-12-22 12:30:00+00:00,3054.333251953125,3062.913330078125,3054.333251953125,3054.464111328125,272131072
2025-12-22 12:45:00+00:00,3058.827880859375,3059.109130859375,3052.36962890625,3052.36962890625,535796736
2025-12-22 13:00:00+00:00,3054.9990234375,3059.86328125,3054.552734375,3057.684814453125,0
2025-12-22 13:15:00+00:00,3061.021728515625,3062.53955078125,3051.527587890625,3054.995361328125,26281984
2025-12-22 13:30:00+00:00,3054.25341796875,3061.594970703125,3054.165283203125,3061.594970703125,0
2025-12-22 13:45:00+00:00,3056.636962890625,3056.636962890625,3049.2255859375,3049.2255859375,0
2025-12-22 14:00:00+00:00,3057.363037109375,3061.258544921875,3055.92529296875,3056.1328125,231712768
2025-12-22 14:15:00+00:00,3060.7568359375,3064.844970703125,3057.625244140625,3057.625244140625,116691968
2025-12-22 14:30:00+00:00,3038.2138671875,3064.034912109375,3035.4541015625,3058.901123046875,250742784
2025-12-22 14:45:00+00:00,3060.69384765625,3065.736572265625,3044.555419921875,3047.0966796875,643639296
2025-12-22 15:00:00+00:00,3042.215087890625,3067.830322265625,3042.215087890625,3060.848388671875,97542144
2025-12-22 15:15:00+00:00,3038.8828125,3047.27392578125,3032.450439453125,3040.7392578125,387525632
2025-12-22 15:30:00+00:00,3031.35888671875,3042.537353515625,3024.0595703125,3042.537353515625,460319744
2025-12-22 15:45:00+00:00,3051.194091796875,3055.00537109375,3032.814697265625,3035.8271484375,361328640
2025-12-22 16:00:00+00:00,3052.941162109375,3054.1826171875,3047.8359375,3051.131103515625,544904192
2025-12-22 16:15:00+00:00,3056.803955078125,3056.803955078125,3050.92578125,3050.92578125,58779648
2025-12-22 16:30:00+00:00,3042.9228515625,3056.469970703125,3040.06640625,3056.469970703125,234389504
2025-12-22 16:45:00+00:00,3041.59814453125,3045.39111328125,3040.31787109375,3041.73486328125,102891520
2025-12-22 17:00:00+00:00,3031.267333984375,3041.055419921875,3026.306396484375,3041.055419921875,215113728
2025-12-22 17:15:00+00:00,3032.7939453125,3033.959228515625,3028.0947265625,3031.707275390625,183419904
2025-12-22 17:30:00+00:00,3032.11572265625,3034.60693359375,3026.78271484375,3032.329345703125,685812736
2025-12-22 17:45:00+00:00,3030.95263671875,3031.666259765625,3025.52294921875,3025.52294921875,382617600
2025-12-22 18:00:00+00:00,3033.5146484375,3033.92138671875,3028.376220703125,3032.152099609375,0
2025-12-22 18:15:00+00:00,3030.6748046875,3036.552490234375,3026.0654296875,3032.322021484375,60475392
2025-12-22 18:30:00+00:00,3030.0791015625,3031.349365234375,3027.909423828125,3031.349365234375,64034816
2025-12-22 18:45:00+00:00,3013.02734375,3028.6123046875,3013.02734375,3028.01513671875,11139072
2025-12-22 19:00:00+00:00,3001.520751953125,3015.129638671875,2996.646728515625,3015.129638671875,294432768
2025-12-22 19:15:00+00:00,2989.03857421875,3004.786865234375,2987.93505859375,2999.445556640625,517910528
2025-12-22 19:30:00+00:00,2987.908447265625,2992.402587890625,2982.4658203125,2988.562744140625,642881536
2025-12-22 19:45:00+00:00,2978.859619140625,2987.863037109375,2975.088623046875,2986.526123046875,219226112
2025-12-22 20:00:00+00:00,2979.14013671875,2983.991943359375,2978.166259765625,2979.85498046875,256262144
2025-12-22 20:15:00+00:00,2972.735595703125,2978.97265625,2965.698486328125,2978.97265625,125153280
2025-12-22 20:30:00+00:00,2973.904296875,2975.802734375,2970.287841796875,2970.935546875,275752960
2025-12-22 20:45:00+00:00,2981.097900390625,2982.32177734375,2972.489013671875,2978.708740234375,222898176
2025-12-22 21:00:00+00:00,2984.85546875,2986.0,2975.822265625,2975.822265625,209881088
2025-12-22 21:15:00+00:00,2991.572998046875,2991.725341796875,2984.19189453125,2984.9267578125,69081088
2025-12-22 21:30:00+00:00,2995.331298828125,2995.331298828125,2989.5263671875,2991.860107421875,168656896
2025-12-22 21:45:00+00:00,2986.259521484375,2993.840576171875,2984.351318359375,2993.840576171875,196192256
2025-12-22 22:00:00+00:00,2983.072265625,2987.190673828125,2981.189208984375,2987.190673828125,222085120
2025-12-22 22:15:00+00:00,2990.68896484375,2991.87255859375,2981.550537109375,2981.550537109375,431765504
2025-12-22 22:30:00+00:00,2992.744384765625,2992.744384765625,2989.220458984375,2990.520751953125,175052800
2025-12-22 22:45:00+00:00,3008.123046875,3011.141357421875,2992.091064453125,2992.091064453125,66560000
2025-12-22 23:00:00+00:00,3007.699462890625,3007.86572265625,3003.934814453125,3007.86572265625,311994368
2025-12-22 23:15:00+00:00,3009.5703125,3009.5703125,3003.55078125,3008.6103515625,63838208
2025-12-22 23:30:00+00:00,3004.138916015625,3008.90380859375,3003.190185546875,3008.751708984375,135219200
2025-12-22 23:45:00+00:00,3006.140869140625,3006.5771484375,3001.8935546875,3003.784912109375,13621248
2025-12-23 00:00:00+00:00,3005.91748046875,3007.32373046875,3003.92041015625,3007.12939453125,0
2025-12-23 00:15:00+00:00,3020.056396484375,3020.056396484375,3007.018798828125,3007.1943359375,0
2025-12-23 00:30:00+00:00,3021.59521484375,3030.005615234375,3017.0810546875,3018.351318359375,47949824
2025-12-23 00:45:00+00:00,3026.31298828125,3027.728271484375,3020.898681640625,3020.898681640625,406554624
2025-12-23 01:00:00+00:00,3025.62744140625,3030.121337890625,3023.249267578125,3026.43603515625,55277568
2025-12-23 01:15:00+00:00,3018.980712890625,3024.62451171875,3018.614013671875,3023.355224609375,0
2025-12-23 01:30:00+00:00,3017.679443359375,3024.25146484375,3017.679443359375,3019.400634765625,324323328
2025-12-23 01:45:00+00:00,3016.9619140625,3020.22509765625,3016.20947265625,3017.025390625,662216704
2025-12-23 02:00:00+00:00,3016.81494140625,3020.406494140625,3011.42138671875,3016.53076171875,0
2025-12-23 02:15:00+00:00,3013.262451171875,3021.673828125,3011.861572265625,3017.70458984375,94281728
2025-12-23 02:30:00+00:00,2994.37255859375,3013.641357421875,2992.140869140625,3011.9853515625,132958208
2025-12-23 02:45:00+00:00,2990.09228515625,2997.164794921875,2989.140869140625,2989.140869140625,361768960
2025-12-23 03:00:00+00:00,2987.23876953125,2989.72900390625,2976.84521484375,2989.72900390625,190246912
2025-12-23 03:15:00+00:00,2992.56005859375,2993.3701171875,2988.050537109375,2988.050537109375,338233344
2025-12-23 03:30:00+00:00,2995.467529296875,2996.196044921875,2991.60107421875,2992.42041015625,0
2025-12-23 03:45:00+00:00,2992.5576171875,2994.25537109375,2992.13525390625,2994.25537109375,194875392
2025-12-23 04:00:00+00:00,2994.9306640625,2995.82958984375,2986.108642578125,2990.572998046875,181137408
2025-12-23 04:15:00+00:00,2993.3115234375,2996.133056640625,2993.3115234375,2994.3583984375,17098752
2025-12-23 04:30:00+00:00,2987.65185546875,2993.39453125,2986.93798828125,2993.39453125,100042752
2025-12-23 04:45:00+00:00,2982.86962890625,2988.2177734375,2982.86962890625,2987.68408203125,30148608
2025-12-23 05:00:00+00:00,2979.663330078125,2982.853271484375,2977.433349609375,2982.853271484375,158402560
2025-12-23 05:15:00+00:00,2980.917236328125,2981.797607421875,2976.97900390625,2978.130615234375,63875072
2025-12-23 05:30:00+00:00,2972.488525390625,2980.529541015625,2965.93701171875,2980.529541015625,845445120
2025-12-23 05:45:00+00:00,2974.22314453125,2974.22314453125,2970.463623046875,2972.3359375,116494336
2025-12-23 06:00:00+00:00,2968.60888671875,2975.673095703125,2968.60888671875,2970.916015625,420417536
2025-12-23 06:15:00+00:00,2951.384521484375,2968.806396484375,2945.626953125,2968.806396484375,875014144
2025-12-23 06:30:00+00:00,2957.124755859375,2957.124755859375,2951.005859375,2951.292236328125,371204096
2025-12-23 06:45:00+00:00,2958.77587890625,2961.236083984375,2954.357177734375,2957.67138671875,223188992
2025-12-23 07:00:00+00:00,2957.27734375,2962.706787109375,2956.9755859375,2958.2822265625,289699840
2025-12-23 07:15:00+00:00,2962.973388671875,2962.973388671875,2955.724609375,2955.89013671875,109701120
2025-12-23 07:30:00+00:00,2964.0908203125,2966.61083984375,2962.81787109375,2964.041259765625,131762176
2025-12-23 07:45:00+00:00,2963.038818359375,2966.39404296875,2962.860107421875,2963.389892578125,66883584
2025-12-23 08:00:00+00:00,2962.99072265625,2966.488037109375,2961.108154296875,2962.727294921875,10987520
2025-12-23 08:15:00+00:00,2966.017333984375,2967.21240234375,2964.474853515625,2964.474853515625,112947200
2025-12-23 08:30:00+00:00,2967.077392578125,2969.181640625,2966.208740234375,2966.208740234375,0
2025-12-23 08:45:00+00:00,2960.0,2966.97265625,2959.197509765625,2966.97265625,346716160
2025-12-23 09:00:00+00:00,2961.197265625,2963.505126953125,2960.151123046875,2960.151123046875,231424
2025-12-23 09:15:00+00:00,2955.61962890625,2960.3037109375,2951.7060546875,2960.28564453125,35739648
2025-12-23 09:30:00+00:00,2960.60791015625,2960.60791015625,2954.916748046875,2956.49267578125,29454336
2025-12-23 09:45:00+00:00,2962.8115234375,2963.56689453125,2960.618896484375,2960.8251953125,311558144
2025-12-23 10:00:00+00:00,2964.229248046875,2967.8359375,2962.24609375,2962.24609375,183926784
2025-12-23 10:15:00+00:00,2966.708984375,2967.729248046875,2963.42236328125,2963.945068359375,0
2025-12-23 10:30:00+00:00,2966.218505859375,2966.609619140625,2964.23486328125,2966.609619140625,210171904
2025-12-23 10:45:00+00:00,2965.499267578125,2968.5361328125,2964.7509765625,2965.356689453125,78403584
2025-12-23 11:00:00+00:00,2966.56396484375,2967.133544921875,2964.241455078125,2965.470458984375,0
2025-12-23 11:15:00+00:00,2969.2451171875,2972.550048828125,2966.2763671875,2966.500732421875,451145728
2025-12-23 11:30:00+00:00,2969.81103515625,2969.81103515625,2967.33251953125,2968.9150390625,141291520
2025-12-23 11:45:00+00:00,2972.09130859375,2972.09130859375,2969.6904296875,2971.105712890625,0
2025-12-23 12:00:00+00:00,2968.822021484375,2971.932373046875,2968.525390625,2971.932373046875,14280704
2025-12-23 12:15:00+00:00,2956.679931640625,2967.052001953125,2956.679931640625,2967.052001953125,114864128
2025-12-23 12:30:00+00:00,2961.325439453125,2961.325439453125,2957.259033203125,2957.259033203125,7112704
2025-12-23 12:45:00+00:00,2956.14697265625,2961.61181640625,2956.14697265625,2960.73583984375,219840512
2025-12-23 13:00:00+00:00,2958.444091796875,2958.444091796875,2953.847900390625,2955.62939453125,104013824
2025-12-23 13:15:00+00:00,2953.55078125,2958.888916015625,2952.70361328125,2958.73876953125,0
2025-12-23 13:30:00+00:00,2945.194580078125,2959.913330078125,2935.115234375,2959.906005859375,327645184
2025-12-23 13:45:00+00:00,2943.0498046875,2948.27685546875,2938.330810546875,2948.27685546875,410357760
2025-12-23 14:00:00+00:00,2947.236328125,2947.626708984375,2940.23876953125,2940.23876953125,59557888
2025-12-23 14:15:00+00:00,2941.733154296875,2945.5185546875,2935.3828125,2945.5185546875,65841152
2025-12-23 14:30:00+00:00,2938.112060546875,2948.26025390625,2931.575927734375,2942.935546875,298149888
2025-12-23 14:45:00+00:00,2909.028076171875,2939.1162109375,2906.182373046875,2939.1162109375,145479680
2025-12-23 15:00:00+00:00,2912.113525390625,2921.75830078125,2909.23876953125,2915.27001953125,336400384
2025-12-23 15:15:00+00:00,2922.01611328125,2926.047607421875,2912.423095703125,2912.423095703125,0
2025-12-23 15:30:00+00:00,2920.95703125,2928.211181640625,2920.1572265625,2921.66455078125,133384192
2025-12-23 15:45:00+00:00,2926.46875,2926.46875,2918.89404296875,2918.89404296875,130818048
2025-12-23 16:00:00+00:00,2940.3740234375,2943.456787109375,2924.75390625,2927.092529296875,312551424
2025-12-23 16:15:00+00:00,2956.589111328125,2961.94677734375,2942.101318359375,2942.101318359375,342753280
2025-12-23 16:30:00+00:00,2954.740966796875,2955.146240234375,2948.005126953125,2954.959716796875,56315904
2025-12-23 16:45:00+00:00,2957.37109375,2962.389404296875,2951.400390625,2951.894775390625,57937920
2025-12-23 17:00:00+00:00,2951.2802734375,2959.92138671875,2951.2802734375,2956.19384765625,297445376
2025-12-23 17:15:00+00:00,2944.010986328125,2952.0908203125,2942.867919921875,2947.69091796875,5480448
2025-12-23 17:30:00+00:00,2934.727783203125,2946.03955078125,2933.95556640625,2942.9248046875,241707008
2025-12-23 17:45:00+00:00,2918.42578125,2936.486083984375,2917.459228515625,2936.486083984375,21557248
2025-12-23 18:00:00+00:00,2929.09765625,2929.09765625,2909.705322265625,2909.705322265625,593192960
2025-12-23 18:15:00+00:00,2938.31787109375,2941.749755859375,2930.623291015625,2930.623291015625,606285824
2025-12-23 18:30:00+00:00,2947.117431640625,2948.32568359375,2938.72119140625,2938.72119140625,269584384
2025-12-23 18:45:00+00:00,2946.8466796875,2948.963134765625,2941.895751953125,2948.963134765625,210382848
2025-12-23 19:00:00+00:00,2941.984130859375,2951.3642578125,2940.2724609375,2946.108642578125,0
2025-12-23 19:15:00+00:00,2933.824951171875,2945.27294921875,2933.824951171875,2941.411865234375,7585792
2025-12-23 19:30:00+00:00,2938.923828125,2939.267578125,2931.380615234375,2933.06884765625,142004224
2025-12-23 19:45:00+00:00,2940.939208984375,2941.097412109375,2935.2109375,2939.178466796875,13570048
2025-12-23 20:00:00+00:00,2946.7900390625,2947.781005859375,2941.024658203125,2942.3359375,13654016
2025-12-23 20:15:00+00:00,2955.831298828125,2957.826904296875,2947.467529296875,2947.467529296875,367558656
2025-12-23 20:30:00+00:00,2976.077392578125,2976.88671875,2952.173583984375,2955.02587890625,133085184
2025-12-23 20:45:00+00:00,2967.838134765625,2983.5849609375,2967.838134765625,2979.241943359375,478205952
2025-12-23 21:00:00+00:00,2960.210205078125,2969.4296875,2959.716064453125,2966.39892578125,183347200
2025-12-23 21:15:00+00:00,2968.896484375,2970.22900390625,2963.74951171875,2965.7412109375,511019008
2025-12-23 21:30:00+00:00,2966.41552734375,2971.345947265625,2965.886474609375,2969.723388671875,36188160
2025-12-23 21:45:00+00:00,2972.0830078125,2973.32275390625,2969.113525390625,2970.444580078125,184596480
2025-12-23 22:00:00+00:00,2961.3330078125,2977.7158203125,2961.3330078125,2972.526611328125,78399488
2025-12-23 22:15:00+00:00,2960.466796875,2964.52197265625,2958.150634765625,2959.96630859375,262426624
2025-12-23 22:30:00+00:00,2963.65087890625,2963.65087890625,2954.245361328125,2959.047119140625,299655168
2025-12-23 22:45:00+00:00,2956.595703125,2963.678466796875,2954.68115234375,2961.375,124186624
2025-12-23 23:00:00+00:00,2955.85009765625,2959.310546875,2953.679443359375,2959.310546875,98627584
2025-12-23 23:15:00+00:00,2959.05517578125,2959.05517578125,2955.0771484375,2957.84521484375,74323968
2025-12-23 23:30:00+00:00,2967.4609375,2967.4609375,2962.38232421875,2962.38232421875,362586112
2025-12-23 23:45:00+00:00,2964.407958984375,2970.52587890625,2963.078125,2970.52587890625,141074432
2025-12-24 00:00:00+00:00,2959.140869140625,2966.4091796875,2959.140869140625,2962.77001953125,10971136
2025-12-24 00:15:00+00:00,2957.640380859375,2960.229736328125,2956.30712890625,2959.343505859375,0
2025-12-24 00:30:00+00:00,2963.597900390625,2965.32080078125,2955.406494140625,2957.23681640625,122208256
2025-12-24 00:45:00+00:00,2969.968994140625,2971.070068359375,2962.208984375,2965.152099609375,209659904
2025-12-24 01:00:00+00:00,2970.753173828125,2974.4990234375,2968.81982421875,2974.4990234375,148611072
2025-12-24 01:15:00+00:00,2969.815185546875,2970.440185546875,2967.459228515625,2970.440185546875,148666368
2025-12-24 01:30:00+00:00,2961.45263671875,2969.730712890625,2961.45263671875,2968.87939453125,10006528
2025-12-24 01:45:00+00:00,2964.336669921875,2964.769775390625,2959.806640625,2961.602783203125,592193536
2025-12-24 02:00:00+00:00,2948.30419921875,2964.164306640625,2948.30419921875,2964.164306640625,511283200
2025-12-24 02:15:00+00:00,2943.3701171875,2950.0478515625,2943.3701171875,2948.232421875,192360448
2025-12-24 02:30:00+00:00,2933.24462890625,2944.817626953125,2932.9306640625,2944.817626953125,151300096
2025-12-24 02:45:00+00:00,2935.697509765625,2936.4091796875,2926.201171875,2927.36767578125,0
2025-12-24 03:00:00+00:00,2927.11083984375,2934.07373046875,2922.182861328125,2934.07373046875,0
2025-12-24 03:15:00+00:00,2934.94482421875,2936.942626953125,2925.220458984375,2926.30859375,231641088
2025-12-24 03:30:00+00:00,2941.2275390625,2942.115478515625,2935.13232421875,2935.13232421875,180396032
2025-12-24 03:45:00+00:00,2943.884765625,2945.791015625,2941.168212890625,2941.168212890625,786401280
2025-12-24 04:00:00+00:00,2952.211669921875,2954.9384765625,2944.167724609375,2944.167724609375,35129344
2025-12-24 04:15:00+00:00,2942.95849609375,2952.269287109375,2942.95849609375,2952.269287109375,11657216
2025-12-24 04:30:00+00:00,2943.218994140625,2944.000244140625,2939.022216796875,2942.107666015625,213528576
2025-12-24 04:45:00+00:00,2934.769287109375,2942.677490234375,2934.244873046875,2941.8232421875,0
2025-12-24 05:00:00+00:00,2933.3486328125,2938.7998046875,2932.030029296875,2934.46875,108265472
2025-12-24 05:15:00+00:00,2936.2998046875,2938.210205078125,2929.94873046875,2932.871337890625,227633152
2025-12-24 05:30:00+00:00,2923.8876953125,2934.64453125,2923.504638671875,2934.4091796875,13174784
2025-12-24 05:45:00+00:00,2927.510498046875,2928.083984375,2917.389892578125,2922.98779296875,35043328
2025-12-24 06:00:00+00:00,2924.549560546875,2928.609375,2922.528076171875,2927.194091796875,435755008
2025-12-24 06:15:00+00:00,2930.91845703125,2934.869384765625,2923.483642578125,2924.180908203125,0
2025-12-24 06:30:00+00:00,2933.319580078125,2934.015380859375,2928.992919921875,2931.94287109375,2252800
2025-12-24 06:45:00+00:00,2930.25341796875,2934.125732421875,2929.867919921875,2933.3095703125,85807104
2025-12-24 07:00:00+00:00,2933.8759765625,2934.527099609375,2931.592529296875,2931.592529296875,17100800
2025-12-24 07:15:00+00:00,2931.391357421875,2935.224609375,2930.411865234375,2934.130126953125,18339840
2025-12-24 07:30:00+00:00,2939.564697265625,2940.873046875,2931.095947265625,2931.095947265625,0
2025-12-24 07:45:00+00:00,2932.99951171875,2939.7236328125,2932.99951171875,2939.3681640625,209199104
2025-12-24 08:00:00+00:00,2933.37890625,2934.083984375,2930.73193359375,2931.085693359375,523048960
2025-12-24 08:15:00+00:00,2929.81689453125,2936.784912109375,2928.43896484375,2932.16015625,60026880
2025-12-24 08:30:00+00:00,2926.9228515625,2933.215087890625,2922.319091796875,2932.242919921875,313067520
2025-12-24 08:45:00+00:00,2921.3447265625,2929.558837890625,2921.3447265625,2929.24951171875,0
2025-12-24 09:00:00+00:00,2926.6005859375,2927.462646484375,2920.395751953125,2920.395751953125,146036736
2025-12-24 09:15:00+00:00,2921.184814453125,2928.230224609375,2921.184814453125,2927.940673828125,26296320
2025-12-24 09:30:00+00:00,2919.896728515625,2921.569091796875,2915.5234375,2921.31396484375,47300608
2025-12-24 09:45:00+00:00,2918.016357421875,2923.037841796875,2917.90478515625,2918.658203125,184205312
2025-12-24 10:00:00+00:00,2925.41845703125,2926.283203125,2917.66064453125,2917.66064453125,43094016
2025-12-24 10:15:00+00:00,2926.049072265625,2927.776123046875,2925.40185546875,2925.7890625,480759808
2025-12-24 10:30:00+00:00,2930.162841796875,2931.98681640625,2928.14794921875,2928.14794921875,583550976
2025-12-24 10:45:00+00:00,2926.897705078125,2930.379150390625,2926.897705078125,2929.7880859375,64964608
2025-12-24 11:00:00+00:00,2933.84765625,2933.856201171875,2927.887939453125,2927.887939453125,31678464
2025-12-24 11:15:00+00:00,2930.969970703125,2932.522216796875,2930.969970703125,2932.522216796875,153180160
2025-12-24 11:30:00+00:00,2928.80712890625,2931.11083984375,2928.091064453125,2930.238037109375,45611008
2025-12-24 11:45:00+00:00,2923.97216796875,2929.664306640625,2923.97216796875,2928.974609375,29827072
2025-12-24 12:00:00+00:00,2927.336669921875,2927.336669921875,2922.4736328125,2923.8251953125,24260608
2025-12-24 12:15:00+00:00,2930.328369140625,2931.11376953125,2927.743408203125,2927.743408203125,144562176
2025-12-24 12:30:00+00:00,2934.3818359375,2934.59814453125,2929.969970703125,2930.08984375,9629696
2025-12-24 12:45:00+00:00,2935.78369140625,2936.767333984375,2930.97509765625,2934.747802734375,0
2025-12-24 13:00:00+00:00,2929.2275390625,2935.266357421875,2929.2275390625,2934.019775390625,133568512
2025-12-24 13:15:00+00:00,2929.567138671875,2929.991455078125,2928.02880859375,2929.37255859375,148762624
2025-12-24 13:30:00+00:00,2927.688720703125,2930.62158203125,2924.546875,2930.327392578125,0
2025-12-24 13:45:00+00:00,2929.66162109375,2930.8828125,2926.494384765625,2926.67236328125,0
2025-12-24 14:00:00+00:00,2933.2421875,2934.0595703125,2929.345458984375,2929.345458984375,0
2025-12-24 14:15:00+00:00,2926.782958984375,2932.462646484375,2926.782958984375,2932.462646484375,0
2025-12-24 14:30:00+00:00,2910.33740234375,2928.0498046875,2888.988037109375,2926.68994140625,245929984
2025-12-24 14:45:00+00:00,2910.096435546875,2919.439453125,2902.115234375,2906.960205078125,171833344
2025-12-24 15:00:00+00:00,2914.24169921875,2918.293212890625,2909.939697265625,2917.489990234375,308097024
2025-12-24 15:15:00+00:00,2913.384033203125,2915.537841796875,2903.53466796875,2911.702392578125,50802688
2025-12-24 15:30:00+00:00,2923.53515625,2924.807373046875,2910.859619140625,2910.859619140625,357281792
2025-12-24 15:45:00+00:00,2920.428955078125,2924.91796875,2920.18212890625,2924.503173828125,133015552
2025-12-24 16:00:00+00:00,2930.5966796875,2931.46142578125,2922.875732421875,2922.875732421875,0
2025-12-24 16:15:00+00:00,2920.197998046875,2930.2685546875,2920.197998046875,2928.6005859375,15431680
2025-12-24 16:30:00+00:00,2940.8017578125,2945.6650390625,2922.85107421875,2922.85107421875,199512064
2025-12-24 16:45:00+00:00,2936.624267578125,2942.294921875,2933.804931640625,2942.294921875,178812928
2025-12-24 17:00:00+00:00,2942.20361328125,2942.73779296875,2938.13037109375,2939.201171875,110872576
2025-12-24 17:15:00+00:00,2943.470703125,2943.76171875,2939.74267578125,2940.2265625,0
2025-12-24 17:30:00+00:00,2938.419921875,2948.174560546875,2937.04248046875,2943.790771484375,79984640
2025-12-24 17:45:00+00:00,2934.86767578125,2942.159912109375,2934.593994140625,2939.600830078125,191338496
2025-12-24 18:00:00+00:00,2932.61279296875,2938.7724609375,2932.61279296875,2935.253662109375,0
2025-12-24 18:15:00+00:00,2935.400146484375,2936.407958984375,2929.645751953125,2932.54052734375,75359232
2025-12-24 18:30:00+00:00,2940.64013671875,2940.64013671875,2934.814208984375,2935.57275390625,0
2025-12-24 18:45:00+00:00,2939.904541015625,2942.265380859375,2939.72509765625,2941.88720703125,0
2025-12-24 19:00:00+00:00,2937.646240234375,2941.14892578125,2937.646240234375,2939.522216796875,0
2025-12-24 19:15:00+00:00,2937.4384765625,2938.133544921875,2936.50146484375,2937.83544921875,3159040
2025-12-24 19:30:00+00:00,2940.6142578125,2941.445068359375,2938.69677734375,2938.69677734375,148261888
2025-12-24 19:45:00+00:00,2944.109375,2944.5517578125,2941.252197265625,2941.438720703125,0
2025-12-24 20:00:00+00:00,2947.342529296875,2948.79345703125,2943.9697265625,2944.77392578125,0
2025-12-24 20:15:00+00:00,2944.35693359375,2947.707763671875,2944.35693359375,2946.428955078125,81366016
2025-12-24 20:30:00+00:00,2944.297119140625,2945.269287109375,2942.85791015625,2944.505126953125,2594816
2025-12-24 20:45:00+00:00,2940.71533203125,2944.544189453125,2940.71533203125,2944.544189453125,0
2025-12-24 21:00:00+00:00,2944.577392578125,2944.9970703125,2942.3662109375,2942.667724609375,69534720
2025-12-24 21:15:00+00:00,2945.909912109375,2945.909912109375,2943.45068359375,2944.593994140625,9774080
2025-12-24 21:30:00+00:00,2950.26611328125,2950.369873046875,2945.14453125,2945.33447265625,445800448
2025-12-24 21:45:00+00:00,2946.30908203125,2949.149658203125,2946.30908203125,2949.149658203125,118925312
2025-12-24 22:00:00+00:00,2950.942138671875,2955.899169921875,2948.301025390625,2948.301025390625,0
2025-12-24 22:15:00+00:00,2948.619873046875,2953.001708984375,2948.619873046875,2950.9443359375,22882304
2025-12-24 22:30:00+00:00,2957.192626953125,2959.65478515625,2948.692626953125,2948.692626953125,0
2025-12-24 22:45:00+00:00,2957.55029296875,2958.47021484375,2956.101318359375,2957.201904296875,0
2025-12-24 23:00:00+00:00,2953.009765625,2957.780517578125,2951.5263671875,2957.780517578125,0
2025-12-24 23:15:00+00:00,2946.183349609375,2953.05712890625,2946.183349609375,2953.05712890625,21824512
2025-12-24 23:30:00+00:00,2945.36767578125,2948.21044921875,2945.36767578125,2946.303466796875,14303232
2025-12-24 23:45:00+00:00,2945.6787109375,2947.220703125,2945.3740234375,2945.479736328125,42791936
2025-12-25 00:00:00+00:00,2940.252197265625,2945.400634765625,2940.252197265625,2945.400634765625,15149056
2025-12-25 00:15:00+00:00,2942.869384765625,2946.343017578125,2941.97265625,2941.97265625,30294016
2025-12-25 00:30:00+00:00,2941.4208984375,2945.531494140625,2941.4208984375,2941.630859375,12606464
2025-12-25 00:45:00+00:00,2936.795654296875,2942.63916015625,2936.795654296875,2941.0009765625,126123008
2025-12-25 01:00:00+00:00,2941.490478515625,2941.490478515625,2937.33203125,2937.33203125,2401280
2025-12-25 01:15:00+00:00,2944.33935546875,2944.73828125,2941.075927734375,2941.9833984375,83221504
2025-12-25 01:30:00+00:00,2944.97021484375,2944.97021484375,2941.132568359375,2944.294189453125,112825344
2025-12-25 01:45:00+00:00,2946.78369140625,2948.6259765625,2945.803466796875,2946.279296875,65260544
2025-12-25 02:00:00+00:00,2946.29052734375,2947.481689453125,2942.445556640625,2946.80859375,195708928
2025-12-25 02:15:00+00:00,2945.147705078125,2946.752197265625,2944.890869140625,2946.41357421875,24541184
2025-12-25 02:30:00+00:00,2953.82958984375,2954.274169921875,2945.201904296875,2945.201904296875,7371776
2025-12-25 02:45:00+00:00,2951.417236328125,2954.559814453125,2951.4150390625,2954.559814453125,0
2025-12-25 03:00:00+00:00,2948.8740234375,2951.199951171875,2947.82421875,2950.914306640625,0
2025-12-25 03:15:00+00:00,2947.44775390625,2948.6337890625,2946.89306640625,2948.6337890625,4671488
2025-12-25 03:30:00+00:00,2943.356201171875,2947.008056640625,2943.19482421875,2947.008056640625,77404160
2025-12-25 03:45:00+00:00,2945.437255859375,2945.437255859375,2942.619140625,2943.374755859375,284672
2025-12-25 04:00:00+00:00,2942.335693359375,2945.818115234375,2941.905517578125,2945.302490234375,93509632
2025-12-25 04:15:00+00:00,2942.21533203125,2944.106201171875,2942.21533203125,2942.779541015625,10757120
2025-12-25 04:30:00+00:00,2942.913818359375,2942.913818359375,2941.59814453125,2941.59814453125,4211712
2025-12-25 04:45:00+00:00,2943.414794921875,2943.679443359375,2942.1015625,2942.50439453125,0
2025-12-25 05:00:00+00:00,2938.9013671875,2943.491455078125,2938.9013671875,2943.491455078125,2475008
2025-12-25 05:15:00+00:00,2940.3818359375,2940.576171875,2937.99853515625,2937.99853515625,0
2025-12-25 05:30:00+00:00,2939.99072265625,2940.985107421875,2938.76904296875,2940.28173828125,0
2025-12-25 05:45:00+00:00,2940.173828125,2942.225830078125,2940.069091796875,2940.069091796875,0
2025-12-25 06:00:00+00:00,2936.951171875,2940.532958984375,2936.951171875,2940.532958984375,20064256
2025-12-25 06:15:00+00:00,2937.6748046875,2938.45751953125,2936.47509765625,2936.47509765625,15338496
2025-12-25 06:30:00+00:00,2938.42529296875,2939.532958984375,2937.24365234375,2937.24365234375,65994752
2025-12-25 06:45:00+00:00,2941.34033203125,2941.34033203125,2939.11669921875,2939.11669921875,44056576
2025-12-25 07:00:00+00:00,2940.009521484375,2941.237548828125,2939.736328125,2941.237548828125,46349312
2025-12-25 07:15:00+00:00,2938.677490234375,2939.796630859375,2938.592041015625,2939.796630859375,7891968
2025-12-25 07:30:00+00:00,2938.795166015625,2938.795166015625,2937.6328125,2938.37158203125,10241024
2025-12-25 07:45:00+00:00,2940.42236328125,2940.876220703125,2938.518798828125,2938.53369140625,0
2025-12-25 08:00:00+00:00,2937.529052734375,2943.490234375,2937.529052734375,2940.282958984375,14292992
2025-12-25 08:15:00+00:00,2921.280517578125,2928.288818359375,2917.80859375,2928.267333984375,145421312
2025-12-25 08:30:00+00:00,2925.452880859375,2925.797607421875,2920.480224609375,2921.514892578125,88176640
2025-12-25 08:45:00+00:00,2927.821044921875,2929.725830078125,2924.20068359375,2925.4150390625,8321024
2025-12-25 09:00:00+00:00,2925.2099609375,2928.3427734375,2925.044921875,2928.3427734375,0
2025-12-25 09:15:00+00:00,2927.33203125,2928.679931640625,2925.15380859375,2925.56005859375,61777920
2025-12-25 09:30:00+00:00,2924.815185546875,2927.31201171875,2924.5986328125,2927.31201171875,0
2025-12-25 09:45:00+00:00,2926.842041015625,2927.370849609375,2925.48095703125,2925.48095703125,26433536
2025-12-25 10:00:00+00:00,2920.755859375,2926.565185546875,2920.4814453125,2926.563720703125,239123456
2025-12-25 10:15:00+00:00,2919.00732421875,2920.607421875,2916.58642578125,2918.270751953125,106542080
2025-12-25 10:30:00+00:00,2912.80078125,2919.916748046875,2912.80078125,2919.0654296875,44255232
2025-12-25 10:45:00+00:00,2918.34326171875,2918.34326171875,2914.9609375,2914.9609375,41707520
2025-12-25 11:00:00+00:00,2922.405517578125,2924.028076171875,2919.037353515625,2919.037353515625,68857856
2025-12-25 11:15:00+00:00,2926.189453125,2926.189453125,2921.9892578125,2922.40234375,0
2025-12-25 11:30:00+00:00,2922.394775390625,2926.11376953125,2922.394775390625,2925.695556640625,6931456
2025-12-25 11:45:00+00:00,2923.493408203125,2923.841796875,2922.243408203125,2922.8193359375,0
2025-12-25 12:00:00+00:00,2924.0625,2925.171630859375,2923.1162109375,2923.1162109375,2235392
2025-12-25 12:15:00+00:00,2925.608642578125,2925.608642578125,2923.109130859375,2923.109130859375,39706624
2025-12-25 12:30:00+00:00,2925.263916015625,2927.365478515625,2925.263916015625,2925.790771484375,15411200
2025-12-25 12:45:00+00:00,2926.78076171875,2926.78076171875,2925.082275390625,2925.156982421875,0
2025-12-25 13:00:00+00:00,2924.030517578125,2926.5380859375,2923.77294921875,2926.5380859375,52962304
2025-12-25 13:15:00+00:00,2922.432861328125,2924.5341796875,2920.146728515625,2924.356689453125,270017536
2025-12-25 13:30:00+00:00,2926.299072265625,2926.299072265625,2920.69482421875,2922.671142578125,13105152
2025-12-25 13:45:00+00:00,2930.49365234375,2932.103271484375,2927.991455078125,2928.84521484375,189646848
2025-12-25 14:00:00+00:00,2933.280029296875,2934.8583984375,2929.374267578125,2929.374267578125,36251648
2025-12-25 14:15:00+00:00,2922.47314453125,2932.78466796875,2922.47314453125,2932.3486328125,37464064
2025-12-25 14:30:00+00:00,2927.18603515625,2927.18603515625,2923.043212890625,2923.043212890625,0
2025-12-25 14:45:00+00:00,2931.951904296875,2933.23486328125,2927.2080078125,2927.2080078125,168096768
2025-12-25 15:00:00+00:00,2933.8330078125,2933.8330078125,2931.267333984375,2931.6435546875,0
2025-12-25 15:15:00+00:00,2947.265869140625,2947.265869140625,2933.632568359375,2934.668701171875,7072768
2025-12-25 15:30:00+00:00,2960.716796875,2960.716796875,2945.291015625,2949.27587890625,109000704
2025-12-25 15:45:00+00:00,2959.54443359375,2967.554931640625,2958.63525390625,2965.514404296875,958236672
2025-12-25 16:00:00+00:00,2955.77783203125,2960.97607421875,2954.17138671875,2958.15234375,70426624
2025-12-25 16:15:00+00:00,2962.168701171875,2963.882080078125,2959.060546875,2959.060546875,146964480
2025-12-25 16:30:00+00:00,2958.5302734375,2963.14501953125,2955.34033203125,2963.14501953125,0
2025-12-25 16:45:00+00:00,2947.75146484375,2958.728271484375,2944.5224609375,2958.728271484375,111806464
2025-12-25 17:00:00+00:00,2946.7431640625,2949.187744140625,2943.222412109375,2946.68408203125,130978816
2025-12-25 17:15:00+00:00,2946.531982421875,2947.502685546875,2942.90576171875,2946.004638671875,75193344
2025-12-25 17:30:00+00:00,2945.61865234375,2947.216064453125,2944.971435546875,2945.616455078125,53650432
2025-12-25 17:45:00+00:00,2951.457763671875,2951.685302734375,2944.983642578125,2946.165283203125,16681984
2025-12-25 18:00:00+00:00,2955.317626953125,2956.90673828125,2952.88427734375,2952.88427734375,138308608
2025-12-25 18:15:00+00:00,2951.69287109375,2955.481201171875,2950.703369140625,2955.481201171875,20567040
2025-12-25 18:30:00+00:00,2961.546630859375,2961.546630859375,2950.78515625,2951.97900390625,69196800
2025-12-25 18:45:00+00:00,2957.193359375,2960.2373046875,2956.921630859375,2959.211181640625,122694656
2025-12-25 19:00:00+00:00,2953.24462890625,2957.121826171875,2952.379638671875,2957.0771484375,19537920
2025-12-25 19:15:00+00:00,2951.605712890625,2952.15185546875,2947.9736328125,2952.15185546875,80184320
2025-12-25 19:30:00+00:00,2954.707275390625,2954.707275390625,2950.876220703125,2951.648193359375,15015936
2025-12-25 19:45:00+00:00,2954.782470703125,2956.08056640625,2953.021240234375,2956.08056640625,23864320
2025-12-25 20:00:00+00:00,2954.17919921875,2954.6796875,2951.57421875,2954.6796875,44564480
2025-12-25 20:15:00+00:00,2944.3779296875,2953.48974609375,2944.3779296875,2953.017333984375,7326720
2025-12-25 20:30:00+00:00,2946.351806640625,2947.44677734375,2944.058837890625,2944.703857421875,51149824
2025-12-25 20:45:00+00:00,2948.217041015625,2948.5810546875,2946.18994140625,2946.18994140625,2566144
2025-12-25 21:00:00+00:00,2951.144775390625,2951.144775390625,2946.635009765625,2948.657958984375,0
2025-12-25 21:15:00+00:00,2948.89453125,2950.6513671875,2948.89453125,2950.6513671875,68661248
2025-12-25 21:30:00+00:00,2948.41796875,2949.64306640625,2948.41796875,2949.52392578125,6219776
2025-12-25 21:45:00+00:00,2945.012939453125,2947.75341796875,2944.02392578125,2947.683837890625,5403648
2025-12-25 22:00:00+00:00,2941.28662109375,2946.590576171875,2941.0478515625,2945.056640625,0
2025-12-25 22:15:00+00:00,2939.870361328125,2941.552734375,2938.70068359375,2938.70068359375,44447744
2025-12-25 22:30:00+00:00,2930.8359375,2939.9169921875,2930.612060546875,2938.394287109375,0
2025-12-25 22:45:00+00:00,2920.345947265625,2925.374267578125,2912.44580078125,2925.016845703125,214584320
2025-12-25 23:00:00+00:00,2924.2119140625,2924.2119140625,2913.60986328125,2916.663818359375,213688320
2025-12-25 23:15:00+00:00,2920.447998046875,2924.33984375,2919.118896484375,2921.871826171875,77906944
2025-12-25 23:30:00+00:00,2897.327880859375,2915.0576171875,2893.991943359375,2915.0576171875,194241536
2025-12-25 23:45:00+00:00,2901.83984375,2905.32958984375,2891.742919921875,2897.733154296875,485353472
2025-12-26 00:00:00+00:00,2900.541015625,2907.01123046875,2897.63037109375,2902.605712890625,124179456
2025-12-26 00:15:00+00:00,2898.44580078125,2909.409423828125,2897.663818359375,2903.804931640625,30072832
2025-12-26 00:30:00+00:00,2895.61083984375,2904.21142578125,2895.61083984375,2900.961669921875,205680640
2025-12-26 00:45:00+00:00,2899.992919921875,2899.992919921875,2895.8212890625,2895.8212890625,111664128
2025-12-26 01:00:00+00:00,2908.397216796875,2909.197998046875,2901.2392578125,2901.2392578125,70280192
2025-12-26 01:15:00+00:00,2917.504638671875,2917.963623046875,2909.30908203125,2909.30908203125,107998208
2025-12-26 01:30:00+00:00,2917.668701171875,2918.396240234375,2916.12060546875,2916.595703125,45530112
2025-12-26 01:45:00+00:00,2917.71484375,2920.55419921875,2917.71484375,2918.59130859375,71822336
2025-12-26 02:00:00+00:00,2943.619384765625,2943.619384765625,2917.4453125,2917.4453125,44547072
2025-12-26 02:15:00+00:00,2983.051513671875,2988.683837890625,2950.625732421875,2950.625732421875,1037387776
2025-12-26 02:30:00+00:00,2977.753662109375,2987.48974609375,2977.744384765625,2978.720947265625,651200512
2025-12-26 02:45:00+00:00,2970.001708984375,2976.12744140625,2968.86279296875,2976.12744140625,314535936
2025-12-26 03:00:00+00:00,2965.239013671875,2972.354736328125,2965.239013671875,2970.614990234375,221238272
2025-12-26 03:15:00+00:00,2959.0712890625,2965.508544921875,2956.952392578125,2965.42529296875,160555008
2025-12-26 03:30:00+00:00,2959.66357421875,2962.298095703125,2958.81494140625,2961.04248046875,216453120
2025-12-26 03:45:00+00:00,2963.148193359375,2965.390380859375,2960.7275390625,2960.91796875,209603584
2025-12-26 04:00:00+00:00,2956.05908203125,2959.957275390625,2951.184326171875,2959.957275390625,127112192
2025-12-26 04:15:00+00:00,2955.18701171875,2957.5986328125,2954.819091796875,2956.40380859375,240700416
2025-12-26 04:30:00+00:00,2965.322509765625,2965.322509765625,2956.864990234375,2956.864990234375,33763328
2025-12-26 04:45:00+00:00,2969.0009765625,2970.19189453125,2967.052734375,2967.052734375,207783936
2025-12-26 05:00:00+00:00,2968.5810546875,2969.732177734375,2967.245849609375,2969.10693359375,9105408
2025-12-26 05:15:00+00:00,2966.14453125,2968.64111328125,2965.90185546875,2968.64111328125,129654784
2025-12-26 05:30:00+00:00,2967.92822265625,2967.92822265625,2965.41162109375,2966.977783203125,534051840
2025-12-26 05:45:00+00:00,2971.49169921875,2971.49169921875,2967.65771484375,2968.296875,43763712
2025-12-26 06:00:00+00:00,2975.44091796875,2975.44091796875,2970.52490234375,2970.52490234375,197429248
2025-12-26 06:15:00+00:00,2974.873046875,2977.69580078125,2974.728271484375,2976.419189453125,135989248
2025-12-26 06:30:00+00:00,2978.01904296875,2978.92431640625,2972.439453125,2974.3134765625,46103552
2025-12-26 06:45:00+00:00,2975.894287109375,2978.385009765625,2973.7705078125,2978.385009765625,955640832
2025-12-26 07:00:00+00:00,2981.65380859375,2981.65380859375,2974.2099609375,2974.2099609375,26437632
2025-12-26 07:15:00+00:00,2984.4638671875,2988.9990234375,2980.900634765625,2981.852294921875,316007424
2025-12-26 07:30:00+00:00,2965.077392578125,2984.717529296875,2965.077392578125,2984.717529296875,224768000
2025-12-26 07:45:00+00:00,2954.01806640625,2965.3681640625,2954.01806640625,2965.3681640625,810856448
2025-12-26 08:00:00+00:00,2959.442626953125,2964.7177734375,2954.796630859375,2954.796630859375,301635584
2025-12-26 08:15:00+00:00,2959.8369140625,2962.83984375,2959.154541015625,2960.8095703125,48343040
2025-12-26 08:30:00+00:00,2957.5869140625,2961.371337890625,2956.2841796875,2961.371337890625,126308352
2025-12-26 08:45:00+00:00,2961.66064453125,2961.66064453125,2956.779296875,2957.235107421875,11568128
2025-12-26 09:00:00+00:00,2962.266845703125,2963.470703125,2962.149658203125,2962.149658203125,157648896
2025-12-26 09:15:00+00:00,2965.016845703125,2967.30224609375,2961.773193359375,2961.773193359375,36163584
2025-12-26 09:30:00+00:00,2967.331787109375,2968.021728515625,2964.824951171875,2964.887939453125,29684736
2025-12-26 09:45:00+00:00,2971.152099609375,2972.546875,2968.584228515625,2968.5869140625,132820992
2025-12-26 10:00:00+00:00,2969.552978515625,2972.285888671875,2966.835693359375,2971.204345703125,3910656
2025-12-26 10:15:00+00:00,2971.40771484375,2971.40771484375,2965.822998046875,2969.58056640625,30804992
2025-12-26 10:30:00+00:00,2968.53564453125,2971.373046875,2967.574462890625,2971.373046875,0
2025-12-26 10:45:00+00:00,2970.2802734375,2970.896728515625,2968.62646484375,2968.62646484375,28976128
2025-12-26 11:00:00+00:00,2967.8193359375,2969.94677734375,2967.44921875,2969.94677734375,157086720
2025-12-26 11:15:00+00:00,2962.906005859375,2967.490478515625,2961.684814453125,2967.490478515625,30058496
2025-12-26 11:30:00+00:00,2965.0458984375,2966.68212890625,2963.4306640625,2963.4306640625,153128960
2025-12-26 11:45:00+00:00,2963.53662109375,2965.532470703125,2963.0859375,2965.532470703125,22819840
2025-12-26 12:00:00+00:00,2966.919677734375,2967.136474609375,2963.25,2963.25,28407808
2025-12-26 12:15:00+00:00,2968.430419921875,2968.7421875,2966.815673828125,2967.187744140625,176719872
2025-12-26 12:30:00+00:00,2970.357666015625,2970.43115234375,2967.28173828125,2968.239501953125,32697344
2025-12-26 12:45:00+00:00,2970.522216796875,2971.061279296875,2968.394775390625,2970.25390625,46936064
2025-12-26 13:00:00+00:00,2975.660400390625,2975.660400390625,2970.19970703125,2970.455810546875,93158400
2025-12-26 13:15:00+00:00,2975.595703125,2975.8154296875,2972.81494140625,2975.14111328125,29937664
2025-12-26 13:30:00+00:00,2979.643798828125,2981.14892578125,2975.067626953125,2975.452392578125,24519680
2025-12-26 13:45:00+00:00,2983.252685546875,2983.40087890625,2978.809814453125,2978.809814453125,164968448
2025-12-26 14:00:00+00:00,2980.122314453125,2982.671142578125,2979.25341796875,2979.7314453125,57060352
2025-12-26 14:15:00+00:00,2978.83447265625,2982.147216796875,2978.83447265625,2980.160888671875,0
2025-12-26 14:30:00+00:00,2955.295166015625,2976.462158203125,2955.295166015625,2976.462158203125,361825280
2025-12-26 14:45:00+00:00,2916.15234375,2955.074462890625,2911.13720703125,2955.074462890625,1029275648
2025-12-26 15:00:00+00:00,2904.9296875,2915.676513671875,2896.208984375,2915.676513671875,1388564480
2025-12-26 15:15:00+00:00,2914.519287109375,2915.46826171875,2903.219970703125,2903.219970703125,1052733440
2025-12-26 15:30:00+00:00,2913.260009765625,2923.35498046875,2913.260009765625,2916.266845703125,399470592
2025-12-26 15:45:00+00:00,2917.00830078125,2921.296875,2913.4248046875,2914.311279296875,0
2025-12-26 16:00:00+00:00,2918.49267578125,2925.679443359375,2918.49267578125,2920.76513671875,66009088
2025-12-26 16:15:00+00:00,2920.137939453125,2923.685791015625,2918.39599609375,2918.477783203125,171089920
2025-12-26 16:30:00+00:00,2919.6591796875,2922.3046875,2916.927490234375,2920.636474609375,13166592
2025-12-26 16:45:00+00:00,2906.25341796875,2918.9033203125,2905.45263671875,2918.134033203125,156635136
2025-12-26 17:00:00+00:00,2913.3583984375,2915.00732421875,2906.5888671875,2906.5888671875,60000256
2025-12-26 17:15:00+00:00,2929.250732421875,2929.250732421875,2913.701416015625,2913.701416015625,0
2025-12-26 17:30:00+00:00,2925.83203125,2929.80908203125,2921.563720703125,2928.89208984375,230195200
2025-12-26 17:45:00+00:00,2917.623291015625,2923.533203125,2915.8818359375,2923.111328125,31279104
2025-12-26 18:00:00+00:00,2923.890380859375,2923.890380859375,2918.57470703125,2918.57470703125,167413760
2025-12-26 18:15:00+00:00,2917.81201171875,2923.046630859375,2917.81201171875,2923.046630859375,821248
2025-12-26 18:30:00+00:00,2923.214111328125,2923.214111328125,2918.313720703125,2918.313720703125,11098112
2025-12-26 18:45:00+00:00,2920.9365234375,2925.13623046875,2920.02734375,2923.640625,27381760
2025-12-26 19:00:00+00:00,2921.05615234375,2923.12548828125,2919.586669921875,2920.82861328125,174516224
2025-12-26 19:15:00+00:00,2919.970458984375,2921.826171875,2916.433349609375,2920.7216796875,39854080
2025-12-26 19:30:00+00:00,2923.5302734375,2923.914306640625,2919.820068359375,2919.820068359375,38055936
2025-12-26 19:45:00+00:00,2923.395751953125,2926.566650390625,2922.07568359375,2924.022216796875,3311616
2025-12-26 20:00:00+00:00,2922.218505859375,2925.121826171875,2920.6806640625,2923.74658203125,77670400
2025-12-26 20:15:00+00:00,2926.724365234375,2927.012939453125,2923.673095703125,2923.905029296875,0
2025-12-26 20:30:00+00:00,2928.662109375,2928.86865234375,2925.0888671875,2926.58935546875,179189760
2025-12-26 20:45:00+00:00,2931.252197265625,2934.810546875,2930.647705078125,2931.019287109375,93337600
2025-12-26 21:00:00+00:00,2931.0966796875,2932.032958984375,2928.18603515625,2929.4970703125,41897984
2025-12-26 21:15:00+00:00,2930.34814453125,2932.087890625,2930.34814453125,2931.49169921875,203313152
2025-12-26 21:30:00+00:00,2926.124755859375,2930.599853515625,2926.124755859375,2930.599853515625,184444928
2025-12-26 21:45:00+00:00,2924.911865234375,2928.1806640625,2924.911865234375,2926.111083984375,25802752
2025-12-26 22:00:00+00:00,2925.4521484375,2926.2607421875,2922.99365234375,2922.99365234375,149219328
2025-12-26 22:15:00+00:00,2922.20947265625,2925.54736328125,2919.490966796875,2923.211669921875,167806976
2025-12-26 22:30:00+00:00,2924.552734375,2925.27294921875,2921.48828125,2921.48828125,800266240
2025-12-26 22:45:00+00:00,2926.706298828125,2928.29638671875,2923.188720703125,2923.652587890625,0
2025-12-26 23:00:00+00:00,2928.196044921875,2931.06640625,2927.967041015625,2930.308349609375,0
2025-12-26 23:15:00+00:00,2926.447998046875,2928.73583984375,2926.35595703125,2927.847412109375,2818048
2025-12-26 23:30:00+00:00,2925.207275390625,2927.388916015625,2925.207275390625,2926.094970703125,0
2025-12-26 23:45:00+00:00,2926.571533203125,2926.773681640625,2924.693603515625,2925.34814453125,0
2025-12-27 00:00:00+00:00,2927.843505859375,2928.49267578125,2926.5361328125,2927.0751953125,0
2025-12-27 00:15:00+00:00,2923.40576171875,2926.718994140625,2922.40478515625,2926.057861328125,4474880
2025-12-27 00:30:00+00:00,2926.051513671875,2926.34033203125,2922.714599609375,2922.714599609375,0
2025-12-27 00:45:00+00:00,2925.488037109375,2927.2744140625,2925.488037109375,2927.2744140625,4929536
2025-12-27 01:00:00+00:00,2924.640380859375,2925.91259765625,2924.4296875,2925.91259765625,0
2025-12-27 01:15:00+00:00,2922.69287109375,2924.606201171875,2921.23779296875,2924.606201171875,0
2025-12-27 01:30:00+00:00,2925.83203125,2926.64111328125,2922.710693359375,2922.710693359375,139683840
2025-12-27 01:45:00+00:00,2925.86767578125,2926.297119140625,2924.36376953125,2925.88916015625,13856768
2025-12-27 02:00:00+00:00,2923.7119140625,2926.05126953125,2922.597900390625,2926.05126953125,0
2025-12-27 02:15:00+00:00,2924.245361328125,2924.245361328125,2923.116943359375,2923.732421875,0
2025-12-27 02:30:00+00:00,2926.537109375,2926.537109375,2925.017822265625,2925.117431640625,0
2025-12-27 02:45:00+00:00,2925.934814453125,2927.12890625,2925.934814453125,2926.73291015625,50245632
2025-12-27 03:00:00+00:00,2924.136474609375,2926.35595703125,2923.322265625,2926.109619140625,0
2025-12-27 03:15:00+00:00,2927.0537109375,2927.944091796875,2923.868408203125,2923.868408203125,83098624
2025-12-27 03:30:00+00:00,2929.253662109375,2930.521240234375,2926.923583984375,2926.923583984375,727275520
2025-12-27 03:45:00+00:00,2930.939453125,2930.939453125,2929.159912109375,2929.159912109375,4785152
2025-12-27 04:00:00+00:00,2928.788330078125,2931.12353515625,2927.595947265625,2931.12353515625,0
2025-12-27 04:15:00+00:00,2928.020751953125,2928.831787109375,2927.85546875,2928.777099609375,4256768
2025-12-27 04:30:00+00:00,2927.778564453125,2927.8974609375,2926.232177734375,2927.8974609375,0
2025-12-27 04:45:00+00:00,2927.06201171875,2928.203369140625,2927.06201171875,2927.87451171875,0
2025-12-27 05:00:00+00:00,2927.7822265625,2928.70361328125,2927.537353515625,2928.447509765625,0
2025-12-27 05:15:00+00:00,2927.3369140625,2927.5234375,2926.538330078125,2927.414794921875,15205376
2025-12-27 05:30:00+00:00,2928.6875,2928.871826171875,2927.1376953125,2927.1376953125,0
2025-12-27 05:45:00+00:00,2929.055419921875,2929.799072265625,2928.805419921875,2929.020263671875,125986816
2025-12-27 06:00:00+00:00,2927.523193359375,2928.84619140625,2926.691162109375,2928.84619140625,25152512
2025-12-27 06:15:00+00:00,2926.8193359375,2927.144287109375,2926.35302734375,2927.144287109375,35827712
2025-12-27 06:30:00+00:00,2928.2646484375,2928.470458984375,2926.298828125,2926.728271484375,0
2025-12-27 06:45:00+00:00,2927.471923828125,2928.1533203125,2926.6416015625,2928.1533203125,0
2025-12-27 07:00:00+00:00,2930.08544921875,2930.08544921875,2928.313232421875,2928.313232421875,4976640
2025-12-27 07:15:00+00:00,2933.302001953125,2935.115966796875,2930.26123046875,2930.3720703125,0
2025-12-27 07:30:00+00:00,2930.74853515625,2933.899658203125,2930.657470703125,2933.351318359375,94769152
2025-12-27 07:45:00+00:00,2930.83837890625,2931.1611328125,2930.58154296875,2930.58154296875,0
2025-12-27 08:00:00+00:00,2931.983154296875,2933.697021484375,2931.107666015625,2931.20458984375,0
2025-12-27 08:15:00+00:00,2933.892822265625,2934.7607421875,2932.6162109375,2932.663818359375,0
2025-12-27 08:30:00+00:00,2933.692626953125,2934.704833984375,2933.39013671875,2933.83349609375,0
2025-12-27 08:45:00+00:00,2932.50244140625,2933.4169921875,2932.25537109375,2933.4169921875,25525248
2025-12-27 09:00:00+00:00,2934.170166015625,2934.170166015625,2932.370849609375,2932.370849609375,0
2025-12-27 09:15:00+00:00,2930.337890625,2935.374755859375,2930.337890625,2934.2919921875,21021696
2025-12-27 09:30:00+00:00,2932.88232421875,2933.752197265625,2931.0830078125,2931.0830078125,40712192
2025-12-27 09:45:00+00:00,2934.2373046875,2934.96630859375,2932.104248046875,2932.9814453125,0
2025-12-27 10:00:00+00:00,2931.169677734375,2933.275146484375,2931.169677734375,2933.275146484375,24037376
2025-12-27 10:15:00+00:00,2931.3125,2931.934326171875,2929.771728515625,2930.51123046875,17640448
2025-12-27 10:30:00+00:00,2921.27734375,2929.82568359375,2919.765869140625,2929.82568359375,29523968
2025-12-27 10:45:00+00:00,2925.223388671875,2925.223388671875,2921.94189453125,2922.563720703125,215411712
2025-12-27 11:00:00+00:00,2924.29638671875,2925.591064453125,2921.82275390625,2925.20166015625,21360640
2025-12-27 11:15:00+00:00,2925.7080078125,2926.4755859375,2923.401611328125,2924.620361328125,22852608
2025-12-27 11:30:00+00:00,2927.376220703125,2928.03564453125,2925.98388671875,2925.98388671875,11743232
2025-12-27 11:45:00+00:00,2929.788330078125,2930.67236328125,2926.951171875,2927.318115234375,12169216
2025-12-27 12:00:00+00:00,2928.346923828125,2930.926025390625,2928.346923828125,2930.82666015625,112434176
2025-12-27 12:15:00+00:00,2929.2431640625,2929.481689453125,2927.822265625,2927.822265625,68056064
2025-12-27 12:30:00+00:00,2931.195068359375,2931.195068359375,2929.311279296875,2929.421630859375,44396544
2025-12-27 12:45:00+00:00,2930.188720703125,2931.849365234375,2929.919677734375,2931.667724609375,0
2025-12-27 13:00:00+00:00,2928.129150390625,2930.502685546875,2927.29443359375,2930.502685546875,0
2025-12-27 13:15:00+00:00,2925.961181640625,2928.21142578125,2925.865234375,2928.21142578125,0
2025-12-27 13:30:00+00:00,2930.68115234375,2930.68115234375,2924.697265625,2925.644775390625,17001472
2025-12-27 13:45:00+00:00,2928.5,2930.2275390625,2928.5,2930.2275390625,0
2025-12-27 14:00:00+00:00,2927.2236328125,2927.99658203125,2925.938232421875,2927.99658203125,81525760
2025-12-27 14:15:00+00:00,2925.30517578125,2926.93798828125,2924.911376953125,2926.77392578125,7794688
2025-12-27 14:30:00+00:00,2927.31103515625,2928.05810546875,2925.29150390625,2925.29150390625,0
2025-12-27 14:45:00+00:00,2928.117431640625,2929.0693359375,2927.325927734375,2928.30712890625,0
2025-12-27 15:00:00+00:00,2927.0009765625,2928.30908203125,2925.943603515625,2927.221435546875,0
2025-12-27 15:15:00+00:00,2925.97802734375,2927.2822265625,2925.88232421875,2927.165283203125,0
2025-12-27 15:30:00+00:00,2927.28857421875,2928.3369140625,2926.333740234375,2926.333740234375,0
2025-12-27 15:45:00+00:00,2925.680419921875,2927.531005859375,2925.23974609375,2927.531005859375,0
2025-12-27 16:00:00+00:00,2924.836669921875,2926.123046875,2924.60205078125,2925.25439453125,0
2025-12-27 16:15:00+00:00,2919.33056640625,2924.519775390625,2919.33056640625,2924.519775390625,0
2025-12-27 16:30:00+00:00,2921.358642578125,2922.220458984375,2919.8115234375,2919.8115234375,51950080
2025-12-27 16:45:00+00:00,2917.72412109375,2921.397216796875,2917.271240234375,2921.21875,25705984
2025-12-27 17:00:00+00:00,2919.978759765625,2920.531005859375,2918.78759765625,2918.78759765625,500736
2025-12-27 17:15:00+00:00,2924.233642578125,2924.4951171875,2921.328369140625,2921.60595703125,5627392
2025-12-27 17:30:00+00:00,2923.619384765625,2924.375244140625,2923.606689453125,2924.375244140625,0
2025-12-27 17:45:00+00:00,2926.48583984375,2926.581787109375,2923.9677734375,2923.9677734375,8747008
2025-12-27 18:00:00+00:00,2924.80029296875,2926.4716796875,2924.80029296875,2926.4716796875,0
2025-12-27 18:15:00+00:00,2926.002197265625,2926.002197265625,2924.569580078125,2924.718017578125,442063360
2025-12-27 18:30:00+00:00,2924.978515625,2925.70068359375,2924.910400390625,2925.70068359375,9358848
2025-12-27 18:45:00+00:00,2923.918701171875,2924.638427734375,2923.43701171875,2924.33642578125,0
2025-12-27 19:00:00+00:00,2925.421142578125,2925.54931640625,2923.940673828125,2923.940673828125,8742400
2025-12-27 19:15:00+00:00,2925.615478515625,2925.922119140625,2925.025146484375,2925.76611328125,0
2025-12-27 19:30:00+00:00,2926.17431640625,2926.926025390625,2925.603515625,2925.6826171875,19561984
2025-12-27 19:45:00+00:00,2928.1318359375,2928.42724609375,2926.5625,2926.5625,9946112
2025-12-27 20:00:00+00:00,2930.340087890625,2930.988037109375,2928.506103515625,2928.574951171875,26112512
2025-12-27 20:15:00+00:00,2929.7578125,2930.62451171875,2928.989013671875,2930.56591796875,8658432
2025-12-27 20:30:00+00:00,2928.834716796875,2929.849609375,2928.60498046875,2929.652587890625,5471232
2025-12-27 20:45:00+00:00,2927.36279296875,2928.537109375,2927.36279296875,2928.53125,0
2025-12-27 21:00:00+00:00,2929.137451171875,2929.137451171875,2926.84716796875,2927.385498046875,5213696
2025-12-27 21:15:00+00:00,2929.54638671875,2930.033935546875,2929.195068359375,2929.708984375,0
2025-12-27 21:30:00+00:00,2931.271728515625,2931.45361328125,2929.703857421875,2929.74658203125,0
2025-12-27 21:45:00+00:00,2932.53271484375,2932.53271484375,2930.857177734375,2931.13525390625,19247616
2025-12-27 22:00:00+00:00,2933.545166015625,2933.847412109375,2929.12744140625,2933.847412109375,26073600
2025-12-27 22:15:00+00:00,2939.818603515625,2948.37744140625,2939.093505859375,2943.562744140625,178947072
2025-12-27 22:30:00+00:00,2930.846923828125,2937.385009765625,2929.688720703125,2937.385009765625,119707136
2025-12-27 22:45:00+00:00,2934.7919921875,2934.7919921875,2929.58203125,2929.6328125,26933760
2025-12-27 23:00:00+00:00,2933.9462890625,2934.755615234375,2931.701416015625,2931.701416015625,1630720
2025-12-27 23:15:00+00:00,2938.989013671875,2939.542724609375,2935.4296875,2935.4296875,63750144
2025-12-27 23:30:00+00:00,2937.963134765625,2939.747314453125,2937.944091796875,2938.944580078125,42252288
2025-12-27 23:45:00+00:00,2948.61865234375,2953.38232421875,2937.74658203125,2937.74658203125,219541504
2025-12-28 00:00:00+00:00,2946.58935546875,2948.3076171875,2945.130126953125,2946.760986328125,11181568
2025-12-28 00:15:00+00:00,2945.068359375,2945.8369140625,2944.837158203125,2945.212158203125,55212032
2025-12-28 00:30:00+00:00,2945.548828125,2946.47265625,2942.22607421875,2942.603515625,109569536
2025-12-28 00:45:00+00:00,2943.35205078125,2947.561279296875,2943.35205078125,2945.510986328125,41912320
2025-12-28 01:00:00+00:00,2944.789794921875,2947.358154296875,2943.5537109375,2943.5537109375,61464576
2025-12-28 01:15:00+00:00,2942.3564453125,2944.85498046875,2940.784912109375,2944.85498046875,46060032
2025-12-28 01:30:00+00:00,2944.063232421875,2944.09521484375,2941.2470703125,2942.658447265625,54179840
2025-12-28 01:45:00+00:00,2942.013916015625,2943.091552734375,2941.3115234375,2943.091552734375,73361408
2025-12-28 02:00:00+00:00,2941.784423828125,2942.146484375,2941.030029296875,2941.95947265625,7110144
2025-12-28 02:15:00+00:00,2944.901611328125,2944.901611328125,2942.044921875,2942.044921875,12229632
2025-12-28 02:30:00+00:00,2945.98681640625,2947.619140625,2944.711181640625,2944.841064453125,54764544
2025-12-28 02:45:00+00:00,2945.314697265625,2946.09619140625,2944.61865234375,2945.956787109375,12244992
2025-12-28 03:00:00+00:00,2943.169921875,2945.86962890625,2942.67529296875,2945.2431640625,11469824
2025-12-28 03:15:00+00:00,2940.737548828125,2942.126708984375,2940.737548828125,2941.686279296875,255837184
2025-12-28 03:30:00+00:00,2941.722900390625,2941.7763671875,2940.177001953125,2940.177001953125,468462592
2025-12-28 03:45:00+00:00,2941.87646484375,2942.286865234375,2941.630859375,2941.853759765625,5940736
2025-12-28 04:00:00+00:00,2942.85791015625,2942.85791015625,2939.79931640625,2941.6953125,4839936
2025-12-28 04:15:00+00:00,2941.755615234375,2943.73974609375,2941.681884765625,2943.73974609375,31513088
2025-12-28 04:30:00+00:00,2937.086669921875,2942.020751953125,2936.986572265625,2942.004150390625,44049920
2025-12-28 04:45:00+00:00,2937.255615234375,2937.9541015625,2936.79541015625,2937.493896484375,27059200
2025-12-28 05:00:00+00:00,2936.1103515625,2937.0322265625,2933.38525390625,2937.0322265625,41934336
2025-12-28 05:15:00+00:00,2933.6328125,2936.1435546875,2933.553466796875,2935.97265625,86996992
2025-12-28 05:30:00+00:00,2932.8017578125,2933.256591796875,2928.93603515625,2931.161865234375,43548160
2025-12-28 05:45:00+00:00,2932.613037109375,2937.819091796875,2931.74658203125,2934.44921875,53612544
2025-12-28 06:00:00+00:00,2936.27734375,2937.03125,2932.56787109375,2932.56787109375,283062784
2025-12-28 06:15:00+00:00,2936.129150390625,2937.453125,2936.129150390625,2937.390869140625,93094912
2025-12-28 06:30:00+00:00,2940.283447265625,2940.283447265625,2936.912353515625,2936.912353515625,4230144
2025-12-28 06:45:00+00:00,2940.883056640625,2940.883056640625,2938.659423828125,2940.051513671875,59748864
2025-12-28 07:00:00+00:00,2939.087890625,2940.3046875,2938.763916015625,2940.3046875,35919360
2025-12-28 07:15:00+00:00,2936.21728515625,2939.4375,2936.21728515625,2939.4375,27107840
2025-12-28 07:30:00+00:00,2935.025390625,2936.614013671875,2934.9326171875,2936.39453125,1940992
2025-12-28 07:45:00+00:00,2936.674072265625,2936.674072265625,2934.947509765625,2935.0107421875,13155328
2025-12-28 08:00:00+00:00,2939.332275390625,2940.5126953125,2936.422119140625,2936.422119140625,26099712
2025-12-28 08:15:00+00:00,2938.31640625,2939.489501953125,2938.101318359375,2939.285400390625,7368704
2025-12-28 08:30:00+00:00,2941.836181640625,2943.2265625,2937.0322265625,2938.40771484375,26255872
2025-12-28 08:45:00+00:00,2938.64208984375,2940.03466796875,2937.56005859375,2939.77294921875,60646912
2025-12-28 09:00:00+00:00,2940.411376953125,2940.411376953125,2936.8623046875,2938.2646484375,73761280
2025-12-28 09:15:00+00:00,2940.958740234375,2941.201171875,2939.5908203125,2940.427001953125,0
2025-12-28 09:30:00+00:00,2932.13134765625,2940.8818359375,2932.114990234375,2940.85986328125,0
2025-12-28 09:45:00+00:00,2934.766357421875,2934.766357421875,2931.61962890625,2932.53466796875,56508928
2025-12-28 10:00:00+00:00,2939.67822265625,2940.37841796875,2935.0673828125,2935.11181640625,14228480
2025-12-28 10:15:00+00:00,2940.02099609375,2940.02099609375,2937.732666015625,2939.4208984375,47924224
2025-12-28 10:30:00+00:00,2939.139892578125,2940.16552734375,2938.6591796875,2939.959228515625,0
2025-12-28 10:45:00+00:00,2941.386962890625,2941.386962890625,2939.012939453125,2939.012939453125,0
2025-12-28 11:00:00+00:00,2943.81982421875,2943.937744140625,2941.32958984375,2941.32958984375,0
2025-12-28 11:15:00+00:00,2942.429931640625,2944.392333984375,2942.318603515625,2944.392333984375,51409408
2025-12-28 11:30:00+00:00,2938.876220703125,2942.6435546875,2937.63525390625,2942.6435546875,67782656
2025-12-28 11:45:00+00:00,2941.292236328125,2942.63671875,2938.711181640625,2939.152099609375,44733952
2025-12-28 12:00:00+00:00,2939.3037109375,2941.943359375,2939.135986328125,2941.855712890625,21391872
2025-12-28 12:15:00+00:00,2939.99951171875,2940.3720703125,2938.36669921875,2939.5478515625,12763648
2025-12-28 12:30:00+00:00,2937.268798828125,2940.722412109375,2936.39990234375,2940.17138671875,53336576
2025-12-28 12:45:00+00:00,2936.797607421875,2938.703125,2936.68603515625,2937.754638671875,89499648
2025-12-28 13:00:00+00:00,2938.637451171875,2940.099853515625,2936.72021484375,2936.72021484375,106300416
2025-12-28 13:15:00+00:00,2940.526611328125,2940.7626953125,2937.901611328125,2938.10400390625,47489024
2025-12-28 13:30:00+00:00,2939.605224609375,2941.020263671875,2939.605224609375,2940.13232421875,17447424
2025-12-28 13:45:00+00:00,2937.566650390625,2939.60498046875,2937.4521484375,2939.59912109375,48008704
2025-12-28 14:00:00+00:00,2942.322509765625,2942.322509765625,2937.678466796875,2937.80810546875,89945088
2025-12-28 14:15:00+00:00,2943.1953125,2943.778076171875,2941.428466796875,2941.428466796875,78071808
2025-12-28 14:30:00+00:00,2948.125732421875,2950.81494140625,2943.2421875,2943.333984375,25088512
2025-12-28 14:45:00+00:00,2945.4130859375,2950.238525390625,2944.888916015625,2947.8798828125,265867264
2025-12-28 15:00:00+00:00,2953.92724609375,2954.6875,2944.199951171875,2944.199951171875,141493248
2025-12-28 15:15:00+00:00,2953.01123046875,2955.620361328125,2953.01123046875,2954.258544921875,68762624
2025-12-28 15:30:00+00:00,2951.043701171875,2952.46826171875,2948.530029296875,2952.46826171875,84072448
2025-12-28 15:45:00+00:00,2947.0234375,2951.60693359375,2947.0234375,2950.438232421875,18275840
2025-12-28 16:00:00+00:00,2947.719482421875,2948.821533203125,2946.53173828125,2947.21484375,33506304
2025-12-28 16:15:00+00:00,2940.086181640625,2951.19140625,2940.086181640625,2948.322509765625,40517120
2025-12-28 16:30:00+00:00,2942.2548828125,2942.498046875,2940.121337890625,2940.121337890625,63731200
2025-12-28 16:45:00+00:00,2940.73974609375,2943.0927734375,2940.7236328125,2941.91650390625,0
2025-12-28 17:00:00+00:00,2945.605712890625,2945.848388671875,2940.675537109375,2940.675537109375,44126208
2025-12-28 17:15:00+00:00,2946.8408203125,2948.200927734375,2945.77587890625,2945.77587890625,30320640
2025-12-28 17:30:00+00:00,2945.939453125,2946.9716796875,2945.29833984375,2946.96240234375,64046592
2025-12-28 17:45:00+00:00,2943.471923828125,2945.822509765625,2943.346923828125,2945.822509765625,75213312
2025-12-28 18:00:00+00:00,2940.665771484375,2943.884033203125,2940.018798828125,2943.437744140625,67941376
2025-12-28 18:15:00+00:00,2934.578125,2939.639404296875,2929.033935546875,2939.639404296875,235704832
2025-12-28 18:30:00+00:00,2934.702392578125,2935.354736328125,2934.333984375,2934.683837890625,183460864
2025-12-28 18:45:00+00:00,2929.767333984375,2934.35400390625,2928.690185546875,2934.35400390625,50066432
2025-12-28 19:00:00+00:00,2933.88330078125,2935.183837890625,2926.763916015625,2929.609619140625,393231360
2025-12-28 19:15:00+00:00,2931.169189453125,2934.455078125,2931.0869140625,2933.593994140625,347686912
2025-12-28 19:30:00+00:00,2934.0859375,2934.279052734375,2929.21142578125,2929.21142578125,73364480
2025-12-28 19:45:00+00:00,2930.9375,2932.81103515625,2930.738037109375,2932.3466796875,39473152
2025-12-28 20:00:00+00:00,2929.282470703125,2933.960205078125,2929.282470703125,2931.3857421875,64491520
2025-12-28 20:15:00+00:00,2932.14794921875,2933.011962890625,2930.8271484375,2930.8271484375,29705216
2025-12-28 20:30:00+00:00,2933.596923828125,2933.67138671875,2932.061767578125,2932.181640625,0
2025-12-28 20:45:00+00:00,2930.4716796875,2935.12353515625,2930.4716796875,2933.654052734375,24345600
2025-12-28 21:00:00+00:00,2930.47900390625,2933.4921875,2928.575927734375,2930.592529296875,93617152
2025-12-28 21:15:00+00:00,2931.650634765625,2931.82958984375,2928.027587890625,2930.53759765625,77462528
2025-12-28 21:30:00+00:00,2934.875,2934.875,2931.4990234375,2931.4990234375,42725376
2025-12-28 21:45:00+00:00,2935.057861328125,2936.543701171875,2934.99853515625,2934.99853515625,4865024
2025-12-28 22:00:00+00:00,2934.42138671875,2935.60009765625,2934.16064453125,2935.240966796875,0
2025-12-28 22:15:00+00:00,2939.692138671875,2939.692138671875,2934.689453125,2935.475341796875,0
2025-12-28 22:30:00+00:00,2941.8720703125,2941.8720703125,2937.529541015625,2939.421875,42322944
2025-12-28 22:45:00+00:00,2948.23876953125,2951.991943359375,2940.226318359375,2942.25439453125,17516544
2025-12-28 23:00:00+00:00,2940.854248046875,2947.842529296875,2940.854248046875,2947.842529296875,178286592
2025-12-28 23:15:00+00:00,2941.09326171875,2944.546142578125,2939.487548828125,2939.487548828125,15127552
2025-12-28 23:30:00+00:00,2946.937744140625,2946.937744140625,2941.193359375,2941.87646484375,340523008
2025-12-28 23:45:00+00:00,2948.63623046875,2950.7314453125,2946.810302734375,2947.232666015625,15535104
2025-12-29 00:00:00+00:00,2946.10400390625,2948.4560546875,2944.65771484375,2948.4560546875,31130624
2025-12-29 00:15:00+00:00,2953.416259765625,2953.416259765625,2943.145751953125,2946.16552734375,55329792
2025-12-29 00:30:00+00:00,2967.826904296875,2968.7099609375,2963.209716796875,2963.209716796875,415755264
2025-12-29 00:45:00+00:00,2964.69140625,2971.434814453125,2964.5537109375,2966.3115234375,262055936
2025-12-29 01:00:00+00:00,2960.199462890625,2964.2861328125,2955.915283203125,2964.2861328125,175382528
2025-12-29 01:15:00+00:00,2959.48046875,2959.992431640625,2952.68115234375,2959.992431640625,114196480
2025-12-29 01:30:00+00:00,2976.253173828125,2979.733642578125,2956.674072265625,2958.403564453125,190670848
2025-12-29 01:45:00+00:00,2977.811279296875,2981.789306640625,2974.682373046875,2974.682373046875,380233728
2025-12-29 02:00:00+00:00,3007.849609375,3007.849609375,2978.8095703125,2978.8095703125,1139891200
2025-12-29 02:15:00+00:00,3000.5791015625,3011.787353515625,2997.38623046875,3011.787353515625,338215936
2025-12-29 02:30:00+00:00,2997.8505859375,3005.928955078125,2997.52587890625,3005.928955078125,292510720
2025-12-29 02:45:00+00:00,2999.949951171875,3003.871337890625,2997.755859375,2997.755859375,290960384
2025-12-29 03:00:00+00:00,3010.1005859375,3010.1005859375,3000.26708984375,3000.26708984375,129837056
2025-12-29 03:15:00+00:00,3008.517578125,3009.1083984375,3004.140869140625,3009.072509765625,641137664
2025-12-29 03:30:00+00:00,3028.159423828125,3032.674560546875,3007.683349609375,3008.07421875,586921984
2025-12-29 03:45:00+00:00,3041.04296875,3041.04296875,3032.6328125,3033.748046875,933096448
2025-12-29 04:00:00+00:00,3039.9697265625,3042.667236328125,3038.61767578125,3040.34228515625,417518592
2025-12-29 04:15:00+00:00,3040.907958984375,3051.922119140625,3040.3994140625,3044.236572265625,532339712
2025-12-29 04:30:00+00:00,3045.2685546875,3049.22900390625,3039.972412109375,3042.134033203125,848808960
2025-12-29 04:45:00+00:00,3038.344482421875,3043.982666015625,3037.253173828125,3043.982666015625,328958976
2025-12-29 05:00:00+00:00,3038.623291015625,3038.623291015625,3032.250244140625,3036.838623046875,211497984
2025-12-29 05:15:00+00:00,3034.044921875,3039.6943359375,3034.044921875,3039.6943359375,214767616
2025-12-29 05:30:00+00:00,3038.338134765625,3039.850830078125,3032.84423828125,3033.403076171875,48846848
2025-12-29 05:45:00+00:00,3035.4111328125,3041.16259765625,3034.610107421875,3040.782470703125,401801216
2025-12-29 06:00:00+00:00,3037.420654296875,3037.420654296875,3031.767578125,3034.10693359375,247368704
2025-12-29 06:15:00+00:00,3034.604248046875,3040.9814453125,3034.604248046875,3036.65966796875,115656704
2025-12-29 06:30:00+00:00,3033.89208984375,3035.66357421875,3032.16650390625,3034.320068359375,873963520
2025-12-29 06:45:00+00:00,3031.279052734375,3033.866943359375,3029.8408203125,3033.866943359375,223651840
2025-12-29 07:00:00+00:00,3016.298583984375,3033.7109375,3013.697021484375,3031.7900390625,412541952
2025-12-29 07:15:00+00:00,3012.0634765625,3017.643798828125,3009.983642578125,3017.643798828125,227817472
2025-12-29 07:30:00+00:00,3014.4267578125,3017.337890625,3010.8642578125,3010.8642578125,226490368
2025-12-29 07:45:00+00:00,3016.01708984375,3016.966796875,3012.69580078125,3013.02880859375,86538240
2025-12-29 08:00:00+00:00,3017.8603515625,3017.8603515625,3010.475830078125,3016.051025390625,135837696
2025-12-29 08:15:00+00:00,3020.049560546875,3020.8330078125,3018.213623046875,3018.213623046875,115156992
2025-12-29 08:30:00+00:00,3015.493408203125,3019.83056640625,3013.40380859375,3019.83056640625,189755392
2025-12-29 08:45:00+00:00,3011.628173828125,3016.158447265625,3010.440673828125,3015.6611328125,860248064
2025-12-29 09:00:00+00:00,3007.495849609375,3011.5712890625,3005.906494140625,3011.146728515625,1161844736
2025-12-29 09:15:00+00:00,3004.046142578125,3010.42431640625,3004.046142578125,3007.51953125,87861248
2025-12-29 09:30:00+00:00,2968.216064453125,3004.114013671875,2968.216064453125,3004.114013671875,634818560
2025-12-29 09:45:00+00:00,2971.322998046875,2972.48779296875,2958.030517578125,2968.011962890625,1557948416
2025-12-29 10:00:00+00:00,2975.61572265625,2977.826904296875,2968.18603515625,2972.22998046875,338997248
2025-12-29 10:15:00+00:00,2969.48388671875,2972.40087890625,2968.188720703125,2972.40087890625,134807552
2025-12-29 10:30:00+00:00,2969.7724609375,2970.940673828125,2968.66015625,2970.55615234375,197906432
2025-12-29 10:45:00+00:00,2962.388916015625,2969.762939453125,2960.046142578125,2969.762939453125,124416000
2025-12-29 11:00:00+00:00,2961.1318359375,2961.1318359375,2957.003662109375,2960.858642578125,208693248
2025-12-29 11:15:00+00:00,2962.283935546875,2963.015380859375,2960.226806640625,2960.657958984375,46833664
2025-12-29 11:30:00+00:00,2961.63134765625,2961.63134765625,2957.378173828125,2961.619384765625,101081088
2025-12-29 11:45:00+00:00,2958.995849609375,2960.913818359375,2957.8681640625,2960.4892578125,259833856
2025-12-29 12:00:00+00:00,2916.5234375,2956.95458984375,2916.5234375,2956.95458984375,457893888
2025-12-29 12:15:00+00:00,2930.811279296875,2930.811279296875,2910.289794921875,2915.9404296875,763721728
2025-12-29 12:30:00+00:00,2928.5986328125,2932.83642578125,2924.65869140625,2924.65869140625,701487104
2025-12-29 12:45:00+00:00,2926.84326171875,2927.877197265625,2924.972900390625,2925.179931640625,227338240
2025-12-29 13:00:00+00:00,2930.061767578125,2932.328857421875,2926.358154296875,2926.358154296875,23044096
2025-12-29 13:15:00+00:00,2927.884765625,2932.0205078125,2927.884765625,2931.383544921875,209684480
2025-12-29 13:30:00+00:00,2923.900390625,2928.85205078125,2923.900390625,2927.281494140625,201584640
2025-12-29 13:45:00+00:00,2923.3046875,2927.08349609375,2920.51171875,2925.726318359375,128821248
2025-12-29 14:00:00+00:00,2919.26611328125,2923.763671875,2915.273681640625,2923.763671875,259522560
2025-12-29 14:15:00+00:00,2928.246826171875,2928.246826171875,2920.572265625,2922.73486328125,318593024
2025-12-29 14:30:00+00:00,2951.92529296875,2958.77392578125,2926.4052734375,2926.4052734375,1474535424
2025-12-29 14:45:00+00:00,2924.34228515625,2955.689208984375,2924.34228515625,2953.994384765625,700758016
2025-12-29 15:00:00+00:00,2938.5458984375,2938.5458984375,2920.846923828125,2922.672119140625,650577920
2025-12-29 15:15:00+00:00,2938.098388671875,2943.09814453125,2928.1396484375,2941.656982421875,169154560
2025-12-29 15:30:00+00:00,2937.417236328125,2940.636962890625,2933.965576171875,2938.8017578125,745674752
2025-12-29 15:45:00+00:00,2934.919921875,2940.231201171875,2930.559814453125,2938.76904296875,157671424
2025-12-29 16:00:00+00:00,2937.64208984375,2937.64208984375,2931.091064453125,2933.897705078125,1395464192
2025-12-29 16:15:00+00:00,2925.462646484375,2937.054443359375,2923.329833984375,2937.054443359375,209608704
2025-12-29 16:30:00+00:00,2930.9228515625,2933.18505859375,2925.65869140625,2925.65869140625,1389410304
2025-12-29 16:45:00+00:00,2934.29345703125,2938.198974609375,2930.801513671875,2930.801513671875,68050944
2025-12-29 17:00:00+00:00,2932.12255859375,2937.97314453125,2932.12255859375,2933.848388671875,221345792
2025-12-29 17:15:00+00:00,2925.81103515625,2934.123779296875,2925.81103515625,2931.847900390625,267800576
2025-12-29 17:30:00+00:00,2930.897705078125,2931.394775390625,2928.574951171875,2928.574951171875,317304832
2025-12-29 17:45:00+00:00,2939.280517578125,2939.280517578125,2930.559814453125,2930.559814453125,296798208
2025-12-29 18:00:00+00:00,2934.011962890625,2941.900146484375,2932.2939453125,2939.927490234375,82704384
2025-12-29 18:15:00+00:00,2932.82568359375,2937.6279296875,2932.82568359375,2936.301513671875,425564160
2025-12-29 18:30:00+00:00,2930.26611328125,2934.152099609375,2928.733154296875,2932.239013671875,0
2025-12-29 18:45:00+00:00,2915.38720703125,2928.9013671875,2913.961669921875,2928.888427734375,142907392
2025-12-29 19:00:00+00:00,2930.93359375,2935.009765625,2914.99462890625,2915.303466796875,224690176
2025-12-29 19:15:00+00:00,2933.251953125,2933.9267578125,2930.17919921875,2931.45068359375,293722112
2025-12-29 19:30:00+00:00,2931.8466796875,2935.622314453125,2927.731689453125,2933.28173828125,11177984
2025-12-29 19:45:00+00:00,2929.19140625,2935.061279296875,2929.19140625,2932.17333984375,326150144
2025-12-29 20:00:00+00:00,2931.33740234375,2933.416015625,2928.087890625,2929.212646484375,268451840
2025-12-29 20:15:00+00:00,2930.864990234375,2937.6357421875,2929.373779296875,2935.693115234375,151861248
2025-12-29 20:30:00+00:00,2925.437255859375,2931.53466796875,2925.319091796875,2929.6357421875,67612672
2025-12-29 20:45:00+00:00,2928.07958984375,2928.33154296875,2923.000732421875,2925.631591796875,225712128
2025-12-29 21:00:00+00:00,2929.900390625,2930.203125,2926.999267578125,2928.072021484375,269486080
2025-12-29 21:15:00+00:00,2930.28955078125,2933.5703125,2928.3759765625,2932.16064453125,59318272
2025-12-29 21:30:00+00:00,2934.672607421875,2934.672607421875,2929.353759765625,2929.90283203125,195913728
2025-12-29 21:45:00+00:00,2934.429443359375,2935.340087890625,2932.629638671875,2935.340087890625,75747328
2025-12-29 22:00:00+00:00,2928.70166015625,2934.323486328125,2928.495361328125,2934.323486328125,32081920
2025-12-29 22:15:00+00:00,2933.888427734375,2935.13134765625,2929.52734375,2929.52734375,274444288
2025-12-29 22:30:00+00:00,2936.43017578125,2938.47705078125,2933.72314453125,2933.72314453125,285396992
2025-12-29 22:45:00+00:00,2935.423095703125,2938.1650390625,2935.124267578125,2938.1650390625,34082816
2025-12-29 23:00:00+00:00,2937.564453125,2937.564453125,2932.767822265625,2934.73095703125,0
2025-12-29 23:15:00+00:00,2937.8662109375,2940.642333984375,2936.84228515625,2936.84228515625,12310528
2025-12-29 23:30:00+00:00,2930.650634765625,2933.21240234375,2929.676025390625,2931.701904296875,0
2025-12-29 23:45:00+00:00,2934.636962890625,2934.6474609375,2930.425048828125,2931.01708984375,228890624
2025-12-30 00:00:00+00:00,2935.539794921875,2937.656494140625,2932.9521484375,2934.388916015625,1227335680
2025-12-30 00:15:00+00:00,2935.257568359375,2936.6376953125,2934.8603515625,2935.51953125,3008512
2025-12-30 00:30:00+00:00,2931.653076171875,2934.42919921875,2929.248046875,2934.42919921875,0
2025-12-30 00:45:00+00:00,2933.583984375,2935.404052734375,2931.847900390625,2931.847900390625,86044672
2025-12-30 01:00:00+00:00,2933.6435546875,2934.179443359375,2930.10009765625,2934.179443359375,0
2025-12-30 01:15:00+00:00,2928.83740234375,2933.862548828125,2928.83740234375,2931.901123046875,63037440
2025-12-30 01:30:00+00:00,2930.474365234375,2930.59521484375,2922.975341796875,2928.816162109375,150648832
2025-12-30 01:45:00+00:00,2932.244384765625,2934.307373046875,2930.489013671875,2930.489013671875,0
2025-12-30 02:00:00+00:00,2930.15625,2932.90869140625,2928.22216796875,2932.90869140625,0
2025-12-30 02:15:00+00:00,2930.3544921875,2935.653564453125,2929.56640625,2930.8798828125,0
2025-12-30 02:30:00+00:00,2925.5078125,2930.037109375,2922.435302734375,2930.037109375,1232347136
2025-12-30 02:45:00+00:00,2924.29248046875,2927.025634765625,2921.438720703125,2927.025634765625,163801088
2025-12-30 03:00:00+00:00,2922.18505859375,2924.59716796875,2921.112060546875,2924.574462890625,0
2025-12-30 03:15:00+00:00,2936.551025390625,2940.007080078125,2916.40966796875,2921.4677734375,263798784
2025-12-30 03:30:00+00:00,2935.627197265625,2937.25537109375,2933.90625,2936.824951171875,316243968
2025-12-30 03:45:00+00:00,2949.9794921875,2950.742919921875,2936.72705078125,2936.72705078125,0
2025-12-30 04:00:00+00:00,2944.52880859375,2949.99658203125,2943.211669921875,2948.54443359375,0
2025-12-30 04:15:00+00:00,2953.282470703125,2953.741943359375,2944.34326171875,2944.34326171875,0
2025-12-30 04:30:00+00:00,2952.053466796875,2953.2724609375,2951.741455078125,2952.62255859375,125825024
2025-12-30 04:45:00+00:00,2943.580078125,2951.835693359375,2943.580078125,2951.835693359375,154501120
2025-12-30 05:00:00+00:00,2943.294677734375,2943.589111328125,2940.82763671875,2943.097412109375,96253952
2025-12-30 05:15:00+00:00,2940.146728515625,2943.78515625,2937.474853515625,2943.78515625,25866240
2025-12-30 05:30:00+00:00,2934.995849609375,2940.1396484375,2933.962646484375,2940.1396484375,83877888
2025-12-30 05:45:00+00:00,2937.604248046875,2938.377197265625,2934.736083984375,2935.28173828125,0
2025-12-30 06:00:00+00:00,2942.023193359375,2942.023193359375,2937.376220703125,2937.7509765625,0
2025-12-30 06:15:00+00:00,2941.58203125,2946.41748046875,2941.46337890625,2943.379150390625,41431040
2025-12-30 06:30:00+00:00,2946.707763671875,2946.707763671875,2941.758056640625,2941.840576171875,4419584
2025-12-30 06:45:00+00:00,2941.52490234375,2945.5009765625,2941.1044921875,2944.5576171875,0
2025-12-30 07:00:00+00:00,2946.713134765625,2946.713134765625,2941.5166015625,2942.047607421875,0
2025-12-30 07:15:00+00:00,2943.544189453125,2950.47998046875,2942.5546875,2950.47998046875,114266112
2025-12-30 07:30:00+00:00,2947.698974609375,2947.698974609375,2943.26123046875,2943.41748046875,0
2025-12-30 07:45:00+00:00,2947.96533203125,2948.390869140625,2947.03173828125,2947.2294921875,38645760
2025-12-30 08:00:00+00:00,2994.99560546875,2994.99560546875,2947.051513671875,2947.714599609375,361193472
2025-12-30 08:15:00+00:00,2974.5966796875,2994.418701171875,2973.82373046875,2994.418701171875,446539776
2025-12-30 08:30:00+00:00,2979.55322265625,2980.99560546875,2971.006591796875,2972.439208984375,351449088
2025-12-30 08:45:00+00:00,2975.139892578125,2979.892333984375,2973.728515625,2977.69677734375,87212032
2025-12-30 09:00:00+00:00,2973.674072265625,2977.457275390625,2972.253173828125,2974.255126953125,10473472
2025-12-30 09:15:00+00:00,2970.01123046875,2973.583984375,2968.056396484375,2973.583984375,146087936
2025-12-30 09:30:00+00:00,2973.600830078125,2974.28466796875,2970.234619140625,2970.234619140625,0
2025-12-30 09:45:00+00:00,2982.0927734375,2982.299072265625,2974.611572265625,2975.23095703125,0
2025-12-30 10:00:00+00:00,2980.2548828125,2983.774169921875,2979.354736328125,2981.791748046875,860092416
2025-12-30 10:15:00+00:00,2976.95263671875,2980.638427734375,2975.662109375,2979.10546875,0
2025-12-30 10:30:00+00:00,2978.222412109375,2978.222412109375,2974.18115234375,2977.408935546875,151887872
2025-12-30 10:45:00+00:00,2972.693115234375,2979.64208984375,2971.29150390625,2979.403564453125,0
2025-12-30 11:00:00+00:00,2974.3486328125,2974.3486328125,2971.278076171875,2972.75439453125,813846528
2025-12-30 11:15:00+00:00,2973.371826171875,2974.158203125,2972.056640625,2974.158203125,12544000
2025-12-30 11:30:00+00:00,2974.912353515625,2976.90869140625,2972.43994140625,2973.099853515625,139651072
2025-12-30 11:45:00+00:00,2973.38427734375,2979.89599609375,2971.025634765625,2975.34521484375,48818176
2025-12-30 12:00:00+00:00,2979.6142578125,2979.6142578125,2976.15771484375,2976.15771484375,0
2025-12-30 12:15:00+00:00,2979.66552734375,2981.49560546875,2979.166748046875,2979.166748046875,0
2025-12-30 12:30:00+00:00,2975.365234375,2981.0751953125,2975.365234375,2979.224853515625,0
2025-12-30 12:45:00+00:00,2975.562744140625,2975.6240234375,2973.59619140625,2974.970703125,0
2025-12-30 13:00:00+00:00,2979.8642578125,2982.4736328125,2975.915283203125,2976.643798828125,18806784
2025-12-30 13:15:00+00:00,2984.9267578125,2985.473876953125,2978.662841796875,2979.15380859375,118560768
2025-12-30 13:30:00+00:00,2984.6259765625,2986.7783203125,2980.677734375,2984.89697265625,192827392
2025-12-30 13:45:00+00:00,2984.80419921875,2986.186279296875,2984.567138671875,2985.2724609375,12873728
2025-12-30 14:00:00+00:00,2972.781982421875,2984.3701171875,2962.81689453125,2984.3701171875,347361280
2025-12-30 14:15:00+00:00,2972.278564453125,2978.8271484375,2970.426513671875,2970.426513671875,96323584
2025-12-30 14:30:00+00:00,2966.40966796875,2972.930908203125,2958.763427734375,2967.902099609375,8847360
2025-12-30 14:45:00+00:00,2992.672119140625,2997.321533203125,2968.323486328125,2968.323486328125,213387264
2025-12-30 15:00:00+00:00,2973.178466796875,2994.911865234375,2971.771484375,2994.911865234375,136112128
2025-12-30 15:15:00+00:00,2979.32373046875,2979.32373046875,2968.28955078125,2972.07470703125,216862720
2025-12-30 15:30:00+00:00,2977.075927734375,2981.03857421875,2975.51171875,2975.717529296875,64952320
2025-12-30 15:45:00+00:00,2988.70166015625,2991.001220703125,2979.0712890625,2981.001953125,257409024
2025-12-30 16:00:00+00:00,2977.58935546875,2987.7705078125,2977.58935546875,2987.11279296875,235620352
2025-12-30 16:15:00+00:00,2989.648681640625,2989.73046875,2977.689208984375,2977.689208984375,309561344
2025-12-30 16:30:00+00:00,2975.44384765625,2988.26953125,2972.356689453125,2988.179931640625,20709376
2025-12-30 16:45:00+00:00,2980.150146484375,2980.150146484375,2974.138916015625,2975.522705078125,214345728
2025-12-30 17:00:00+00:00,2982.409912109375,2982.716552734375,2979.63671875,2980.30322265625,827248640
2025-12-30 17:15:00+00:00,2977.892333984375,2979.9736328125,2973.402587890625,2978.047119140625,87179264
2025-12-30 17:30:00+00:00,2978.164794921875,2981.885986328125,2977.330810546875,2978.30615234375,116664320
2025-12-30 17:45:00+00:00,2975.11083984375,2978.130615234375,2966.508544921875,2978.130615234375,965720064
2025-12-30 18:00:00+00:00,2969.204345703125,2975.263427734375,2969.204345703125,2973.907470703125,179726336
2025-12-30 18:15:00+00:00,2971.03173828125,2973.466064453125,2969.099365234375,2970.708251953125,88668160
2025-12-30 18:30:00+00:00,2970.57373046875,2974.111328125,2970.57373046875,2972.037109375,19296256
2025-12-30 18:45:00+00:00,2968.821044921875,2971.24951171875,2960.051513671875,2971.24951171875,101124096
2025-12-30 19:00:00+00:00,2952.551025390625,2969.2998046875,2947.873291015625,2969.2998046875,52299776
2025-12-30 19:15:00+00:00,2966.339599609375,2966.339599609375,2952.911376953125,2952.911376953125,125122560
2025-12-30 19:30:00+00:00,2964.962646484375,2971.107666015625,2964.7705078125,2967.076904296875,220622848
2025-12-30 19:45:00+00:00,2969.270263671875,2970.037109375,2964.734619140625,2964.734619140625,39178240
2025-12-30 20:00:00+00:00,2968.2255859375,2969.578369140625,2965.62451171875,2968.732421875,0
2025-12-30 20:15:00+00:00,2965.39599609375,2969.768798828125,2965.39599609375,2967.29052734375,0
2025-12-30 20:30:00+00:00,2963.653076171875,2966.197265625,2962.9638671875,2965.597412109375,14852096
2025-12-30 20:45:00+00:00,2954.4130859375,2963.381591796875,2954.4130859375,2963.381591796875,62177280
2025-12-30 21:00:00+00:00,2957.2412109375,2959.32373046875,2953.735107421875,2955.2666015625,135362560
2025-12-30 21:15:00+00:00,2959.908935546875,2961.84033203125,2957.8798828125,2957.8798828125,26974208
2025-12-30 21:30:00+00:00,2960.31103515625,2961.702392578125,2959.746826171875,2960.403076171875,0
2025-12-30 21:45:00+00:00,2964.32421875,2965.23828125,2960.788330078125,2960.788330078125,10080256
2025-12-30 22:00:00+00:00,2967.12451171875,2967.26220703125,2964.568603515625,2964.59814453125,178196480
2025-12-30 22:15:00+00:00,2967.0654296875,2968.397705078125,2966.3369140625,2968.397705078125,18780160
2025-12-30 22:30:00+00:00,2962.816162109375,2968.064453125,2962.261962890625,2967.423095703125,0
2025-12-30 22:45:00+00:00,2965.51318359375,2965.51318359375,2962.51611328125,2963.120361328125,128188416
2025-12-30 23:00:00+00:00,2968.930419921875,2968.930419921875,2965.5478515625,2965.5478515625,56010752
2025-12-30 23:15:00+00:00,2968.995849609375,2971.118896484375,2966.9638671875,2968.625244140625,142579712
2025-12-30 23:30:00+00:00,2968.17236328125,2970.498291015625,2968.17236328125,2970.498291015625,12867584
2025-12-30 23:45:00+00:00,2971.07470703125,2971.07470703125,2967.244873046875,2968.175537109375,23803904
2025-12-31 00:00:00+00:00,2963.3583984375,2970.641845703125,2962.495849609375,2970.641845703125,57178112
2025-12-31 00:15:00+00:00,2965.6962890625,2965.6962890625,2960.516357421875,2963.33740234375,51795968
2025-12-31 00:30:00+00:00,2965.739501953125,2965.843017578125,2962.075439453125,2965.662109375,30558208
2025-12-31 00:45:00+00:00,2962.7763671875,2965.692626953125,2962.418701171875,2965.692626953125,471040
2025-12-31 01:00:00+00:00,2965.004638671875,2965.004638671875,2959.941650390625,2962.17529296875,31901696
2025-12-31 01:15:00+00:00,2975.650146484375,2978.1689453125,2965.168212890625,2965.168212890625,182325248
2025-12-31 01:30:00+00:00,2978.82666015625,2980.311767578125,2975.61669921875,2975.61669921875,1158328320
2025-12-31 01:45:00+00:00,2977.18701171875,2979.804931640625,2976.203125,2978.73779296875,37525504
2025-12-31 02:00:00+00:00,2977.92041015625,2977.92041015625,2974.7587890625,2974.7587890625,0
2025-12-31 02:15:00+00:00,2976.109130859375,2978.37939453125,2976.109130859375,2978.37939453125,41582592
2025-12-31 02:30:00+00:00,2974.97021484375,2978.826416015625,2974.97021484375,2976.52490234375,129234944
2025-12-31 02:45:00+00:00,2979.1708984375,2979.1708984375,2971.643798828125,2975.18017578125,0
2025-12-31 03:00:00+00:00,2978.504150390625,2979.9072265625,2977.6484375,2978.316162109375,107601920
2025-12-31 03:15:00+00:00,2971.512939453125,2977.528564453125,2971.512939453125,2977.528564453125,9383936
2025-12-31 03:30:00+00:00,2965.029296875,2971.8515625,2964.066650390625,2971.830078125,478261248
2025-12-31 03:45:00+00:00,2966.845458984375,2967.396728515625,2965.433837890625,2965.719970703125,34387968
2025-12-31 04:00:00+00:00,2968.630859375,2968.697021484375,2966.716064453125,2966.978271484375,0
2025-12-31 04:15:00+00:00,2967.906494140625,2971.336181640625,2967.0830078125,2968.5166015625,182673408
2025-12-31 04:30:00+00:00,2968.149169921875,2968.805908203125,2967.64794921875,2968.083984375,0
2025-12-31 04:45:00+00:00,2965.254150390625,2969.371337890625,2965.254150390625,2968.13623046875,10455040
2025-12-31 05:00:00+00:00,2969.79345703125,2970.21484375,2966.06787109375,2966.06787109375,967538688
2025-12-31 05:15:00+00:00,2972.953125,2972.97412109375,2970.006591796875,2970.006591796875,35287040
2025-12-31 05:30:00+00:00,2975.516357421875,2975.516357421875,2973.54296875,2975.015380859375,116156416
2025-12-31 05:45:00+00:00,2971.939697265625,2975.25439453125,2971.67333984375,2975.25439453125,3493888
2025-12-31 06:00:00+00:00,2973.825927734375,2973.9423828125,2971.729736328125,2971.729736328125,90933248
2025-12-31 06:15:00+00:00,2974.17431640625,2974.48095703125,2972.30517578125,2973.74951171875,0
2025-12-31 06:30:00+00:00,2972.1748046875,2974.669921875,2971.8056640625,2973.60498046875,55502848
2025-12-31 06:45:00+00:00,2971.85400390625,2972.614013671875,2971.775634765625,2971.8349609375,29165568
2025-12-31 07:00:00+00:00,2971.022216796875,2971.784423828125,2970.439453125,2971.784423828125,6678528
2025-12-31 07:15:00+00:00,2972.405517578125,2972.405517578125,2968.28857421875,2971.2607421875,0
2025-12-31 07:30:00+00:00,2972.2578125,2972.71484375,2970.040771484375,2971.9736328125,32702464
2025-12-31 07:45:00+00:00,2973.005615234375,2973.06201171875,2971.797119140625,2971.893310546875,0
2025-12-31 08:00:00+00:00,2973.205810546875,2975.54248046875,2972.94873046875,2972.94873046875,0
2025-12-31 08:15:00+00:00,2972.714111328125,2973.8037109375,2972.035888671875,2973.8037109375,15707136
2025-12-31 08:30:00+00:00,2962.610595703125,2973.02734375,2962.610595703125,2973.02734375,0
2025-12-31 08:45:00+00:00,2965.532958984375,2965.532958984375,2962.7314453125,2963.62060546875,23648256
2025-12-31 09:00:00+00:00,2969.365478515625,2970.26220703125,2965.431884765625,2965.431884765625,62699520
2025-12-31 09:15:00+00:00,2969.547119140625,2970.703857421875,2969.547119140625,2970.125,0
2025-12-31 09:30:00+00:00,2971.259521484375,2971.481689453125,2969.256103515625,2969.962158203125,27935744
2025-12-31 09:45:00+00:00,2973.3974609375,2973.783447265625,2972.017578125,2972.017578125,0
2025-12-31 10:00:00+00:00,2975.541015625,2976.044677734375,2973.141357421875,2973.170654296875,7959552
2025-12-31 10:15:00+00:00,2974.416748046875,2977.538330078125,2973.432861328125,2975.701416015625,137532416
2025-12-31 10:30:00+00:00,2974.018798828125,2974.213623046875,2972.431640625,2974.213623046875,140744704
2025-12-31 10:45:00+00:00,2976.234130859375,2976.234130859375,2973.935302734375,2975.22802734375,0
2025-12-31 11:00:00+00:00,2983.94189453125,2984.587890625,2977.150634765625,2977.31982421875,148007936
2025-12-31 11:15:00+00:00,2985.6640625,2985.6640625,2981.739501953125,2982.880859375,236313600
2025-12-31 11:30:00+00:00,2994.926025390625,2994.926025390625,2986.375732421875,2987.557861328125,192719872
2025-12-31 11:45:00+00:00,2996.447509765625,2997.402587890625,2992.58740234375,2996.06298828125,1136742400
2025-12-31 12:00:00+00:00,2994.342041015625,2998.5517578125,2993.421875,2998.5517578125,146583552
2025-12-31 12:15:00+00:00,2994.247802734375,2996.958251953125,2993.77685546875,2993.77685546875,48498688
2025-12-31 12:30:00+00:00,2988.76318359375,2996.037841796875,2988.409912109375,2995.08837890625,99295232
2025-12-31 12:45:00+00:00,2984.39453125,2987.795654296875,2982.001708984375,2987.795654296875,1113906176
2025-12-31 13:00:00+00:00,2987.040283203125,2987.040283203125,2984.6611328125,2984.725341796875,59275264
2025-12-31 13:15:00+00:00,2991.796142578125,2992.861328125,2986.84814453125,2986.84814453125,23830528
2025-12-31 13:30:00+00:00,2987.806396484375,2991.440673828125,2985.182861328125,2991.440673828125,68390912
2025-12-31 13:45:00+00:00,2993.206298828125,2996.202392578125,2987.287109375,2987.518310546875,244572160
2025-12-31 14:00:00+00:00,3013.427001953125,3015.580322265625,2993.668212890625,2993.668212890625,59138048
2025-12-31 14:15:00+00:00,3008.0595703125,3013.10693359375,3006.065185546875,3013.10693359375,170416128
2025-12-31 14:30:00+00:00,2992.025390625,3006.521728515625,2992.025390625,3006.0751953125,107945984
2025-12-31 14:45:00+00:00,2987.454833984375,2993.856201171875,2982.08984375,2993.856201171875,0
2025-12-31 15:00:00+00:00,2977.37744140625,2989.386962890625,2972.323974609375,2989.386962890625,0
2025-12-31 15:15:00+00:00,2974.16748046875,2977.5126953125,2969.158447265625,2977.5126953125,869859328
2025-12-31 15:30:00+00:00,2977.66796875,2979.6337890625,2966.333984375,2972.452880859375,79900672
2025-12-31 15:45:00+00:00,2984.0458984375,2984.0458984375,2976.9580078125,2976.9580078125,152155136
2025-12-31 16:00:00+00:00,2982.7080078125,2982.7080078125,2977.334716796875,2981.96630859375,141388800
2025-12-31 16:15:00+00:00,2984.041748046875,2990.503173828125,2981.677001953125,2982.241943359375,17920000
2025-12-31 16:30:00+00:00,2961.29931640625,2983.5888671875,2960.617919921875,2983.5888671875,284784640
2025-12-31 16:45:00+00:00,2973.380126953125,2973.380126953125,2962.553466796875,2962.553466796875,175314944
2025-12-31 17:00:00+00:00,2966.0361328125,2972.533935546875,2966.0361328125,2972.533935546875,73961472
2025-12-31 17:15:00+00:00,2973.388427734375,2974.751953125,2965.053955078125,2966.5234375,33612800
2025-12-31 17:30:00+00:00,2970.06103515625,2973.698974609375,2968.979736328125,2971.921142578125,19332096
2025-12-31 17:45:00+00:00,2971.193603515625,2975.51904296875,2970.078369140625,2971.069580078125,31578112
2025-12-31 18:00:00+00:00,2978.09765625,2981.438720703125,2970.041015625,2971.876220703125,31253504
2025-12-31 18:15:00+00:00,2979.548828125,2979.802978515625,2977.961181640625,2977.961181640625,130967552
2025-12-31 18:30:00+00:00,2973.659423828125,2978.680419921875,2973.659423828125,2978.680419921875,36597760
2025-12-31 18:45:00+00:00,2970.682861328125,2975.193603515625,2968.65966796875,2974.9912109375,33498112
2025-12-31 19:00:00+00:00,2976.2451171875,2976.2451171875,2970.128173828125,2970.128173828125,688815104
2025-12-31 19:15:00+00:00,2972.61328125,2975.345703125,2970.084228515625,2975.345703125,0
2025-12-31 19:30:00+00:00,2969.1171875,2972.65869140625,2969.1171875,2972.46533203125,12272640
2025-12-31 19:45:00+00:00,2969.147216796875,2969.820068359375,2966.98779296875,2968.69091796875,23213056
2025-12-31 20:00:00+00:00,2962.95361328125,2967.767578125,2962.14990234375,2967.474853515625,36523008
2025-12-31 20:15:00+00:00,2966.625732421875,2966.625732421875,2964.021484375,2964.918212890625,196691968
2025-12-31 20:30:00+00:00,2961.930908203125,2969.831787109375,2959.880615234375,2966.88818359375,84955136
2025-12-31 20:45:00+00:00,2973.102783203125,2973.669677734375,2959.42822265625,2961.498779296875,340065280
2025-12-31 21:00:00+00:00,2972.916259765625,2975.661376953125,2970.64599609375,2971.420166015625,128471040
2025-12-31 21:15:00+00:00,2975.39794921875,2975.400390625,2972.708251953125,2973.01806640625,32399360
2025-12-31 21:30:00+00:00,2977.928466796875,2978.887451171875,2975.296875,2975.313720703125,62870528
2025-12-31 21:45:00+00:00,2976.82763671875,2978.773681640625,2976.72119140625,2977.918701171875,190979072
2025-12-31 22:00:00+00:00,2975.594970703125,2977.54345703125,2975.594970703125,2977.54345703125,0
2025-12-31 22:15:00+00:00,2978.47119140625,2978.61962890625,2975.59375,2976.056396484375,17312768
2025-12-31 22:30:00+00:00,2973.10498046875,2978.79296875,2973.10498046875,2978.79296875,26996736
2025-12-31 22:45:00+00:00,2971.34375,2972.75146484375,2971.34375,2972.10546875,7772160
2025-12-31 23:00:00+00:00,2970.017578125,2971.826171875,2969.526611328125,2971.826171875,0
2025-12-31 23:15:00+00:00,2970.497802734375,2971.291015625,2969.381591796875,2969.737060546875,9608192
2025-12-31 23:30:00+00:00,2968.17529296875,2970.61279296875,2967.2294921875,2970.587890625,8138752
2025-12-31 23:45:00+00:00,2966.67724609375,2968.880859375,2966.180419921875,2968.35986328125,3309568
2026-01-01 00:00:00+00:00,2972.25244140625,2974.286376953125,2967.069091796875,2967.069091796875,157570048
2026-01-01 00:15:00+00:00,2974.833251953125,2974.833251953125,2971.894775390625,2971.894775390625,7810048
2026-01-01 00:30:00+00:00,2974.8779296875,2975.036376953125,2973.990478515625,2974.728515625,4362240
2026-01-01 00:45:00+00:00,2975.56787109375,2977.404052734375,2974.53173828125,2974.91015625,19772416
2026-01-01 01:00:00+00:00,2980.536865234375,2981.52099609375,2975.2802734375,2975.2802734375,0
2026-01-01 01:15:00+00:00,2978.243408203125,2983.691650390625,2978.243408203125,2980.746337890625,79450112
2026-01-01 01:30:00+00:00,2980.6708984375,2980.6708984375,2975.347412109375,2977.18896484375,32694272
2026-01-01 01:45:00+00:00,2980.531005859375,2982.43994140625,2980.432373046875,2981.37255859375,2030592
2026-01-01 02:00:00+00:00,2980.061767578125,2981.576171875,2978.796630859375,2980.129150390625,112237568
2026-01-01 02:15:00+00:00,2979.207763671875,2982.489501953125,2978.66357421875,2980.291748046875,0
2026-01-01 02:30:00+00:00,2978.27978515625,2981.61328125,2977.482666015625,2979.3427734375,57116672
2026-01-01 02:45:00+00:00,2978.314697265625,2978.389404296875,2976.55810546875,2978.183837890625,35580928
2026-01-01 03:00:00+00:00,2978.1123046875,2978.222900390625,2976.90966796875,2977.30712890625,0
2026-01-01 03:15:00+00:00,2978.603515625,2980.474853515625,2977.448974609375,2978.65380859375,0
2026-01-01 03:30:00+00:00,2978.242919921875,2978.627685546875,2977.240234375,2978.039306640625,76026880
2026-01-01 03:45:00+00:00,2975.044677734375,2978.244384765625,2974.9326171875,2978.244384765625,94216192
2026-01-01 04:00:00+00:00,2971.858642578125,2975.59716796875,2971.858642578125,2975.43017578125,732160
2026-01-01 04:15:00+00:00,2972.5986328125,2972.742431640625,2969.6650390625,2971.52880859375,33227776
2026-01-01 04:30:00+00:00,2970.71875,2973.7529296875,2970.71875,2972.68994140625,186901504
2026-01-01 04:45:00+00:00,2970.44873046875,2970.5966796875,2968.6025390625,2968.6025390625,162207744
2026-01-01 05:00:00+00:00,2974.40380859375,2974.99755859375,2970.8291015625,2970.8291015625,1649664
2026-01-01 05:15:00+00:00,2977.053955078125,2977.053955078125,2974.37744140625,2974.37744140625,77020160
2026-01-01 05:30:00+00:00,2977.00732421875,2978.38134765625,2976.59716796875,2976.59716796875,49522688
2026-01-01 05:45:00+00:00,2976.9990234375,2978.233642578125,2976.953125,2976.953125,10091520
2026-01-01 06:00:00+00:00,2974.6044921875,2976.95166015625,2973.93017578125,2976.934814453125,7748608
2026-01-01 06:15:00+00:00,2974.15576171875,2975.658935546875,2973.919921875,2975.078369140625,19055616
2026-01-01 06:30:00+00:00,2973.927001953125,2974.44921875,2973.293701171875,2974.078857421875,5830656
2026-01-01 06:45:00+00:00,2971.58544921875,2973.77734375,2971.58544921875,2973.439697265625,66640896
2026-01-01 07:00:00+00:00,2973.283203125,2974.893310546875,2971.456298828125,2971.456298828125,42377216
2026-01-01 07:15:00+00:00,2973.310546875,2974.8662109375,2973.231201171875,2973.4541015625,13914112
2026-01-01 07:30:00+00:00,2975.32373046875,2975.9912109375,2973.009521484375,2973.009521484375,6864896
2026-01-01 07:45:00+00:00,2972.983154296875,2975.642333984375,2972.930419921875,2975.353515625,22861824
2026-01-01 08:00:00+00:00,2976.076416015625,2976.410888671875,2973.185546875,2973.185546875,0
2026-01-01 08:15:00+00:00,2976.51708984375,2977.326416015625,2975.513671875,2975.513671875,0
2026-01-01 08:30:00+00:00,2975.724853515625,2977.98583984375,2975.724853515625,2976.580078125,20100096
2026-01-01 08:45:00+00:00,2976.521484375,2976.580322265625,2976.088134765625,2976.265380859375,7275520
2026-01-01 09:00:00+00:00,2980.128662109375,2980.128662109375,2977.537353515625,2977.7255859375,127156224
2026-01-01 09:15:00+00:00,2980.021728515625,2982.12744140625,2979.68896484375,2979.98193359375,32918528
2026-01-01 09:30:00+00:00,2980.189453125,2980.189453125,2978.504150390625,2979.580810546875,987136
2026-01-01 09:45:00+00:00,2979.12353515625,2980.52978515625,2979.12353515625,2980.52978515625,1459200
2026-01-01 10:00:00+00:00,2980.44970703125,2980.462158203125,2979.25341796875,2979.25341796875,0
2026-01-01 10:15:00+00:00,2978.34619140625,2980.925537109375,2977.938720703125,2980.925537109375,4647936
2026-01-01 10:30:00+00:00,2977.93408203125,2978.566650390625,2977.93408203125,2978.280029296875,11331584
2026-01-01 10:45:00+00:00,2979.83203125,2979.83203125,2977.904541015625,2977.989990234375,0
2026-01-01 11:00:00+00:00,2981.918212890625,2981.918212890625,2980.13916015625,2980.160888671875,0
2026-01-01 11:15:00+00:00,2983.575439453125,2985.680419921875,2981.916259765625,2981.916259765625,49659904
2026-01-01 11:30:00+00:00,2981.14208984375,2983.30712890625,2981.038818359375,2982.94140625,0
2026-01-01 11:45:00+00:00,2984.69140625,2984.69140625,2981.4326171875,2981.4326171875,0
2026-01-01 12:00:00+00:00,2984.520751953125,2984.877197265625,2983.281494140625,2984.864501953125,0
2026-01-01 12:15:00+00:00,2981.130615234375,2984.011474609375,2980.321533203125,2984.011474609375,7133184
2026-01-01 12:30:00+00:00,2980.24462890625,2981.33251953125,2979.3701171875,2981.33251953125,0
2026-01-01 12:45:00+00:00,2983.050048828125,2983.050048828125,2980.175537109375,2980.371337890625,114690048
2026-01-01 13:00:00+00:00,2984.45947265625,2984.849853515625,2981.7841796875,2982.921630859375,11133952
2026-01-01 13:15:00+00:00,2980.601318359375,2984.631591796875,2980.601318359375,2984.631591796875,0
2026-01-01 13:30:00+00:00,2981.29248046875,2981.395263671875,2978.957275390625,2980.177734375,23895040
2026-01-01 13:45:00+00:00,2978.58642578125,2980.82177734375,2978.58642578125,2980.82177734375,2511872
2026-01-01 14:00:00+00:00,2979.048583984375,2979.72998046875,2974.788330078125,2978.619140625,0
2026-01-01 14:15:00+00:00,2976.136474609375,2978.75927734375,2976.136474609375,2977.96923828125,0
2026-01-01 14:30:00+00:00,2976.43798828125,2977.436767578125,2974.021240234375,2975.191650390625,0
2026-01-01 14:45:00+00:00,2981.101806640625,2982.26806640625,2976.9267578125,2976.9267578125,0
2026-01-01 15:00:00+00:00,2977.67626953125,2981.74267578125,2977.564453125,2981.2705078125,0
2026-01-01 15:15:00+00:00,2979.97412109375,2982.091552734375,2978.45849609375,2978.45849609375,20609024
2026-01-01 15:30:00+00:00,2985.00048828125,2985.50537109375,2980.271240234375,2980.271240234375,400963584
2026-01-01 15:45:00+00:00,2985.895263671875,2987.267578125,2984.33203125,2984.790283203125,0
2026-01-01 16:00:00+00:00,2981.830810546875,2985.900634765625,2981.830810546875,2985.900634765625,0
2026-01-01 16:15:00+00:00,2980.8203125,2981.607421875,2977.407470703125,2981.252197265625,16428032
2026-01-01 16:30:00+00:00,2978.415283203125,2982.26123046875,2978.415283203125,2980.862548828125,0
2026-01-01 16:45:00+00:00,2978.204345703125,2979.635498046875,2977.397705078125,2978.074462890625,0
2026-01-01 17:00:00+00:00,2981.39501953125,2981.39501953125,2977.368896484375,2978.396484375,46357504
2026-01-01 17:15:00+00:00,2986.4501953125,2986.4501953125,2981.320068359375,2981.320068359375,82809856
2026-01-01 17:30:00+00:00,2988.6748046875,2999.469970703125,2987.4189453125,2987.4189453125,172530688
2026-01-01 17:45:00+00:00,2985.53564453125,2990.289794921875,2984.576904296875,2987.700927734375,111233024
2026-01-01 18:00:00+00:00,2985.08447265625,2988.0009765625,2983.407470703125,2988.0009765625,13135872
2026-01-01 18:15:00+00:00,2984.0458984375,2986.889892578125,2983.17138671875,2983.32177734375,0
2026-01-01 18:30:00+00:00,2984.513671875,2985.0712890625,2982.5126953125,2982.5126953125,78612480
2026-01-01 18:45:00+00:00,2985.534423828125,2987.715576171875,2985.189453125,2986.774658203125,0
2026-01-01 19:00:00+00:00,2983.537841796875,2985.875,2983.537841796875,2985.759033203125,0
2026-01-01 19:15:00+00:00,2984.439208984375,2984.439208984375,2983.545166015625,2983.545166015625,24890368
2026-01-01 19:30:00+00:00,2989.75634765625,2989.862548828125,2983.999755859375,2984.513671875,0
2026-01-01 19:45:00+00:00,2990.382568359375,2992.431640625,2989.183837890625,2989.310546875,61594624
2026-01-01 20:00:00+00:00,2989.272705078125,2991.078369140625,2989.272705078125,2990.705322265625,8809472
2026-01-01 20:15:00+00:00,2987.746337890625,2989.101806640625,2987.543212890625,2988.603759765625,0
2026-01-01 20:30:00+00:00,2986.429931640625,2988.162841796875,2986.076171875,2988.162841796875,0
2026-01-01 20:45:00+00:00,2985.07177734375,2985.48046875,2984.093505859375,2984.632080078125,33002496
2026-01-01 21:00:00+00:00,2988.825927734375,2988.825927734375,2984.48095703125,2984.968994140625,0
2026-01-01 21:15:00+00:00,2988.681396484375,2988.681396484375,2987.10888671875,2988.22802734375,35201024
2026-01-01 21:30:00+00:00,2985.5908203125,2988.499267578125,2985.27734375,2988.499267578125,2723840
2026-01-01 21:45:00+00:00,2985.92041015625,2986.40771484375,2984.0712890625,2985.15380859375,0
2026-01-01 22:00:00+00:00,2987.389404296875,2989.16015625,2985.8876953125,2985.8876953125,16871424
2026-01-01 22:15:00+00:00,2988.92578125,2988.92578125,2987.115234375,2987.635498046875,65445888
2026-01-01 22:30:00+00:00,2987.74072265625,2990.345458984375,2983.97412109375,2988.912841796875,42747904
2026-01-01 22:45:00+00:00,2995.52783203125,2995.602783203125,2988.489501953125,2988.550048828125,1879040
2026-01-01 23:00:00+00:00,2993.427001953125,2998.0380859375,2989.56103515625,2994.762939453125,143687680
2026-01-01 23:15:00+00:00,3000.4970703125,3002.12646484375,2993.55419921875,2993.55419921875,580582400
2026-01-01 23:30:00+00:00,3004.4765625,3005.450439453125,3000.935302734375,3000.935302734375,153449472
2026-01-01 23:45:00+00:00,3000.008544921875,3005.5078125,2999.266357421875,3005.2021484375,88296448
2026-01-02 00:00:00+00:00,2995.525390625,3001.395263671875,2994.286376953125,3000.24072265625,16324608
2026-01-02 00:15:00+00:00,2997.925537109375,2998.47998046875,2995.2822265625,2996.326171875,101471232
2026-01-02 00:30:00+00:00,2994.10546875,3003.932373046875,2994.10546875,2998.507080078125,46025728
2026-01-02 00:45:00+00:00,3000.243408203125,3000.6611328125,2996.792236328125,2996.792236328125,134790144
2026-01-02 01:00:00+00:00,3003.432373046875,3003.68798828125,3000.319580078125,3001.5869140625,24892416
2026-01-02 01:15:00+00:00,2999.159912109375,3000.990478515625,2999.159912109375,3000.090087890625,17933312
2026-01-02 01:30:00+00:00,2997.20849609375,2999.072509765625,2995.1201171875,2998.748291015625,71411712
2026-01-02 01:45:00+00:00,2999.454833984375,2999.86083984375,2996.286376953125,2997.017578125,7723008
2026-01-02 02:00:00+00:00,2994.281005859375,2999.440673828125,2993.41796875,2999.2841796875,13444096
2026-01-02 02:15:00+00:00,2991.794189453125,2994.3759765625,2990.025390625,2994.3759765625,59566080
2026-01-02 02:30:00+00:00,2993.547607421875,2994.279052734375,2991.201171875,2991.48974609375,113677312
2026-01-02 02:45:00+00:00,2997.14306640625,2998.895263671875,2993.322021484375,2993.322021484375,169763840
2026-01-02 03:00:00+00:00,3008.216552734375,3008.216552734375,2996.913330078125,2998.2783203125,66405376
2026-01-02 03:15:00+00:00,3009.75439453125,3011.320068359375,3007.1220703125,3011.320068359375,190125056
2026-01-02 03:30:00+00:00,3019.59375,3027.68408203125,3010.068115234375,3010.068115234375,174145536
2026-01-02 03:45:00+00:00,3015.828857421875,3025.766845703125,3015.828857421875,3020.0390625,913601536
2026-01-02 04:00:00+00:00,3016.468017578125,3020.187744140625,3016.26806640625,3017.906494140625,105447424
2026-01-02 04:15:00+00:00,3011.662841796875,3016.898681640625,3011.662841796875,3016.898681640625,78347264
2026-01-02 04:30:00+00:00,3013.4677734375,3014.688232421875,3012.213623046875,3012.213623046875,46699520
2026-01-02 04:45:00+00:00,3007.662109375,3012.5419921875,3007.662109375,3012.17919921875,53613568
2026-01-02 05:00:00+00:00,3010.82861328125,3011.69384765625,3007.911376953125,3007.911376953125,0
2026-01-02 05:15:00+00:00,3006.291015625,3014.297119140625,3006.291015625,3011.17431640625,92611584
2026-01-02 05:30:00+00:00,3009.503173828125,3009.503173828125,3005.9150390625,3006.010009765625,78923776
2026-01-02 05:45:00+00:00,3012.938720703125,3013.64794921875,3010.02783203125,3010.21875,30005248
2026-01-02 06:00:00+00:00,3014.611572265625,3015.01318359375,3011.683837890625,3012.786376953125,70211584
2026-01-02 06:15:00+00:00,3019.39453125,3019.39453125,3013.80517578125,3013.80517578125,25962496
2026-01-02 06:30:00+00:00,3030.62060546875,3032.8916015625,3019.316162109375,3019.612060546875,320557056
2026-01-02 06:45:00+00:00,3023.801025390625,3031.484375,3023.801025390625,3031.484375,129091584
2026-01-02 07:00:00+00:00,3027.402587890625,3027.402587890625,3023.365966796875,3023.365966796875,21113856
2026-01-02 07:15:00+00:00,3020.512939453125,3027.2158203125,3020.512939453125,3027.2158203125,69716992
2026-01-02 07:30:00+00:00,3015.48681640625,3020.622314453125,3015.48681640625,3020.622314453125,75871232
2026-01-02 07:45:00+00:00,3014.75830078125,3016.02734375,3013.785888671875,3015.4599609375,41839616
2026-01-02 08:00:00+00:00,3023.97509765625,3023.97509765625,3012.660888671875,3014.35791015625,83415040
2026-01-02 08:15:00+00:00,3023.621826171875,3023.712158203125,3021.603759765625,3023.712158203125,129635328
2026-01-02 08:30:00+00:00,3024.76123046875,3024.884521484375,3019.929931640625,3022.907958984375,22951936
2026-01-02 08:45:00+00:00,3027.795654296875,3029.112548828125,3024.42138671875,3024.638427734375,189524992
2026-01-02 09:00:00+00:00,3036.349853515625,3039.75537109375,3028.020263671875,3028.412841796875,151397376
2026-01-02 09:15:00+00:00,3036.004150390625,3037.028564453125,3032.28662109375,3036.23974609375,188585984
2026-01-02 09:30:00+00:00,3037.45166015625,3037.45166015625,3033.796875,3036.534912109375,88984576
2026-01-02 09:45:00+00:00,3045.150390625,3047.785888671875,3038.0283203125,3038.039794921875,390327296
2026-01-02 10:00:00+00:00,3056.196044921875,3058.982421875,3043.415283203125,3044.7880859375,288390144
2026-01-02 10:15:00+00:00,3052.2177734375,3062.79248046875,3052.2177734375,3058.5283203125,557927424
2026-01-02 10:30:00+00:00,3056.88134765625,3058.334228515625,3051.563232421875,3051.563232421875,203644928
2026-01-02 10:45:00+00:00,3053.092529296875,3057.753662109375,3053.092529296875,3056.025634765625,102412288
2026-01-02 11:00:00+00:00,3043.9111328125,3053.634033203125,3043.601318359375,3053.634033203125,67217408
2026-01-02 11:15:00+00:00,3047.154541015625,3050.123291015625,3041.747314453125,3044.927978515625,321116160
2026-01-02 11:30:00+00:00,3042.90869140625,3048.071533203125,3042.90869140625,3044.192138671875,99620864
2026-01-02 11:45:00+00:00,3044.208740234375,3044.51904296875,3041.692626953125,3043.544921875,176014336
2026-01-02 12:00:00+00:00,3044.90185546875,3045.983642578125,3040.90283203125,3044.584716796875,40815616
2026-01-02 12:15:00+00:00,3046.11669921875,3049.3154296875,3043.721435546875,3044.509521484375,84288512
2026-01-02 12:30:00+00:00,3051.874755859375,3051.967529296875,3046.763671875,3047.35986328125,195954688
2026-01-02 12:45:00+00:00,3045.928955078125,3051.527099609375,3045.928955078125,3051.295166015625,63144960
2026-01-02 13:00:00+00:00,3046.892333984375,3050.478271484375,3044.5166015625,3045.618896484375,116997120
2026-01-02 13:15:00+00:00,3051.92529296875,3054.383544921875,3047.6279296875,3047.6279296875,105921536
2026-01-02 13:30:00+00:00,3049.052734375,3050.867431640625,3045.963134765625,3050.867431640625,166506496
2026-01-02 13:45:00+00:00,3047.539306640625,3053.239013671875,3047.539306640625,3048.21484375,28374016
2026-01-02 14:00:00+00:00,3040.002685546875,3050.826171875,3040.002685546875,3047.4921875,108681216
2026-01-02 14:15:00+00:00,3033.4013671875,3040.810302734375,3024.220458984375,3040.810302734375,405374976
2026-01-02 14:30:00+00:00,3059.327880859375,3059.327880859375,3023.47119140625,3032.982421875,452157440
2026-01-02 14:45:00+00:00,3081.55908203125,3098.28564453125,3049.02001953125,3052.397216796875,1866543104
2026-01-02 15:00:00+00:00,3072.865478515625,3088.20263671875,3070.81689453125,3080.52978515625,379258880
2026-01-02 15:15:00+00:00,3068.81103515625,3073.89111328125,3058.799072265625,3069.7392578125,1344837632
2026-01-02 15:30:00+00:00,3090.524658203125,3091.007568359375,3069.516845703125,3069.516845703125,344567808
2026-01-02 15:45:00+00:00,3079.854736328125,3093.327880859375,3079.854736328125,3093.327880859375,453855232
2026-01-02 16:00:00+00:00,3090.15283203125,3091.217529296875,3079.261962890625,3082.02490234375,324268032
2026-01-02 16:15:00+00:00,3100.10693359375,3112.770751953125,3099.04150390625,3112.770751953125,681228288
2026-01-02 16:30:00+00:00,3126.0693359375,3138.111083984375,3104.87841796875,3104.87841796875,656052224
2026-01-02 16:45:00+00:00,3130.61083984375,3130.61083984375,3116.413818359375,3123.59521484375,1507000320
2026-01-02 17:00:00+00:00,3141.224853515625,3141.224853515625,3130.438720703125,3130.438720703125,275722240
2026-01-02 17:15:00+00:00,3130.07373046875,3145.818359375,3130.012451171875,3145.54052734375,407054336
2026-01-02 17:30:00+00:00,3125.89111328125,3131.724609375,3123.791259765625,3131.724609375,214769664
2026-01-02 17:45:00+00:00,3119.615966796875,3127.28515625,3114.210205078125,3127.28515625,206897152
2026-01-02 18:00:00+00:00,3120.223388671875,3125.3369140625,3119.337158203125,3122.958251953125,245213184
2026-01-02 18:15:00+00:00,3122.471923828125,3129.978759765625,3121.336669921875,3121.748779296875,1295380480
2026-01-02 18:30:00+00:00,3111.057861328125,3122.73095703125,3109.983642578125,3122.73095703125,117923840
2026-01-02 18:45:00+00:00,3108.193115234375,3115.052978515625,3096.44677734375,3110.763671875,1491679232
2026-01-02 19:00:00+00:00,3116.2880859375,3116.2880859375,3108.26611328125,3108.26611328125,160239616
2026-01-02 19:15:00+00:00,3119.509521484375,3121.032470703125,3114.764892578125,3116.89453125,170450944
2026-01-02 19:30:00+00:00,3125.872802734375,3125.872802734375,3119.3173828125,3119.3173828125,248143872
2026-01-02 19:45:00+00:00,3121.933837890625,3125.708984375,3121.86962890625,3124.74609375,122494976
2026-01-02 20:00:00+00:00,3123.936279296875,3124.935546875,3118.9677734375,3122.16845703125,296810496
2026-01-02 20:15:00+00:00,3121.019287109375,3126.140869140625,3119.5859375,3123.81298828125,331919360
2026-01-02 20:30:00+00:00,3123.53173828125,3123.53173828125,3116.044189453125,3119.91357421875,114038784
2026-01-02 20:45:00+00:00,3117.00634765625,3121.765869140625,3111.003662109375,3121.765869140625,290662400
2026-01-02 21:00:00+00:00,3119.3828125,3120.88818359375,3116.9833984375,3116.9833984375,213934080
2026-01-02 21:15:00+00:00,3122.305419921875,3122.305419921875,3115.780029296875,3119.092529296875,11534336
2026-01-02 21:30:00+00:00,3122.28125,3125.361328125,3121.641845703125,3123.2802734375,102270976
2026-01-02 21:45:00+00:00,3128.767578125,3129.713134765625,3122.465576171875,3123.450927734375,196632576
2026-01-02 22:00:00+00:00,3131.810546875,3140.265380859375,3128.361328125,3128.9921875,240273408
2026-01-02 22:15:00+00:00,3133.79736328125,3138.13330078125,3132.2880859375,3132.2880859375,256557056
2026-01-02 22:30:00+00:00,3134.3408203125,3134.3408203125,3129.347900390625,3132.41748046875,219785216
2026-01-02 22:45:00+00:00,3132.243408203125,3139.370849609375,3132.243408203125,3136.612548828125,189841408
2026-01-02 23:00:00+00:00,3130.00537109375,3133.083251953125,3130.00537109375,3132.6767578125,182454272
2026-01-02 23:15:00+00:00,3125.198486328125,3130.757080078125,3124.299072265625,3129.403076171875,0
2026-01-02 23:30:00+00:00,3125.22314453125,3125.89306640625,3121.87353515625,3122.740234375,2916352
2026-01-02 23:45:00+00:00,3123.247314453125,3125.43505859375,3120.818359375,3125.43505859375,212316160
2026-01-03 00:00:00+00:00,3127.678466796875,3129.671142578125,3124.20361328125,3124.20361328125,117925888
2026-01-03 00:15:00+00:00,3128.351318359375,3129.607666015625,3122.768310546875,3127.971923828125,38799360
2026-01-03 00:30:00+00:00,3129.373046875,3129.7900390625,3127.417724609375,3129.7900390625,181540864
2026-01-03 00:45:00+00:00,3130.74267578125,3134.362060546875,3129.206787109375,3129.206787109375,43075584
2026-01-03 01:00:00+00:00,3130.031005859375,3130.45751953125,3127.500244140625,3130.395751953125,29419520
2026-01-03 01:15:00+00:00,3123.893310546875,3130.239013671875,3122.67236328125,3130.239013671875,151369728
2026-01-03 01:30:00+00:00,3128.03564453125,3128.979248046875,3123.87548828125,3123.87548828125,0
2026-01-03 01:45:00+00:00,3130.75634765625,3130.75634765625,3127.143310546875,3128.872802734375,15267840
2026-01-03 02:00:00+00:00,3120.8076171875,3129.345703125,3119.757080078125,3129.345703125,45987840
2026-01-03 02:15:00+00:00,3124.936767578125,3125.103515625,3120.237548828125,3120.869384765625,250720256
2026-01-03 02:30:00+00:00,3124.237060546875,3126.62158203125,3123.97216796875,3125.43212890625,98623488
2026-01-03 02:45:00+00:00,3125.3994140625,3127.930419921875,3124.44287109375,3124.44287109375,28282880
2026-01-03 03:00:00+00:00,3121.343017578125,3125.145751953125,3121.1865234375,3125.145751953125,0
2026-01-03 03:15:00+00:00,3119.500244140625,3125.251220703125,3119.43212890625,3125.15625,0
2026-01-03 03:30:00+00:00,3123.56982421875,3123.56982421875,3120.091552734375,3120.091552734375,0
2026-01-03 03:45:00+00:00,3124.680419921875,3125.885986328125,3123.267822265625,3123.81591796875,78807040
2026-01-03 04:00:00+00:00,3119.73681640625,3125.7236328125,3119.73681640625,3123.992431640625,0
2026-01-03 04:15:00+00:00,3121.650634765625,3121.650634765625,3119.859130859375,3119.859130859375,166813696
2026-01-03 04:30:00+00:00,3117.423583984375,3120.8759765625,3116.884765625,3120.8759765625,0
2026-01-03 04:45:00+00:00,3115.5029296875,3117.31103515625,3114.994873046875,3116.15234375,226977792
2026-01-03 05:00:00+00:00,3116.3486328125,3117.37890625,3115.947265625,3115.971435546875,83302400
2026-01-03 05:15:00+00:00,3111.212646484375,3114.77294921875,3111.212646484375,3114.77294921875,48490496
2026-01-03 05:30:00+00:00,3106.125732421875,3111.39990234375,3104.39794921875,3111.39990234375,183603200
2026-01-03 05:45:00+00:00,3111.31787109375,3111.31787109375,3105.505859375,3105.88330078125,44828672
2026-01-03 06:00:00+00:00,3114.586669921875,3114.891357421875,3110.130859375,3110.3916015625,121827328
2026-01-03 06:15:00+00:00,3108.416259765625,3114.607666015625,3108.416259765625,3114.3466796875,48420864
2026-01-03 06:30:00+00:00,3105.821533203125,3110.119384765625,3105.4521484375,3108.1083984375,0
2026-01-03 06:45:00+00:00,3100.793701171875,3103.58740234375,3098.923583984375,3103.58740234375,241422336
2026-01-03 07:00:00+00:00,3094.732421875,3103.68994140625,3094.732421875,3098.808349609375,62234624
2026-01-03 07:15:00+00:00,3083.6787109375,3095.802734375,3077.4658203125,3094.3671875,1347092480
2026-01-03 07:30:00+00:00,3092.117431640625,3092.86474609375,3081.225830078125,3081.225830078125,467806208
2026-01-03 07:45:00+00:00,3089.58984375,3090.9892578125,3088.229248046875,3090.881591796875,46379008
2026-01-03 08:00:00+00:00,3089.843994140625,3095.349853515625,3085.3955078125,3087.491943359375,11450368
2026-01-03 08:15:00+00:00,3101.5595703125,3101.5595703125,3089.832763671875,3089.832763671875,14538752
2026-01-03 08:30:00+00:00,3100.223388671875,3101.2431640625,3097.586181640625,3099.195068359375,349065216
2026-01-03 08:45:00+00:00,3094.9892578125,3100.56005859375,3094.9892578125,3100.223876953125,40331264
2026-01-03 09:00:00+00:00,3095.465576171875,3097.423828125,3094.676025390625,3095.06298828125,0
2026-01-03 09:15:00+00:00,3099.107177734375,3099.107177734375,3092.338623046875,3095.2421875,0
2026-01-03 09:30:00+00:00,3106.0263671875,3108.350341796875,3098.72412109375,3098.72412109375,244000768
2026-01-03 09:45:00+00:00,3101.658447265625,3107.36669921875,3100.7275390625,3106.665283203125,0
2026-01-03 10:00:00+00:00,3099.001708984375,3100.248046875,3097.030029296875,3100.248046875,0
2026-01-03 10:15:00+00:00,3099.607421875,3100.030029296875,3097.61572265625,3097.61572265625,0
2026-01-03 10:30:00+00:00,3102.671630859375,3104.16357421875,3098.963134765625,3099.5205078125,18282496
2026-01-03 10:45:00+00:00,3098.723876953125,3101.9541015625,3098.723876953125,3101.9541015625,1033590784
2026-01-03 11:00:00+00:00,3093.194091796875,3096.850830078125,3092.89794921875,3096.229248046875,0
2026-01-03 11:15:00+00:00,3094.146484375,3095.238037109375,3092.566162109375,3093.14013671875,0
2026-01-03 11:30:00+00:00,3096.208984375,3096.74462890625,3092.086181640625,3093.9228515625,119416832
2026-01-03 11:45:00+00:00,3097.7080078125,3098.06005859375,3095.48681640625,3096.77197265625,223105024
2026-01-03 12:00:00+00:00,3093.363037109375,3097.0478515625,3092.67626953125,3097.0478515625,69437440
2026-01-03 12:15:00+00:00,3098.423828125,3098.423828125,3093.33544921875,3093.340576171875,0
2026-01-03 12:30:00+00:00,3097.142333984375,3099.228271484375,3095.72021484375,3099.228271484375,112902144
2026-01-03 12:45:00+00:00,3102.368408203125,3102.737548828125,3098.849365234375,3098.849365234375,1312735232
2026-01-03 13:00:00+00:00,3099.65771484375,3104.56103515625,3099.65771484375,3103.6962890625,70678528
2026-01-03 13:15:00+00:00,3103.490966796875,3105.16650390625,3100.22216796875,3100.22216796875,0
2026-01-03 13:30:00+00:00,3103.066650390625,3105.369384765625,3102.48291015625,3102.595458984375,28299264
2026-01-03 13:45:00+00:00,3101.752685546875,3103.009765625,3101.406494140625,3103.009765625,0
2026-01-03 14:00:00+00:00,3103.76953125,3104.322265625,3101.37548828125,3101.525146484375,44550144
2026-01-03 14:15:00+00:00,3108.713623046875,3109.934326171875,3103.428466796875,3104.819580078125,0
2026-01-03 14:30:00+00:00,3107.286376953125,3109.80859375,3106.9873046875,3109.51904296875,36212736
2026-01-03 14:45:00+00:00,3103.59765625,3106.767578125,3102.354736328125,3106.767578125,0
2026-01-03 15:00:00+00:00,3099.803955078125,3104.643798828125,3099.259765625,3104.643798828125,0
2026-01-03 15:15:00+00:00,3103.560302734375,3103.560302734375,3100.194091796875,3100.2509765625,0
2026-01-03 15:30:00+00:00,3104.041015625,3104.904052734375,3102.809326171875,3103.087646484375,0
2026-01-03 15:45:00+00:00,3100.09912109375,3104.3828125,3100.09912109375,3103.2939453125,0
2026-01-03 16:00:00+00:00,3101.461181640625,3102.088134765625,3099.289306640625,3099.289306640625,0
2026-01-03 16:15:00+00:00,3101.837646484375,3103.208251953125,3097.943603515625,3101.406982421875,0
2026-01-03 16:30:00+00:00,3108.183349609375,3108.729248046875,3101.51708984375,3101.51708984375,0
2026-01-03 16:45:00+00:00,3105.861328125,3109.503662109375,3105.861328125,3108.277099609375,0
2026-01-03 17:00:00+00:00,3104.192626953125,3107.10400390625,3104.03759765625,3105.894775390625,0
2026-01-03 17:15:00+00:00,3105.955078125,3107.3037109375,3104.2802734375,3104.2802734375,0
2026-01-03 17:30:00+00:00,3108.110595703125,3108.110595703125,3106.068115234375,3106.068115234375,0
2026-01-03 17:45:00+00:00,3106.65771484375,3108.309814453125,3106.038330078125,3108.309814453125,0
2026-01-03 18:00:00+00:00,3104.782958984375,3106.63623046875,3103.759521484375,3106.63623046875,0
2026-01-03 18:15:00+00:00,3113.955810546875,3115.3671875,3104.89306640625,3104.89306640625,0
2026-01-03 18:30:00+00:00,3112.027587890625,3114.600341796875,3111.888916015625,3114.600341796875,0
2026-01-03 18:45:00+00:00,3113.670166015625,3113.7138671875,3111.74951171875,3113.09814453125,0
2026-01-03 19:00:00+00:00,3109.331787109375,3114.214111328125,3109.331787109375,3114.214111328125,0
2026-01-03 19:15:00+00:00,3110.384765625,3110.384765625,3108.7685546875,3109.406494140625,0
2026-01-03 19:30:00+00:00,3112.566162109375,3112.566162109375,3110.1962890625,3110.865234375,57534464
2026-01-03 19:45:00+00:00,3110.53662109375,3112.322998046875,3110.4970703125,3112.322998046875,0
2026-01-03 20:00:00+00:00,3106.267333984375,3111.51025390625,3105.773681640625,3110.99951171875,0
2026-01-03 20:15:00+00:00,3108.5576171875,3108.5576171875,3106.485107421875,3106.485107421875,54176768
2026-01-03 20:30:00+00:00,3113.053955078125,3113.053955078125,3108.46533203125,3108.47021484375,0
2026-01-03 20:45:00+00:00,3113.6044921875,3115.09130859375,3113.297119140625,3114.36962890625,62257152
2026-01-03 21:00:00+00:00,3112.47705078125,3113.68798828125,3111.669921875,3113.68798828125,0
2026-01-03 21:15:00+00:00,3118.918212890625,3119.999267578125,3112.93359375,3112.93359375,48250880
2026-01-03 21:30:00+00:00,3121.087158203125,3126.196533203125,3119.09814453125,3119.09814453125,571658240
2026-01-03 21:45:00+00:00,3119.1376953125,3119.23193359375,3117.23486328125,3119.23193359375,1597440
2026-01-03 22:00:00+00:00,3113.215087890625,3119.14013671875,3113.215087890625,3119.14013671875,0
2026-01-03 22:15:00+00:00,3120.214111328125,3121.538330078125,3115.73193359375,3115.73193359375,24351744
2026-01-03 22:30:00+00:00,3121.60302734375,3123.4453125,3118.574462890625,3118.837646484375,45873152
2026-01-03 22:45:00+00:00,3120.401611328125,3121.8779296875,3118.41064453125,3121.281494140625,0
2026-01-03 23:00:00+00:00,3120.60546875,3123.070556640625,3119.765380859375,3121.59130859375,30809088
2026-01-03 23:15:00+00:00,3125.638427734375,3127.07666015625,3122.78662109375,3122.78662109375,9791488
2026-01-03 23:30:00+00:00,3125.516845703125,3127.574951171875,3124.808837890625,3127.18505859375,105632768
2026-01-03 23:45:00+00:00,3126.132080078125,3126.1357421875,3124.30224609375,3125.2236328125,2357248
2026-01-04 00:00:00+00:00,3149.00048828125,3149.00048828125,3126.65185546875,3126.65185546875,296964096
2026-01-04 00:15:00+00:00,3143.028076171875,3146.465576171875,3139.604736328125,3146.465576171875,254962688
2026-01-04 00:30:00+00:00,3145.664306640625,3148.984375,3138.79638671875,3138.79638671875,195732480
2026-01-04 00:45:00+00:00,3157.856201171875,3159.73974609375,3144.215576171875,3144.215576171875,188264448
2026-01-04 01:00:00+00:00,3155.33251953125,3159.329833984375,3155.0244140625,3156.180419921875,132286464
2026-01-04 01:15:00+00:00,3147.449951171875,3156.019775390625,3147.161865234375,3156.019775390625,164423680
2026-01-04 01:30:00+00:00,3144.003662109375,3148.932373046875,3144.003662109375,3146.7626953125,166917120
2026-01-04 01:45:00+00:00,3148.8818359375,3149.4287109375,3141.442626953125,3145.553955078125,23736320
2026-01-04 02:00:00+00:00,3139.56298828125,3148.918701171875,3139.56298828125,3148.918701171875,47915008
2026-01-04 02:15:00+00:00,3145.0703125,3145.0703125,3142.206787109375,3142.488525390625,140419072
2026-01-04 02:30:00+00:00,3141.61865234375,3147.21923828125,3141.61865234375,3145.340087890625,105494528
2026-01-04 02:45:00+00:00,3138.71630859375,3141.372314453125,3136.865234375,3141.372314453125,41690112
2026-01-04 03:00:00+00:00,3146.140380859375,3146.140380859375,3139.57861328125,3139.57861328125,88806400
2026-01-04 03:15:00+00:00,3143.8994140625,3147.977294921875,3143.8994140625,3147.977294921875,65423360
2026-01-04 03:30:00+00:00,3146.03271484375,3146.03271484375,3141.00732421875,3141.00732421875,45605888
2026-01-04 03:45:00+00:00,3147.560791015625,3148.8955078125,3146.322265625,3146.322265625,128333824
2026-01-04 04:00:00+00:00,3145.64794921875,3147.010986328125,3144.781982421875,3146.342529296875,11297792
2026-01-04 04:15:00+00:00,3149.526123046875,3153.075927734375,3147.679443359375,3147.679443359375,141064192
2026-01-04 04:30:00+00:00,3151.458740234375,3153.833251953125,3148.756103515625,3148.756103515625,612086784
2026-01-04 04:45:00+00:00,3147.239501953125,3151.76806640625,3146.61376953125,3151.76806640625,90217472
2026-01-04 05:00:00+00:00,3146.30517578125,3147.10595703125,3144.291259765625,3146.705810546875,1123328
2026-01-04 05:15:00+00:00,3149.169921875,3149.169921875,3145.690185546875,3145.690185546875,10063872
2026-01-04 05:30:00+00:00,3145.410888671875,3149.86376953125,3145.04833984375,3149.470703125,0
2026-01-04 05:45:00+00:00,3148.76220703125,3149.134521484375,3145.598388671875,3145.598388671875,691464192
2026-01-04 06:00:00+00:00,3154.437255859375,3155.475830078125,3148.822265625,3149.06201171875,26815488
2026-01-04 06:15:00+00:00,3149.83349609375,3157.632568359375,3149.83349609375,3153.679931640625,249700352
2026-01-04 06:30:00+00:00,3140.865234375,3149.281005859375,3140.865234375,3148.509765625,91651072
2026-01-04 06:45:00+00:00,3139.539306640625,3144.228271484375,3139.539306640625,3141.977783203125,67961856
2026-01-04 07:00:00+00:00,3143.5517578125,3143.703857421875,3138.894287109375,3138.894287109375,0
2026-01-04 07:15:00+00:00,3136.910888671875,3142.830810546875,3135.144775390625,3142.830810546875,9031680
2026-01-04 07:30:00+00:00,3142.049560546875,3142.049560546875,3136.150390625,3138.591796875,0
2026-01-04 07:45:00+00:00,3140.08203125,3141.606201171875,3139.56103515625,3140.6943359375,52116480
2026-01-04 08:00:00+00:00,3132.851806640625,3139.960693359375,3128.68212890625,3139.960693359375,108737536
2026-01-04 08:15:00+00:00,3132.2734375,3135.641845703125,3131.458251953125,3132.23193359375,0
2026-01-04 08:30:00+00:00,3135.8779296875,3135.962646484375,3132.727783203125,3132.727783203125,23027712
2026-01-04 08:45:00+00:00,3136.906005859375,3137.5556640625,3135.880859375,3136.6640625,81498112
2026-01-04 09:00:00+00:00,3134.0908203125,3137.37890625,3134.0908203125,3137.21728515625,19506176
2026-01-04 09:15:00+00:00,3136.739501953125,3144.084716796875,3135.740966796875,3135.740966796875,725962752
2026-01-04 09:30:00+00:00,3141.594482421875,3141.594482421875,3135.793701171875,3135.793701171875,106891264
2026-01-04 09:45:00+00:00,3142.4306640625,3143.079345703125,3140.0283203125,3141.489501953125,40420352
2026-01-04 10:00:00+00:00,3145.518310546875,3145.518310546875,3142.47314453125,3142.47314453125,12078080
2026-01-04 10:15:00+00:00,3142.455078125,3145.218505859375,3141.662353515625,3145.218505859375,146808832
2026-01-04 10:30:00+00:00,3143.607177734375,3143.925537109375,3141.5205078125,3141.901123046875,64790528
2026-01-04 10:45:00+00:00,3144.255126953125,3145.651611328125,3144.255126953125,3144.503662109375,128795648
2026-01-04 11:00:00+00:00,3140.896728515625,3144.20068359375,3139.3779296875,3144.20068359375,12590080
2026-01-04 11:15:00+00:00,3138.892578125,3140.459716796875,3138.135986328125,3140.459716796875,146445312
2026-01-04 11:30:00+00:00,3136.572265625,3138.7998046875,3135.156982421875,3138.687255859375,36776960
2026-01-04 11:45:00+00:00,3136.73291015625,3137.544921875,3134.21630859375,3136.780517578125,48631808
2026-01-04 12:00:00+00:00,3135.54833984375,3137.92333984375,3134.139892578125,3137.92333984375,11632640
2026-01-04 12:15:00+00:00,3142.53271484375,3142.53271484375,3136.1650390625,3136.1650390625,68767744
2026-01-04 12:30:00+00:00,3135.340576171875,3143.95361328125,3135.083984375,3142.651123046875,762577920
2026-01-04 12:45:00+00:00,3134.92431640625,3135.133056640625,3133.762451171875,3134.303955078125,46219264
2026-01-04 13:00:00+00:00,3137.3798828125,3137.442626953125,3133.41357421875,3134.302978515625,201728
2026-01-04 13:15:00+00:00,3136.1591796875,3136.725830078125,3132.00048828125,3135.596435546875,122780672
2026-01-04 13:30:00+00:00,3136.279052734375,3138.176513671875,3135.46728515625,3136.831298828125,26890240
2026-01-04 13:45:00+00:00,3138.672119140625,3138.672119140625,3136.155517578125,3136.662353515625,29100032
2026-01-04 14:00:00+00:00,3141.345703125,3141.345703125,3136.387939453125,3138.76806640625,23042048
2026-01-04 14:15:00+00:00,3135.587646484375,3140.747802734375,3135.561279296875,3140.747802734375,784184320
2026-01-04 14:30:00+00:00,3133.426025390625,3135.71630859375,3131.152587890625,3135.71630859375,96768000
2026-01-04 14:45:00+00:00,3135.900634765625,3136.79736328125,3131.273681640625,3131.273681640625,30720000
2026-01-04 15:00:00+00:00,3137.362060546875,3137.419921875,3135.10693359375,3135.83447265625,6881280
2026-01-04 15:15:00+00:00,3134.5341796875,3137.25439453125,3133.9326171875,3137.25439453125,31475712
2026-01-04 15:30:00+00:00,3130.243896484375,3134.9765625,3128.530517578125,3134.78662109375,52505600
2026-01-04 15:45:00+00:00,3132.9951171875,3132.9951171875,3120.826416015625,3129.690673828125,145435648
2026-01-04 16:00:00+00:00,3132.808837890625,3136.9375,3131.811279296875,3133.567138671875,166815744
2026-01-04 16:15:00+00:00,3131.09326171875,3133.000244140625,3131.031982421875,3131.87890625,55141376
2026-01-04 16:30:00+00:00,3134.220458984375,3136.863525390625,3131.072021484375,3131.072021484375,34373632
2026-01-04 16:45:00+00:00,3137.522216796875,3137.522216796875,3134.57666015625,3134.57666015625,24008704
2026-01-04 17:00:00+00:00,3137.913818359375,3140.63720703125,3137.598876953125,3137.598876953125,47959040
2026-01-04 17:15:00+00:00,3135.849365234375,3138.3115234375,3134.968017578125,3135.869384765625,21498880
2026-01-04 17:30:00+00:00,3137.17138671875,3139.70263671875,3135.976806640625,3135.976806640625,121584640
2026-01-04 17:45:00+00:00,3135.954833984375,3138.97998046875,3135.9140625,3136.91943359375,63213568
2026-01-04 18:00:00+00:00,3130.41748046875,3136.093505859375,3130.41748046875,3136.093505859375,106580992
2026-01-04 18:15:00+00:00,3128.559326171875,3130.887939453125,3126.16015625,3130.887939453125,2682880
2026-01-04 18:30:00+00:00,3129.656005859375,3129.656005859375,3122.28125,3127.915283203125,39017472
2026-01-04 18:45:00+00:00,3132.873046875,3132.90576171875,3130.9697265625,3131.709716796875,123157504
2026-01-04 19:00:00+00:00,3123.678955078125,3133.019775390625,3119.7265625,3133.005859375,45255680
2026-01-04 19:15:00+00:00,3129.094970703125,3131.343994140625,3126.5107421875,3126.975830078125,155963392
2026-01-04 19:30:00+00:00,3128.363525390625,3131.50927734375,3127.28125,3129.373046875,69415936
2026-01-04 19:45:00+00:00,3131.67919921875,3132.774658203125,3127.178955078125,3127.178955078125,162663424
2026-01-04 20:00:00+00:00,3136.977294921875,3136.977294921875,3129.765869140625,3131.4794921875,143845376
2026-01-04 20:15:00+00:00,3138.76220703125,3138.76220703125,3135.8291015625,3136.18994140625,974454784
2026-01-04 20:30:00+00:00,3138.733154296875,3139.755859375,3136.244384765625,3138.79296875,101560320
2026-01-04 20:45:00+00:00,3139.14306640625,3140.166259765625,3137.133056640625,3138.07373046875,43716608
2026-01-04 21:00:00+00:00,3152.72314453125,3152.72314453125,3138.26904296875,3139.244384765625,27676672
2026-01-04 21:15:00+00:00,3144.0517578125,3148.5380859375,3143.29248046875,3148.5380859375,370455552
2026-01-04 21:30:00+00:00,3138.157958984375,3144.493896484375,3137.32666015625,3141.271240234375,26407936
2026-01-04 21:45:00+00:00,3142.140380859375,3142.66845703125,3136.556884765625,3137.539794921875,47729664
2026-01-04 22:00:00+00:00,3137.274658203125,3147.979248046875,3137.274658203125,3142.607177734375,124867584
2026-01-04 22:15:00+00:00,3139.70361328125,3140.6923828125,3135.416259765625,3135.416259765625,47655936
2026-01-04 22:30:00+00:00,3136.80712890625,3140.1796875,3135.7783203125,3139.75146484375,72610816
2026-01-04 22:45:00+00:00,3136.595703125,3138.3154296875,3135.79150390625,3135.8271484375,27176960
2026-01-04 23:00:00+00:00,3139.875,3149.556640625,3137.873046875,3137.873046875,164368384
2026-01-04 23:15:00+00:00,3140.849609375,3145.52880859375,3136.970703125,3136.970703125,51224576
2026-01-04 23:30:00+00:00,3137.94091796875,3141.318115234375,3137.6357421875,3141.164794921875,108185600
2026-01-04 23:45:00+00:00,3140.0205078125,3140.0205078125,3133.858154296875,3137.906005859375,78940160
2026-01-05 00:00:00+00:00,3152.980712890625,3155.667236328125,3143.287841796875,3143.287841796875,16735232
2026-01-05 00:15:00+00:00,3149.47802734375,3156.442626953125,3144.703857421875,3155.868896484375,89628672
2026-01-05 00:30:00+00:00,3151.94580078125,3151.94580078125,3145.165771484375,3150.298583984375,41495552
2026-01-05 00:45:00+00:00,3167.741943359375,3168.264892578125,3152.928955078125,3152.928955078125,346644480
2026-01-05 01:00:00+00:00,3186.016357421875,3188.2880859375,3163.00537109375,3166.0009765625,205930496
2026-01-05 01:15:00+00:00,3182.81591796875,3188.628173828125,3178.412109375,3188.628173828125,425654272
2026-01-05 01:30:00+00:00,3207.189453125,3207.77734375,3180.4892578125,3184.036865234375,533667840
2026-01-05 01:45:00+00:00,3196.2490234375,3209.37890625,3196.2490234375,3209.056640625,339955712
2026-01-05 02:00:00+00:00,3191.697265625,3202.236328125,3186.1005859375,3196.97705078125,414455808
2026-01-05 02:15:00+00:00,3185.788818359375,3194.498779296875,3185.033935546875,3190.890380859375,132349952
2026-01-05 02:30:00+00:00,3185.24267578125,3190.18701171875,3184.0302734375,3184.0302734375,78192640
2026-01-05 02:45:00+00:00,3191.404296875,3193.266845703125,3186.7216796875,3186.7216796875,343597056
2026-01-05 03:00:00+00:00,3186.85302734375,3193.936279296875,3186.85302734375,3191.414306640625,47092736
2026-01-05 03:15:00+00:00,3188.305908203125,3188.431640625,3184.705078125,3187.02197265625,169881600
2026-01-05 03:30:00+00:00,3185.683349609375,3192.766357421875,3185.683349609375,3188.521240234375,134729728
2026-01-05 03:45:00+00:00,3184.06103515625,3186.6162109375,3184.06103515625,3185.62744140625,34153472
2026-01-05 04:00:00+00:00,3175.7197265625,3185.91455078125,3175.7197265625,3184.111328125,100289536
2026-01-05 04:15:00+00:00,3165.17626953125,3176.711181640625,3163.509521484375,3175.865478515625,73633792
2026-01-05 04:30:00+00:00,3162.9140625,3165.34619140625,3161.359130859375,3161.787109375,233695232
2026-01-05 04:45:00+00:00,3165.33935546875,3165.672119140625,3161.14306640625,3161.14306640625,214791168
2026-01-05 05:00:00+00:00,3161.83544921875,3165.5107421875,3161.83544921875,3165.412109375,11509760
2026-01-05 05:15:00+00:00,3164.806640625,3164.806640625,3160.50927734375,3162.186279296875,1195224064
2026-01-05 05:30:00+00:00,3158.4697265625,3164.994140625,3158.356201171875,3164.994140625,63008768
2026-01-05 05:45:00+00:00,3149.62939453125,3155.3701171875,3148.222900390625,3155.3701171875,286096384
2026-01-05 06:00:00+00:00,3151.768798828125,3154.435546875,3148.057861328125,3148.057861328125,133968896
2026-01-05 06:15:00+00:00,3144.28955078125,3152.94384765625,3144.28955078125,3151.27392578125,96611328
2026-01-05 06:30:00+00:00,3150.294189453125,3151.083740234375,3141.32177734375,3141.32177734375,143585280
2026-01-05 06:45:00+00:00,3156.71435546875,3156.71435546875,3152.236083984375,3154.007568359375,182141952
2026-01-05 07:00:00+00:00,3158.5712890625,3158.5712890625,3154.5087890625,3155.7333984375,24125440
2026-01-05 07:15:00+00:00,3155.26318359375,3160.33203125,3155.26318359375,3159.224365234375,0
2026-01-05 07:30:00+00:00,3157.827392578125,3157.827392578125,3155.568603515625,3155.568603515625,105135104
2026-01-05 07:45:00+00:00,3156.392333984375,3158.424560546875,3156.359130859375,3157.49365234375,211763200
2026-01-05 08:00:00+00:00,3160.79052734375,3160.79052734375,3155.65966796875,3155.8505859375,0
2026-01-05 08:15:00+00:00,3164.246826171875,3169.227294921875,3161.60107421875,3161.60107421875,195578880
2026-01-05 08:30:00+00:00,3159.021240234375,3166.21337890625,3159.021240234375,3166.021240234375,2031616
2026-01-05 08:45:00+00:00,3162.473876953125,3165.017333984375,3159.236572265625,3159.236572265625,276103168
2026-01-05 09:00:00+00:00,3154.43798828125,3162.0400390625,3154.068603515625,3162.0400390625,125125632
2026-01-05 09:15:00+00:00,3161.030029296875,3161.030029296875,3152.814453125,3152.814453125,179437568
2026-01-05 09:30:00+00:00,3165.447021484375,3166.6943359375,3160.252685546875,3160.61865234375,6799360
2026-01-05 09:45:00+00:00,3166.494384765625,3171.4287109375,3165.621337890625,3165.621337890625,275378176
2026-01-05 10:00:00+00:00,3171.68994140625,3171.84033203125,3165.6748046875,3167.925537109375,114719744
2026-01-05 10:15:00+00:00,3174.322509765625,3175.521728515625,3171.229736328125,3175.521728515625,94992384
2026-01-05 10:30:00+00:00,3165.34619140625,3175.6845703125,3165.34619140625,3171.83740234375,53733376
2026-01-05 10:45:00+00:00,3172.56103515625,3175.38037109375,3165.4072265625,3165.4072265625,225222656
2026-01-05 11:00:00+00:00,3169.1005859375,3170.87109375,3168.359619140625,3170.22265625,130709504
2026-01-05 11:15:00+00:00,3176.7177734375,3177.72119140625,3167.181884765625,3168.188232421875,219635712
2026-01-05 11:30:00+00:00,3175.782958984375,3175.782958984375,3171.505126953125,3171.5498046875,90687488
2026-01-05 11:45:00+00:00,3179.798828125,3179.798828125,3173.85888671875,3173.85888671875,91355136
2026-01-05 12:00:00+00:00,3178.9453125,3178.9453125,3175.5546875,3178.64453125,173066240
2026-01-05 12:15:00+00:00,3174.224853515625,3178.764404296875,3172.795166015625,3178.764404296875,21063680
2026-01-05 12:30:00+00:00,3165.79443359375,3173.5615234375,3165.79443359375,3172.71484375,158588928
2026-01-05 12:45:00+00:00,3168.712646484375,3169.081298828125,3166.325439453125,3166.325439453125,186773504
2026-01-05 13:00:00+00:00,3170.52783203125,3172.2158203125,3167.25390625,3168.791259765625,2109440
2026-01-05 13:15:00+00:00,3159.443603515625,3169.097412109375,3155.328125,3169.097412109375,254537728
2026-01-05 13:30:00+00:00,3147.056396484375,3158.708251953125,3142.9521484375,3158.708251953125,172593152
2026-01-05 13:45:00+00:00,3152.47705078125,3152.47705078125,3144.447265625,3144.447265625,409954304
2026-01-05 14:00:00+00:00,3149.775390625,3156.162353515625,3149.169189453125,3154.434814453125,17907712
2026-01-05 14:15:00+00:00,3149.90234375,3152.99658203125,3149.06494140625,3149.78173828125,1164347392
2026-01-05 14:30:00+00:00,3161.04345703125,3161.04345703125,3137.466064453125,3147.877685546875,355758080
2026-01-05 14:45:00+00:00,3165.548095703125,3172.70166015625,3154.643310546875,3168.70361328125,694454272
2026-01-05 15:00:00+00:00,3157.49072265625,3164.882080078125,3152.974365234375,3164.882080078125,607193088
2026-01-05 15:15:00+00:00,3162.46826171875,3171.987548828125,3157.815673828125,3159.296142578125,180799488
2026-01-05 15:30:00+00:00,3193.435546875,3198.65087890625,3169.180908203125,3169.180908203125,447950848
2026-01-05 15:45:00+00:00,3191.71044921875,3195.419921875,3186.81201171875,3191.646240234375,480479232
2026-01-05 16:00:00+00:00,3188.261962890625,3197.13525390625,3185.647216796875,3191.5791015625,145438720
2026-01-05 16:15:00+00:00,3182.2275390625,3189.1162109375,3173.684814453125,3189.1162109375,1754386432
2026-01-05 16:30:00+00:00,3181.904052734375,3184.911865234375,3178.5859375,3178.5859375,174288896
2026-01-05 16:45:00+00:00,3182.701904296875,3182.701904296875,3176.32470703125,3179.737548828125,304941056
2026-01-05 17:00:00+00:00,3182.888427734375,3184.87451171875,3180.32568359375,3182.538330078125,257069056
2026-01-05 17:15:00+00:00,3161.769775390625,3181.79150390625,3160.239501953125,3181.702880859375,79718400
2026-01-05 17:30:00+00:00,3185.833251953125,3187.764892578125,3168.8427734375,3168.8427734375,0
2026-01-05 17:45:00+00:00,3214.853759765625,3214.853759765625,3186.293212890625,3186.293212890625,1443559424
2026-01-05 18:00:00+00:00,3204.712890625,3212.364990234375,3202.065673828125,3212.364990234375,1807859712
2026-01-05 18:15:00+00:00,3198.415771484375,3208.827392578125,3191.0810546875,3207.087890625,656506880
2026-01-05 18:30:00+00:00,3200.390380859375,3201.88623046875,3194.527587890625,3200.1220703125,136275968
2026-01-05 18:45:00+00:00,3223.40771484375,3223.40771484375,3200.990478515625,3200.990478515625,1716940800
2026-01-05 19:00:00+00:00,3224.40673828125,3224.40673828125,3216.327392578125,3220.25537109375,420141056
2026-01-05 19:15:00+00:00,3224.30126953125,3224.87451171875,3217.237060546875,3222.281494140625,144078848
2026-01-05 19:30:00+00:00,3217.34521484375,3225.30322265625,3216.80810546875,3224.0751953125,81434624
2026-01-05 19:45:00+00:00,3220.554931640625,3222.6591796875,3215.63720703125,3218.986572265625,42409984
2026-01-05 20:00:00+00:00,3234.45751953125,3239.36767578125,3220.623046875,3220.623046875,425465856
2026-01-05 20:15:00+00:00,3253.11376953125,3253.11376953125,3231.956787109375,3236.893310546875,529858560
2026-01-05 20:30:00+00:00,3239.587158203125,3253.15771484375,3239.587158203125,3253.15771484375,563879936
2026-01-05 20:45:00+00:00,3239.557861328125,3246.089599609375,3235.73095703125,3243.01708984375,194250752
2026-01-05 21:00:00+00:00,3237.74609375,3247.26513671875,3237.74609375,3241.53857421875,310945792
2026-01-05 21:15:00+00:00,3236.282958984375,3243.376708984375,3236.233154296875,3236.233154296875,77955072
2026-01-05 21:30:00+00:00,3241.646728515625,3242.392333984375,3234.0283203125,3235.708740234375,285722624
2026-01-05 21:45:00+00:00,3237.4384765625,3243.69091796875,3237.431884765625,3240.575439453125,101189632
2026-01-05 22:00:00+00:00,3234.517578125,3237.86572265625,3234.517578125,3237.86572265625,179300352
2026-01-05 22:15:00+00:00,3243.3935546875,3246.080810546875,3236.030029296875,3236.030029296875,124618752
2026-01-05 22:30:00+00:00,3246.168701171875,3247.982421875,3241.232666015625,3242.0732421875,206727168
2026-01-05 22:45:00+00:00,3240.296630859375,3245.437744140625,3238.41455078125,3245.1962890625,248543232
2026-01-05 23:00:00+00:00,3234.136962890625,3239.9052734375,3233.646240234375,3239.9052734375,1661089792
2026-01-05 23:15:00+00:00,3230.055908203125,3237.31005859375,3230.055908203125,3233.013427734375,67989504
2026-01-05 23:30:00+00:00,3232.322509765625,3232.478759765625,3226.955322265625,3231.14697265625,219826176
2026-01-05 23:45:00+00:00,3227.2900390625,3231.090087890625,3227.2900390625,3231.090087890625,225685504
2026-01-06 00:00:00+00:00,3218.478759765625,3229.447265625,3218.478759765625,3226.244384765625,0
2026-01-06 00:15:00+00:00,3218.36083984375,3220.443603515625,3216.0166015625,3217.21337890625,0
2026-01-06 00:30:00+00:00,3204.20654296875,3220.38134765625,3204.193359375,3220.38134765625,61716480
2026-01-06 00:45:00+00:00,3215.7998046875,3215.7998046875,3205.148681640625,3206.579345703125,192712704
2026-01-06 01:00:00+00:00,3223.431640625,3223.431640625,3216.443359375,3216.443359375,257957888
2026-01-06 01:15:00+00:00,3233.75,3234.448974609375,3222.63916015625,3224.00537109375,254162944
2026-01-06 01:30:00+00:00,3229.79345703125,3244.398193359375,3229.79345703125,3244.398193359375,0
2026-01-06 01:45:00+00:00,3217.783447265625,3228.410888671875,3217.413330078125,3227.53564453125,364107776
2026-01-06 02:00:00+00:00,3216.908203125,3222.604248046875,3215.010498046875,3217.96533203125,0
2026-01-06 02:15:00+00:00,3219.48828125,3220.481201171875,3215.270263671875,3217.53759765625,0
2026-01-06 02:30:00+00:00,3214.124267578125,3219.74365234375,3210.192138671875,3218.800048828125,262825984
2026-01-06 02:45:00+00:00,3217.851318359375,3217.851318359375,3213.514404296875,3214.60498046875,3028992
2026-01-06 03:00:00+00:00,3216.653564453125,3220.239501953125,3214.338623046875,3216.886474609375,6182912
2026-01-06 03:15:00+00:00,3222.96875,3223.00048828125,3217.9052734375,3218.842529296875,158136320
2026-01-06 03:30:00+00:00,3227.117919921875,3230.3017578125,3223.5185546875,3223.5185546875,107821056
2026-01-06 03:45:00+00:00,3223.963623046875,3226.819580078125,3222.9912109375,3225.625,191305728
2026-01-06 04:00:00+00:00,3229.596923828125,3231.52392578125,3223.201416015625,3224.53759765625,0
2026-01-06 04:15:00+00:00,3225.384765625,3231.944091796875,3225.384765625,3230.44873046875,151216128
2026-01-06 04:30:00+00:00,3225.41259765625,3230.29150390625,3225.41259765625,3226.328369140625,75898880
2026-01-06 04:45:00+00:00,3224.73486328125,3225.118896484375,3222.992919921875,3225.118896484375,0
2026-01-06 05:00:00+00:00,3225.26708984375,3225.458984375,3223.156494140625,3223.156494140625,22097920
2026-01-06 05:15:00+00:00,3222.869384765625,3225.514404296875,3222.869384765625,3225.068603515625,61296640
2026-01-06 05:30:00+00:00,3219.022216796875,3224.7939453125,3217.51318359375,3223.085205078125,43655168
2026-01-06 05:45:00+00:00,3217.53515625,3220.450439453125,3217.5107421875,3218.37939453125,90320896
2026-01-06 06:00:00+00:00,3223.078125,3223.10009765625,3219.55859375,3219.55859375,54333440
2026-01-06 06:15:00+00:00,3222.652587890625,3222.722900390625,3217.977783203125,3222.722900390625,0
2026-01-06 06:30:00+00:00,3235.420654296875,3235.420654296875,3225.138671875,3225.138671875,98875392
2026-01-06 06:45:00+00:00,3242.6044921875,3249.63720703125,3242.6044921875,3246.33251953125,393068544
2026-01-06 07:00:00+00:00,3233.2197265625,3240.18896484375,3233.2197265625,3240.18896484375,31592448
2026-01-06 07:15:00+00:00,3222.111572265625,3233.662841796875,3222.111572265625,3232.758056640625,213106688
2026-01-06 07:30:00+00:00,3217.146484375,3220.249267578125,3212.178466796875,3220.249267578125,408256512
2026-01-06 07:45:00+00:00,3218.2431640625,3219.65234375,3212.48095703125,3216.215087890625,66519040
2026-01-06 08:00:00+00:00,3222.551025390625,3225.605224609375,3217.820556640625,3217.820556640625,251627520
2026-01-06 08:15:00+00:00,3214.110595703125,3221.05908203125,3214.110595703125,3220.603515625,183883776
2026-01-06 08:30:00+00:00,3219.025634765625,3219.025634765625,3215.105712890625,3217.195556640625,94222336
2026-01-06 08:45:00+00:00,3218.78955078125,3219.259033203125,3215.043212890625,3218.947509765625,0
2026-01-06 09:00:00+00:00,3221.8720703125,3224.8798828125,3218.496337890625,3218.496337890625,156805120
2026-01-06 09:15:00+00:00,3224.601318359375,3226.58642578125,3221.232421875,3221.232421875,0
2026-01-06 09:30:00+00:00,3219.55908203125,3224.71240234375,3216.8349609375,3224.71240234375,144572416
2026-01-06 09:45:00+00:00,3222.337158203125,3224.295166015625,3219.987060546875,3219.987060546875,209709056
2026-01-06 10:00:00+00:00,3227.655517578125,3227.669189453125,3220.645263671875,3221.826416015625,0
2026-01-06 10:15:00+00:00,3228.9169921875,3229.209716796875,3224.819091796875,3227.225341796875,22091776
2026-01-06 10:30:00+00:00,3227.4111328125,3228.5498046875,3226.436767578125,3227.988525390625,88737792
2026-01-06 10:45:00+00:00,3228.059814453125,3229.566650390625,3226.6962890625,3226.86669921875,5849088
2026-01-06 11:00:00+00:00,3237.351806640625,3237.351806640625,3226.93017578125,3226.93017578125,0
2026-01-06 11:15:00+00:00,3238.708984375,3240.22265625,3233.389892578125,3236.792236328125,48240640
2026-01-06 11:30:00+00:00,3238.42626953125,3240.34228515625,3237.593505859375,3240.34228515625,306362368
2026-01-06 11:45:00+00:00,3236.55517578125,3240.45849609375,3236.4814453125,3239.1875,13600768
2026-01-06 12:00:00+00:00,3240.125244140625,3240.3857421875,3235.54052734375,3237.33642578125,1348620288
2026-01-06 12:15:00+00:00,3240.2001953125,3240.4580078125,3237.875732421875,3240.239990234375,40161280
2026-01-06 12:30:00+00:00,3237.037109375,3241.521240234375,3236.5537109375,3241.521240234375,17530880
2026-01-06 12:45:00+00:00,3240.19287109375,3240.19287109375,3237.310791015625,3237.4970703125,8445952
2026-01-06 13:00:00+00:00,3233.385498046875,3235.813720703125,3230.65625,3235.813720703125,84492288
2026-01-06 13:15:00+00:00,3233.389892578125,3234.761474609375,3231.31640625,3233.87158203125,128768000
2026-01-06 13:30:00+00:00,3235.3564453125,3235.549072265625,3232.178955078125,3233.576904296875,108707840
2026-01-06 13:45:00+00:00,3235.38232421875,3235.38232421875,3230.517822265625,3234.731689453125,0
2026-01-06 14:00:00+00:00,3273.441650390625,3273.441650390625,3237.106689453125,3237.106689453125,397459456
2026-01-06 14:15:00+00:00,3300.621826171875,3300.8095703125,3273.648681640625,3273.648681640625,1455001600
2026-01-06 14:30:00+00:00,3290.039306640625,3301.78759765625,3288.873779296875,3301.78759765625,1766862848
2026-01-06 14:45:00+00:00,3274.787841796875,3289.84619140625,3266.65625,3289.09033203125,1300168704
2026-01-06 15:00:00+00:00,3277.058349609375,3287.3603515625,3274.1669921875,3277.163818359375,163751936
2026-01-06 15:15:00+00:00,3294.53125,3299.070068359375,3281.4775390625,3281.4775390625,1084645376
2026-01-06 15:30:00+00:00,3262.27587890625,3295.793701171875,3262.27587890625,3295.793701171875,72329216
2026-01-06 15:45:00+00:00,3266.28076171875,3270.250732421875,3263.822265625,3269.2890625,281679872
2026-01-06 16:00:00+00:00,3268.72509765625,3274.823974609375,3261.857666015625,3271.268798828125,134549504
2026-01-06 16:15:00+00:00,3250.9921875,3267.173828125,3248.883544921875,3266.27197265625,119269376
2026-01-06 16:30:00+00:00,3245.900634765625,3253.03955078125,3244.100830078125,3247.1181640625,351291392
2026-01-06 16:45:00+00:00,3247.845947265625,3248.19677734375,3235.3544921875,3237.822509765625,457424896
2026-01-06 17:00:00+00:00,3248.49365234375,3252.201904296875,3244.097412109375,3250.671630859375,405563392
2026-01-06 17:15:00+00:00,3250.1044921875,3250.1044921875,3239.447998046875,3246.29443359375,25251840
2026-01-06 17:30:00+00:00,3241.94384765625,3256.883544921875,3241.425537109375,3246.892333984375,152203264
2026-01-06 17:45:00+00:00,3194.434326171875,3238.371337890625,3194.434326171875,3238.371337890625,1481445376
2026-01-06 18:00:00+00:00,3215.3603515625,3216.410888671875,3193.476806640625,3193.476806640625,1617135616
2026-01-06 18:15:00+00:00,3221.335205078125,3221.335205078125,3213.492919921875,3215.10498046875,1374572544
2026-01-06 18:30:00+00:00,3218.217041015625,3224.306884765625,3217.332275390625,3218.140380859375,220469248
2026-01-06 18:45:00+00:00,3219.240478515625,3229.178466796875,3219.240478515625,3220.374267578125,84893696
2026-01-06 19:00:00+00:00,3224.099365234375,3224.099365234375,3213.817138671875,3217.2998046875,1015511040
2026-01-06 19:15:00+00:00,3225.634765625,3226.902587890625,3222.662841796875,3225.35400390625,205119488
2026-01-06 19:30:00+00:00,3222.37646484375,3224.615478515625,3221.275390625,3223.42333984375,22513664
2026-01-06 19:45:00+00:00,3220.803466796875,3224.143798828125,3219.357177734375,3221.8837890625,203395072
2026-01-06 20:00:00+00:00,3233.9208984375,3233.9208984375,3221.556640625,3221.556640625,0
2026-01-06 20:15:00+00:00,3239.115234375,3240.471435546875,3233.253662109375,3233.253662109375,0
2026-01-06 20:30:00+00:00,3246.164794921875,3247.24609375,3238.462158203125,3238.462158203125,312188928
2026-01-06 20:45:00+00:00,3241.7353515625,3245.670654296875,3241.7353515625,3244.34619140625,0
2026-01-06 21:00:00+00:00,3250.69287109375,3250.69287109375,3237.69921875,3241.024658203125,0
2026-01-06 21:15:00+00:00,3279.2392578125,3284.84765625,3262.766357421875,3262.766357421875,735299584
2026-01-06 21:30:00+00:00,3289.60107421875,3296.094482421875,3283.194580078125,3283.194580078125,278423552
2026-01-06 21:45:00+00:00,3275.384521484375,3290.411376953125,3271.974365234375,3290.411376953125,325685248
2026-01-06 22:00:00+00:00,3278.760009765625,3284.510498046875,3275.00048828125,3275.00048828125,264955904
2026-01-06 22:15:00+00:00,3271.41552734375,3276.35986328125,3268.213134765625,3276.35986328125,0
2026-01-06 22:30:00+00:00,3270.94287109375,3271.672119140625,3266.517822265625,3271.672119140625,291639296
2026-01-06 22:45:00+00:00,3277.25830078125,3277.25830078125,3268.731689453125,3268.92138671875,32782336
2026-01-06 23:00:00+00:00,3284.949951171875,3286.012451171875,3275.54638671875,3275.54638671875,268541952
2026-01-06 23:15:00+00:00,3285.726318359375,3289.512939453125,3280.703369140625,3286.650634765625,170952704
2026-01-06 23:30:00+00:00,3288.832763671875,3291.611328125,3286.740966796875,3286.740966796875,2932736
2026-01-06 23:45:00+00:00,3297.575439453125,3297.575439453125,3289.94384765625,3289.94384765625,1604882432
2026-01-07 00:00:00+00:00,3285.86767578125,3292.6435546875,3285.86767578125,3292.2646484375,0
2026-01-07 00:15:00+00:00,3280.62158203125,3287.19482421875,3280.62158203125,3285.86279296875,16343040
2026-01-07 00:30:00+00:00,3271.14892578125,3279.338623046875,3271.14892578125,3279.338623046875,1820672
2026-01-07 00:45:00+00:00,3263.868896484375,3273.135498046875,3263.868896484375,3272.12744140625,1516949504
2026-01-07 01:00:00+00:00,3268.536865234375,3269.447509765625,3256.200439453125,3256.200439453125,60073984
2026-01-07 01:15:00+00:00,3254.9091796875,3266.390625,3246.997802734375,3266.390625,12443648
2026-01-07 01:30:00+00:00,3246.216552734375,3254.19482421875,3245.444580078125,3254.19482421875,83668992
2026-01-07 01:45:00+00:00,3243.206298828125,3244.314453125,3238.55859375,3244.314453125,214530048
2026-01-07 02:00:00+00:00,3245.48974609375,3249.89990234375,3238.64990234375,3243.776123046875,304504832
2026-01-07 02:15:00+00:00,3250.12890625,3251.325927734375,3245.580810546875,3250.457275390625,255272960
2026-01-07 02:30:00+00:00,3259.9462890625,3259.9462890625,3246.314208984375,3246.845703125,59912192
2026-01-07 02:45:00+00:00,3267.56689453125,3269.65576171875,3260.630859375,3260.630859375,588699648
2026-01-07 03:00:00+00:00,3270.901611328125,3273.21826171875,3267.4912109375,3268.0302734375,260884480
2026-01-07 03:15:00+00:00,3274.89990234375,3277.96435546875,3269.66796875,3269.66796875,39340032
2026-01-07 03:30:00+00:00,3265.176513671875,3273.91015625,3264.450439453125,3273.72802734375,201332736
2026-01-07 03:45:00+00:00,3264.334716796875,3266.239501953125,3263.56884765625,3264.980224609375,12703744
2026-01-07 04:00:00+00:00,3259.980224609375,3268.595458984375,3259.980224609375,3264.212646484375,17311744
2026-01-07 04:15:00+00:00,3261.1337890625,3263.751953125,3259.025146484375,3260.89208984375,250480640
2026-01-07 04:30:00+00:00,3257.0732421875,3260.8681640625,3253.978759765625,3260.754150390625,23691264
2026-01-07 04:45:00+00:00,3255.65185546875,3259.977294921875,3254.71630859375,3259.977294921875,47695872
2026-01-07 05:00:00+00:00,3251.41552734375,3253.1640625,3249.546142578125,3253.1640625,156332032
2026-01-07 05:15:00+00:00,3250.235595703125,3256.41650390625,3250.235595703125,3253.123779296875,255002624
2026-01-07 05:30:00+00:00,3255.206787109375,3258.635009765625,3252.6875,3252.6875,199233536
2026-01-07 05:45:00+00:00,3246.263427734375,3254.054931640625,3246.263427734375,3254.054931640625,1464727552
2026-01-07 06:00:00+00:00,3249.809814453125,3249.810546875,3246.375,3247.00830078125,0
2026-01-07 06:15:00+00:00,3255.439697265625,3255.439697265625,3249.272705078125,3249.859130859375,0
2026-01-07 06:30:00+00:00,3249.144775390625,3256.91943359375,3248.958984375,3254.935302734375,1365733376
2026-01-07 06:45:00+00:00,3248.870361328125,3251.275634765625,3247.3330078125,3247.356201171875,0
2026-01-07 07:00:00+00:00,3253.2197265625,3253.7412109375,3250.103759765625,3250.103759765625,0
2026-01-07 07:15:00+00:00,3257.2392578125,3257.87353515625,3255.177001953125,3255.177001953125,1277683712
2026-01-07 07:30:00+00:00,3257.649658203125,3258.392333984375,3254.71826171875,3257.431884765625,131196928
2026-01-07 07:45:00+00:00,3251.6865234375,3254.694580078125,3251.6865234375,3254.694580078125,0
2026-01-07 08:00:00+00:00,3255.234375,3257.508544921875,3253.05126953125,3253.79150390625,111378432
2026-01-07 08:15:00+00:00,3252.758544921875,3259.2294921875,3251.485595703125,3255.42822265625,12275712
2026-01-07 08:30:00+00:00,3251.27490234375,3255.440185546875,3251.27490234375,3252.97509765625,186859520
2026-01-07 08:45:00+00:00,3253.8046875,3255.541259765625,3250.33203125,3251.00146484375,13420544
2026-01-07 09:00:00+00:00,3233.541015625,3251.181884765625,3233.541015625,3247.587646484375,27297792
2026-01-07 09:15:00+00:00,3224.7958984375,3235.693115234375,3222.317626953125,3232.513916015625,1807235072
2026-01-07 09:30:00+00:00,3207.79248046875,3225.999755859375,3204.91845703125,3225.999755859375,1568397312
2026-01-07 09:45:00+00:00,3199.185302734375,3207.818603515625,3198.7138671875,3207.818603515625,706967552
2026-01-07 10:00:00+00:00,3206.997802734375,3206.997802734375,3195.4375,3195.4375,151877632
2026-01-07 10:15:00+00:00,3207.802490234375,3208.193359375,3205.537109375,3207.519287109375,280680448
2026-01-07 10:30:00+00:00,3212.55615234375,3217.769287109375,3208.137939453125,3208.137939453125,247162880
2026-01-07 10:45:00+00:00,3216.072998046875,3218.338134765625,3211.862548828125,3211.862548828125,106874880
2026-01-07 11:00:00+00:00,3219.449951171875,3221.455810546875,3215.472900390625,3215.472900390625,48377856
2026-01-07 11:15:00+00:00,3223.533203125,3223.960205078125,3220.957763671875,3221.462158203125,279582720
2026-01-07 11:30:00+00:00,3224.7705078125,3224.843994140625,3220.7998046875,3223.495361328125,0
2026-01-07 11:45:00+00:00,3218.352783203125,3223.768798828125,3217.548583984375,3223.768798828125,216150016
2026-01-07 12:00:00+00:00,3217.03369140625,3218.919677734375,3211.1591796875,3218.363525390625,9611264
2026-01-07 12:15:00+00:00,3214.080078125,3216.84912109375,3212.001220703125,3214.265625,205373440
2026-01-07 12:30:00+00:00,3211.430908203125,3215.84814453125,3211.430908203125,3214.08203125,24817664
2026-01-07 12:45:00+00:00,3211.509521484375,3214.4267578125,3211.28466796875,3211.53076171875,81647616
2026-01-07 13:00:00+00:00,3202.151611328125,3213.6669921875,3202.151611328125,3211.5927734375,0
2026-01-07 13:15:00+00:00,3222.574951171875,3224.26318359375,3203.7255859375,3203.7255859375,1366294528
2026-01-07 13:30:00+00:00,3215.916259765625,3222.694580078125,3213.9541015625,3222.694580078125,264925184
2026-01-07 13:45:00+00:00,3208.943359375,3215.6103515625,3208.864990234375,3215.6103515625,1376733184
2026-01-07 14:00:00+00:00,3189.49853515625,3208.094970703125,3189.49853515625,3208.094970703125,204670976
2026-01-07 14:15:00+00:00,3190.512939453125,3194.141357421875,3187.2919921875,3193.01416015625,0
2026-01-07 14:30:00+00:00,3196.510986328125,3197.9443359375,3176.63330078125,3190.969482421875,45619200
2026-01-07 14:45:00+00:00,3189.0029296875,3196.1611328125,3187.456787109375,3189.10205078125,0
2026-01-07 15:00:00+00:00,3166.687255859375,3183.855224609375,3161.85546875,3183.855224609375,309846016
2026-01-07 15:15:00+00:00,3157.204833984375,3162.198486328125,3148.697021484375,3162.198486328125,1323427840
2026-01-07 15:30:00+00:00,3160.80615234375,3162.80859375,3154.67529296875,3158.3447265625,265863168
2026-01-07 15:45:00+00:00,3161.763916015625,3168.0498046875,3158.994384765625,3159.71630859375,140763136
2026-01-07 16:00:00+00:00,3169.711669921875,3169.711669921875,3163.8203125,3163.972412109375,0
2026-01-07 16:15:00+00:00,3165.468017578125,3174.44775390625,3165.468017578125,3169.980224609375,0
2026-01-07 16:30:00+00:00,3160.765380859375,3165.65673828125,3150.885009765625,3165.65673828125,0
2026-01-07 16:45:00+00:00,3155.96044921875,3165.27734375,3155.0693359375,3164.5068359375,90806272
2026-01-07 17:00:00+00:00,3156.55419921875,3158.20947265625,3149.9521484375,3155.2568359375,4511744
2026-01-07 17:15:00+00:00,3164.549560546875,3164.549560546875,3154.800048828125,3155.026611328125,181809152
2026-01-07 17:30:00+00:00,3160.527099609375,3167.717529296875,3160.333740234375,3166.26318359375,204423168
2026-01-07 17:45:00+00:00,3150.594970703125,3160.347412109375,3146.0458984375,3159.69580078125,0
2026-01-07 18:00:00+00:00,3151.308837890625,3151.308837890625,3146.674560546875,3149.802001953125,637057024
2026-01-07 18:15:00+00:00,3148.973876953125,3150.94384765625,3140.058837890625,3150.94384765625,88440832
2026-01-07 18:30:00+00:00,3156.063720703125,3160.597900390625,3150.4541015625,3150.4541015625,342362112
2026-01-07 18:45:00+00:00,3139.7490234375,3152.703857421875,3135.863037109375,3150.826416015625,1918976
2026-01-07 19:00:00+00:00,3135.728759765625,3152.139892578125,3135.728759765625,3143.9189453125,266532864
2026-01-07 19:15:00+00:00,3131.423828125,3137.44384765625,3130.520751953125,3137.44384765625,1316761600
2026-01-07 19:30:00+00:00,3140.41015625,3144.378173828125,3138.916015625,3139.455078125,143923200
2026-01-07 19:45:00+00:00,3144.63720703125,3147.37890625,3140.494384765625,3140.494384765625,120186880
2026-01-07 20:00:00+00:00,3137.620361328125,3147.478271484375,3137.620361328125,3143.422119140625,0
2026-01-07 20:15:00+00:00,3131.14599609375,3135.753173828125,3127.4541015625,3133.66943359375,96296960
2026-01-07 20:30:00+00:00,3135.626708984375,3137.1298828125,3130.654541015625,3130.654541015625,177864704
2026-01-07 20:45:00+00:00,3136.9423828125,3137.383056640625,3134.216552734375,3134.4208984375,160407552
2026-01-07 21:00:00+00:00,3142.089111328125,3142.089111328125,3136.502197265625,3138.703857421875,27326464
2026-01-07 21:15:00+00:00,3141.969482421875,3143.183837890625,3139.798583984375,3141.41259765625,0
2026-01-07 21:30:00+00:00,3146.6318359375,3146.6318359375,3142.35595703125,3143.181396484375,61628416
2026-01-07 21:45:00+00:00,3147.8896484375,3147.8896484375,3146.063720703125,3147.205078125,0
2026-01-07 22:00:00+00:00,3146.493896484375,3149.89990234375,3142.406494140625,3147.643310546875,0
2026-01-07 22:15:00+00:00,3152.30029296875,3152.30029296875,3141.4248046875,3142.069091796875,138465280
2026-01-07 22:30:00+00:00,3149.716796875,3159.48681640625,3149.716796875,3152.5341796875,33304576
2026-01-07 22:45:00+00:00,3150.067626953125,3152.424560546875,3144.83056640625,3148.67626953125,1055864832
2026-01-07 23:00:00+00:00,3144.685546875,3147.61865234375,3141.69482421875,3147.61865234375,146202624
2026-01-07 23:15:00+00:00,3170.746337890625,3174.484375,3160.39404296875,3160.39404296875,1287831552
2026-01-07 23:30:00+00:00,3162.466552734375,3169.5712890625,3160.61328125,3167.986083984375,944201728
2026-01-07 23:45:00+00:00,3167.15673828125,3167.15673828125,3160.381103515625,3161.980712890625,110481408
2026-01-08 00:00:00+00:00,3160.404541015625,3169.853271484375,3160.404541015625,3165.833251953125,2009088
2026-01-08 00:15:00+00:00,3156.7421875,3158.248779296875,3155.6650390625,3157.985107421875,174778368
2026-01-08 00:30:00+00:00,3163.18408203125,3163.18408203125,3154.708251953125,3156.381103515625,78471168
2026-01-08 00:45:00+00:00,3169.8701171875,3172.419677734375,3163.4443359375,3163.4443359375,137172992
2026-01-08 01:00:00+00:00,3170.64794921875,3170.64794921875,3166.773681640625,3168.128173828125,0
2026-01-08 01:15:00+00:00,3175.477783203125,3175.477783203125,3166.42578125,3169.957275390625,0
2026-01-08 01:30:00+00:00,3170.643310546875,3174.8759765625,3169.10107421875,3174.8759765625,763377664
2026-01-08 01:45:00+00:00,3172.994384765625,3174.392578125,3170.85791015625,3170.85791015625,125747200
2026-01-08 02:00:00+00:00,3174.765380859375,3174.765380859375,3168.979248046875,3172.859619140625,127021056
2026-01-08 02:15:00+00:00,3164.327880859375,3178.189697265625,3159.786376953125,3178.189697265625,79081472
2026-01-08 02:30:00+00:00,3151.779296875,3164.517333984375,3151.779296875,3164.517333984375,92397568
2026-01-08 02:45:00+00:00,3155.228271484375,3155.67138671875,3146.928466796875,3151.800048828125,123885568
2026-01-08 03:00:00+00:00,3159.92724609375,3161.889892578125,3154.067626953125,3156.0322265625,104284160
2026-01-08 03:15:00+00:00,3149.781982421875,3160.106201171875,3149.781982421875,3160.106201171875,287455232
2026-01-08 03:30:00+00:00,3141.336181640625,3151.550537109375,3141.336181640625,3150.2724609375,97040384
2026-01-08 03:45:00+00:00,3138.333984375,3138.34912109375,3133.112060546875,3136.573486328125,271167488
2026-01-08 04:00:00+00:00,3139.443359375,3141.06494140625,3136.08544921875,3140.325439453125,799440896
2026-01-08 04:15:00+00:00,3152.251953125,3152.6904296875,3141.725341796875,3142.579833984375,762007552
2026-01-08 04:30:00+00:00,3152.188720703125,3154.3134765625,3151.746337890625,3152.8818359375,134162432
2026-01-08 04:45:00+00:00,3151.365234375,3152.996826171875,3149.87890625,3151.621826171875,59144192
2026-01-08 05:00:00+00:00,3153.752197265625,3156.54345703125,3150.453857421875,3152.80615234375,0
2026-01-08 05:15:00+00:00,3151.037841796875,3156.303466796875,3151.037841796875,3153.447509765625,182601728
2026-01-08 05:30:00+00:00,3147.33984375,3152.552978515625,3147.33984375,3150.531494140625,834555904
2026-01-08 05:45:00+00:00,3139.45068359375,3145.07958984375,3139.017822265625,3145.07958984375,156252160
2026-01-08 06:00:00+00:00,3127.7841796875,3141.962646484375,3125.97216796875,3139.4892578125,315097088
2026-01-08 06:15:00+00:00,3114.622802734375,3126.72021484375,3114.622802734375,3126.72021484375,325853184
2026-01-08 06:30:00+00:00,3118.127685546875,3119.78955078125,3113.618896484375,3116.277587890625,461809664
2026-01-08 06:45:00+00:00,3105.690673828125,3117.88037109375,3105.690673828125,3117.88037109375,1275676672
2026-01-08 07:00:00+00:00,3103.92333984375,3103.92333984375,3091.034912109375,3103.15234375,579223552
2026-01-08 07:15:00+00:00,3116.43896484375,3116.79638671875,3105.78125,3106.497802734375,108752896
2026-01-08 07:30:00+00:00,3126.57666015625,3126.57666015625,3117.01318359375,3117.018798828125,1103482880
2026-01-08 07:45:00+00:00,3124.7841796875,3126.889892578125,3122.298583984375,3126.4296875,914923520
2026-01-08 08:00:00+00:00,3127.814453125,3128.154052734375,3122.925048828125,3123.91064453125,298252288
2026-01-08 08:15:00+00:00,3130.088623046875,3130.088623046875,3126.200927734375,3128.353271484375,49285120
2026-01-08 08:30:00+00:00,3121.459228515625,3130.06689453125,3120.691650390625,3130.06689453125,279156736
2026-01-08 08:45:00+00:00,3111.586181640625,3121.573486328125,3111.586181640625,3121.573486328125,229163008
2026-01-08 09:00:00+00:00,3117.416748046875,3119.07568359375,3109.51513671875,3112.124755859375,0
2026-01-08 09:15:00+00:00,3105.345703125,3117.406005859375,3105.345703125,3117.406005859375,61480960
2026-01-08 09:30:00+00:00,3107.98046875,3109.16943359375,3102.821044921875,3103.72119140625,0
2026-01-08 09:45:00+00:00,3107.8134765625,3113.264892578125,3107.8134765625,3109.335205078125,0
2026-01-08 10:00:00+00:00,3103.267578125,3108.179931640625,3095.588623046875,3108.179931640625,0
2026-01-08 10:15:00+00:00,3113.665283203125,3114.863037109375,3104.3603515625,3104.3603515625,1086523392
2026-01-08 10:30:00+00:00,3114.0517578125,3118.423828125,3113.66162109375,3113.66162109375,16779264
2026-01-08 10:45:00+00:00,3124.988525390625,3128.593505859375,3114.89599609375,3114.89599609375,913975296
2026-01-08 11:00:00+00:00,3119.380859375,3126.559814453125,3119.12255859375,3125.699951171875,1160357888
2026-01-08 11:15:00+00:00,3118.979736328125,3121.793701171875,3113.35888671875,3119.6982421875,175757312
2026-01-08 11:30:00+00:00,3112.976318359375,3118.61181640625,3109.311767578125,3118.61181640625,76212224
2026-01-08 11:45:00+00:00,3114.342041015625,3116.74609375,3109.9677734375,3109.9677734375,142843904
2026-01-08 12:00:00+00:00,3097.706298828125,3116.6494140625,3094.68115234375,3116.6494140625,171321344
2026-01-08 12:15:00+00:00,3101.771484375,3102.78076171875,3099.05615234375,3099.05615234375,288389120
2026-01-08 12:30:00+00:00,3093.71826171875,3103.668701171875,3087.3447265625,3102.57861328125,125001728
2026-01-08 12:45:00+00:00,3092.858642578125,3098.9775390625,3090.35400390625,3094.76123046875,166576128
2026-01-08 13:00:00+00:00,3094.424560546875,3094.9111328125,3091.65234375,3092.0458984375,222273536
2026-01-08 13:15:00+00:00,3094.731689453125,3095.689453125,3090.775146484375,3092.2890625,16660480
2026-01-08 13:30:00+00:00,3094.97802734375,3097.488525390625,3088.4755859375,3095.43359375,77017088
2026-01-08 13:45:00+00:00,3092.73876953125,3096.41748046875,3090.9375,3095.07470703125,150491136
2026-01-08 14:00:00+00:00,3089.0771484375,3092.96484375,3081.042236328125,3092.96484375,46514176
2026-01-08 14:15:00+00:00,3071.586181640625,3088.99365234375,3071.586181640625,3088.99365234375,313184256
2026-01-08 14:30:00+00:00,3058.99658203125,3078.827880859375,3058.99658203125,3075.9150390625,109776896
2026-01-08 14:45:00+00:00,3074.845458984375,3080.347412109375,3056.358642578125,3057.669677734375,104734720
2026-01-08 15:00:00+00:00,3082.642822265625,3085.535400390625,3065.785888671875,3074.2353515625,8636416
2026-01-08 15:15:00+00:00,3100.0830078125,3100.434814453125,3081.927734375,3081.927734375,85913600
2026-01-08 15:30:00+00:00,3099.71923828125,3105.457275390625,3088.62255859375,3100.571044921875,123125760
2026-01-08 15:45:00+00:00,3100.025390625,3100.025390625,3086.41552734375,3094.511962890625,291805184
2026-01-08 16:00:00+00:00,3098.805419921875,3104.102783203125,3094.556396484375,3101.252685546875,87967744
2026-01-08 16:15:00+00:00,3094.976806640625,3097.39208984375,3092.235595703125,3097.39208984375,213737472
2026-01-08 16:30:00+00:00,3108.915283203125,3108.915283203125,3087.708984375,3098.15771484375,162486272
2026-01-08 16:45:00+00:00,3115.018310546875,3115.09130859375,3107.32958984375,3107.32958984375,989241344
2026-01-08 17:00:00+00:00,3121.7607421875,3124.262939453125,3118.90966796875,3118.9140625,327092224
2026-01-08 17:15:00+00:00,3110.068115234375,3121.144775390625,3109.667724609375,3121.144775390625,6772736
2026-01-08 17:30:00+00:00,3118.882568359375,3119.56787109375,3109.73876953125,3109.73876953125,269268992
2026-01-08 17:45:00+00:00,3130.441162109375,3134.232666015625,3121.55078125,3121.55078125,222267392
2026-01-08 18:00:00+00:00,3122.13671875,3131.78857421875,3122.13671875,3131.78857421875,4612096
2026-01-08 18:15:00+00:00,3122.496826171875,3125.464599609375,3119.122802734375,3121.056884765625,160036864
2026-01-08 18:30:00+00:00,3118.794189453125,3125.11181640625,3116.388916015625,3122.494873046875,112902144
2026-01-08 18:45:00+00:00,3116.1474609375,3121.110107421875,3115.81103515625,3116.48291015625,829575168
2026-01-08 19:00:00+00:00,3123.583251953125,3124.4228515625,3113.86328125,3117.662353515625,46315520
2026-01-08 19:15:00+00:00,3113.40576171875,3121.533203125,3109.1650390625,3121.533203125,1530494976
2026-01-08 19:30:00+00:00,3116.23486328125,3122.163818359375,3114.090576171875,3114.090576171875,965300224
2026-01-08 19:45:00+00:00,3107.18359375,3116.35107421875,3104.258544921875,3113.60546875,38307840
2026-01-08 20:00:00+00:00,3093.7236328125,3108.362548828125,3087.34130859375,3108.362548828125,133691392
2026-01-08 20:15:00+00:00,3092.389404296875,3097.8818359375,3091.229736328125,3093.3857421875,0
2026-01-08 20:30:00+00:00,3099.425048828125,3101.131591796875,3091.844970703125,3091.844970703125,130439168
2026-01-08 20:45:00+00:00,3104.02734375,3105.692138671875,3099.398681640625,3099.398681640625,831553536
2026-01-08 21:00:00+00:00,3110.12158203125,3110.12158203125,3103.884521484375,3103.884521484375,16996352
2026-01-08 21:15:00+00:00,3105.95263671875,3110.453125,3104.844482421875,3110.176513671875,183633920
2026-01-08 21:30:00+00:00,3116.0068359375,3116.82666015625,3105.794677734375,3106.1279296875,66074624
2026-01-08 21:45:00+00:00,3117.873779296875,3117.873779296875,3114.5,3114.5,920776704
2026-01-08 22:00:00+00:00,3126.30419921875,3126.30419921875,3115.903076171875,3116.93896484375,23388160
2026-01-08 22:15:00+00:00,3118.302734375,3124.2275390625,3118.302734375,3124.2275390625,21458944
2026-01-08 22:30:00+00:00,3108.477294921875,3119.260498046875,3106.388916015625,3119.260498046875,164804608
2026-01-08 22:45:00+00:00,3115.511474609375,3116.033447265625,3109.052490234375,3109.052490234375,14184448
2026-01-08 23:00:00+00:00,3116.79541015625,3119.158203125,3115.358642578125,3116.27734375,207654912
2026-01-08 23:15:00+00:00,3115.531005859375,3118.718994140625,3115.531005859375,3115.785400390625,0
2026-01-08 23:30:00+00:00,3108.509033203125,3116.139404296875,3107.337158203125,3115.81640625,5890048
2026-01-08 23:45:00+00:00,3104.90087890625,3108.914794921875,3103.9755859375,3107.096435546875,25575424
2026-01-09 00:00:00+00:00,3109.87548828125,3110.370361328125,3103.57373046875,3104.1357421875,0
2026-01-09 00:15:00+00:00,3102.062255859375,3109.22509765625,3102.062255859375,3109.199951171875,162965504
2026-01-09 00:30:00+00:00,3110.569091796875,3111.22119140625,3102.648193359375,3102.648193359375,0
2026-01-09 00:45:00+00:00,3112.942626953125,3114.07373046875,3110.946044921875,3111.448486328125,146268160
2026-01-09 01:00:00+00:00,3112.887451171875,3114.3154296875,3112.120361328125,3112.8291015625,0
2026-01-09 01:15:00+00:00,3117.635986328125,3117.635986328125,3101.094482421875,3112.879638671875,32696320
2026-01-09 01:30:00+00:00,3094.502197265625,3136.2001953125,3082.30419921875,3136.2001953125,2781116416
2026-01-09 01:45:00+00:00,3102.37939453125,3102.37939453125,3095.072021484375,3095.072021484375,273833984
2026-01-09 02:00:00+00:00,3120.96484375,3121.548095703125,3101.2587890625,3102.241943359375,101068800
2026-01-09 02:15:00+00:00,3115.129150390625,3121.59033203125,3115.129150390625,3120.574462890625,254255104
2026-01-09 02:30:00+00:00,3112.045166015625,3115.60107421875,3110.529052734375,3114.815185546875,96141312
2026-01-09 02:45:00+00:00,3104.445556640625,3114.141357421875,3104.12744140625,3113.113037109375,183500800
2026-01-09 03:00:00+00:00,3112.468017578125,3113.06591796875,3104.19580078125,3105.32568359375,204601344
2026-01-09 03:15:00+00:00,3103.111083984375,3112.83544921875,3102.568359375,3111.36865234375,15794176
2026-01-09 03:30:00+00:00,3111.296142578125,3112.75634765625,3103.99658203125,3103.99658203125,0
2026-01-09 03:45:00+00:00,3116.037353515625,3116.95751953125,3111.361328125,3111.361328125,772040704
2026-01-09 04:00:00+00:00,3114.0009765625,3118.1748046875,3113.9755859375,3116.023681640625,3710976
2026-01-09 04:15:00+00:00,3119.26904296875,3119.26904296875,3112.98388671875,3113.391357421875,1638400
2026-01-09 04:30:00+00:00,3111.831298828125,3119.575439453125,3109.77880859375,3119.09716796875,46573568
2026-01-09 04:45:00+00:00,3113.876953125,3113.876953125,3111.29296875,3111.29296875,154101760
2026-01-09 05:00:00+00:00,3115.337890625,3116.613525390625,3113.388671875,3113.388671875,169801728
2026-01-09 05:15:00+00:00,3113.562744140625,3116.2958984375,3111.797119140625,3116.2958984375,0
2026-01-09 05:30:00+00:00,3112.333740234375,3114.48681640625,3110.4267578125,3113.93701171875,166914048
2026-01-09 05:45:00+00:00,3114.602783203125,3114.84033203125,3111.534423828125,3112.1650390625,0
2026-01-09 06:00:00+00:00,3114.749267578125,3115.42138671875,3114.63916015625,3114.880859375,0
2026-01-09 06:15:00+00:00,3115.324951171875,3117.777099609375,3114.7900390625,3114.86865234375,0
2026-01-09 06:30:00+00:00,3120.05908203125,3120.11279296875,3114.1142578125,3114.53076171875,483991552
2026-01-09 06:45:00+00:00,3119.947021484375,3120.263671875,3118.2724609375,3120.0595703125,105529344
2026-01-09 07:00:00+00:00,3115.401611328125,3119.711669921875,3114.70751953125,3119.711669921875,0
2026-01-09 07:15:00+00:00,3113.7421875,3115.6552734375,3113.7421875,3114.7333984375,0
2026-01-09 07:30:00+00:00,3112.305908203125,3114.5830078125,3110.637451171875,3114.1474609375,91490304
2026-01-09 07:45:00+00:00,3109.462158203125,3112.602783203125,3108.463623046875,3111.8681640625,0
2026-01-09 08:00:00+00:00,3105.65087890625,3109.302490234375,3100.08203125,3108.008544921875,211496960
2026-01-09 08:15:00+00:00,3108.114501953125,3110.616455078125,3105.1474609375,3105.1474609375,169224192
2026-01-09 08:30:00+00:00,3084.959228515625,3106.1416015625,3084.959228515625,3105.654541015625,38266880
2026-01-09 08:45:00+00:00,3077.174072265625,3083.77978515625,3066.177490234375,3083.640380859375,905035776
2026-01-09 09:00:00+00:00,3089.24853515625,3090.1181640625,3077.967529296875,3077.967529296875,298524672
2026-01-09 09:15:00+00:00,3094.638916015625,3096.1435546875,3085.9462890625,3089.18603515625,52510720
2026-01-09 09:30:00+00:00,3093.434814453125,3095.321533203125,3091.302490234375,3094.89794921875,738813952
2026-01-09 09:45:00+00:00,3088.24365234375,3092.49755859375,3088.24365234375,3092.467529296875,748406784
2026-01-09 10:00:00+00:00,3092.798095703125,3092.874267578125,3085.292724609375,3088.505859375,0
2026-01-09 10:15:00+00:00,3092.318115234375,3093.76171875,3091.39453125,3092.835205078125,105123840
2026-01-09 10:30:00+00:00,3094.1611328125,3095.3076171875,3090.4873046875,3091.540771484375,0
2026-01-09 10:45:00+00:00,3093.94970703125,3094.867431640625,3093.555419921875,3094.1796875,136988672
2026-01-09 11:00:00+00:00,3092.35205078125,3095.41748046875,3091.544677734375,3093.39404296875,0
2026-01-09 11:15:00+00:00,3097.651611328125,3099.7353515625,3094.9072265625,3095.017822265625,0
2026-01-09 11:30:00+00:00,3093.20947265625,3099.21142578125,3093.20947265625,3096.4208984375,114706432
2026-01-09 11:45:00+00:00,3086.2578125,3094.061279296875,3085.7216796875,3094.061279296875,86059008
2026-01-09 12:00:00+00:00,3086.783203125,3091.84912109375,3086.466796875,3086.466796875,25591808
2026-01-09 12:15:00+00:00,3082.48095703125,3086.838134765625,3079.5,3086.838134765625,0
2026-01-09 12:30:00+00:00,3083.51171875,3085.127197265625,3081.40283203125,3082.64794921875,119738368
2026-01-09 12:45:00+00:00,3080.854248046875,3085.1826171875,3080.854248046875,3082.295654296875,77635584
2026-01-09 13:00:00+00:00,3089.375,3090.93701171875,3080.82763671875,3080.989013671875,1830912
2026-01-09 13:15:00+00:00,3097.79248046875,3097.79248046875,3089.568359375,3089.568359375,153274368
2026-01-09 13:30:00+00:00,3094.617431640625,3103.30126953125,3090.835205078125,3096.595947265625,353554432
2026-01-09 13:45:00+00:00,3095.7822265625,3097.2646484375,3086.94140625,3092.10888671875,168163328
2026-01-09 14:00:00+00:00,3079.51904296875,3095.0517578125,3077.04736328125,3095.0517578125,0
2026-01-09 14:15:00+00:00,3091.235107421875,3091.235107421875,3078.67822265625,3078.67822265625,512118784
2026-01-09 14:30:00+00:00,3074.68017578125,3092.077392578125,3074.250732421875,3092.077392578125,2199552
2026-01-09 14:45:00+00:00,3071.538330078125,3072.918212890625,3062.210205078125,3072.918212890625,162361344
2026-01-09 15:00:00+00:00,3075.238525390625,3076.4638671875,3059.055908203125,3073.185546875,89145344
2026-01-09 15:15:00+00:00,3123.2802734375,3123.2802734375,3073.392333984375,3074.0849609375,0
2026-01-09 15:30:00+00:00,3111.12646484375,3135.76708984375,3111.12646484375,3128.833984375,786864128
2026-01-09 15:45:00+00:00,3104.735107421875,3120.936767578125,3095.729248046875,3115.90966796875,326922240
2026-01-09 16:00:00+00:00,3128.4599609375,3128.4599609375,3108.295166015625,3108.295166015625,59809792
2026-01-09 16:15:00+00:00,3123.309814453125,3138.6064453125,3122.912109375,3138.6064453125,592873472
2026-01-09 16:30:00+00:00,3123.93505859375,3125.2333984375,3119.885986328125,3123.462890625,148119552
2026-01-09 16:45:00+00:00,3130.600830078125,3132.537109375,3123.033935546875,3125.050048828125,789719040
2026-01-09 17:00:00+00:00,3117.1708984375,3129.895263671875,3117.1708984375,3129.895263671875,844388352
2026-01-09 17:15:00+00:00,3110.276123046875,3119.7587890625,3107.35498046875,3119.7587890625,151558144
2026-01-09 17:30:00+00:00,3104.72412109375,3109.5927734375,3104.72412109375,3109.09814453125,102367232
2026-01-09 17:45:00+00:00,3111.995849609375,3115.839599609375,3103.855224609375,3103.855224609375,551342080
2026-01-09 18:00:00+00:00,3105.66064453125,3115.198974609375,3103.56689453125,3111.9609375,0
2026-01-09 18:15:00+00:00,3082.178466796875,3105.086181640625,3082.045166015625,3105.086181640625,59598848
2026-01-09 18:30:00+00:00,3091.835205078125,3091.835205078125,3078.60595703125,3083.0576171875,238196736
2026-01-09 18:45:00+00:00,3092.549560546875,3093.687255859375,3085.12451171875,3090.2138671875,0
2026-01-09 19:00:00+00:00,3081.33349609375,3088.882568359375,3081.33349609375,3088.768310546875,151484416
2026-01-09 19:15:00+00:00,3072.3056640625,3081.52783203125,3070.88427734375,3081.52783203125,132333568
2026-01-09 19:30:00+00:00,3073.32568359375,3073.789306640625,3068.703125,3071.669189453125,322963456
2026-01-09 19:45:00+00:00,3078.688720703125,3083.758056640625,3070.59619140625,3070.59619140625,102404096
2026-01-09 20:00:00+00:00,3083.6025390625,3085.4931640625,3077.16552734375,3077.16552734375,88678400
2026-01-09 20:15:00+00:00,3079.10791015625,3084.087890625,3079.10791015625,3083.72119140625,123705344
2026-01-09 20:30:00+00:00,3078.2763671875,3086.3291015625,3078.2763671875,3080.298095703125,10002432
2026-01-09 20:45:00+00:00,3068.219970703125,3077.669921875,3068.219970703125,3075.226806640625,197613568
2026-01-09 21:00:00+00:00,3072.4072265625,3073.9892578125,3065.491455078125,3068.8271484375,25473024
2026-01-09 21:15:00+00:00,3086.488525390625,3086.488525390625,3072.9033203125,3073.099609375,702269440
2026-01-09 21:30:00+00:00,3078.523681640625,3087.601806640625,3078.523681640625,3085.382568359375,209367040
2026-01-09 21:45:00+00:00,3081.80908203125,3082.0361328125,3075.71435546875,3078.227294921875,0
2026-01-09 22:00:00+00:00,3073.77197265625,3084.47998046875,3073.77197265625,3081.16943359375,20224000
2026-01-09 22:15:00+00:00,3074.036865234375,3077.179931640625,3074.036865234375,3074.77978515625,173182976
2026-01-09 22:30:00+00:00,3080.21337890625,3082.5205078125,3078.7646484375,3078.7646484375,787505152
2026-01-09 22:45:00+00:00,3081.27685546875,3082.572509765625,3078.4814453125,3078.4814453125,3006464
2026-01-09 23:00:00+00:00,3083.867919921875,3085.43115234375,3080.467041015625,3082.20556640625,77471744
2026-01-09 23:15:00+00:00,3086.458740234375,3086.612060546875,3083.8759765625,3084.675537109375,7235584
2026-01-09 23:30:00+00:00,3086.1162109375,3088.3681640625,3085.7470703125,3086.252685546875,0
2026-01-09 23:45:00+00:00,3082.349365234375,3087.3642578125,3082.349365234375,3086.595947265625,0
2026-01-10 00:00:00+00:00,3082.71142578125,3085.359375,3082.71142578125,3082.780029296875,177317888
2026-01-10 00:15:00+00:00,3082.521728515625,3082.521728515625,3079.32666015625,3081.171875,15755264
2026-01-10 00:30:00+00:00,3081.436279296875,3084.633056640625,3081.436279296875,3083.166015625,263718912
2026-01-10 00:45:00+00:00,3079.271240234375,3081.570068359375,3078.47705078125,3081.570068359375,11560960
2026-01-10 01:00:00+00:00,3081.938720703125,3082.577880859375,3079.459716796875,3079.459716796875,11448320
2026-01-10 01:15:00+00:00,3084.855224609375,3085.269775390625,3082.856201171875,3082.856201171875,13305856
2026-01-10 01:30:00+00:00,3085.56103515625,3086.017822265625,3085.129150390625,3085.129150390625,0
2026-01-10 01:45:00+00:00,3085.787841796875,3086.598388671875,3083.894775390625,3085.558837890625,0
2026-01-10 02:00:00+00:00,3086.77392578125,3087.067138671875,3085.759033203125,3085.759033203125,111800320
2026-01-10 02:15:00+00:00,3087.037841796875,3089.040283203125,3086.429931640625,3087.333251953125,6197248
2026-01-10 02:30:00+00:00,3079.551025390625,3086.76904296875,3079.551025390625,3086.76904296875,3702784
2026-01-10 02:45:00+00:00,3083.209228515625,3083.271484375,3079.518310546875,3079.518310546875,553556992
2026-01-10 03:00:00+00:00,3077.206298828125,3083.565185546875,3076.924072265625,3083.565185546875,11495424
2026-01-10 03:15:00+00:00,3082.933349609375,3083.113525390625,3077.672607421875,3077.672607421875,107045888
2026-01-10 03:30:00+00:00,3082.2734375,3083.318359375,3081.085693359375,3083.08642578125,5054464
2026-01-10 03:45:00+00:00,3083.36474609375,3083.36474609375,3081.003173828125,3081.003173828125,3061760
2026-01-10 04:00:00+00:00,3078.751220703125,3083.052490234375,3077.825439453125,3082.56982421875,0
2026-01-10 04:15:00+00:00,3078.207763671875,3078.852783203125,3078.068603515625,3078.685546875,116643840
2026-01-10 04:30:00+00:00,3079.607177734375,3079.902099609375,3078.376953125,3078.461181640625,2720768
2026-01-10 04:45:00+00:00,3076.19921875,3080.5634765625,3076.19921875,3080.099365234375,35849216
2026-01-10 05:00:00+00:00,3080.0830078125,3080.645263671875,3075.899658203125,3077.48095703125,229607424
2026-01-10 05:15:00+00:00,3080.008056640625,3080.390625,3079.465576171875,3079.97119140625,552677376
2026-01-10 05:30:00+00:00,3083.05224609375,3083.084716796875,3080.01318359375,3080.357666015625,22681600
2026-01-10 05:45:00+00:00,3083.096923828125,3083.225830078125,3082.50146484375,3082.809326171875,137821184
2026-01-10 06:00:00+00:00,3083.369873046875,3083.463623046875,3082.54248046875,3082.54248046875,33545216
2026-01-10 06:15:00+00:00,3081.56982421875,3083.1494140625,3079.850830078125,3083.1494140625,0
2026-01-10 06:30:00+00:00,3082.925537109375,3083.6181640625,3082.23828125,3082.23828125,152072192
2026-01-10 06:45:00+00:00,3083.2138671875,3083.968017578125,3083.133056640625,3083.17138671875,2985984
2026-01-10 07:00:00+00:00,3088.40478515625,3088.72021484375,3083.18603515625,3083.251708984375,34117632
2026-01-10 07:15:00+00:00,3086.62646484375,3087.94677734375,3086.17041015625,3087.94677734375,21827584
2026-01-10 07:30:00+00:00,3085.951416015625,3088.216064453125,3085.840576171875,3087.8427734375,0
2026-01-10 07:45:00+00:00,3088.394775390625,3088.40087890625,3086.0361328125,3086.0361328125,159672320
2026-01-10 08:00:00+00:00,3086.365478515625,3088.72119140625,3086.365478515625,3088.72119140625,0
2026-01-10 08:15:00+00:00,3085.904296875,3086.622802734375,3085.170166015625,3086.52734375,17284096
2026-01-10 08:30:00+00:00,3084.835693359375,3085.347900390625,3083.4326171875,3085.347900390625,0
2026-01-10 08:45:00+00:00,3085.568603515625,3085.568603515625,3084.579345703125,3084.81640625,0
2026-01-10 09:00:00+00:00,3085.4609375,3086.888916015625,3085.4609375,3085.885009765625,0
2026-01-10 09:15:00+00:00,3087.739501953125,3088.384765625,3085.5908203125,3085.5908203125,0
2026-01-10 09:30:00+00:00,3088.794921875,3088.958740234375,3087.165771484375,3087.797119140625,42519552
2026-01-10 09:45:00+00:00,3091.360595703125,3093.62841796875,3088.984130859375,3088.984130859375,74801152
2026-01-10 10:00:00+00:00,3092.822998046875,3093.52197265625,3091.53125,3091.818603515625,15316992
2026-01-10 10:15:00+00:00,3091.587646484375,3094.5283203125,3091.19189453125,3093.787109375,27766784
2026-01-10 10:30:00+00:00,3095.341552734375,3095.341552734375,3090.76416015625,3091.60498046875,34649088
2026-01-10 10:45:00+00:00,3095.50634765625,3096.84033203125,3094.12255859375,3094.12255859375,512339968
2026-01-10 11:00:00+00:00,3095.797607421875,3098.706787109375,3095.154052734375,3098.706787109375,93779968
2026-01-10 11:15:00+00:00,3093.86669921875,3096.1259765625,3093.86669921875,3095.93798828125,0
2026-01-10 11:30:00+00:00,3092.657470703125,3094.71142578125,3092.49609375,3094.389404296875,2357248
2026-01-10 11:45:00+00:00,3092.845947265625,3092.845947265625,3091.44580078125,3092.373291015625,0
2026-01-10 12:00:00+00:00,3094.97509765625,3095.08251953125,3092.6796875,3092.6796875,1961984
2026-01-10 12:15:00+00:00,3093.2646484375,3098.868408203125,3093.2646484375,3095.134521484375,23145472
2026-01-10 12:30:00+00:00,3092.8544921875,3093.14208984375,3090.095703125,3093.14208984375,0
2026-01-10 12:45:00+00:00,3094.68115234375,3094.686279296875,3093.115478515625,3093.115478515625,0
2026-01-10 13:00:00+00:00,3093.44873046875,3094.98291015625,3093.44873046875,3094.93115234375,0
2026-01-10 13:15:00+00:00,3092.56591796875,3094.3974609375,3092.56591796875,3093.28369140625,408553472
2026-01-10 13:30:00+00:00,3093.8095703125,3094.107177734375,3092.54931640625,3092.54931640625,0
2026-01-10 13:45:00+00:00,3090.42333984375,3093.960205078125,3090.42333984375,3093.960205078125,0
2026-01-10 14:00:00+00:00,3089.028564453125,3090.82421875,3086.5419921875,3090.82421875,44226560
2026-01-10 14:15:00+00:00,3090.777099609375,3092.158203125,3088.964599609375,3089.7529296875,0
2026-01-10 14:30:00+00:00,3087.942138671875,3090.69091796875,3087.801025390625,3090.69091796875,0
2026-01-10 14:45:00+00:00,3087.784912109375,3088.3447265625,3087.14990234375,3087.559814453125,0
2026-01-10 15:00:00+00:00,3090.581787109375,3090.7060546875,3087.66455078125,3087.66455078125,0
2026-01-10 15:15:00+00:00,3089.166015625,3090.661376953125,3088.822998046875,3090.5537109375,0
2026-01-10 15:30:00+00:00,3091.867431640625,3091.867431640625,3089.0517578125,3089.280517578125,0
2026-01-10 15:45:00+00:00,3091.57421875,3091.8837890625,3090.541259765625,3091.57421875,3543040
2026-01-10 16:00:00+00:00,3091.270263671875,3092.906982421875,3091.188720703125,3091.71142578125,0
2026-01-10 16:15:00+00:00,3090.43359375,3090.923828125,3088.61083984375,3090.923828125,0
2026-01-10 16:30:00+00:00,3092.27099609375,3092.30419921875,3090.35595703125,3090.35595703125,56176640
2026-01-10 16:45:00+00:00,3091.415771484375,3092.386962890625,3091.153564453125,3092.386962890625,3773440
2026-01-10 17:00:00+00:00,3092.994873046875,3092.994873046875,3091.499755859375,3091.499755859375,44952576
2026-01-10 17:15:00+00:00,3093.854736328125,3094.59326171875,3093.854736328125,3094.39599609375,0
2026-01-10 17:30:00+00:00,3092.70263671875,3093.8203125,3092.6923828125,3093.799072265625,6646784
2026-01-10 17:45:00+00:00,3088.100830078125,3092.6171875,3088.100830078125,3092.6171875,0
2026-01-10 18:00:00+00:00,3087.782958984375,3089.80029296875,3087.312744140625,3088.80224609375,0
2026-01-10 18:15:00+00:00,3088.8837890625,3089.332763671875,3087.8173828125,3087.8173828125,0
2026-01-10 18:30:00+00:00,3089.36083984375,3089.836669921875,3088.592041015625,3089.720458984375,0
2026-01-10 18:45:00+00:00,3088.772216796875,3089.32861328125,3087.9970703125,3089.32861328125,0
2026-01-10 19:00:00+00:00,3088.83203125,3089.79931640625,3088.5458984375,3088.660400390625,0
2026-01-10 19:15:00+00:00,3087.98583984375,3088.957763671875,3087.884521484375,3088.957763671875,0
2026-01-10 19:30:00+00:00,3088.15234375,3088.15234375,3087.087890625,3087.88330078125,7045632
2026-01-10 19:45:00+00:00,3087.744140625,3088.27783203125,3087.447021484375,3088.27783203125,0
2026-01-10 20:00:00+00:00,3088.42431640625,3088.696533203125,3087.421142578125,3088.13818359375,0
2026-01-10 20:15:00+00:00,3087.40234375,3088.55126953125,3087.40234375,3088.55126953125,43948544
2026-01-10 20:30:00+00:00,3085.741943359375,3088.5234375,3085.61328125,3087.584716796875,36404224
2026-01-10 20:45:00+00:00,3085.600830078125,3086.31640625,3084.916259765625,3085.195068359375,0
2026-01-10 21:00:00+00:00,3083.654296875,3085.590087890625,3082.031494140625,3085.529541015625,0
2026-01-10 21:15:00+00:00,3085.468017578125,3085.672119140625,3083.428466796875,3083.487060546875,160013824
2026-01-10 21:30:00+00:00,3083.587158203125,3085.58642578125,3083.200927734375,3085.55712890625,118996480
2026-01-10 21:45:00+00:00,3081.755859375,3083.099365234375,3081.755859375,3083.099365234375,17071616
2026-01-10 22:00:00+00:00,3078.335205078125,3081.741943359375,3078.335205078125,3081.741943359375,31271424
2026-01-10 22:15:00+00:00,3076.8857421875,3078.16845703125,3075.20068359375,3078.16845703125,59659776
2026-01-10 22:30:00+00:00,3083.060546875,3084.354248046875,3078.26806640625,3078.26806640625,67963392
2026-01-10 22:45:00+00:00,3077.60107421875,3084.041748046875,3077.60107421875,3084.041748046875,228462080
2026-01-10 23:00:00+00:00,3081.208984375,3081.29736328125,3076.873046875,3076.957275390625,15991808
2026-01-10 23:15:00+00:00,3082.567626953125,3082.567626953125,3080.487060546875,3080.5009765625,16003584
2026-01-10 23:30:00+00:00,3083.20263671875,3083.817138671875,3081.41943359375,3082.35888671875,33112576
2026-01-10 23:45:00+00:00,3082.257568359375,3084.3486328125,3081.44775390625,3083.1279296875,3019264
2026-01-11 00:00:00+00:00,3083.286865234375,3083.286865234375,3080.976318359375,3082.353271484375,9413632
2026-01-11 00:15:00+00:00,3086.20263671875,3086.465087890625,3083.275634765625,3083.275634765625,47414272
2026-01-11 00:30:00+00:00,3084.61279296875,3086.6455078125,3084.587646484375,3086.20263671875,11107840
2026-01-11 00:45:00+00:00,3087.770751953125,3088.274169921875,3084.081787109375,3084.081787109375,6787584
2026-01-11 01:00:00+00:00,3087.139404296875,3088.880615234375,3087.090576171875,3087.833251953125,8326144
2026-01-11 01:15:00+00:00,3087.822509765625,3088.630615234375,3085.72607421875,3087.249267578125,16543744
2026-01-11 01:30:00+00:00,3087.802490234375,3088.0478515625,3085.668701171875,3087.90771484375,165590528
2026-01-11 01:45:00+00:00,3090.596435546875,3090.596435546875,3088.25390625,3088.25390625,46881280
2026-01-11 02:00:00+00:00,3092.194091796875,3092.194091796875,3089.542236328125,3090.78564453125,33228800
2026-01-11 02:15:00+00:00,3091.19140625,3093.229736328125,3090.844482421875,3092.559814453125,36125696
2026-01-11 02:30:00+00:00,3089.739501953125,3091.06201171875,3089.296142578125,3091.06201171875,6901248
2026-01-11 02:45:00+00:00,3089.2177734375,3091.312744140625,3088.636474609375,3090.21142578125,9018368
2026-01-11 03:00:00+00:00,3089.439453125,3089.669189453125,3088.613525390625,3088.9443359375,1520128
2026-01-11 03:15:00+00:00,3091.1728515625,3092.04931640625,3089.635009765625,3089.635009765625,6204928
2026-01-11 03:30:00+00:00,3091.83251953125,3091.83251953125,3090.5869140625,3090.95751953125,14632448
2026-01-11 03:45:00+00:00,3093.1064453125,3093.179931640625,3092.059814453125,3092.059814453125,28597760
2026-01-11 04:00:00+00:00,3092.274169921875,3093.9404296875,3092.21044921875,3092.894775390625,13108224
2026-01-11 04:15:00+00:00,3091.574462890625,3092.989013671875,3091.18212890625,3092.155029296875,29230592
2026-01-11 04:30:00+00:00,3092.17041015625,3094.494140625,3091.541748046875,3091.541748046875,47707648
2026-01-11 04:45:00+00:00,3093.810791015625,3093.810791015625,3091.662109375,3091.662109375,31719424
2026-01-11 05:00:00+00:00,3094.3564453125,3094.719970703125,3093.7275390625,3094.057373046875,0
2026-01-11 05:15:00+00:00,3093.42529296875,3094.458740234375,3092.802001953125,3094.458740234375,21105152
2026-01-11 05:30:00+00:00,3094.8193359375,3094.93701171875,3093.356201171875,3093.356201171875,23416832
2026-01-11 05:45:00+00:00,3094.983642578125,3097.163818359375,3094.45654296875,3095.89501953125,13581312
2026-01-11 06:00:00+00:00,3095.784423828125,3096.4111328125,3094.71533203125,3095.27978515625,83704320
2026-01-11 06:15:00+00:00,3089.6513671875,3095.874267578125,3088.146728515625,3095.874267578125,56735744
2026-01-11 06:30:00+00:00,3089.664306640625,3089.819091796875,3088.720458984375,3089.819091796875,49850880
2026-01-11 06:45:00+00:00,3093.713134765625,3093.713134765625,3090.03955078125,3090.03955078125,11691008
2026-01-11 07:00:00+00:00,3091.46142578125,3094.574462890625,3091.402099609375,3093.711181640625,26259968
2026-01-11 07:15:00+00:00,3090.89111328125,3092.428955078125,3090.89111328125,3091.40966796875,0
2026-01-11 07:30:00+00:00,3090.16162109375,3091.376953125,3088.972900390625,3091.357421875,22930944
2026-01-11 07:45:00+00:00,3090.9921875,3090.9921875,3090.27001953125,3090.48583984375,8903168
2026-01-11 08:00:00+00:00,3090.98974609375,3091.4814453125,3089.3271484375,3091.345458984375,31046144
2026-01-11 08:15:00+00:00,3093.21630859375,3093.662353515625,3090.97607421875,3090.97607421875,34254848
2026-01-11 08:30:00+00:00,3096.081787109375,3096.464111328125,3093.85986328125,3093.85986328125,26110464
2026-01-11 08:45:00+00:00,3099.843994140625,3102.738037109375,3095.222412109375,3096.199462890625,68538880
2026-01-11 09:00:00+00:00,3099.759033203125,3100.210205078125,3099.31787109375,3099.545654296875,82706944
2026-01-11 09:15:00+00:00,3101.27587890625,3101.663330078125,3099.46630859375,3099.4873046875,49180672
2026-01-11 09:30:00+00:00,3097.870361328125,3102.419189453125,3097.218017578125,3101.4287109375,67080704
2026-01-11 09:45:00+00:00,3100.671630859375,3100.88818359375,3098.081298828125,3098.081298828125,0
2026-01-11 10:00:00+00:00,3102.614501953125,3102.614501953125,3098.596923828125,3100.37744140625,56113664
2026-01-11 10:15:00+00:00,3101.0908203125,3103.75244140625,3100.742431640625,3103.75244140625,63632384
2026-01-11 10:30:00+00:00,3103.0322265625,3103.26025390625,3101.273193359375,3101.698974609375,19853824
2026-01-11 10:45:00+00:00,3103.22216796875,3103.2275390625,3100.994873046875,3101.60791015625,2296320
2026-01-11 11:00:00+00:00,3100.425048828125,3103.389892578125,3100.425048828125,3103.33203125,0
2026-01-11 11:15:00+00:00,3101.50732421875,3101.50732421875,3099.9599609375,3100.23046875,37318656
2026-01-11 11:30:00+00:00,3103.322509765625,3103.322509765625,3101.776611328125,3101.776611328125,14658048
2026-01-11 11:45:00+00:00,3100.307861328125,3102.63427734375,3100.307861328125,3102.63427734375,52931072
2026-01-11 12:00:00+00:00,3104.320556640625,3104.320556640625,3100.67333984375,3100.67333984375,34458624
2026-01-11 12:15:00+00:00,3105.34130859375,3106.001708984375,3103.5947265625,3104.201904296875,0
2026-01-11 12:30:00+00:00,3106.524169921875,3106.8310546875,3104.903564453125,3105.528564453125,55652352
2026-01-11 12:45:00+00:00,3110.514892578125,3111.41552734375,3107.333740234375,3107.333740234375,113517056
2026-01-11 13:00:00+00:00,3110.5400390625,3110.780029296875,3108.975341796875,3110.780029296875,73576960
2026-01-11 13:15:00+00:00,3107.65478515625,3111.502197265625,3106.751708984375,3110.834228515625,32599040
2026-01-11 13:30:00+00:00,3105.853271484375,3108.017578125,3105.853271484375,3108.017578125,130040832
2026-01-11 13:45:00+00:00,3106.173828125,3107.354736328125,3103.546142578125,3103.546142578125,334066688
2026-01-11 14:00:00+00:00,3109.9619140625,3109.9619140625,3105.49658203125,3105.49658203125,35009536
2026-01-11 14:15:00+00:00,3111.130615234375,3111.130615234375,3109.172607421875,3109.9453125,44084736
2026-01-11 14:30:00+00:00,3112.524169921875,3112.719482421875,3109.75732421875,3111.1220703125,25041920
2026-01-11 14:45:00+00:00,3121.305419921875,3121.305419921875,3109.41162109375,3111.5361328125,118176768
2026-01-11 15:00:00+00:00,3115.453857421875,3121.50048828125,3115.00390625,3121.50048828125,169933824
2026-01-11 15:15:00+00:00,3117.792724609375,3119.3037109375,3114.282958984375,3115.02734375,106992640
2026-01-11 15:30:00+00:00,3111.289306640625,3120.81591796875,3111.289306640625,3117.5361328125,133231616
2026-01-11 15:45:00+00:00,3113.384033203125,3113.384033203125,3107.787109375,3112.188232421875,30560768
2026-01-11 16:00:00+00:00,3113.392578125,3116.43896484375,3113.392578125,3113.722412109375,228377088
2026-01-11 16:15:00+00:00,3116.188720703125,3116.188720703125,3112.15478515625,3112.529296875,27323392
2026-01-11 16:30:00+00:00,3131.757080078125,3141.093994140625,3118.643798828125,3118.643798828125,528932352
2026-01-11 16:45:00+00:00,3125.103271484375,3133.35009765625,3123.33349609375,3131.806640625,286439424
2026-01-11 17:00:00+00:00,3126.85009765625,3128.57421875,3123.63818359375,3125.241943359375,116720640
2026-01-11 17:15:00+00:00,3126.8349609375,3127.0,3123.75146484375,3127.0,22988288
2026-01-11 17:30:00+00:00,3119.87646484375,3127.32421875,3116.129638671875,3126.79345703125,78327296
2026-01-11 17:45:00+00:00,3122.4833984375,3122.4833984375,3118.571533203125,3120.2421875,70166528
2026-01-11 18:00:00+00:00,3117.838134765625,3122.521728515625,3117.5595703125,3122.521728515625,31684608
2026-01-11 18:15:00+00:00,3120.25146484375,3120.720703125,3117.474609375,3117.474609375,43941888
2026-01-11 18:30:00+00:00,3118.8759765625,3121.038818359375,3116.306640625,3121.038818359375,13663232
2026-01-11 18:45:00+00:00,3124.607177734375,3126.479736328125,3118.995849609375,3118.995849609375,128098304
2026-01-11 19:00:00+00:00,3127.53759765625,3127.53759765625,3124.66015625,3124.872802734375,21101568
2026-01-11 19:15:00+00:00,3122.256103515625,3127.179443359375,3122.256103515625,3127.179443359375,101038080
2026-01-11 19:30:00+00:00,3118.467529296875,3123.607421875,3118.467529296875,3123.270263671875,25091072
2026-01-11 19:45:00+00:00,3120.594970703125,3121.13037109375,3115.541259765625,3118.329345703125,41381888
2026-01-11 20:00:00+00:00,3110.681640625,3120.630615234375,3107.746337890625,3120.630615234375,63670272
2026-01-11 20:15:00+00:00,3101.80419921875,3108.31494140625,3099.30712890625,3108.31494140625,218382336
2026-01-11 20:30:00+00:00,3102.831787109375,3105.74658203125,3099.8876953125,3100.671630859375,248058880
2026-01-11 20:45:00+00:00,3110.252685546875,3110.25390625,3103.609130859375,3103.609130859375,24912896
2026-01-11 21:00:00+00:00,3106.861572265625,3110.94287109375,3104.21240234375,3110.94287109375,104085504
2026-01-11 21:15:00+00:00,3108.588623046875,3111.558349609375,3107.593994140625,3107.593994140625,51662848
2026-01-11 21:30:00+00:00,3109.836181640625,3112.14501953125,3108.38232421875,3109.6337890625,26722304
2026-01-11 21:45:00+00:00,3117.10791015625,3118.8037109375,3109.540771484375,3109.540771484375,165379072
2026-01-11 22:00:00+00:00,3109.6494140625,3116.576416015625,3102.78369140625,3116.576416015625,379615232
2026-01-11 22:15:00+00:00,3110.623779296875,3111.2353515625,3105.4990234375,3107.490234375,107046912
2026-01-11 22:30:00+00:00,3111.19091796875,3111.19091796875,3106.903076171875,3109.4658203125,15200256
2026-01-11 22:45:00+00:00,3106.766845703125,3111.218994140625,3106.693115234375,3110.65673828125,31193088
2026-01-11 23:00:00+00:00,3102.4716796875,3105.291259765625,3090.65869140625,3105.291259765625,256195584
2026-01-11 23:15:00+00:00,3110.78466796875,3118.86181640625,3106.701904296875,3106.701904296875,340653056
2026-01-11 23:30:00+00:00,3115.7880859375,3115.7880859375,3107.269775390625,3108.7216796875,288140288
2026-01-11 23:45:00+00:00,3118.01416015625,3119.264404296875,3113.826904296875,3116.0390625,113382400
2026-01-12 00:00:00+00:00,3110.14599609375,3118.572265625,3106.604736328125,3118.572265625,105149440
2026-01-12 00:15:00+00:00,3117.449951171875,3120.55126953125,3110.049560546875,3110.655517578125,445932544
2026-01-12 00:30:00+00:00,3101.44189453125,3117.741943359375,3101.44189453125,3117.34765625,135661568
2026-01-12 00:45:00+00:00,3114.19091796875,3114.19091796875,3096.845947265625,3101.47802734375,575299584
2026-01-12 01:00:00+00:00,3122.4794921875,3130.85888671875,3114.346435546875,3114.346435546875,110018560
2026-01-12 01:15:00+00:00,3124.323974609375,3126.163818359375,3119.021484375,3123.36962890625,487471104
2026-01-12 01:30:00+00:00,3118.67822265625,3125.529052734375,3113.58544921875,3125.529052734375,410253312
2026-01-12 01:45:00+00:00,3120.4609375,3124.550048828125,3119.73974609375,3119.73974609375,89005056
2026-01-12 02:00:00+00:00,3131.87451171875,3131.87451171875,3120.5966796875,3120.5966796875,321652736
2026-01-12 02:15:00+00:00,3136.471923828125,3146.430419921875,3135.056884765625,3136.935302734375,371712000
2026-01-12 02:30:00+00:00,3146.5625,3146.5625,3138.603515625,3141.5263671875,159600640
2026-01-12 02:45:00+00:00,3155.760009765625,3162.83642578125,3145.194091796875,3145.194091796875,366792704
2026-01-12 03:00:00+00:00,3159.994140625,3159.994140625,3151.261474609375,3153.968994140625,320267264
2026-01-12 03:15:00+00:00,3162.462158203125,3165.77294921875,3159.994140625,3159.994140625,318231552
2026-01-12 03:30:00+00:00,3153.18359375,3160.474365234375,3152.15283203125,3160.454345703125,154173440
2026-01-12 03:45:00+00:00,3147.87060546875,3152.15771484375,3147.87060546875,3151.466796875,263163904
2026-01-12 04:00:00+00:00,3153.9013671875,3153.9013671875,3145.40625,3147.695068359375,198842368
2026-01-12 04:15:00+00:00,3150.847900390625,3155.463134765625,3150.847900390625,3154.591064453125,149780480
2026-01-12 04:30:00+00:00,3156.385009765625,3157.857177734375,3151.083740234375,3151.27978515625,81713152
2026-01-12 04:45:00+00:00,3154.70849609375,3158.91748046875,3154.70849609375,3155.69921875,18634752
2026-01-12 05:00:00+00:00,3155.349365234375,3156.8359375,3152.008056640625,3154.877197265625,133256192
2026-01-12 05:15:00+00:00,3161.515380859375,3161.515380859375,3153.364990234375,3154.656005859375,491574272
2026-01-12 05:30:00+00:00,3158.241943359375,3161.8779296875,3158.241943359375,3161.362548828125,66908160
2026-01-12 05:45:00+00:00,3154.66015625,3155.278076171875,3153.615966796875,3154.624267578125,35360768
2026-01-12 06:00:00+00:00,3158.274658203125,3160.27099609375,3152.60791015625,3154.408935546875,0
2026-01-12 06:15:00+00:00,3153.813232421875,3158.95166015625,3152.3330078125,3158.3486328125,99591168
2026-01-12 06:30:00+00:00,3153.558349609375,3153.9501953125,3149.14892578125,3153.9501953125,101580800
2026-01-12 06:45:00+00:00,3150.3076171875,3154.295166015625,3149.6376953125,3154.295166015625,140013568
2026-01-12 07:00:00+00:00,3154.222412109375,3155.762451171875,3148.80810546875,3150.6220703125,23288832
2026-01-12 07:15:00+00:00,3152.957275390625,3154.62939453125,3149.651123046875,3153.279052734375,490546176
2026-01-12 07:30:00+00:00,3138.68017578125,3153.184814453125,3138.68017578125,3153.184814453125,71760896
2026-01-12 07:45:00+00:00,3132.477294921875,3138.3095703125,3129.961669921875,3138.3095703125,729530368
2026-01-12 08:00:00+00:00,3139.576904296875,3139.576904296875,3130.7421875,3131.487060546875,73090048
2026-01-12 08:15:00+00:00,3137.271240234375,3141.560546875,3134.162353515625,3137.521240234375,263425024
2026-01-12 08:30:00+00:00,3108.730712890625,3136.464111328125,3106.576171875,3136.464111328125,261004288
2026-01-12 08:45:00+00:00,3113.615234375,3113.615234375,3100.923583984375,3106.1943359375,500593664
2026-01-12 09:00:00+00:00,3114.639404296875,3115.990966796875,3109.299560546875,3112.75048828125,644364288
2026-01-12 09:15:00+00:00,3113.62890625,3117.86279296875,3113.62890625,3114.6611328125,53662720
2026-01-12 09:30:00+00:00,3118.387939453125,3118.923583984375,3113.52734375,3113.52734375,173542400
2026-01-12 09:45:00+00:00,3112.7421875,3117.78955078125,3112.7421875,3117.651611328125,0
2026-01-12 10:00:00+00:00,3110.39404296875,3115.015869140625,3106.660888671875,3112.509033203125,35238912
2026-01-12 10:15:00+00:00,3110.197998046875,3111.850341796875,3107.791748046875,3110.511474609375,165220352
2026-01-12 10:30:00+00:00,3108.122314453125,3112.146728515625,3108.122314453125,3109.989501953125,59638784
2026-01-12 10:45:00+00:00,3101.480712890625,3107.69921875,3101.3623046875,3107.69921875,72111104
2026-01-12 11:00:00+00:00,3107.89453125,3107.89453125,3102.467041015625,3102.467041015625,315469824
2026-01-12 11:15:00+00:00,3114.040283203125,3116.351806640625,3107.051025390625,3108.326416015625,89120768
2026-01-12 11:30:00+00:00,3109.120361328125,3114.892822265625,3108.6806640625,3113.703125,144580608
2026-01-12 11:45:00+00:00,3112.355224609375,3112.493896484375,3109.53076171875,3109.53076171875,488887296
2026-01-12 12:00:00+00:00,3114.722900390625,3115.8828125,3111.31396484375,3111.92919921875,29435904
2026-01-12 12:15:00+00:00,3116.35107421875,3118.20068359375,3114.6669921875,3114.6669921875,167782400
2026-01-12 12:30:00+00:00,3112.0859375,3115.671875,3109.298095703125,3115.583251953125,170661888
2026-01-12 12:45:00+00:00,3113.703857421875,3114.976318359375,3111.485107421875,3112.24755859375,1435648
2026-01-12 13:00:00+00:00,3106.654296875,3115.5390625,3106.203857421875,3113.126708984375,35133440
2026-01-12 13:15:00+00:00,3106.567138671875,3107.79052734375,3103.33349609375,3103.33349609375,34322432
2026-01-12 13:30:00+00:00,3105.728271484375,3110.60400390625,3105.728271484375,3106.54443359375,21528576
2026-01-12 13:45:00+00:00,3106.49462890625,3108.263671875,3103.808837890625,3106.669921875,2215936
2026-01-12 14:00:00+00:00,3105.665283203125,3105.978271484375,3103.530517578125,3105.978271484375,29323264
2026-01-12 14:15:00+00:00,3073.714111328125,3105.855712890625,3070.50537109375,3105.539306640625,1030926336
2026-01-12 14:30:00+00:00,3098.419189453125,3108.3759765625,3074.183349609375,3074.183349609375,488931328
2026-01-12 14:45:00+00:00,3099.5205078125,3106.310791015625,3092.18505859375,3098.676513671875,1022586880
2026-01-12 15:00:00+00:00,3094.326416015625,3102.050048828125,3092.516357421875,3102.050048828125,217231360
2026-01-12 15:15:00+00:00,3114.739990234375,3118.816162109375,3096.000244140625,3096.000244140625,582574080
2026-01-12 15:30:00+00:00,3120.089599609375,3121.922119140625,3113.81298828125,3116.454833984375,107438080
2026-01-12 15:45:00+00:00,3126.194091796875,3126.197509765625,3119.857666015625,3121.944091796875,333617152
2026-01-12 16:00:00+00:00,3128.251708984375,3132.19921875,3125.339599609375,3127.12353515625,36446208
2026-01-12 16:15:00+00:00,3137.786376953125,3137.786376953125,3123.91015625,3129.359375,258420736
2026-01-12 16:30:00+00:00,3128.065673828125,3141.540283203125,3128.065673828125,3141.140869140625,25827328
2026-01-12 16:45:00+00:00,3128.67236328125,3132.00048828125,3123.61962890625,3129.078125,149721088
2026-01-12 17:00:00+00:00,3124.54443359375,3133.8974609375,3124.54443359375,3128.268310546875,542664704
2026-01-12 17:15:00+00:00,3111.014892578125,3127.262451171875,3110.78173828125,3125.353271484375,200771584
2026-01-12 17:30:00+00:00,3098.795166015625,3111.265625,3088.6220703125,3111.265625,839022592
2026-01-12 17:45:00+00:00,3102.7177734375,3102.89404296875,3096.008056640625,3096.056640625,410945536
2026-01-12 18:00:00+00:00,3109.396484375,3109.396484375,3097.64501953125,3102.3671875,127088640
2026-01-12 18:15:00+00:00,3114.7275390625,3114.7275390625,3107.74755859375,3108.03466796875,489807872
2026-01-12 18:30:00+00:00,3100.103515625,3116.216796875,3096.468017578125,3116.216796875,525496320
2026-01-12 18:45:00+00:00,3106.080810546875,3108.03076171875,3099.98291015625,3101.94580078125,57683968
2026-01-12 19:00:00+00:00,3106.019287109375,3107.465576171875,3096.436279296875,3105.6884765625,98979840
2026-01-12 19:15:00+00:00,3108.275390625,3112.9521484375,3104.622314453125,3104.622314453125,768223232
2026-01-12 19:30:00+00:00,3112.958740234375,3113.137451171875,3108.87646484375,3109.116943359375,91496448
2026-01-12 19:45:00+00:00,3118.69189453125,3118.80126953125,3111.078369140625,3113.03857421875,4632576
2026-01-12 20:00:00+00:00,3118.095703125,3124.7880859375,3117.296142578125,3118.953125,788285440
2026-01-12 20:15:00+00:00,3107.69775390625,3118.489501953125,3107.69775390625,3118.489501953125,0
2026-01-12 20:30:00+00:00,3101.18310546875,3109.146484375,3100.450927734375,3109.146484375,143603712
2026-01-12 20:45:00+00:00,3099.43212890625,3103.224609375,3098.487548828125,3100.90576171875,214056960
2026-01-12 21:00:00+00:00,3103.066162109375,3103.74267578125,3091.038330078125,3100.464599609375,48402432
2026-01-12 21:15:00+00:00,3097.962890625,3102.431884765625,3097.174560546875,3102.431884765625,773808128
2026-01-12 21:30:00+00:00,3096.4482421875,3098.130615234375,3094.034423828125,3096.696533203125,193843200
2026-01-12 21:45:00+00:00,3086.271240234375,3095.195068359375,3084.102783203125,3095.195068359375,19159040
2026-01-12 22:00:00+00:00,3102.96484375,3102.96484375,3089.178466796875,3089.178466796875,109664256
2026-01-12 22:15:00+00:00,3096.974853515625,3102.110595703125,3096.974853515625,3102.110595703125,151255040
2026-01-12 22:30:00+00:00,3101.873291015625,3101.873291015625,3094.8701171875,3094.8701171875,639879168
2026-01-12 22:45:00+00:00,3093.86572265625,3099.766845703125,3093.15869140625,3099.659423828125,23756800
2026-01-12 23:00:00+00:00,3087.517578125,3095.033935546875,3085.720947265625,3092.5224609375,25769984
2026-01-12 23:15:00+00:00,3094.187255859375,3094.187255859375,3087.398193359375,3088.456787109375,0
2026-01-12 23:30:00+00:00,3092.15771484375,3095.078857421875,3088.50341796875,3094.143310546875,166117376
2026-01-12 23:45:00+00:00,3091.560302734375,3092.41650390625,3090.210205078125,3092.41650390625,5158912
2026-01-13 00:00:00+00:00,3099.189208984375,3101.64013671875,3091.64306640625,3092.396240234375,40812544
2026-01-13 00:15:00+00:00,3101.275146484375,3101.78857421875,3097.084228515625,3098.473388671875,88045568
2026-01-13 00:30:00+00:00,3096.76513671875,3103.329833984375,3096.683349609375,3101.02685546875,0
2026-01-13 00:45:00+00:00,3105.563232421875,3106.035888671875,3098.20849609375,3098.20849609375,0
2026-01-13 01:00:00+00:00,3106.987060546875,3109.363037109375,3104.298828125,3105.404296875,0
2026-01-13 01:15:00+00:00,3099.686279296875,3107.114990234375,3098.140869140625,3107.114990234375,13670400
2026-01-13 01:30:00+00:00,3090.3095703125,3099.2880859375,3088.512939453125,3098.8564453125,162752512
2026-01-13 01:45:00+00:00,3093.115234375,3095.069091796875,3090.15185546875,3090.15185546875,649394176
2026-01-13 02:00:00+00:00,3100.4140625,3103.821533203125,3094.138427734375,3094.138427734375,1601536
2026-01-13 02:15:00+00:00,3101.4775390625,3102.39892578125,3099.6796875,3100.819580078125,0
2026-01-13 02:30:00+00:00,3097.557373046875,3101.5732421875,3097.557373046875,3101.089111328125,0
2026-01-13 02:45:00+00:00,3099.715576171875,3101.0419921875,3096.386474609375,3096.386474609375,0
2026-01-13 03:00:00+00:00,3105.528076171875,3105.528076171875,3097.8291015625,3097.8291015625,0
2026-01-13 03:15:00+00:00,3110.54052734375,3112.7578125,3104.58056640625,3105.633544921875,0
2026-01-13 03:30:00+00:00,3111.166748046875,3112.55224609375,3108.463623046875,3110.947265625,555288576
2026-01-13 03:45:00+00:00,3112.822265625,3112.822265625,3108.340576171875,3110.70751953125,0
2026-01-13 04:00:00+00:00,3116.251708984375,3116.251708984375,3112.472412109375,3112.5859375,0
2026-01-13 04:15:00+00:00,3110.4140625,3116.89111328125,3110.4140625,3116.431884765625,34500608
2026-01-13 04:30:00+00:00,3111.86474609375,3111.86474609375,3109.04296875,3111.533935546875,36327424
2026-01-13 04:45:00+00:00,3118.1962890625,3119.299072265625,3111.754150390625,3112.182373046875,472930304
2026-01-13 05:00:00+00:00,3128.33154296875,3128.33154296875,3118.334716796875,3118.334716796875,80969728
2026-01-13 05:15:00+00:00,3138.71923828125,3140.9169921875,3126.84375,3128.000732421875,637601792
2026-01-13 05:30:00+00:00,3130.4033203125,3137.631591796875,3130.322265625,3137.631591796875,464943104
2026-01-13 05:45:00+00:00,3126.349609375,3133.465576171875,3126.349609375,3132.0927734375,65052672
2026-01-13 06:00:00+00:00,3124.15576171875,3131.359619140625,3121.716796875,3126.939208984375,575694848
2026-01-13 06:15:00+00:00,3128.748779296875,3128.748779296875,3124.1923828125,3124.451416015625,193247232
2026-01-13 06:30:00+00:00,3129.343994140625,3131.0205078125,3127.154052734375,3127.154052734375,36231168
2026-01-13 06:45:00+00:00,3131.67822265625,3133.143310546875,3124.884765625,3124.884765625,91455488
2026-01-13 07:00:00+00:00,3127.17431640625,3131.189453125,3127.114990234375,3131.189453125,412016640
2026-01-13 07:15:00+00:00,3124.40185546875,3127.243896484375,3123.0224609375,3127.243896484375,268189696
2026-01-13 07:30:00+00:00,3122.062255859375,3124.8251953125,3121.95361328125,3124.8251953125,81842176
2026-01-13 07:45:00+00:00,3119.456787109375,3121.755126953125,3119.3662109375,3121.606201171875,203784192
2026-01-13 08:00:00+00:00,3124.641357421875,3125.4658203125,3119.9580078125,3120.7509765625,553201664
2026-01-13 08:15:00+00:00,3123.664306640625,3126.345458984375,3123.619140625,3124.217529296875,72683520
2026-01-13 08:30:00+00:00,3128.107177734375,3129.34716796875,3123.24560546875,3123.3837890625,83847168
2026-01-13 08:45:00+00:00,3132.523193359375,3133.701904296875,3128.2421875,3128.5419921875,34469888
2026-01-13 09:00:00+00:00,3138.783203125,3138.783203125,3132.58740234375,3132.61669921875,3348480
2026-01-13 09:15:00+00:00,3140.57421875,3142.67626953125,3134.89404296875,3138.08837890625,217565184
2026-01-13 09:30:00+00:00,3129.665283203125,3141.406982421875,3128.247802734375,3139.736328125,547395584
2026-01-13 09:45:00+00:00,3134.86181640625,3137.1328125,3130.8232421875,3130.9306640625,771129344
2026-01-13 10:00:00+00:00,3135.9990234375,3137.628173828125,3134.509521484375,3136.326171875,3110912
2026-01-13 10:15:00+00:00,3135.33251953125,3135.33251953125,3131.26513671875,3133.3935546875,30773248
2026-01-13 10:30:00+00:00,3129.01904296875,3136.767822265625,3129.01904296875,3136.767822265625,122789888
2026-01-13 10:45:00+00:00,3131.546142578125,3131.546142578125,3127.25,3127.923095703125,159848448
2026-01-13 11:00:00+00:00,3133.7314453125,3134.39990234375,3129.608154296875,3131.770263671875,4610048
2026-01-13 11:15:00+00:00,3133.83154296875,3134.62939453125,3131.3134765625,3133.54541015625,154392576
2026-01-13 11:30:00+00:00,3130.566650390625,3133.639892578125,3130.566650390625,3133.639892578125,199311360
2026-01-13 11:45:00+00:00,3130.64013671875,3134.318603515625,3128.9296875,3130.306640625,4757504
2026-01-13 12:00:00+00:00,3129.593017578125,3133.802978515625,3127.806884765625,3132.177490234375,112222208
2026-01-13 12:15:00+00:00,3131.132568359375,3132.41796875,3127.756103515625,3127.756103515625,37120000
2026-01-13 12:30:00+00:00,3133.3642578125,3133.58203125,3130.733154296875,3130.983642578125,60518400
2026-01-13 12:45:00+00:00,3131.343505859375,3132.571533203125,3130.09716796875,3132.571533203125,7448576
2026-01-13 13:00:00+00:00,3133.613525390625,3133.97265625,3127.895751953125,3132.14013671875,169302016
2026-01-13 13:15:00+00:00,3136.65771484375,3136.6806640625,3132.9033203125,3132.9033203125,69781504
2026-01-13 13:30:00+00:00,3141.937744140625,3153.9619140625,3137.025634765625,3137.92724609375,794744832
2026-01-13 13:45:00+00:00,3138.9375,3143.214599609375,3137.5,3141.094970703125,491479040
2026-01-13 14:00:00+00:00,3136.11083984375,3137.7236328125,3131.146240234375,3137.59912109375,116740096
2026-01-13 14:15:00+00:00,3151.416748046875,3151.416748046875,3137.187744140625,3137.187744140625,95397888
2026-01-13 14:30:00+00:00,3158.438720703125,3160.712890625,3146.308349609375,3151.841064453125,0
2026-01-13 14:45:00+00:00,3144.048095703125,3157.177001953125,3143.866943359375,3155.47314453125,242577408
2026-01-13 15:00:00+00:00,3143.238525390625,3145.8994140625,3132.797607421875,3143.450439453125,42735616
2026-01-13 15:15:00+00:00,3140.2392578125,3143.8955078125,3133.54150390625,3143.8955078125,749475840
2026-01-13 15:30:00+00:00,3157.85791015625,3162.99169921875,3140.415283203125,3140.415283203125,566753280
2026-01-13 15:45:00+00:00,3178.212890625,3178.619140625,3151.649169921875,3158.927490234375,165410816
2026-01-13 16:00:00+00:00,3177.617919921875,3190.27880859375,3177.617919921875,3189.079345703125,1193764864
2026-01-13 16:15:00+00:00,3171.130126953125,3180.85498046875,3171.130126953125,3176.597412109375,101341184
2026-01-13 16:30:00+00:00,3187.186767578125,3190.088134765625,3172.455810546875,3172.455810546875,235409408
2026-01-13 16:45:00+00:00,3182.723876953125,3190.701904296875,3182.723876953125,3185.872802734375,40081408
2026-01-13 17:00:00+00:00,3177.2021484375,3182.477294921875,3175.37060546875,3178.868408203125,36468736
2026-01-13 17:15:00+00:00,3183.60986328125,3183.60986328125,3174.065673828125,3179.64111328125,64557056
2026-01-13 17:30:00+00:00,3179.1923828125,3182.83349609375,3173.768798828125,3182.83349609375,1230776320
2026-01-13 17:45:00+00:00,3178.13818359375,3185.042236328125,3177.86328125,3177.86328125,90552320
2026-01-13 18:00:00+00:00,3186.275146484375,3186.275146484375,3177.151123046875,3177.151123046875,186961920
2026-01-13 18:15:00+00:00,3191.016845703125,3196.091064453125,3187.8095703125,3187.8095703125,262191104
2026-01-13 18:30:00+00:00,3194.684814453125,3195.898193359375,3189.97900390625,3190.9033203125,0
2026-01-13 18:45:00+00:00,3198.866455078125,3211.630859375,3196.4853515625,3196.4853515625,730363904
2026-01-13 19:00:00+00:00,3193.7802734375,3200.502685546875,3190.58984375,3199.596923828125,10477568
2026-01-13 19:15:00+00:00,3201.21142578125,3201.21142578125,3191.76416015625,3193.010009765625,173350912
2026-01-13 19:30:00+00:00,3206.497802734375,3210.408935546875,3201.480224609375,3201.480224609375,211816448
2026-01-13 19:45:00+00:00,3214.162353515625,3214.162353515625,3205.01171875,3205.212890625,311238656
2026-01-13 20:00:00+00:00,3214.191650390625,3215.265380859375,3209.97998046875,3214.899658203125,184178688
2026-01-13 20:15:00+00:00,3208.581787109375,3214.986572265625,3207.981689453125,3213.22509765625,159848448
2026-01-13 20:30:00+00:00,3194.236083984375,3205.359130859375,3191.107177734375,3205.359130859375,847159296
2026-01-13 20:45:00+00:00,3203.44775390625,3203.44775390625,3196.674560546875,3196.674560546875,818745344
2026-01-13 21:00:00+00:00,3206.414794921875,3210.926513671875,3203.091552734375,3203.091552734375,67313664
2026-01-13 21:15:00+00:00,3212.007080078125,3215.298828125,3205.982666015625,3207.026611328125,360054784
2026-01-13 21:30:00+00:00,3209.16796875,3214.888671875,3209.16796875,3211.0390625,138862592
2026-01-13 21:45:00+00:00,3209.12353515625,3210.631103515625,3207.633056640625,3209.37353515625,425984
2026-01-13 22:00:00+00:00,3324.03125,3346.696533203125,3209.667724609375,3209.667724609375,1476761600
2026-01-13 22:15:00+00:00,3322.27880859375,3329.181640625,3302.43212890625,3320.616455078125,1883422720
2026-01-13 22:30:00+00:00,3334.453125,3334.453125,3311.92919921875,3322.615478515625,816893952
2026-01-13 22:45:00+00:00,3328.763671875,3339.702392578125,3327.304931640625,3331.719482421875,603041792
2026-01-13 23:00:00+00:00,3333.76318359375,3340.406005859375,3326.779541015625,3326.779541015625,614905856
2026-01-13 23:15:00+00:00,3321.591552734375,3334.447021484375,3320.85205078125,3334.2373046875,427184128
2026-01-13 23:30:00+00:00,3322.199462890625,3326.0673828125,3314.375732421875,3323.20458984375,519366656
2026-01-13 23:45:00+00:00,3322.9404296875,3323.775390625,3316.097900390625,3322.76025390625,473446400
2026-01-14 00:00:00+00:00,3330.982177734375,3330.982177734375,3323.263671875,3323.263671875,1110208512
2026-01-14 00:15:00+00:00,3325.47021484375,3331.83740234375,3324.84521484375,3329.764892578125,252694528
2026-01-14 00:30:00+00:00,3319.58349609375,3325.54541015625,3315.632568359375,3325.54541015625,203778048
2026-01-14 00:45:00+00:00,3323.836181640625,3323.836181640625,3314.248291015625,3318.6142578125,424394752
2026-01-14 01:00:00+00:00,3331.153564453125,3331.153564453125,3320.349365234375,3322.611572265625,86999040
2026-01-14 01:15:00+00:00,3334.61669921875,3339.455078125,3327.504638671875,3330.78125,1176123392
2026-01-14 01:30:00+00:00,3324.48486328125,3339.046630859375,3324.48486328125,3334.286376953125,888918016
2026-01-14 01:45:00+00:00,3333.3125,3333.3125,3325.14990234375,3327.661865234375,466384896
2026-01-14 02:00:00+00:00,3346.675048828125,3353.076416015625,3332.32373046875,3334.2392578125,314556416
2026-01-14 02:15:00+00:00,3333.661376953125,3349.26318359375,3333.661376953125,3347.511474609375,444778496
2026-01-14 02:30:00+00:00,3332.215087890625,3335.939453125,3332.121826171875,3333.028076171875,417466368
2026-01-14 02:45:00+00:00,3323.0205078125,3333.35498046875,3319.72412109375,3333.19677734375,260431872
2026-01-14 03:00:00+00:00,3325.0478515625,3325.0478515625,3319.907958984375,3324.3525390625,97206272
2026-01-14 03:15:00+00:00,3322.1318359375,3326.01416015625,3321.698486328125,3323.182861328125,73836544
2026-01-14 03:30:00+00:00,3336.373291015625,3336.39892578125,3322.068359375,3322.068359375,1153296384
2026-01-14 03:45:00+00:00,3347.151611328125,3347.151611328125,3335.962890625,3336.634521484375,1529767936
2026-01-14 04:00:00+00:00,3342.40869140625,3353.72607421875,3340.817138671875,3350.321533203125,534237184
2026-01-14 04:15:00+00:00,3343.904296875,3343.947021484375,3339.682861328125,3340.85400390625,303261696
2026-01-14 04:30:00+00:00,3336.65185546875,3343.992431640625,3336.65185546875,3343.992431640625,345272320
2026-01-14 04:45:00+00:00,3336.825927734375,3337.561767578125,3335.028564453125,3336.38916015625,899457024
2026-01-14 05:00:00+00:00,3333.404052734375,3336.98583984375,3333.02001953125,3336.98583984375,25249792
2026-01-14 05:15:00+00:00,3324.91162109375,3335.157470703125,3324.91162109375,3333.8642578125,1726464
2026-01-14 05:30:00+00:00,3333.974365234375,3336.03564453125,3325.795166015625,3326.322998046875,220436480
2026-01-14 05:45:00+00:00,3328.727783203125,3335.20263671875,3328.589111328125,3331.44384765625,1147854848
2026-01-14 06:00:00+00:00,3327.620849609375,3328.762451171875,3322.459228515625,3328.762451171875,0
2026-01-14 06:15:00+00:00,3321.77099609375,3327.881591796875,3321.410400390625,3327.29833984375,408147968
2026-01-14 06:30:00+00:00,3330.00244140625,3330.00244140625,3321.462158203125,3321.462158203125,76105728
2026-01-14 06:45:00+00:00,3331.81640625,3333.682861328125,3330.654296875,3332.143310546875,320311296
2026-01-14 07:00:00+00:00,3332.123046875,3339.485595703125,3332.021240234375,3332.021240234375,339537920
2026-01-14 07:15:00+00:00,3329.85888671875,3335.90869140625,3329.85888671875,3331.860107421875,70516736
2026-01-14 07:30:00+00:00,3328.360107421875,3330.114501953125,3326.294677734375,3330.114501953125,310308864
2026-01-14 07:45:00+00:00,3333.45849609375,3335.78076171875,3328.724365234375,3328.724365234375,1110298624
2026-01-14 08:00:00+00:00,3338.8720703125,3338.996826171875,3333.4990234375,3333.4990234375,28770304
2026-01-14 08:15:00+00:00,3335.846435546875,3340.239990234375,3335.846435546875,3339.00146484375,802371584
2026-01-14 08:30:00+00:00,3325.886474609375,3335.49462890625,3325.834228515625,3335.49462890625,0
2026-01-14 08:45:00+00:00,3326.9052734375,3328.896240234375,3326.075927734375,3326.075927734375,194418688
2026-01-14 09:00:00+00:00,3330.058349609375,3330.058349609375,3326.349853515625,3326.349853515625,142452736
2026-01-14 09:15:00+00:00,3329.195556640625,3331.209228515625,3328.31005859375,3330.287109375,0
2026-01-14 09:30:00+00:00,3328.8798828125,3333.057861328125,3328.8798828125,3329.574951171875,0
2026-01-14 09:45:00+00:00,3325.782470703125,3329.0712890625,3323.477294921875,3328.526611328125,0
2026-01-14 10:00:00+00:00,3329.77197265625,3329.77197265625,3325.3837890625,3326.150634765625,0
2026-01-14 10:15:00+00:00,3310.925537109375,3330.967529296875,3307.594970703125,3329.930908203125,285317120
2026-01-14 10:30:00+00:00,3311.60009765625,3315.38134765625,3307.1572265625,3313.77783203125,552826880
2026-01-14 10:45:00+00:00,3312.41552734375,3316.94873046875,3311.252197265625,3311.252197265625,82612224
2026-01-14 11:00:00+00:00,3296.624267578125,3311.28271484375,3295.180419921875,3311.28271484375,494573568
2026-01-14 11:15:00+00:00,3296.483154296875,3296.80712890625,3290.697998046875,3296.80712890625,75788288
2026-01-14 11:30:00+00:00,3287.214599609375,3296.380859375,3286.163330078125,3296.05615234375,785788928
2026-01-14 11:45:00+00:00,3282.48046875,3288.373291015625,3282.48046875,3287.3896484375,190267392
2026-01-14 12:00:00+00:00,3293.87451171875,3294.11181640625,3281.7197265625,3283.47216796875,231497728
2026-01-14 12:15:00+00:00,3292.810791015625,3296.125244140625,3291.5234375,3293.8896484375,81731584
2026-01-14 12:30:00+00:00,3294.236328125,3296.26806640625,3290.03466796875,3292.27490234375,113004544
2026-01-14 12:45:00+00:00,3294.65478515625,3294.65478515625,3292.21923828125,3293.352294921875,31002624
2026-01-14 13:00:00+00:00,3293.60693359375,3294.9521484375,3288.999267578125,3294.587646484375,36532224
2026-01-14 13:15:00+00:00,3303.56787109375,3303.56787109375,3292.06982421875,3292.15234375,1069387776
2026-01-14 13:30:00+00:00,3301.013427734375,3304.23876953125,3298.862548828125,3304.23876953125,19849216
2026-01-14 13:45:00+00:00,3300.42333984375,3300.80224609375,3295.736083984375,3300.53515625,0
2026-01-14 14:00:00+00:00,3309.2001953125,3310.7119140625,3300.95361328125,3301.250244140625,42196992
2026-01-14 14:15:00+00:00,3315.15576171875,3322.571533203125,3309.6806640625,3309.97216796875,885555200
2026-01-14 14:30:00+00:00,3321.931640625,3326.712158203125,3308.2802734375,3315.479736328125,318894080
2026-01-14 14:45:00+00:00,3348.0380859375,3354.71533203125,3321.283203125,3321.283203125,2056935424
2026-01-14 15:00:00+00:00,3359.454833984375,3359.454833984375,3329.556884765625,3347.33447265625,147603456
2026-01-14 15:15:00+00:00,3352.462646484375,3359.92041015625,3351.593505859375,3359.92041015625,940408832
2026-01-14 15:30:00+00:00,3336.474365234375,3355.57666015625,3336.474365234375,3350.41796875,249483264
2026-01-14 15:45:00+00:00,3344.540771484375,3345.349609375,3335.29736328125,3335.991455078125,217505792
2026-01-14 16:00:00+00:00,3371.8525390625,3371.8525390625,3344.38037109375,3344.38037109375,349892608
2026-01-14 16:15:00+00:00,3372.75244140625,3373.64208984375,3363.096923828125,3368.7802734375,257970176
2026-01-14 16:30:00+00:00,3387.27734375,3391.49755859375,3371.821044921875,3374.3095703125,838877184
2026-01-14 16:45:00+00:00,3368.241455078125,3385.201171875,3364.819580078125,3384.3720703125,958717952
2026-01-14 17:00:00+00:00,3377.703369140625,3377.703369140625,3367.406005859375,3369.7021484375,765698048
2026-01-14 17:15:00+00:00,3373.970947265625,3379.2177734375,3370.791259765625,3378.15478515625,564797440
2026-01-14 17:30:00+00:00,3351.70849609375,3371.045166015625,3340.648681640625,3371.045166015625,137297920
2026-01-14 17:45:00+00:00,3341.46826171875,3360.293701171875,3339.24755859375,3353.9228515625,546770944
2026-01-14 18:00:00+00:00,3339.7841796875,3349.8701171875,3338.90478515625,3342.084228515625,768581632
2026-01-14 18:15:00+00:00,3346.61474609375,3346.61474609375,3333.91796875,3339.339599609375,316133376
2026-01-14 18:30:00+00:00,3325.494140625,3350.39599609375,3320.936767578125,3350.39599609375,238137344
2026-01-14 18:45:00+00:00,3340.9208984375,3340.9208984375,3316.77685546875,3321.18603515625,100175872
2026-01-14 19:00:00+00:00,3344.9140625,3349.302490234375,3332.914794921875,3339.408447265625,176652288
2026-01-14 19:15:00+00:00,3362.09765625,3362.09765625,3348.77001953125,3348.77001953125,580214784
2026-01-14 19:30:00+00:00,3369.447509765625,3389.095947265625,3363.00439453125,3389.095947265625,591847424
2026-01-14 19:45:00+00:00,3364.776611328125,3379.49609375,3362.77880859375,3370.685791015625,15220736
2026-01-14 20:00:00+00:00,3383.67822265625,3388.77197265625,3363.779541015625,3366.543701171875,379006976
2026-01-14 20:15:00+00:00,3363.504150390625,3381.481689453125,3363.504150390625,3381.481689453125,385761280
2026-01-14 20:30:00+00:00,3375.970703125,3382.005126953125,3365.470458984375,3365.470458984375,322998272
2026-01-14 20:45:00+00:00,3378.23876953125,3378.23876953125,3370.6572265625,3375.6103515625,37597184
2026-01-14 21:00:00+00:00,3371.185791015625,3382.112548828125,3371.110107421875,3382.112548828125,23252992
2026-01-14 21:15:00+00:00,3373.501708984375,3375.271484375,3367.7578125,3369.602783203125,22085632
2026-01-14 21:30:00+00:00,3371.311279296875,3377.47998046875,3371.311279296875,3372.710205078125,296038400
2026-01-14 21:45:00+00:00,3365.966796875,3373.991943359375,3361.466552734375,3370.8935546875,42004480
2026-01-14 22:00:00+00:00,3364.830810546875,3373.49951171875,3364.830810546875,3371.392822265625,0
2026-01-14 22:15:00+00:00,3362.355224609375,3368.771240234375,3361.444580078125,3366.6240234375,0
2026-01-14 22:30:00+00:00,3351.80810546875,3361.836669921875,3349.50634765625,3361.836669921875,0
2026-01-14 22:45:00+00:00,3350.15673828125,3359.029052734375,3348.345947265625,3352.887451171875,146149376
2026-01-14 23:00:00+00:00,3363.133056640625,3363.301025390625,3349.730712890625,3349.730712890625,0
2026-01-14 23:15:00+00:00,3356.375,3367.3330078125,3356.375,3363.050537109375,555497472
2026-01-14 23:30:00+00:00,3352.616943359375,3356.9658203125,3351.632568359375,3356.9658203125,395552768
2026-01-14 23:45:00+00:00,3354.6728515625,3357.736328125,3353.472900390625,3354.01123046875,106659840
2026-01-15 00:00:00+00:00,3348.36865234375,3354.8271484375,3344.93310546875,3354.8271484375,276199424
2026-01-15 00:15:00+00:00,3341.3515625,3347.87744140625,3338.296875,3347.38037109375,435849216
2026-01-15 00:30:00+00:00,3334.19921875,3341.150146484375,3330.723876953125,3340.16943359375,0
2026-01-15 00:45:00+00:00,3329.710693359375,3333.9755859375,3326.4169921875,3333.9755859375,918777856
2026-01-15 01:00:00+00:00,3335.780029296875,3341.498779296875,3330.309326171875,3330.309326171875,62107648
2026-01-15 01:15:00+00:00,3331.107177734375,3334.420166015625,3324.50244140625,3333.91162109375,270082048
2026-01-15 01:30:00+00:00,3327.421875,3330.867919921875,3320.203857421875,3329.27880859375,49932288
2026-01-15 01:45:00+00:00,3323.15234375,3328.690673828125,3323.15234375,3327.680908203125,246497280
2026-01-15 02:00:00+00:00,3322.33349609375,3330.87841796875,3322.33349609375,3325.100830078125,113264640
2026-01-15 02:15:00+00:00,3322.380859375,3326.202392578125,3320.37158203125,3321.122802734375,374212608
2026-01-15 02:30:00+00:00,3318.142333984375,3325.24951171875,3309.167236328125,3322.568603515625,302483456
2026-01-15 02:45:00+00:00,3312.302001953125,3316.953125,3309.7705078125,3316.953125,151877632
2026-01-15 03:00:00+00:00,3314.790771484375,3315.298095703125,3310.09130859375,3313.258056640625,75560960
2026-01-15 03:15:00+00:00,3297.89697265625,3318.31884765625,3295.07177734375,3315.45166015625,296628224
2026-01-15 03:30:00+00:00,3283.473388671875,3295.915771484375,3278.92138671875,3290.77880859375,224540672
2026-01-15 03:45:00+00:00,3286.70849609375,3286.70849609375,3280.95556640625,3283.791748046875,439916544
2026-01-15 04:00:00+00:00,3292.8974609375,3293.919189453125,3284.047119140625,3285.3779296875,187551744
2026-01-15 04:15:00+00:00,3298.091796875,3303.19775390625,3292.45361328125,3292.90185546875,51187712
2026-01-15 04:30:00+00:00,3302.64697265625,3302.64697265625,3297.471923828125,3299.12890625,495077376
2026-01-15 04:45:00+00:00,3302.476318359375,3306.750732421875,3302.476318359375,3304.636474609375,0
2026-01-15 05:00:00+00:00,3308.116455078125,3311.507568359375,3302.87451171875,3302.87451171875,22511616
2026-01-15 05:15:00+00:00,3307.2578125,3311.78369140625,3307.248046875,3308.6708984375,62795776
2026-01-15 05:30:00+00:00,3309.336669921875,3309.336669921875,3303.340576171875,3306.638671875,362571776
2026-01-15 05:45:00+00:00,3311.52392578125,3313.668212890625,3310.06005859375,3310.06005859375,264296448
2026-01-15 06:00:00+00:00,3314.64892578125,3315.444580078125,3311.378662109375,3311.378662109375,13363200
2026-01-15 06:15:00+00:00,3319.3046875,3320.888427734375,3315.075927734375,3315.075927734375,229298176
2026-01-15 06:30:00+00:00,3311.6953125,3319.408203125,3311.6953125,3318.841552734375,250769408
2026-01-15 06:45:00+00:00,3315.8935546875,3315.8935546875,3310.953369140625,3311.947265625,0
2026-01-15 07:00:00+00:00,3317.32568359375,3317.882080078125,3314.297607421875,3315.7568359375,0
2026-01-15 07:15:00+00:00,3325.626708984375,3327.02099609375,3316.83203125,3316.83203125,20635648
2026-01-15 07:30:00+00:00,3329.321533203125,3329.404052734375,3322.61767578125,3325.656005859375,103968768
2026-01-15 07:45:00+00:00,3327.466552734375,3333.174072265625,3327.184326171875,3329.271484375,30715904
2026-01-15 08:00:00+00:00,3323.396240234375,3329.355224609375,3322.7685546875,3328.045166015625,312600576
2026-01-15 08:15:00+00:00,3322.433837890625,3327.382080078125,3322.433837890625,3323.22412109375,277618688
2026-01-15 08:30:00+00:00,3324.733154296875,3324.733154296875,3320.2548828125,3321.6044921875,220837888
2026-01-15 08:45:00+00:00,3335.689453125,3336.114990234375,3326.510986328125,3326.510986328125,145002496
2026-01-15 09:00:00+00:00,3332.132568359375,3335.68701171875,3332.132568359375,3335.68701171875,0
2026-01-15 09:15:00+00:00,3345.190185546875,3345.190185546875,3330.1318359375,3331.06298828125,110637056
2026-01-15 09:30:00+00:00,3367.012939453125,3367.012939453125,3340.516845703125,3343.9921875,445540352
2026-01-15 09:45:00+00:00,3367.17333984375,3370.601318359375,3361.899658203125,3368.096923828125,1106153472
2026-01-15 10:00:00+00:00,3362.865234375,3365.124755859375,3357.450927734375,3364.95166015625,223995904
2026-01-15 10:15:00+00:00,3365.31494140625,3372.6865234375,3362.106689453125,3362.106689453125,719329280
2026-01-15 10:30:00+00:00,3364.604248046875,3368.9716796875,3363.662841796875,3364.759765625,185274368
2026-01-15 10:45:00+00:00,3363.36865234375,3367.66455078125,3363.141357421875,3365.730224609375,0
2026-01-15 11:00:00+00:00,3357.294189453125,3363.7919921875,3356.186279296875,3363.33544921875,0
2026-01-15 11:15:00+00:00,3359.3017578125,3361.52197265625,3356.04150390625,3357.28515625,156293120
2026-01-15 11:30:00+00:00,3349.59814453125,3359.82763671875,3347.335205078125,3359.618408203125,4730880
2026-01-15 11:45:00+00:00,3349.6767578125,3350.67138671875,3347.408203125,3349.519287109375,203782144
2026-01-15 12:00:00+00:00,3353.949462890625,3354.502685546875,3348.604248046875,3348.79638671875,0
2026-01-15 12:15:00+00:00,3346.1328125,3354.213134765625,3343.987060546875,3353.702880859375,6696960
2026-01-15 12:30:00+00:00,3355.004150390625,3355.004150390625,3344.04345703125,3345.14111328125,75331584
2026-01-15 12:45:00+00:00,3368.1640625,3368.1640625,3356.647705078125,3356.647705078125,73457664
2026-01-15 13:00:00+00:00,3360.122314453125,3368.578857421875,3360.122314453125,3368.348388671875,414361600
2026-01-15 13:15:00+00:00,3370.083740234375,3370.625244140625,3360.130126953125,3360.130126953125,69019648
2026-01-15 13:30:00+00:00,3368.74169921875,3370.0341796875,3357.959716796875,3370.0341796875,435011584
2026-01-15 13:45:00+00:00,3370.486572265625,3381.73095703125,3367.492919921875,3367.492919921875,526571520
2026-01-15 14:00:00+00:00,3379.90576171875,3379.90576171875,3369.9853515625,3369.9853515625,96692224
2026-01-15 14:15:00+00:00,3370.809814453125,3379.977783203125,3367.225341796875,3379.977783203125,0
2026-01-15 14:30:00+00:00,3336.412841796875,3367.068115234375,3336.412841796875,3366.44921875,225814528
2026-01-15 14:45:00+00:00,3340.79736328125,3353.947265625,3324.467529296875,3333.602294921875,278298624
2026-01-15 15:00:00+00:00,3349.276123046875,3353.060546875,3337.41064453125,3341.322998046875,0
2026-01-15 15:15:00+00:00,3330.343994140625,3351.892578125,3328.20556640625,3348.341796875,74608640
2026-01-15 15:30:00+00:00,3326.195068359375,3337.32763671875,3318.496826171875,3330.75927734375,100583424
2026-01-15 15:45:00+00:00,3316.739990234375,3327.88916015625,3286.486083984375,3324.86474609375,524083200
2026-01-15 16:00:00+00:00,3315.750244140625,3327.807373046875,3311.095947265625,3327.807373046875,634107904
2026-01-15 16:15:00+00:00,3314.18310546875,3324.64501953125,3314.18310546875,3315.076904296875,132274176
2026-01-15 16:30:00+00:00,3328.1416015625,3328.1416015625,3314.112060546875,3315.369873046875,0
2026-01-15 16:45:00+00:00,3332.88818359375,3332.88818359375,3324.04052734375,3326.90966796875,201197568
2026-01-15 17:00:00+00:00,3323.47998046875,3334.301025390625,3320.361083984375,3330.1865234375,89589760
2026-01-15 17:15:00+00:00,3325.74853515625,3325.74853515625,3316.305419921875,3320.253662109375,297684992
2026-01-15 17:30:00+00:00,3329.428466796875,3331.8447265625,3325.318359375,3325.318359375,0
2026-01-15 17:45:00+00:00,3304.694091796875,3330.275146484375,3301.75341796875,3329.419677734375,230502400
2026-01-15 18:00:00+00:00,3288.119873046875,3303.223876953125,3287.657470703125,3299.1123046875,247672832
2026-01-15 18:15:00+00:00,3300.527099609375,3300.527099609375,3288.471435546875,3295.644287109375,242470912
2026-01-15 18:30:00+00:00,3286.032958984375,3303.291259765625,3280.26953125,3300.124755859375,71948288
2026-01-15 18:45:00+00:00,3285.79296875,3292.08837890625,3280.596435546875,3290.6328125,280117248
2026-01-15 19:00:00+00:00,3288.7666015625,3293.1572265625,3277.814453125,3286.40869140625,0
2026-01-15 19:15:00+00:00,3285.204833984375,3295.933349609375,3284.747802734375,3289.5283203125,632606720
2026-01-15 19:30:00+00:00,3286.316162109375,3296.02880859375,3285.5771484375,3287.078125,546021376
2026-01-15 19:45:00+00:00,3292.256591796875,3296.336669921875,3287.29052734375,3287.29052734375,57413632
2026-01-15 20:00:00+00:00,3298.39208984375,3304.005126953125,3293.001953125,3293.001953125,186181632
2026-01-15 20:15:00+00:00,3287.933837890625,3298.424560546875,3287.48046875,3298.424560546875,2482176
2026-01-15 20:30:00+00:00,3283.0224609375,3291.592041015625,3283.0224609375,3285.0517578125,414724096
2026-01-15 20:45:00+00:00,3284.2412109375,3285.419189453125,3277.148681640625,3281.98486328125,45983744
2026-01-15 21:00:00+00:00,3291.269775390625,3293.9912109375,3283.848388671875,3285.48779296875,202874880
2026-01-15 21:15:00+00:00,3297.751220703125,3297.751220703125,3291.63623046875,3291.63623046875,424505344
2026-01-15 21:30:00+00:00,3298.68603515625,3298.68603515625,3295.494140625,3297.7900390625,1531904
2026-01-15 21:45:00+00:00,3298.0712890625,3303.406494140625,3297.994384765625,3298.990966796875,42770432
2026-01-15 22:00:00+00:00,3297.0029296875,3304.641845703125,3297.0029296875,3298.069580078125,0
2026-01-15 22:15:00+00:00,3306.9013671875,3306.9013671875,3296.61083984375,3298.563720703125,0
2026-01-15 22:30:00+00:00,3308.163818359375,3316.2158203125,3307.189208984375,3307.189208984375,413220864
2026-01-15 22:45:00+00:00,3305.22607421875,3309.5712890625,3303.46875,3308.504638671875,26736640
2026-01-15 23:00:00+00:00,3306.975830078125,3308.170166015625,3302.270751953125,3308.170166015625,0
2026-01-15 23:15:00+00:00,3314.220947265625,3314.220947265625,3309.52001953125,3309.70458984375,600365056
2026-01-15 23:30:00+00:00,3312.230224609375,3312.799072265625,3309.717041015625,3312.799072265625,195067904
2026-01-15 23:45:00+00:00,3316.51025390625,3320.035888671875,3312.35791015625,3312.35791015625,39688192
2026-01-16 00:00:00+00:00,3317.009033203125,3321.927734375,3317.009033203125,3317.557373046875,0
2026-01-16 00:15:00+00:00,3319.80859375,3321.005615234375,3316.776611328125,3316.776611328125,4622336
2026-01-16 00:30:00+00:00,3323.892578125,3325.19482421875,3319.400146484375,3319.400146484375,0
2026-01-16 00:45:00+00:00,3315.81103515625,3324.08203125,3315.81103515625,3324.08203125,0
2026-01-16 01:00:00+00:00,3303.9296875,3316.29736328125,3302.091552734375,3315.886962890625,0
2026-01-16 01:15:00+00:00,3309.3076171875,3309.3076171875,3304.35888671875,3304.35888671875,294209536
2026-01-16 01:30:00+00:00,3313.294677734375,3317.901123046875,3309.744873046875,3309.744873046875,90281984
2026-01-16 01:45:00+00:00,3313.74951171875,3317.098388671875,3312.745849609375,3312.745849609375,12181504
2026-01-16 02:00:00+00:00,3298.7099609375,3313.474609375,3297.263427734375,3313.474609375,50913280
2026-01-16 02:15:00+00:00,3305.743408203125,3305.743408203125,3292.7802734375,3299.306396484375,565352448
2026-01-16 02:30:00+00:00,3299.0283203125,3306.98876953125,3298.812744140625,3306.98876953125,21651456
2026-01-16 02:45:00+00:00,3301.388427734375,3302.005615234375,3299.046630859375,3299.118408203125,169037824
2026-01-16 03:00:00+00:00,3305.244384765625,3305.795654296875,3301.532958984375,3301.532958984375,0
2026-01-16 03:15:00+00:00,3303.75146484375,3305.334716796875,3301.577392578125,3305.334716796875,354072576
2026-01-16 03:30:00+00:00,3298.43701171875,3302.54052734375,3297.175048828125,3302.54052734375,160964608
2026-01-16 03:45:00+00:00,3294.90283203125,3297.9599609375,3294.90283203125,3297.920654296875,0
2026-01-16 04:00:00+00:00,3297.2001953125,3297.2001953125,3293.35546875,3294.143310546875,0
2026-01-16 04:15:00+00:00,3301.20703125,3302.36669921875,3297.45556640625,3297.45556640625,171116544
2026-01-16 04:30:00+00:00,3282.00048828125,3298.310546875,3276.583251953125,3298.310546875,407951360
2026-01-16 04:45:00+00:00,3281.786865234375,3283.51220703125,3280.511962890625,3281.71875,81065984
2026-01-16 05:00:00+00:00,3291.693603515625,3292.90576171875,3283.69970703125,3286.541748046875,30844928
2026-01-16 05:15:00+00:00,3289.63818359375,3292.136474609375,3288.20849609375,3291.477294921875,322525184
2026-01-16 05:30:00+00:00,3310.01611328125,3310.01611328125,3290.661376953125,3290.661376953125,0
2026-01-16 05:45:00+00:00,3308.265625,3311.426025390625,3307.806640625,3309.977294921875,385585152
2026-01-16 06:00:00+00:00,3303.52685546875,3309.4443359375,3303.108154296875,3308.051025390625,44861440
2026-01-16 06:15:00+00:00,3307.25537109375,3307.567138671875,3301.786376953125,3303.2998046875,0
2026-01-16 06:30:00+00:00,3313.990234375,3313.990234375,3306.9033203125,3306.9697265625,233277440
2026-01-16 06:45:00+00:00,3313.0703125,3315.33154296875,3312.377685546875,3313.90478515625,185776128
2026-01-16 07:00:00+00:00,3313.56298828125,3313.693359375,3311.419189453125,3313.0234375,75436032
2026-01-16 07:15:00+00:00,3307.673583984375,3314.309326171875,3307.673583984375,3314.309326171875,0
2026-01-16 07:30:00+00:00,3303.073486328125,3305.34326171875,3302.335205078125,3302.335205078125,188475392
2026-01-16 07:45:00+00:00,3308.354736328125,3308.354736328125,3303.040283203125,3303.040283203125,0
2026-01-16 08:00:00+00:00,3316.81396484375,3317.05615234375,3308.1708984375,3308.295654296875,58404864
2026-01-16 08:15:00+00:00,3315.48583984375,3317.074462890625,3314.443603515625,3317.074462890625,51853312
2026-01-16 08:30:00+00:00,3316.2529296875,3317.130126953125,3311.59033203125,3316.152099609375,24868864
2026-01-16 08:45:00+00:00,3312.12353515625,3316.162353515625,3312.12353515625,3316.162353515625,2181120
2026-01-16 09:00:00+00:00,3312.343994140625,3314.2783203125,3311.451171875,3311.451171875,6107136
2026-01-16 09:15:00+00:00,3309.101318359375,3312.035400390625,3307.57177734375,3312.035400390625,7653376
2026-01-16 09:30:00+00:00,3310.115966796875,3310.212646484375,3308.307373046875,3310.212646484375,103673856
2026-01-16 09:45:00+00:00,3307.778564453125,3309.877685546875,3307.778564453125,3309.361328125,0
2026-01-16 10:00:00+00:00,3304.66943359375,3306.865966796875,3301.634033203125,3306.789306640625,0
2026-01-16 10:15:00+00:00,3303.341064453125,3304.74560546875,3301.702392578125,3304.74560546875,118110208
2026-01-16 10:30:00+00:00,3294.835693359375,3303.180908203125,3294.835693359375,3303.180908203125,8544256
2026-01-16 10:45:00+00:00,3295.94287109375,3299.34716796875,3293.935546875,3296.9814453125,223473664
2026-01-16 11:00:00+00:00,3298.3994140625,3299.453857421875,3294.631591796875,3295.999267578125,13537280
2026-01-16 11:15:00+00:00,3299.31103515625,3299.749267578125,3294.134765625,3297.416748046875,176285696
2026-01-16 11:30:00+00:00,3299.36865234375,3304.034912109375,3298.12255859375,3298.12255859375,0
2026-01-16 11:45:00+00:00,3300.4013671875,3302.85009765625,3297.431640625,3297.431640625,63889408
2026-01-16 12:00:00+00:00,3304.164306640625,3304.3115234375,3300.308837890625,3300.78759765625,0
2026-01-16 12:15:00+00:00,3311.52001953125,3311.52001953125,3304.587158203125,3304.587158203125,21131264
2026-01-16 12:30:00+00:00,3310.1025390625,3312.510986328125,3306.842529296875,3310.943603515625,77545472
2026-01-16 12:45:00+00:00,3305.861572265625,3311.4384765625,3304.100830078125,3311.0009765625,0
2026-01-16 13:00:00+00:00,3306.940185546875,3307.141845703125,3303.798095703125,3307.026123046875,0
2026-01-16 13:15:00+00:00,3307.474853515625,3308.942626953125,3304.1328125,3308.064208984375,16482304
2026-01-16 13:30:00+00:00,3304.2890625,3307.176025390625,3296.965087890625,3307.0703125,455153664
2026-01-16 13:45:00+00:00,3306.869384765625,3306.869384765625,3303.156982421875,3303.156982421875,123942912
2026-01-16 14:00:00+00:00,3302.266845703125,3310.538818359375,3302.266845703125,3306.529296875,100352
2026-01-16 14:15:00+00:00,3308.994384765625,3308.994384765625,3301.4296875,3302.305419921875,8015872
2026-01-16 14:30:00+00:00,3294.663330078125,3311.10107421875,3292.97705078125,3311.10107421875,74782720
2026-01-16 14:45:00+00:00,3292.852783203125,3301.1484375,3292.852783203125,3293.950927734375,0
2026-01-16 15:00:00+00:00,3307.133056640625,3308.326416015625,3289.07421875,3293.033447265625,53803008
2026-01-16 15:15:00+00:00,3291.52880859375,3307.283447265625,3288.86474609375,3306.775146484375,261898240
2026-01-16 15:30:00+00:00,3261.603759765625,3290.440185546875,3261.36181640625,3290.440185546875,1030092800
2026-01-16 15:45:00+00:00,3263.950927734375,3266.821533203125,3253.92578125,3266.821533203125,175476736
2026-01-16 16:00:00+00:00,3266.812744140625,3270.099365234375,3260.9443359375,3262.860595703125,0
2026-01-16 16:15:00+00:00,3280.762939453125,3280.762939453125,3262.87646484375,3269.9697265625,656570368
2026-01-16 16:30:00+00:00,3281.862060546875,3281.862060546875,3271.670654296875,3278.381103515625,392865792
2026-01-16 16:45:00+00:00,3276.943359375,3284.8740234375,3276.52685546875,3280.770263671875,566609920
2026-01-16 17:00:00+00:00,3269.587890625,3277.48779296875,3269.587890625,3277.48779296875,7374848
2026-01-16 17:15:00+00:00,3271.718505859375,3275.213134765625,3265.990966796875,3274.143798828125,0
2026-01-16 17:30:00+00:00,3281.55419921875,3281.55419921875,3272.86962890625,3272.86962890625,49125376
2026-01-16 17:45:00+00:00,3280.21435546875,3282.277099609375,3275.883544921875,3282.277099609375,2228224
2026-01-16 18:00:00+00:00,3280.845703125,3284.81396484375,3280.75927734375,3283.21044921875,162560000
2026-01-16 18:15:00+00:00,3281.21435546875,3283.247802734375,3277.618896484375,3280.1591796875,0
2026-01-16 18:30:00+00:00,3282.093994140625,3283.42236328125,3281.316162109375,3282.032470703125,0
2026-01-16 18:45:00+00:00,3278.709716796875,3283.236328125,3277.41943359375,3281.919189453125,0
2026-01-16 19:00:00+00:00,3275.012451171875,3277.1328125,3274.57275390625,3277.01220703125,0
2026-01-16 19:15:00+00:00,3269.13037109375,3273.7841796875,3268.928466796875,3273.7841796875,0
2026-01-16 19:30:00+00:00,3271.565673828125,3275.348388671875,3270.84521484375,3270.84521484375,70776832
2026-01-16 19:45:00+00:00,3273.367431640625,3273.73291015625,3270.03466796875,3271.134765625,224378880
2026-01-16 20:00:00+00:00,3269.869384765625,3274.509521484375,3263.956298828125,3274.509521484375,0
2026-01-16 20:15:00+00:00,3281.75146484375,3281.75146484375,3270.75634765625,3271.029052734375,67608576
2026-01-16 20:30:00+00:00,3284.4619140625,3284.4619140625,3281.794189453125,3281.794189453125,187219968
2026-01-16 20:45:00+00:00,3289.365478515625,3290.055908203125,3283.267578125,3285.81005859375,242722816
2026-01-16 21:00:00+00:00,3291.791748046875,3297.244140625,3291.791748046875,3292.45166015625,385091584
2026-01-16 21:15:00+00:00,3291.2080078125,3291.2080078125,3287.82666015625,3287.82666015625,216483840
2026-01-16 21:30:00+00:00,3293.505126953125,3296.008056640625,3289.86669921875,3289.973876953125,112037888
2026-01-16 21:45:00+00:00,3292.729248046875,3295.18408203125,3292.729248046875,3293.740966796875,232790016
2026-01-16 22:00:00+00:00,3284.3359375,3292.65283203125,3284.3359375,3292.65283203125,42321920
2026-01-16 22:15:00+00:00,3287.921142578125,3288.306396484375,3285.87939453125,3285.87939453125,26525696
