datetime,close,high,low,open,volume
2026-01-11 00:00:00+00:00,90385.625,90385.625,90385.625,90385.625,0
2026-01-11 00:01:00+00:00,90376.8671875,90376.8671875,90376.8671875,90376.8671875,0
2026-01-11 00:02:00+00:00,90379.8671875,90379.8671875,90379.8671875,90379.8671875,6246400
2026-01-11 00:03:00+00:00,90378.7734375,90378.7734375,90378.7734375,90378.7734375,0
2026-01-11 00:05:00+00:00,90344.6171875,90344.6171875,90344.6171875,90344.6171875,0
2026-01-11 00:06:00+00:00,90340.34375,90340.34375,90340.34375,90340.34375,570368
2026-01-11 00:07:00+00:00,90344.9765625,90344.9765625,90344.9765625,90344.9765625,0
2026-01-11 00:09:00+00:00,90344.4453125,90344.4453125,90344.4453125,90344.4453125,1764352
2026-01-11 00:10:00+00:00,90340.71875,90340.71875,90340.71875,90340.71875,0
2026-01-11 00:11:00+00:00,90340.1640625,90340.1640625,90340.1640625,90340.1640625,4457472
2026-01-11 00:12:00+00:00,90333.6484375,90333.6484375,90333.6484375,90333.6484375,0
2026-01-11 00:13:00+00:00,90354.3046875,90354.3046875,90354.3046875,90354.3046875,0
2026-01-11 00:14:00+00:00,90383.5078125,90383.5078125,90383.5078125,90383.5078125,29696
2026-01-11 00:15:00+00:00,90379.4140625,90379.4140625,90379.4140625,90379.4140625,6200320
2026-01-11 00:16:00+00:00,90395.34375,90395.34375,90395.34375,90395.34375,0
2026-01-11 00:17:00+00:00,90407.78125,90407.78125,90407.78125,90407.78125,0
2026-01-11 00:18:00+00:00,90454.4296875,90454.4296875,90454.4296875,90454.4296875,15207424
2026-01-11 00:19:00+00:00,90454.9375,90454.9375,90454.9375,90454.9375,151552
2026-01-11 00:21:00+00:00,90459.8125,90459.8125,90459.8125,90459.8125,11963392
2026-01-11 00:22:00+00:00,90464.140625,90464.140625,90464.140625,90464.140625,0
2026-01-11 00:23:00+00:00,90455.6328125,90455.6328125,90455.6328125,90455.6328125,0
2026-01-11 00:24:00+00:00,90455.171875,90455.171875,90455.171875,90455.171875,20302848
2026-01-11 00:25:00+00:00,90477.703125,90477.703125,90477.703125,90477.703125,43318272
2026-01-11 00:27:00+00:00,90482.84375,90482.84375,90482.84375,90482.84375,0
2026-01-11 00:28:00+00:00,90471.5,90471.5,90471.5,90471.5,0
2026-01-11 00:29:00+00:00,90475.4375,90475.4375,90475.4375,90475.4375,0
2026-01-11 00:30:00+00:00,90475.4375,90475.4375,90475.4375,90475.4375,0
2026-01-11 00:31:00+00:00,90466.1484375,90466.1484375,90466.1484375,90466.1484375,15304704
2026-01-11 00:33:00+00:00,90460.453125,90460.453125,90460.453125,90460.453125,4065280
2026-01-11 00:34:00+00:00,90459.6171875,90459.6171875,90459.6171875,90459.6171875,0
2026-01-11 00:35:00+00:00,90463.2890625,90463.2890625,90463.2890625,90463.2890625,0
2026-01-11 00:36:00+00:00,90459.015625,90459.015625,90459.015625,90459.015625,6044672
2026-01-11 00:37:00+00:00,90460.8359375,90460.8359375,90460.8359375,90460.8359375,0
2026-01-11 00:38:00+00:00,90436.359375,90436.359375,90436.359375,90436.359375,3738624
2026-01-11 00:39:00+00:00,90434.953125,90434.953125,90434.953125,90434.953125,2855936
2026-01-11 00:41:00+00:00,90456.6328125,90456.6328125,90456.6328125,90456.6328125,0
2026-01-11 00:42:00+00:00,90445.4609375,90445.4609375,90445.4609375,90445.4609375,0
2026-01-11 00:43:00+00:00,90442.6796875,90442.6796875,90442.6796875,90442.6796875,0
2026-01-11 00:45:00+00:00,90441.3671875,90441.3671875,90441.3671875,90441.3671875,1057792
2026-01-11 00:46:00+00:00,90439.6171875,90439.6171875,90439.6171875,90439.6171875,0
2026-01-11 00:47:00+00:00,90458.4140625,90458.4140625,90458.4140625,90458.4140625,17808384
2026-01-11 00:48:00+00:00,90475.9296875,90475.9296875,90475.9296875,90475.9296875,0
2026-01-11 00:49:00+00:00,90489.6171875,90489.6171875,90489.6171875,90489.6171875,127512576
2026-01-11 00:50:00+00:00,90496.21875,90496.21875,90496.21875,90496.21875,0
2026-01-11 00:51:00+00:00,90496.3125,90496.3125,90496.3125,90496.3125,0
2026-01-11 00:52:00+00:00,90501.1953125,90501.1953125,90501.1953125,90501.1953125,0
2026-01-11 00:53:00+00:00,90486.828125,90486.828125,90486.828125,90486.828125,6821888
2026-01-11 00:54:00+00:00,90508.4296875,90508.4296875,90508.4296875,90508.4296875,0
2026-01-11 00:55:00+00:00,90505.9921875,90505.9921875,90505.9921875,90505.9921875,64676864
2026-01-11 00:57:00+00:00,90510.921875,90510.921875,90510.921875,90510.921875,4891648
2026-01-11 00:58:00+00:00,90508.484375,90508.484375,90508.484375,90508.484375,18564096
2026-01-11 00:59:00+00:00,90509.6875,90509.6875,90509.6875,90509.6875,0
2026-01-11 01:00:00+00:00,90513.6875,90513.6875,90513.6875,90513.6875,0
2026-01-11 01:01:00+00:00,90506.21875,90506.21875,90506.21875,90506.21875,0
2026-01-11 01:02:00+00:00,90503.765625,90503.765625,90503.765625,90503.765625,0
2026-01-11 01:03:00+00:00,90510.6953125,90510.6953125,90510.6953125,90510.6953125,485376
2026-01-11 01:04:00+00:00,90512.5078125,90512.5078125,90512.5078125,90512.5078125,11930624
2026-01-11 01:05:00+00:00,90523.3046875,90523.3046875,90523.3046875,90523.3046875,0
2026-01-11 01:06:00+00:00,90525.859375,90525.859375,90525.859375,90525.859375,1226752
2026-01-11 01:07:00+00:00,90530.3671875,90530.3671875,90530.3671875,90530.3671875,0
2026-01-11 01:09:00+00:00,90535.484375,90535.484375,90535.484375,90535.484375,1606656
2026-01-11 01:10:00+00:00,90539.046875,90539.046875,90539.046875,90539.046875,0
2026-01-11 01:11:00+00:00,90525.390625,90525.390625,90525.390625,90525.390625,191488
2026-01-11 01:12:00+00:00,90520.8828125,90520.8828125,90520.8828125,90520.8828125,0
2026-01-11 01:13:00+00:00,90506.90625,90506.90625,90506.90625,90506.90625,0
2026-01-11 01:14:00+00:00,90506.34375,90506.34375,90506.34375,90506.34375,0
2026-01-11 01:15:00+00:00,90509.421875,90509.421875,90509.421875,90509.421875,0
2026-01-11 01:16:00+00:00,90520.546875,90520.546875,90520.546875,90520.546875,0
2026-01-11 01:17:00+00:00,90524.3671875,90524.3671875,90524.3671875,90524.3671875,13222912
2026-01-11 01:18:00+00:00,90521.84375,90521.84375,90521.84375,90521.84375,0
2026-01-11 01:19:00+00:00,90518.8984375,90518.8984375,90518.8984375,90518.8984375,55526400
2026-01-11 01:21:00+00:00,90524.015625,90524.015625,90524.015625,90524.015625,0
2026-01-11 01:22:00+00:00,90522.46875,90522.46875,90522.46875,90522.46875,0
2026-01-11 01:23:00+00:00,90520.71875,90520.71875,90520.71875,90520.71875,0
2026-01-11 01:24:00+00:00,90482.8671875,90482.8671875,90482.8671875,90482.8671875,10508288
2026-01-11 01:25:00+00:00,90456.53125,90456.53125,90456.53125,90456.53125,66744320
2026-01-11 01:26:00+00:00,90469.09375,90469.09375,90469.09375,90469.09375,0
2026-01-11 01:28:00+00:00,90473.6328125,90473.6328125,90473.6328125,90473.6328125,7580672
2026-01-11 01:29:00+00:00,90464.421875,90464.421875,90464.421875,90464.421875,0
2026-01-11 01:30:00+00:00,90465.40625,90465.40625,90465.40625,90465.40625,0
2026-01-11 01:31:00+00:00,90480.5625,90480.5625,90480.5625,90480.5625,0
2026-01-11 01:33:00+00:00,90471.4296875,90471.4296875,90471.4296875,90471.4296875,0
2026-01-11 01:34:00+00:00,90454.703125,90454.703125,90454.703125,90454.703125,0
2026-01-11 01:35:00+00:00,90460.1328125,90460.1328125,90460.1328125,90460.1328125,0
2026-01-11 01:37:00+00:00,90431.78125,90431.78125,90431.78125,90431.78125,23828480
2026-01-11 01:38:00+00:00,90443.3359375,90443.3359375,90443.3359375,90443.3359375,5558272
2026-01-11 01:39:00+00:00,90459.9296875,90459.9296875,90459.9296875,90459.9296875,0
2026-01-11 01:41:00+00:00,90456.6875,90456.6875,90456.6875,90456.6875,0
2026-01-11 01:42:00+00:00,90453.828125,90453.828125,90453.828125,90453.828125,0
2026-01-11 01:43:00+00:00,90468.4765625,90468.4765625,90468.4765625,90468.4765625,0
2026-01-11 01:45:00+00:00,90473.2265625,90473.2265625,90473.2265625,90473.2265625,0
2026-01-11 01:46:00+00:00,90469.71875,90469.71875,90469.71875,90469.71875,0
2026-01-11 01:48:00+00:00,90485.5390625,90485.5390625,90485.5390625,90485.5390625,1944576
2026-01-11 01:49:00+00:00,90494.7734375,90494.7734375,90494.7734375,90494.7734375,0
2026-01-11 01:50:00+00:00,90484.1953125,90484.1953125,90484.1953125,90484.1953125,0
2026-01-11 01:52:00+00:00,90491.984375,90491.984375,90491.984375,90491.984375,33812480
2026-01-11 01:53:00+00:00,90486.09375,90486.09375,90486.09375,90486.09375,0
2026-01-11 01:54:00+00:00,90497.5078125,90497.5078125,90497.5078125,90497.5078125,2805760
2026-01-11 01:55:00+00:00,90500.5625,90500.5625,90500.5625,90500.5625,17589248
2026-01-11 01:57:00+00:00,90490.6953125,90490.6953125,90490.6953125,90490.6953125,0
2026-01-11 01:59:00+00:00,90509.9609375,90509.9609375,90509.9609375,90509.9609375,0
2026-01-11 02:01:00+00:00,90513.203125,90513.203125,90513.203125,90513.203125,28221440
2026-01-11 02:02:00+00:00,90508.796875,90508.796875,90508.796875,90508.796875,0
2026-01-11 02:03:00+00:00,90512.625,90512.625,90512.625,90512.625,1054720
2026-01-11 02:04:00+00:00,90517.7421875,90517.7421875,90517.7421875,90517.7421875,0
2026-01-11 02:05:00+00:00,90517.0234375,90517.0234375,90517.0234375,90517.0234375,186368
2026-01-11 02:06:00+00:00,90526.5625,90526.5625,90526.5625,90526.5625,0
2026-01-11 02:07:00+00:00,90505.4765625,90505.4765625,90505.4765625,90505.4765625,2241536
2026-01-11 02:08:00+00:00,90505.4609375,90505.4609375,90505.4609375,90505.4609375,7887872
2026-01-11 02:09:00+00:00,90507.2890625,90507.2890625,90507.2890625,90507.2890625,0
2026-01-11 02:10:00+00:00,90522.1015625,90522.1015625,90522.1015625,90522.1015625,19522560
2026-01-11 02:11:00+00:00,90540.2421875,90540.2421875,90540.2421875,90540.2421875,0
2026-01-11 02:13:00+00:00,90568.3203125,90568.3203125,90568.3203125,90568.3203125,0
2026-01-11 02:14:00+00:00,90569.890625,90569.890625,90569.890625,90569.890625,0
2026-01-11 02:16:00+00:00,90582.4375,90582.4375,90582.4375,90582.4375,5321728
2026-01-11 02:17:00+00:00,90577.828125,90577.828125,90577.828125,90577.828125,9398272
2026-01-11 02:18:00+00:00,90572.3515625,90572.3515625,90572.3515625,90572.3515625,0
2026-01-11 02:19:00+00:00,90574.796875,90574.796875,90574.796875,90574.796875,37909504
2026-01-11 02:21:00+00:00,90575.3515625,90575.3515625,90575.3515625,90575.3515625,0
2026-01-11 02:22:00+00:00,90568.7265625,90568.7265625,90568.7265625,90568.7265625,0
2026-01-11 02:23:00+00:00,90531.3671875,90531.3671875,90531.3671875,90531.3671875,8598528
2026-01-11 02:24:00+00:00,90546.3359375,90546.3359375,90546.3359375,90546.3359375,0
2026-01-11 02:25:00+00:00,90547.8515625,90547.8515625,90547.8515625,90547.8515625,54122496
2026-01-11 02:26:00+00:00,90552.3046875,90552.3046875,90552.3046875,90552.3046875,0
2026-01-11 02:27:00+00:00,90557.328125,90557.328125,90557.328125,90557.328125,0
2026-01-11 02:28:00+00:00,90555.3515625,90555.3515625,90555.3515625,90555.3515625,69349376
2026-01-11 02:29:00+00:00,90555.921875,90555.921875,90555.921875,90555.921875,0
2026-01-11 02:30:00+00:00,90554.75,90554.75,90554.75,90554.75,0
2026-01-11 02:31:00+00:00,90549.15625,90549.15625,90549.15625,90549.15625,0
2026-01-11 02:33:00+00:00,90558.390625,90558.390625,90558.390625,90558.390625,0
2026-01-11 02:34:00+00:00,90524.75,90524.75,90524.75,90524.75,0
2026-01-11 02:35:00+00:00,90528.0234375,90528.0234375,90528.0234375,90528.0234375,0
2026-01-11 02:37:00+00:00,90535.703125,90535.703125,90535.703125,90535.703125,0
2026-01-11 02:38:00+00:00,90531.7890625,90531.7890625,90531.7890625,90531.7890625,0
2026-01-11 02:39:00+00:00,90531.5625,90531.5625,90531.5625,90531.5625,0
2026-01-11 02:40:00+00:00,90544.0625,90544.0625,90544.0625,90544.0625,31079424
2026-01-11 02:41:00+00:00,90555.5625,90555.5625,90555.5625,90555.5625,0
2026-01-11 02:42:00+00:00,90563.421875,90563.421875,90563.421875,90563.421875,0
2026-01-11 02:43:00+00:00,90557.2421875,90557.2421875,90557.2421875,90557.2421875,0
2026-01-11 02:45:00+00:00,90570.0703125,90570.0703125,90570.0703125,90570.0703125,0
2026-01-11 02:46:00+00:00,90570.8671875,90570.8671875,90570.8671875,90570.8671875,73986048
2026-01-11 02:47:00+00:00,90580.34375,90580.34375,90580.34375,90580.34375,1845248
2026-01-11 02:48:00+00:00,90583.9921875,90583.9921875,90583.9921875,90583.9921875,0
2026-01-11 02:49:00+00:00,90579.2734375,90579.2734375,90579.2734375,90579.2734375,0
2026-01-11 02:50:00+00:00,90601.640625,90601.640625,90601.640625,90601.640625,14830592
2026-01-11 02:51:00+00:00,90592.46875,90592.46875,90592.46875,90592.46875,2100224
2026-01-11 02:52:00+00:00,90599.75,90599.75,90599.75,90599.75,5953536
2026-01-11 02:53:00+00:00,90589.90625,90589.90625,90589.90625,90589.90625,13721600
2026-01-11 02:54:00+00:00,90585.3515625,90585.3515625,90585.3515625,90585.3515625,0
2026-01-11 02:55:00+00:00,90589.7265625,90589.7265625,90589.7265625,90589.7265625,31044608
2026-01-11 02:57:00+00:00,90582.984375,90582.984375,90582.984375,90582.984375,13214720
2026-01-11 02:58:00+00:00,90579.0625,90579.0625,90579.0625,90579.0625,15596544
2026-01-11 02:59:00+00:00,90579.109375,90579.109375,90579.109375,90579.109375,0
2026-01-11 03:00:00+00:00,90577.6171875,90577.6171875,90577.6171875,90577.6171875,0
2026-01-11 03:01:00+00:00,90579.2890625,90579.2890625,90579.2890625,90579.2890625,0
2026-01-11 03:02:00+00:00,90577.2109375,90577.2109375,90577.2109375,90577.2109375,518144
2026-01-11 03:03:00+00:00,90578.40625,90578.40625,90578.40625,90578.40625,8384512
2026-01-11 03:04:00+00:00,90568.53125,90568.53125,90568.53125,90568.53125,86315008
2026-01-11 03:05:00+00:00,90570.421875,90570.421875,90570.421875,90570.421875,0
2026-01-11 03:06:00+00:00,90557.265625,90557.265625,90557.265625,90557.265625,1324032
2026-01-11 03:07:00+00:00,90550.8046875,90550.8046875,90550.8046875,90550.8046875,0
2026-01-11 03:09:00+00:00,90543.0078125,90543.0078125,90543.0078125,90543.0078125,0
2026-01-11 03:10:00+00:00,90541.8671875,90541.8671875,90541.8671875,90541.8671875,0
2026-01-11 03:11:00+00:00,90532.78125,90532.78125,90532.78125,90532.78125,0
2026-01-11 03:13:00+00:00,90536.375,90536.375,90536.375,90536.375,26461184
2026-01-11 03:14:00+00:00,90532.8046875,90532.8046875,90532.8046875,90532.8046875,9481216
2026-01-11 03:15:00+00:00,90535.6640625,90535.6640625,90535.6640625,90535.6640625,0
2026-01-11 03:16:00+00:00,90531.0703125,90531.0703125,90531.0703125,90531.0703125,0
2026-01-11 03:17:00+00:00,90523.5625,90523.5625,90523.5625,90523.5625,973824
2026-01-11 03:18:00+00:00,90547.3984375,90547.3984375,90547.3984375,90547.3984375,0
2026-01-11 03:19:00+00:00,90555.0390625,90555.0390625,90555.0390625,90555.0390625,10658816
2026-01-11 03:21:00+00:00,90574.546875,90574.546875,90574.546875,90574.546875,346112
2026-01-11 03:22:00+00:00,90585.453125,90585.453125,90585.453125,90585.453125,18015232
2026-01-11 03:23:00+00:00,90601.546875,90601.546875,90601.546875,90601.546875,4220928
2026-01-11 03:25:00+00:00,90597.0,90597.0,90597.0,90597.0,0
2026-01-11 03:26:00+00:00,90607.9296875,90607.9296875,90607.9296875,90607.9296875,6462464
2026-01-11 03:27:00+00:00,90599.46875,90599.46875,90599.46875,90599.46875,0
2026-01-11 03:28:00+00:00,90598.203125,90598.203125,90598.203125,90598.203125,0
2026-01-11 03:30:00+00:00,90591.0078125,90591.0078125,90591.0078125,90591.0078125,2795520
2026-01-11 03:31:00+00:00,90594.2890625,90594.2890625,90594.2890625,90594.2890625,72545280
2026-01-11 03:33:00+00:00,90577.03125,90577.03125,90577.03125,90577.03125,0
2026-01-11 03:34:00+00:00,90581.8828125,90581.8828125,90581.8828125,90581.8828125,0
2026-01-11 03:35:00+00:00,90589.15625,90589.15625,90589.15625,90589.15625,0
2026-01-11 03:36:00+00:00,90587.328125,90587.328125,90587.328125,90587.328125,0
2026-01-11 03:37:00+00:00,90588.8359375,90588.8359375,90588.8359375,90588.8359375,43470848
2026-01-11 03:38:00+00:00,90591.578125,90591.578125,90591.578125,90591.578125,850944
2026-01-11 03:39:00+00:00,90589.3828125,90589.3828125,90589.3828125,90589.3828125,0
2026-01-11 03:40:00+00:00,90585.8515625,90585.8515625,90585.8515625,90585.8515625,0
2026-01-11 03:41:00+00:00,90588.5703125,90588.5703125,90588.5703125,90588.5703125,0
2026-01-11 03:42:00+00:00,90588.5625,90588.5625,90588.5625,90588.5625,0
2026-01-11 03:43:00+00:00,90588.171875,90588.171875,90588.171875,90588.171875,0
2026-01-11 03:45:00+00:00,90584.8828125,90584.8828125,90584.8828125,90584.8828125,0
2026-01-11 03:46:00+00:00,90590.046875,90590.046875,90590.046875,90590.046875,0
2026-01-11 03:47:00+00:00,90587.9609375,90587.9609375,90587.9609375,90587.9609375,2085888
2026-01-11 03:48:00+00:00,90585.3671875,90585.3671875,90585.3671875,90585.3671875,6671360
2026-01-11 03:49:00+00:00,90590.0546875,90590.0546875,90590.0546875,90590.0546875,2823168
2026-01-11 03:50:00+00:00,90593.546875,90593.546875,90593.546875,90593.546875,4048896
2026-01-11 03:51:00+00:00,90592.859375,90592.859375,90592.859375,90592.859375,0
2026-01-11 03:52:00+00:00,90598.734375,90598.734375,90598.734375,90598.734375,0
2026-01-11 03:53:00+00:00,90601.59375,90601.59375,90601.59375,90601.59375,10926080
2026-01-11 03:54:00+00:00,90607.1328125,90607.1328125,90607.1328125,90607.1328125,0
2026-01-11 03:55:00+00:00,90605.515625,90605.515625,90605.515625,90605.515625,49291264
2026-01-11 03:57:00+00:00,90608.71875,90608.71875,90608.71875,90608.71875,1815552
2026-01-11 03:58:00+00:00,90613.8359375,90613.8359375,90613.8359375,90613.8359375,0
2026-01-11 03:59:00+00:00,90617.046875,90617.046875,90617.046875,90617.046875,6178816
2026-01-11 04:00:00+00:00,90613.515625,90613.515625,90613.515625,90613.515625,0
2026-01-11 04:01:00+00:00,90605.4921875,90605.4921875,90605.4921875,90605.4921875,0
2026-01-11 04:02:00+00:00,90607.1875,90607.1875,90607.1875,90607.1875,5955584
2026-01-11 04:03:00+00:00,90610.4765625,90610.4765625,90610.4765625,90610.4765625,1156096
2026-01-11 04:04:00+00:00,90609.6796875,90609.6796875,90609.6796875,90609.6796875,28800000
2026-01-11 04:05:00+00:00,90611.8828125,90611.8828125,90611.8828125,90611.8828125,0
2026-01-11 04:06:00+00:00,90603.0859375,90603.0859375,90603.0859375,90603.0859375,0
2026-01-11 04:07:00+00:00,90599.4765625,90599.4765625,90599.4765625,90599.4765625,0
2026-01-11 04:08:00+00:00,90611.21875,90611.21875,90611.21875,90611.21875,884736
2026-01-11 04:09:00+00:00,90611.390625,90611.390625,90611.390625,90611.390625,0
2026-01-11 04:10:00+00:00,90609.625,90609.625,90609.625,90609.625,65330176
2026-01-11 04:11:00+00:00,90606.828125,90606.828125,90606.828125,90606.828125,0
2026-01-11 04:12:00+00:00,90609.3203125,90609.3203125,90609.3203125,90609.3203125,0
2026-01-11 04:13:00+00:00,90580.953125,90580.953125,90580.953125,90580.953125,0
2026-01-11 04:14:00+00:00,90597.28125,90597.28125,90597.28125,90597.28125,3446784
2026-01-11 04:15:00+00:00,90600.046875,90600.046875,90600.046875,90600.046875,0
2026-01-11 04:16:00+00:00,90619.0625,90619.0625,90619.0625,90619.0625,12555264
2026-01-11 04:17:00+00:00,90627.296875,90627.296875,90627.296875,90627.296875,0
2026-01-11 04:18:00+00:00,90624.84375,90624.84375,90624.84375,90624.84375,0
2026-01-11 04:19:00+00:00,90613.484375,90613.484375,90613.484375,90613.484375,0
2026-01-11 04:20:00+00:00,90599.8203125,90599.8203125,90599.8203125,90599.8203125,8924160
2026-01-11 04:22:00+00:00,90585.1171875,90585.1171875,90585.1171875,90585.1171875,35251200
2026-01-11 04:23:00+00:00,90590.3671875,90590.3671875,90590.3671875,90590.3671875,9938944
2026-01-11 04:24:00+00:00,90588.484375,90588.484375,90588.484375,90588.484375,121856
2026-01-11 04:25:00+00:00,90589.6171875,90589.6171875,90589.6171875,90589.6171875,103568384
2026-01-11 04:26:00+00:00,90586.6171875,90586.6171875,90586.6171875,90586.6171875,507904
2026-01-11 04:27:00+00:00,90587.515625,90587.515625,90587.515625,90587.515625,0
2026-01-11 04:28:00+00:00,90591.3984375,90591.3984375,90591.3984375,90591.3984375,0
2026-01-11 04:29:00+00:00,90589.453125,90589.453125,90589.453125,90589.453125,12882944
2026-01-11 04:30:00+00:00,90588.6875,90588.6875,90588.6875,90588.6875,0
2026-01-11 04:31:00+00:00,90599.484375,90599.484375,90599.484375,90599.484375,20431872
2026-01-11 04:33:00+00:00,90596.2734375,90596.2734375,90596.2734375,90596.2734375,8681472
2026-01-11 04:34:00+00:00,90619.6171875,90619.6171875,90619.6171875,90619.6171875,0
2026-01-11 04:35:00+00:00,90631.0078125,90631.0078125,90631.0078125,90631.0078125,0
2026-01-11 04:37:00+00:00,90656.15625,90656.15625,90656.15625,90656.15625,7256064
2026-01-11 04:38:00+00:00,90647.5625,90647.5625,90647.5625,90647.5625,0
2026-01-11 04:39:00+00:00,90653.875,90653.875,90653.875,90653.875,0
2026-01-11 04:41:00+00:00,90642.0390625,90642.0390625,90642.0390625,90642.0390625,51472384
2026-01-11 04:42:00+00:00,90649.53125,90649.53125,90649.53125,90649.53125,2710528
2026-01-11 04:43:00+00:00,90646.453125,90646.453125,90646.453125,90646.453125,0
2026-01-11 04:45:00+00:00,90637.4453125,90637.4453125,90637.4453125,90637.4453125,11327488
2026-01-11 04:46:00+00:00,90638.40625,90638.40625,90638.40625,90638.40625,0
2026-01-11 04:47:00+00:00,90642.875,90642.875,90642.875,90642.875,2680832
2026-01-11 04:48:00+00:00,90642.65625,90642.65625,90642.65625,90642.65625,0
2026-01-11 04:49:00+00:00,90646.78125,90646.78125,90646.78125,90646.78125,0
2026-01-11 04:50:00+00:00,90648.1484375,90648.1484375,90648.1484375,90648.1484375,10241024
2026-01-11 04:51:00+00:00,90646.5234375,90646.5234375,90646.5234375,90646.5234375,0
2026-01-11 04:52:00+00:00,90646.8984375,90646.8984375,90646.8984375,90646.8984375,29275136
2026-01-11 04:53:00+00:00,90651.96875,90651.96875,90651.96875,90651.96875,0
2026-01-11 04:54:00+00:00,90648.34375,90648.34375,90648.34375,90648.34375,1071104
2026-01-11 04:55:00+00:00,90649.65625,90649.65625,90649.65625,90649.65625,0
2026-01-11 04:57:00+00:00,90650.6875,90650.6875,90650.6875,90650.6875,0
2026-01-11 04:58:00+00:00,90652.234375,90652.234375,90652.234375,90652.234375,0
2026-01-11 04:59:00+00:00,90662.78125,90662.78125,90662.78125,90662.78125,0
2026-01-11 05:00:00+00:00,90674.28125,90674.28125,90674.28125,90674.28125,446464
2026-01-11 05:01:00+00:00,90671.4296875,90671.4296875,90671.4296875,90671.4296875,0
2026-01-11 05:02:00+00:00,90668.515625,90668.515625,90668.515625,90668.515625,0
2026-01-11 05:03:00+00:00,90673.1015625,90673.1015625,90673.1015625,90673.1015625,0
2026-01-11 05:04:00+00:00,90669.5390625,90669.5390625,90669.5390625,90669.5390625,12572672
2026-01-11 05:05:00+00:00,90664.75,90664.75,90664.75,90664.75,0
2026-01-11 05:06:00+00:00,90668.8828125,90668.8828125,90668.8828125,90668.8828125,0
2026-01-11 05:07:00+00:00,90668.03125,90668.03125,90668.03125,90668.03125,0
2026-01-11 05:09:00+00:00,90670.7578125,90670.7578125,90670.7578125,90670.7578125,8743936
2026-01-11 05:10:00+00:00,90666.4140625,90666.4140625,90666.4140625,90666.4140625,9345024
2026-01-11 05:11:00+00:00,90662.3046875,90662.3046875,90662.3046875,90662.3046875,0
2026-01-11 05:12:00+00:00,90664.9375,90664.9375,90664.9375,90664.9375,0
2026-01-11 05:13:00+00:00,90664.421875,90664.421875,90664.421875,90664.421875,30625792
2026-01-11 05:14:00+00:00,90662.53125,90662.53125,90662.53125,90662.53125,1613824
2026-01-11 05:15:00+00:00,90670.234375,90670.234375,90670.234375,90670.234375,4515840
2026-01-11 05:16:00+00:00,90660.71875,90660.71875,90660.71875,90660.71875,0
2026-01-11 05:17:00+00:00,90662.4609375,90662.4609375,90662.4609375,90662.4609375,0
2026-01-11 05:18:00+00:00,90663.671875,90663.671875,90663.671875,90663.671875,0
2026-01-11 05:19:00+00:00,90652.046875,90652.046875,90652.046875,90652.046875,0
2026-01-11 05:20:00+00:00,90652.8515625,90652.8515625,90652.8515625,90652.8515625,521216
2026-01-11 05:21:00+00:00,90641.7109375,90641.7109375,90641.7109375,90641.7109375,0
2026-01-11 05:22:00+00:00,90635.40625,90635.40625,90635.40625,90635.40625,0
2026-01-11 05:23:00+00:00,90634.8046875,90634.8046875,90634.8046875,90634.8046875,0
2026-01-11 05:24:00+00:00,90626.71875,90626.71875,90626.71875,90626.71875,0
2026-01-11 05:25:00+00:00,90630.8125,90630.8125,90630.8125,90630.8125,18310144
2026-01-11 05:26:00+00:00,90641.4140625,90641.4140625,90641.4140625,90641.4140625,7794688
2026-01-11 05:28:00+00:00,90639.3828125,90639.3828125,90639.3828125,90639.3828125,0
2026-01-11 05:29:00+00:00,90641.375,90641.375,90641.375,90641.375,4324352
2026-01-11 05:30:00+00:00,90641.859375,90641.859375,90641.859375,90641.859375,8812544
2026-01-11 05:31:00+00:00,90644.3203125,90644.3203125,90644.3203125,90644.3203125,83399680
2026-01-11 05:33:00+00:00,90661.8125,90661.8125,90661.8125,90661.8125,0
2026-01-11 05:34:00+00:00,90661.90625,90661.90625,90661.90625,90661.90625,0
2026-01-11 05:35:00+00:00,90664.2421875,90664.2421875,90664.2421875,90664.2421875,0
2026-01-11 05:37:00+00:00,90665.3671875,90665.3671875,90665.3671875,90665.3671875,0
2026-01-11 05:38:00+00:00,90654.640625,90654.640625,90654.640625,90654.640625,0
2026-01-11 05:39:00+00:00,90657.4296875,90657.4296875,90657.4296875,90657.4296875,0
2026-01-11 05:40:00+00:00,90680.046875,90680.046875,90680.046875,90680.046875,0
2026-01-11 05:41:00+00:00,90680.1875,90680.1875,90680.1875,90680.1875,2954240
2026-01-11 05:42:00+00:00,90684.5390625,90684.5390625,90684.5390625,90684.5390625,0
2026-01-11 05:43:00+00:00,90686.21875,90686.21875,90686.21875,90686.21875,0
2026-01-11 05:44:00+00:00,90680.9140625,90680.9140625,90680.9140625,90680.9140625,0
2026-01-11 05:45:00+00:00,90701.8515625,90701.8515625,90701.8515625,90701.8515625,1414144
2026-01-11 05:47:00+00:00,90712.734375,90712.734375,90712.734375,90712.734375,0
2026-01-11 05:48:00+00:00,90716.96875,90716.96875,90716.96875,90716.96875,9152512
2026-01-11 05:49:00+00:00,90709.6484375,90709.6484375,90709.6484375,90709.6484375,17606656
2026-01-11 05:50:00+00:00,90699.90625,90699.90625,90699.90625,90699.90625,9036800
2026-01-11 05:51:00+00:00,90695.6171875,90695.6171875,90695.6171875,90695.6171875,0
2026-01-11 05:52:00+00:00,90670.0625,90670.0625,90670.0625,90670.0625,0
2026-01-11 05:53:00+00:00,90663.5625,90663.5625,90663.5625,90663.5625,0
2026-01-11 05:54:00+00:00,90652.203125,90652.203125,90652.203125,90652.203125,4683776
2026-01-11 05:55:00+00:00,90655.9296875,90655.9296875,90655.9296875,90655.9296875,41224192
2026-01-11 05:56:00+00:00,90643.2109375,90643.2109375,90643.2109375,90643.2109375,0
2026-01-11 05:58:00+00:00,90643.7734375,90643.7734375,90643.7734375,90643.7734375,0
2026-01-11 05:59:00+00:00,90644.2890625,90644.2890625,90644.2890625,90644.2890625,1711104
2026-01-11 06:00:00+00:00,90650.0,90650.0,90650.0,90650.0,1402880
2026-01-11 06:01:00+00:00,90654.8671875,90654.8671875,90654.8671875,90654.8671875,89383936
2026-01-11 06:02:00+00:00,90656.4921875,90656.4921875,90656.4921875,90656.4921875,0
2026-01-11 06:03:00+00:00,90657.2890625,90657.2890625,90657.2890625,90657.2890625,366592
2026-01-11 06:04:00+00:00,90665.0,90665.0,90665.0,90665.0,0
2026-01-11 06:05:00+00:00,90682.7109375,90682.7109375,90682.7109375,90682.7109375,1082368
2026-01-11 06:06:00+00:00,90668.78125,90668.78125,90668.78125,90668.78125,0
2026-01-11 06:07:00+00:00,90669.9765625,90669.9765625,90669.9765625,90669.9765625,0
2026-01-11 06:08:00+00:00,90665.03125,90665.03125,90665.03125,90665.03125,1140736
2026-01-11 06:09:00+00:00,90669.3828125,90669.3828125,90669.3828125,90669.3828125,286720
2026-01-11 06:10:00+00:00,90672.25,90672.25,90672.25,90672.25,13799424
2026-01-11 06:11:00+00:00,90673.5859375,90673.5859375,90673.5859375,90673.5859375,0
2026-01-11 06:12:00+00:00,90669.2578125,90669.2578125,90669.2578125,90669.2578125,169984
2026-01-11 06:13:00+00:00,90671.5546875,90671.5546875,90671.5546875,90671.5546875,0
2026-01-11 06:14:00+00:00,90672.0625,90672.0625,90672.0625,90672.0625,0
2026-01-11 06:15:00+00:00,90670.3515625,90670.3515625,90670.3515625,90670.3515625,3620864
2026-01-11 06:16:00+00:00,90672.1328125,90672.1328125,90672.1328125,90672.1328125,0
2026-01-11 06:17:00+00:00,90672.046875,90672.046875,90672.046875,90672.046875,1353728
2026-01-11 06:18:00+00:00,90673.25,90673.25,90673.25,90673.25,0
2026-01-11 06:19:00+00:00,90663.8359375,90663.8359375,90663.8359375,90663.8359375,0
2026-01-11 06:20:00+00:00,90590.21875,90590.21875,90590.21875,90590.21875,16807936
2026-01-11 06:21:00+00:00,90552.78125,90552.78125,90552.78125,90552.78125,0
2026-01-11 06:23:00+00:00,90506.7265625,90506.7265625,90506.7265625,90506.7265625,113924096
2026-01-11 06:25:00+00:00,90530.6640625,90530.6640625,90530.6640625,90530.6640625,35894272
2026-01-11 06:26:00+00:00,90529.34375,90529.34375,90529.34375,90529.34375,0
2026-01-11 06:28:00+00:00,90551.6015625,90551.6015625,90551.6015625,90551.6015625,64372736
2026-01-11 06:29:00+00:00,90549.515625,90549.515625,90549.515625,90549.515625,0
2026-01-11 06:31:00+00:00,90547.2890625,90547.2890625,90547.2890625,90547.2890625,0
2026-01-11 06:33:00+00:00,90543.2109375,90543.2109375,90543.2109375,90543.2109375,0
2026-01-11 06:34:00+00:00,90547.828125,90547.828125,90547.828125,90547.828125,16183296
2026-01-11 06:35:00+00:00,90549.53125,90549.53125,90549.53125,90549.53125,0
2026-01-11 06:36:00+00:00,90546.6171875,90546.6171875,90546.6171875,90546.6171875,1975296
2026-01-11 06:37:00+00:00,90545.15625,90545.15625,90545.15625,90545.15625,27726848
2026-01-11 06:38:00+00:00,90552.2109375,90552.2109375,90552.2109375,90552.2109375,2252800
2026-01-11 06:39:00+00:00,90547.7578125,90547.7578125,90547.7578125,90547.7578125,0
2026-01-11 06:40:00+00:00,90545.6953125,90545.6953125,90545.6953125,90545.6953125,100582400
2026-01-11 06:41:00+00:00,90548.9375,90548.9375,90548.9375,90548.9375,0
2026-01-11 06:42:00+00:00,90548.2734375,90548.2734375,90548.2734375,90548.2734375,3668992
2026-01-11 06:43:00+00:00,90552.046875,90552.046875,90552.046875,90552.046875,0
2026-01-11 06:45:00+00:00,90558.484375,90558.484375,90558.484375,90558.484375,3984384
2026-01-11 06:46:00+00:00,90573.7578125,90573.7578125,90573.7578125,90573.7578125,37831680
2026-01-11 06:47:00+00:00,90563.4609375,90563.4609375,90563.4609375,90563.4609375,324608
2026-01-11 06:48:00+00:00,90564.703125,90564.703125,90564.703125,90564.703125,848896
2026-01-11 06:49:00+00:00,90568.15625,90568.15625,90568.15625,90568.15625,0
2026-01-11 06:50:00+00:00,90563.75,90563.75,90563.75,90563.75,860160
2026-01-11 06:51:00+00:00,90558.015625,90558.015625,90558.015625,90558.015625,0
2026-01-11 06:52:00+00:00,90556.546875,90556.546875,90556.546875,90556.546875,0
2026-01-11 06:53:00+00:00,90567.296875,90567.296875,90567.296875,90567.296875,586752
2026-01-11 06:54:00+00:00,90597.6328125,90597.6328125,90597.6328125,90597.6328125,0
2026-01-11 06:55:00+00:00,90615.046875,90615.046875,90615.046875,90615.046875,124087296
2026-01-11 06:57:00+00:00,90629.4921875,90629.4921875,90629.4921875,90629.4921875,0
2026-01-11 06:58:00+00:00,90628.0234375,90628.0234375,90628.0234375,90628.0234375,0
2026-01-11 06:59:00+00:00,90632.9921875,90632.9921875,90632.9921875,90632.9921875,12049408
2026-01-11 07:00:00+00:00,90634.09375,90634.09375,90634.09375,90634.09375,0
2026-01-11 07:01:00+00:00,90632.265625,90632.265625,90632.265625,90632.265625,31162368
2026-01-11 07:02:00+00:00,90626.640625,90626.640625,90626.640625,90626.640625,0
2026-01-11 07:03:00+00:00,90629.6640625,90629.6640625,90629.6640625,90629.6640625,3126272
2026-01-11 07:04:00+00:00,90623.71875,90623.71875,90623.71875,90623.71875,19363840
2026-01-11 07:05:00+00:00,90630.9765625,90630.9765625,90630.9765625,90630.9765625,11885568
2026-01-11 07:06:00+00:00,90617.90625,90617.90625,90617.90625,90617.90625,0
2026-01-11 07:07:00+00:00,90608.5859375,90608.5859375,90608.5859375,90608.5859375,0
2026-01-11 07:08:00+00:00,90611.09375,90611.09375,90611.09375,90611.09375,0
2026-01-11 07:09:00+00:00,90613.390625,90613.390625,90613.390625,90613.390625,0
2026-01-11 07:10:00+00:00,90601.2109375,90601.2109375,90601.2109375,90601.2109375,0
2026-01-11 07:11:00+00:00,90590.0390625,90590.0390625,90590.0390625,90590.0390625,2352128
2026-01-11 07:13:00+00:00,90574.4609375,90574.4609375,90574.4609375,90574.4609375,116941824
2026-01-11 07:14:00+00:00,90576.21875,90576.21875,90576.21875,90576.21875,0
2026-01-11 07:15:00+00:00,90574.1015625,90574.1015625,90574.1015625,90574.1015625,0
2026-01-11 07:16:00+00:00,90584.1640625,90584.1640625,90584.1640625,90584.1640625,0
2026-01-11 07:17:00+00:00,90581.03125,90581.03125,90581.03125,90581.03125,0
2026-01-11 07:18:00+00:00,90576.765625,90576.765625,90576.765625,90576.765625,2558976
2026-01-11 07:19:00+00:00,90564.6796875,90564.6796875,90564.6796875,90564.6796875,0
2026-01-11 07:20:00+00:00,90564.0546875,90564.0546875,90564.0546875,90564.0546875,0
2026-01-11 07:21:00+00:00,90570.390625,90570.390625,90570.390625,90570.390625,5499904
2026-01-11 07:22:00+00:00,90573.9453125,90573.9453125,90573.9453125,90573.9453125,0
2026-01-11 07:23:00+00:00,90577.3359375,90577.3359375,90577.3359375,90577.3359375,2146304
2026-01-11 07:24:00+00:00,90599.6015625,90599.6015625,90599.6015625,90599.6015625,2635776
2026-01-11 07:25:00+00:00,90616.46875,90616.46875,90616.46875,90616.46875,22374400
2026-01-11 07:26:00+00:00,90630.875,90630.875,90630.875,90630.875,0
2026-01-11 07:28:00+00:00,90625.7265625,90625.7265625,90625.7265625,90625.7265625,0
2026-01-11 07:29:00+00:00,90614.671875,90614.671875,90614.671875,90614.671875,14594048
2026-01-11 07:30:00+00:00,90614.359375,90614.359375,90614.359375,90614.359375,0
2026-01-11 07:31:00+00:00,90614.109375,90614.109375,90614.109375,90614.109375,15537152
2026-01-11 07:32:00+00:00,90612.4453125,90612.4453125,90612.4453125,90612.4453125,0
2026-01-11 07:33:00+00:00,90619.6015625,90619.6015625,90619.6015625,90619.6015625,0
2026-01-11 07:35:00+00:00,90622.421875,90622.421875,90622.421875,90622.421875,117487616
2026-01-11 07:36:00+00:00,90617.515625,90617.515625,90617.515625,90617.515625,340992
2026-01-11 07:37:00+00:00,90612.84375,90612.84375,90612.84375,90612.84375,0
2026-01-11 07:38:00+00:00,90598.0,90598.0,90598.0,90598.0,0
2026-01-11 07:39:00+00:00,90589.3359375,90589.3359375,90589.3359375,90589.3359375,0
2026-01-11 07:40:00+00:00,90592.890625,90592.890625,90592.890625,90592.890625,0
2026-01-11 07:41:00+00:00,90589.3984375,90589.3984375,90589.3984375,90589.3984375,1910784
2026-01-11 07:42:00+00:00,90599.2734375,90599.2734375,90599.2734375,90599.2734375,0
2026-01-11 07:43:00+00:00,90597.203125,90597.203125,90597.203125,90597.203125,7443456
2026-01-11 07:45:00+00:00,90588.6875,90588.6875,90588.6875,90588.6875,0
2026-01-11 07:46:00+00:00,90589.3828125,90589.3828125,90589.3828125,90589.3828125,25839616
2026-01-11 07:47:00+00:00,90586.9375,90586.9375,90586.9375,90586.9375,0
2026-01-11 07:48:00+00:00,90584.1875,90584.1875,90584.1875,90584.1875,0
2026-01-11 07:49:00+00:00,90588.0546875,90588.0546875,90588.0546875,90588.0546875,2852864
2026-01-11 07:50:00+00:00,90583.8671875,90583.8671875,90583.8671875,90583.8671875,0
2026-01-11 07:51:00+00:00,90591.9609375,90591.9609375,90591.9609375,90591.9609375,0
2026-01-11 07:52:00+00:00,90592.5078125,90592.5078125,90592.5078125,90592.5078125,1679360
2026-01-11 07:53:00+00:00,90590.6015625,90590.6015625,90590.6015625,90590.6015625,0
2026-01-11 07:55:00+00:00,90591.1484375,90591.1484375,90591.1484375,90591.1484375,0
2026-01-11 07:57:00+00:00,90589.78125,90589.78125,90589.78125,90589.78125,0
2026-01-11 07:58:00+00:00,90587.9296875,90587.9296875,90587.9296875,90587.9296875,71656448
2026-01-11 07:59:00+00:00,90589.421875,90589.421875,90589.421875,90589.421875,0
2026-01-11 08:01:00+00:00,90597.4375,90597.4375,90597.4375,90597.4375,0
2026-01-11 08:02:00+00:00,90600.1796875,90600.1796875,90600.1796875,90600.1796875,0
2026-01-11 08:03:00+00:00,90601.6640625,90601.6640625,90601.6640625,90601.6640625,0
2026-01-11 08:04:00+00:00,90607.5703125,90607.5703125,90607.5703125,90607.5703125,2619392
2026-01-11 08:05:00+00:00,90585.34375,90585.34375,90585.34375,90585.34375,0
2026-01-11 08:06:00+00:00,90571.234375,90571.234375,90571.234375,90571.234375,0
2026-01-11 08:07:00+00:00,90526.984375,90526.984375,90526.984375,90526.984375,0
2026-01-11 08:08:00+00:00,90526.84375,90526.84375,90526.84375,90526.84375,0
2026-01-11 08:09:00+00:00,90546.015625,90546.015625,90546.015625,90546.015625,0
2026-01-11 08:10:00+00:00,90544.6484375,90544.6484375,90544.6484375,90544.6484375,0
2026-01-11 08:11:00+00:00,90544.9921875,90544.9921875,90544.9921875,90544.9921875,0
2026-01-11 08:12:00+00:00,90548.7890625,90548.7890625,90548.7890625,90548.7890625,0
2026-01-11 08:13:00+00:00,90567.3671875,90567.3671875,90567.3671875,90567.3671875,4570112
2026-01-11 08:14:00+00:00,90565.1171875,90565.1171875,90565.1171875,90565.1171875,2934784
2026-01-11 08:15:00+00:00,90550.6171875,90550.6171875,90550.6171875,90550.6171875,0
2026-01-11 08:16:00+00:00,90574.1484375,90574.1484375,90574.1484375,90574.1484375,0
2026-01-11 08:17:00+00:00,90567.9609375,90567.9609375,90567.9609375,90567.9609375,0
2026-01-11 08:18:00+00:00,90575.6953125,90575.6953125,90575.6953125,90575.6953125,0
2026-01-11 08:19:00+00:00,90579.5625,90579.5625,90579.5625,90579.5625,0
2026-01-11 08:22:00+00:00,90577.1328125,90577.1328125,90577.1328125,90577.1328125,0
2026-01-11 08:23:00+00:00,90587.140625,90587.140625,90587.140625,90587.140625,0
2026-01-11 08:24:00+00:00,90600.21875,90600.21875,90600.21875,90600.21875,0
2026-01-11 08:25:00+00:00,90602.1171875,90602.1171875,90602.1171875,90602.1171875,18758656
2026-01-11 08:26:00+00:00,90601.96875,90601.96875,90601.96875,90601.96875,0
2026-01-11 08:27:00+00:00,90596.5390625,90596.5390625,90596.5390625,90596.5390625,732160
2026-01-11 08:28:00+00:00,90594.4609375,90594.4609375,90594.4609375,90594.4609375,1420288
2026-01-11 08:29:00+00:00,90595.4453125,90595.4453125,90595.4453125,90595.4453125,3617792
2026-01-11 08:31:00+00:00,90609.640625,90609.640625,90609.640625,90609.640625,54441984
2026-01-11 08:33:00+00:00,90635.3671875,90635.3671875,90635.3671875,90635.3671875,0
2026-01-11 08:34:00+00:00,90630.15625,90630.15625,90630.15625,90630.15625,0
2026-01-11 08:35:00+00:00,90633.859375,90633.859375,90633.859375,90633.859375,476160
2026-01-11 08:37:00+00:00,90664.046875,90664.046875,90664.046875,90664.046875,0
2026-01-11 08:38:00+00:00,90671.4296875,90671.4296875,90671.4296875,90671.4296875,721920
2026-01-11 08:39:00+00:00,90666.59375,90666.59375,90666.59375,90666.59375,6318080
2026-01-11 08:40:00+00:00,90626.015625,90626.015625,90626.015625,90626.015625,0
2026-01-11 08:41:00+00:00,90569.484375,90569.484375,90569.484375,90569.484375,17327104
2026-01-11 08:42:00+00:00,90596.640625,90596.640625,90596.640625,90596.640625,16314368
2026-01-11 08:43:00+00:00,90594.921875,90594.921875,90594.921875,90594.921875,172026880
2026-01-11 08:44:00+00:00,90608.0625,90608.0625,90608.0625,90608.0625,0
2026-01-11 08:45:00+00:00,90604.3046875,90604.3046875,90604.3046875,90604.3046875,2453504
2026-01-11 08:47:00+00:00,90589.203125,90589.203125,90589.203125,90589.203125,56246272
2026-01-11 08:48:00+00:00,90586.6796875,90586.6796875,90586.6796875,90586.6796875,55296
2026-01-11 08:49:00+00:00,90587.828125,90587.828125,90587.828125,90587.828125,0
2026-01-11 08:50:00+00:00,90598.3984375,90598.3984375,90598.3984375,90598.3984375,0
2026-01-11 08:51:00+00:00,90588.3984375,90588.3984375,90588.3984375,90588.3984375,0
2026-01-11 08:52:00+00:00,90586.8828125,90586.8828125,90586.8828125,90586.8828125,0
2026-01-11 08:53:00+00:00,90591.96875,90591.96875,90591.96875,90591.96875,4521984
2026-01-11 08:54:00+00:00,90589.4453125,90589.4453125,90589.4453125,90589.4453125,0
2026-01-11 08:55:00+00:00,90590.046875,90590.046875,90590.046875,90590.046875,54277120
2026-01-11 08:57:00+00:00,90683.984375,90683.984375,90683.984375,90683.984375,5572608
2026-01-11 08:58:00+00:00,90671.1015625,90671.1015625,90671.1015625,90671.1015625,0
2026-01-11 08:59:00+00:00,90668.0546875,90668.0546875,90668.0546875,90668.0546875,0
2026-01-11 09:00:00+00:00,90667.6640625,90667.6640625,90667.6640625,90667.6640625,14197760
2026-01-11 09:01:00+00:00,90671.09375,90671.09375,90671.09375,90671.09375,81095680
2026-01-11 09:02:00+00:00,90668.78125,90668.78125,90668.78125,90668.78125,0
2026-01-11 09:03:00+00:00,90669.75,90669.75,90669.75,90669.75,0
2026-01-11 09:04:00+00:00,90668.3671875,90668.3671875,90668.3671875,90668.3671875,18450432
2026-01-11 09:05:00+00:00,90670.3671875,90670.3671875,90670.3671875,90670.3671875,1077248
2026-01-11 09:06:00+00:00,90669.9765625,90669.9765625,90669.9765625,90669.9765625,0
2026-01-11 09:07:00+00:00,90672.8515625,90672.8515625,90672.8515625,90672.8515625,0
2026-01-11 09:08:00+00:00,90672.765625,90672.765625,90672.765625,90672.765625,2950144
2026-01-11 09:09:00+00:00,90667.34375,90667.34375,90667.34375,90667.34375,0
2026-01-11 09:10:00+00:00,90673.9609375,90673.9609375,90673.9609375,90673.9609375,26324992
2026-01-11 09:11:00+00:00,90673.1796875,90673.1796875,90673.1796875,90673.1796875,8946688
2026-01-11 09:13:00+00:00,90670.75,90670.75,90670.75,90670.75,37855232
2026-01-11 09:14:00+00:00,90669.421875,90669.421875,90669.421875,90669.421875,331776
2026-01-11 09:15:00+00:00,90649.640625,90649.640625,90649.640625,90649.640625,0
2026-01-11 09:16:00+00:00,90652.2421875,90652.2421875,90652.2421875,90652.2421875,0
2026-01-11 09:17:00+00:00,90667.5859375,90667.5859375,90667.5859375,90667.5859375,10157056
2026-01-11 09:18:00+00:00,90661.828125,90661.828125,90661.828125,90661.828125,0
2026-01-11 09:19:00+00:00,90669.9375,90669.9375,90669.9375,90669.9375,7394304
2026-01-11 09:20:00+00:00,90662.5703125,90662.5703125,90662.5703125,90662.5703125,3083264
2026-01-11 09:21:00+00:00,90674.1640625,90674.1640625,90674.1640625,90674.1640625,0
2026-01-11 09:22:00+00:00,90683.7734375,90683.7734375,90683.7734375,90683.7734375,124554240
2026-01-11 09:23:00+00:00,90672.7578125,90672.7578125,90672.7578125,90672.7578125,0
2026-01-11 09:26:00+00:00,90663.234375,90663.234375,90663.234375,90663.234375,0
2026-01-11 09:27:00+00:00,90644.578125,90644.578125,90644.578125,90644.578125,10236928
2026-01-11 09:28:00+00:00,90640.0703125,90640.0703125,90640.0703125,90640.0703125,0
2026-01-11 09:29:00+00:00,90639.5703125,90639.5703125,90639.5703125,90639.5703125,10853376
2026-01-11 09:30:00+00:00,90638.78125,90638.78125,90638.78125,90638.78125,467968
2026-01-11 09:31:00+00:00,90630.5078125,90630.5078125,90630.5078125,90630.5078125,0
2026-01-11 09:33:00+00:00,90631.390625,90631.390625,90631.390625,90631.390625,0
2026-01-11 09:34:00+00:00,90630.515625,90630.515625,90630.515625,90630.515625,0
2026-01-11 09:35:00+00:00,90627.6640625,90627.6640625,90627.6640625,90627.6640625,8116224
2026-01-11 09:36:00+00:00,90610.078125,90610.078125,90610.078125,90610.078125,8816640
2026-01-11 09:37:00+00:00,90604.6328125,90604.6328125,90604.6328125,90604.6328125,96143360
2026-01-11 09:38:00+00:00,90588.3984375,90588.3984375,90588.3984375,90588.3984375,5740544
2026-01-11 09:39:00+00:00,90586.9296875,90586.9296875,90586.9296875,90586.9296875,0
2026-01-11 09:40:00+00:00,90576.5,90576.5,90576.5,90576.5,0
2026-01-11 09:41:00+00:00,90581.1953125,90581.1953125,90581.1953125,90581.1953125,5059584
2026-01-11 09:42:00+00:00,90568.484375,90568.484375,90568.484375,90568.484375,0
2026-01-11 09:43:00+00:00,90582.4296875,90582.4296875,90582.4296875,90582.4296875,68265984
2026-01-11 09:45:00+00:00,90609.3671875,90609.3671875,90609.3671875,90609.3671875,0
2026-01-11 09:46:00+00:00,90627.9375,90627.9375,90627.9375,90627.9375,0
2026-01-11 09:47:00+00:00,90624.015625,90624.015625,90624.015625,90624.015625,0
2026-01-11 09:48:00+00:00,90636.359375,90636.359375,90636.359375,90636.359375,5965824
2026-01-11 09:49:00+00:00,90652.265625,90652.265625,90652.265625,90652.265625,0
2026-01-11 09:50:00+00:00,90663.25,90663.25,90663.25,90663.25,17195008
2026-01-11 09:51:00+00:00,90621.140625,90621.140625,90621.140625,90621.140625,0
2026-01-11 09:52:00+00:00,90634.8515625,90634.8515625,90634.8515625,90634.8515625,8852480
2026-01-11 09:53:00+00:00,90630.5234375,90630.5234375,90630.5234375,90630.5234375,0
2026-01-11 09:54:00+00:00,90627.9453125,90627.9453125,90627.9453125,90627.9453125,0
2026-01-11 09:55:00+00:00,90631.7890625,90631.7890625,90631.7890625,90631.7890625,0
2026-01-11 09:57:00+00:00,90626.3359375,90626.3359375,90626.3359375,90626.3359375,1178624
2026-01-11 09:58:00+00:00,90623.921875,90623.921875,90623.921875,90623.921875,0
2026-01-11 10:01:00+00:00,90624.6015625,90624.6015625,90624.6015625,90624.6015625,0
2026-01-11 10:02:00+00:00,90630.6328125,90630.6328125,90630.6328125,90630.6328125,9908224
2026-01-11 10:03:00+00:00,90615.0234375,90615.0234375,90615.0234375,90615.0234375,0
2026-01-11 10:04:00+00:00,90623.7734375,90623.7734375,90623.7734375,90623.7734375,4640768
2026-01-11 10:05:00+00:00,90600.703125,90600.703125,90600.703125,90600.703125,0
2026-01-11 10:06:00+00:00,90602.59375,90602.59375,90602.59375,90602.59375,2642944
2026-01-11 10:07:00+00:00,90576.0625,90576.0625,90576.0625,90576.0625,0
2026-01-11 10:08:00+00:00,90579.984375,90579.984375,90579.984375,90579.984375,745472
2026-01-11 10:09:00+00:00,90573.7578125,90573.7578125,90573.7578125,90573.7578125,8136704
2026-01-11 10:11:00+00:00,90587.6640625,90587.6640625,90587.6640625,90587.6640625,62455808
2026-01-11 10:12:00+00:00,90592.1328125,90592.1328125,90592.1328125,90592.1328125,0
2026-01-11 10:13:00+00:00,90598.2421875,90598.2421875,90598.2421875,90598.2421875,0
2026-01-11 10:14:00+00:00,90599.734375,90599.734375,90599.734375,90599.734375,986112
2026-01-11 10:15:00+00:00,90620.7421875,90620.7421875,90620.7421875,90620.7421875,8546304
2026-01-11 10:16:00+00:00,90601.140625,90601.140625,90601.140625,90601.140625,0
2026-01-11 10:17:00+00:00,90601.421875,90601.421875,90601.421875,90601.421875,0
2026-01-11 10:18:00+00:00,90594.734375,90594.734375,90594.734375,90594.734375,5065728
2026-01-11 10:19:00+00:00,90593.75,90593.75,90593.75,90593.75,12052480
2026-01-11 10:20:00+00:00,90594.8828125,90594.8828125,90594.8828125,90594.8828125,0
2026-01-11 10:22:00+00:00,90590.5625,90590.5625,90590.5625,90590.5625,0
2026-01-11 10:23:00+00:00,90595.765625,90595.765625,90595.765625,90595.765625,0
2026-01-11 10:25:00+00:00,90588.3828125,90588.3828125,90588.3828125,90588.3828125,20108288
2026-01-11 10:26:00+00:00,90591.296875,90591.296875,90591.296875,90591.296875,676864
2026-01-11 10:28:00+00:00,90587.8984375,90587.8984375,90587.8984375,90587.8984375,5517312
2026-01-11 10:29:00+00:00,90591.3828125,90591.3828125,90591.3828125,90591.3828125,0
2026-01-11 10:30:00+00:00,90591.953125,90591.953125,90591.953125,90591.953125,5684224
2026-01-11 10:31:00+00:00,90598.3125,90598.3125,90598.3125,90598.3125,46096384
2026-01-11 10:33:00+00:00,90593.265625,90593.265625,90593.265625,90593.265625,0
2026-01-11 10:35:00+00:00,90591.6640625,90591.6640625,90591.6640625,90591.6640625,0
2026-01-11 10:36:00+00:00,90598.4609375,90598.4609375,90598.4609375,90598.4609375,0
2026-01-11 10:37:00+00:00,90597.15625,90597.15625,90597.15625,90597.15625,89740288
2026-01-11 10:38:00+00:00,90595.5078125,90595.5078125,90595.5078125,90595.5078125,1774592
2026-01-11 10:39:00+00:00,90602.90625,90602.90625,90602.90625,90602.90625,0
2026-01-11 10:40:00+00:00,90594.5234375,90594.5234375,90594.5234375,90594.5234375,0
2026-01-11 10:41:00+00:00,90606.3125,90606.3125,90606.3125,90606.3125,0
2026-01-11 10:42:00+00:00,90606.640625,90606.640625,90606.640625,90606.640625,0
2026-01-11 10:43:00+00:00,90614.09375,90614.09375,90614.09375,90614.09375,0
2026-01-11 10:44:00+00:00,90603.3125,90603.3125,90603.3125,90603.3125,314368
2026-01-11 10:46:00+00:00,90577.84375,90577.84375,90577.84375,90577.84375,59533312
2026-01-11 10:47:00+00:00,90581.8359375,90581.8359375,90581.8359375,90581.8359375,0
2026-01-11 10:48:00+00:00,90581.8359375,90581.8359375,90581.8359375,90581.8359375,0
2026-01-11 10:49:00+00:00,90578.609375,90578.609375,90578.609375,90578.609375,0
2026-01-11 10:50:00+00:00,90581.421875,90581.421875,90581.421875,90581.421875,0
2026-01-11 10:51:00+00:00,90588.2890625,90588.2890625,90588.2890625,90588.2890625,107520
2026-01-11 10:52:00+00:00,90603.7890625,90603.7890625,90603.7890625,90603.7890625,0
2026-01-11 10:53:00+00:00,90615.9765625,90615.9765625,90615.9765625,90615.9765625,3008512
2026-01-11 10:54:00+00:00,90611.546875,90611.546875,90611.546875,90611.546875,0
2026-01-11 10:55:00+00:00,90608.8359375,90608.8359375,90608.8359375,90608.8359375,0
2026-01-11 10:57:00+00:00,90611.140625,90611.140625,90611.140625,90611.140625,0
2026-01-11 10:58:00+00:00,90612.6484375,90612.6484375,90612.6484375,90612.6484375,21110784
2026-01-11 10:59:00+00:00,90614.265625,90614.265625,90614.265625,90614.265625,0
2026-01-11 11:00:00+00:00,90610.6328125,90610.6328125,90610.6328125,90610.6328125,4164608
2026-01-11 11:01:00+00:00,90605.875,90605.875,90605.875,90605.875,0
2026-01-11 11:02:00+00:00,90605.1484375,90605.1484375,90605.1484375,90605.1484375,0
2026-01-11 11:03:00+00:00,90604.234375,90604.234375,90604.234375,90604.234375,210944
2026-01-11 11:05:00+00:00,90598.1953125,90598.1953125,90598.1953125,90598.1953125,0
2026-01-11 11:06:00+00:00,90589.6328125,90589.6328125,90589.6328125,90589.6328125,9918464
2026-01-11 11:07:00+00:00,90594.3671875,90594.3671875,90594.3671875,90594.3671875,76551168
2026-01-11 11:08:00+00:00,90590.3515625,90590.3515625,90590.3515625,90590.3515625,0
2026-01-11 11:10:00+00:00,90576.5625,90576.5625,90576.5625,90576.5625,7664640
2026-01-11 11:12:00+00:00,90590.6640625,90590.6640625,90590.6640625,90590.6640625,0
2026-01-11 11:13:00+00:00,90591.921875,90591.921875,90591.921875,90591.921875,0
2026-01-11 11:14:00+00:00,90582.09375,90582.09375,90582.09375,90582.09375,0
2026-01-11 11:15:00+00:00,90574.984375,90574.984375,90574.984375,90574.984375,3813376
2026-01-11 11:16:00+00:00,90581.9609375,90581.9609375,90581.9609375,90581.9609375,0
2026-01-11 11:17:00+00:00,90586.0546875,90586.0546875,90586.0546875,90586.0546875,0
2026-01-11 11:18:00+00:00,90586.234375,90586.234375,90586.234375,90586.234375,1964032
2026-01-11 11:19:00+00:00,90579.1796875,90579.1796875,90579.1796875,90579.1796875,0
2026-01-11 11:20:00+00:00,90576.046875,90576.046875,90576.046875,90576.046875,2739200
2026-01-11 11:22:00+00:00,90578.6015625,90578.6015625,90578.6015625,90578.6015625,4874240
2026-01-11 11:24:00+00:00,90581.484375,90581.484375,90581.484375,90581.484375,1187840
2026-01-11 11:25:00+00:00,90581.6015625,90581.6015625,90581.6015625,90581.6015625,0
2026-01-11 11:26:00+00:00,90585.890625,90585.890625,90585.890625,90585.890625,4417536
2026-01-11 11:27:00+00:00,90581.71875,90581.71875,90581.71875,90581.71875,114688
2026-01-11 11:28:00+00:00,90599.9296875,90599.9296875,90599.9296875,90599.9296875,21268480
2026-01-11 11:29:00+00:00,90593.8671875,90593.8671875,90593.8671875,90593.8671875,3958784
2026-01-11 11:30:00+00:00,90593.125,90593.125,90593.125,90593.125,0
2026-01-11 11:31:00+00:00,90599.3359375,90599.3359375,90599.3359375,90599.3359375,14741504
2026-01-11 11:32:00+00:00,90614.734375,90614.734375,90614.734375,90614.734375,11575296
2026-01-11 11:33:00+00:00,90622.703125,90622.703125,90622.703125,90622.703125,0
2026-01-11 11:34:00+00:00,90625.2109375,90625.2109375,90625.2109375,90625.2109375,23830528
2026-01-11 11:36:00+00:00,90626.09375,90626.09375,90626.09375,90626.09375,0
2026-01-11 11:37:00+00:00,90620.65625,90620.65625,90620.65625,90620.65625,10280960
2026-01-11 11:38:00+00:00,90620.890625,90620.890625,90620.890625,90620.890625,8771584
2026-01-11 11:39:00+00:00,90613.0078125,90613.0078125,90613.0078125,90613.0078125,136192
2026-01-11 11:40:00+00:00,90625.6171875,90625.6171875,90625.6171875,90625.6171875,11610112
2026-01-11 11:41:00+00:00,90617.484375,90617.484375,90617.484375,90617.484375,0
2026-01-11 11:42:00+00:00,90619.4375,90619.4375,90619.4375,90619.4375,325632
2026-01-11 11:43:00+00:00,90622.0078125,90622.0078125,90622.0078125,90622.0078125,0
2026-01-11 11:44:00+00:00,90626.9609375,90626.9609375,90626.9609375,90626.9609375,0
2026-01-11 11:46:00+00:00,90602.8828125,90602.8828125,90602.8828125,90602.8828125,0
2026-01-11 11:47:00+00:00,90605.8125,90605.8125,90605.8125,90605.8125,8487936
2026-01-11 11:48:00+00:00,90598.7265625,90598.7265625,90598.7265625,90598.7265625,0
2026-01-11 11:49:00+00:00,90600.4453125,90600.4453125,90600.4453125,90600.4453125,7630848
2026-01-11 11:50:00+00:00,90599.8984375,90599.8984375,90599.8984375,90599.8984375,0
2026-01-11 11:51:00+00:00,90598.21875,90598.21875,90598.21875,90598.21875,8167424
2026-01-11 11:52:00+00:00,90597.7578125,90597.7578125,90597.7578125,90597.7578125,9643008
2026-01-11 11:53:00+00:00,90597.109375,90597.109375,90597.109375,90597.109375,666624
2026-01-11 11:54:00+00:00,90599.5390625,90599.5390625,90599.5390625,90599.5390625,0
2026-01-11 11:55:00+00:00,90604.5390625,90604.5390625,90604.5390625,90604.5390625,7416832
2026-01-11 11:57:00+00:00,90603.4609375,90603.4609375,90603.4609375,90603.4609375,4164608
2026-01-11 11:58:00+00:00,90604.4375,90604.4375,90604.4375,90604.4375,14426112
2026-01-11 11:59:00+00:00,90593.4609375,90593.4609375,90593.4609375,90593.4609375,0
2026-01-11 12:00:00+00:00,90610.3203125,90610.3203125,90610.3203125,90610.3203125,3417088
2026-01-11 12:01:00+00:00,90626.2890625,90626.2890625,90626.2890625,90626.2890625,49341440
2026-01-11 12:02:00+00:00,90613.1328125,90613.1328125,90613.1328125,90613.1328125,0
2026-01-11 12:03:00+00:00,90609.609375,90609.609375,90609.609375,90609.609375,6240256
2026-01-11 12:04:00+00:00,90613.03125,90613.03125,90613.03125,90613.03125,0
2026-01-11 12:05:00+00:00,90616.65625,90616.65625,90616.65625,90616.65625,324608
2026-01-11 12:06:00+00:00,90638.40625,90638.40625,90638.40625,90638.40625,1469440
2026-01-11 12:07:00+00:00,90644.4921875,90644.4921875,90644.4921875,90644.4921875,0
2026-01-11 12:08:00+00:00,90642.984375,90642.984375,90642.984375,90642.984375,38912
2026-01-11 12:09:00+00:00,90645.9765625,90645.9765625,90645.9765625,90645.9765625,0
2026-01-11 12:11:00+00:00,90661.8359375,90661.8359375,90661.8359375,90661.8359375,91925504
2026-01-11 12:12:00+00:00,90653.2421875,90653.2421875,90653.2421875,90653.2421875,0
2026-01-11 12:13:00+00:00,90660.828125,90660.828125,90660.828125,90660.828125,0
2026-01-11 12:14:00+00:00,90661.03125,90661.03125,90661.03125,90661.03125,2804736
2026-01-11 12:15:00+00:00,90667.3359375,90667.3359375,90667.3359375,90667.3359375,2172928
2026-01-11 12:17:00+00:00,90655.625,90655.625,90655.625,90655.625,0
2026-01-11 12:18:00+00:00,90662.875,90662.875,90662.875,90662.875,0
2026-01-11 12:19:00+00:00,90710.1640625,90710.1640625,90710.1640625,90710.1640625,0
2026-01-11 12:20:00+00:00,90727.0859375,90727.0859375,90727.0859375,90727.0859375,9436160
2026-01-11 12:22:00+00:00,90700.265625,90700.265625,90700.265625,90700.265625,43195392
2026-01-11 12:24:00+00:00,90705.3984375,90705.3984375,90705.3984375,90705.3984375,0
2026-01-11 12:25:00+00:00,90711.3671875,90711.3671875,90711.3671875,90711.3671875,0
2026-01-11 12:26:00+00:00,90701.203125,90701.203125,90701.203125,90701.203125,2864128
2026-01-11 12:27:00+00:00,90720.421875,90720.421875,90720.421875,90720.421875,0
2026-01-11 12:28:00+00:00,90719.7578125,90719.7578125,90719.7578125,90719.7578125,28941312
2026-01-11 12:29:00+00:00,90729.78125,90729.78125,90729.78125,90729.78125,80896
2026-01-11 12:30:00+00:00,90738.578125,90738.578125,90738.578125,90738.578125,591872
2026-01-11 12:31:00+00:00,90735.7734375,90735.7734375,90735.7734375,90735.7734375,7737344
2026-01-11 12:33:00+00:00,90741.953125,90741.953125,90741.953125,90741.953125,12738560
2026-01-11 12:34:00+00:00,90723.4296875,90723.4296875,90723.4296875,90723.4296875,76537856
2026-01-11 12:35:00+00:00,90704.8125,90704.8125,90704.8125,90704.8125,0
2026-01-11 12:37:00+00:00,90717.890625,90717.890625,90717.890625,90717.890625,32437248
2026-01-11 12:38:00+00:00,90714.171875,90714.171875,90714.171875,90714.171875,0
2026-01-11 12:39:00+00:00,90718.6875,90718.6875,90718.6875,90718.6875,4087808
2026-01-11 12:40:00+00:00,90724.859375,90724.859375,90724.859375,90724.859375,0
2026-01-11 12:41:00+00:00,90740.828125,90740.828125,90740.828125,90740.828125,6622208
2026-01-11 12:42:00+00:00,90731.671875,90731.671875,90731.671875,90731.671875,1460224
2026-01-11 12:43:00+00:00,90736.75,90736.75,90736.75,90736.75,0
2026-01-11 12:45:00+00:00,90772.2265625,90772.2265625,90772.2265625,90772.2265625,0
2026-01-11 12:46:00+00:00,90791.984375,90791.984375,90791.984375,90791.984375,12036096
2026-01-11 12:48:00+00:00,90854.90625,90854.90625,90854.90625,90854.90625,10655744
2026-01-11 12:49:00+00:00,90851.1484375,90851.1484375,90851.1484375,90851.1484375,57029632
2026-01-11 12:50:00+00:00,90871.7109375,90871.7109375,90871.7109375,90871.7109375,7181312
2026-01-11 12:51:00+00:00,90867.4609375,90867.4609375,90867.4609375,90867.4609375,6406144
2026-01-11 12:52:00+00:00,90824.7734375,90824.7734375,90824.7734375,90824.7734375,36615168
2026-01-11 12:53:00+00:00,90841.25,90841.25,90841.25,90841.25,0
2026-01-11 12:54:00+00:00,90851.0546875,90851.0546875,90851.0546875,90851.0546875,0
2026-01-11 12:55:00+00:00,90849.40625,90849.40625,90849.40625,90849.40625,55104512
2026-01-11 12:57:00+00:00,90833.9375,90833.9375,90833.9375,90833.9375,2859008
2026-01-11 12:58:00+00:00,90842.7421875,90842.7421875,90842.7421875,90842.7421875,40459264
2026-01-11 12:59:00+00:00,90825.1875,90825.1875,90825.1875,90825.1875,370688
2026-01-11 13:00:00+00:00,90826.3125,90826.3125,90826.3125,90826.3125,1991680
2026-01-11 13:02:00+00:00,90832.28125,90832.28125,90832.28125,90832.28125,24303616
2026-01-11 13:03:00+00:00,90826.0703125,90826.0703125,90826.0703125,90826.0703125,0
2026-01-11 13:04:00+00:00,90822.5390625,90822.5390625,90822.5390625,90822.5390625,10208256
2026-01-11 13:05:00+00:00,90815.0078125,90815.0078125,90815.0078125,90815.0078125,1733632
2026-01-11 13:06:00+00:00,90820.4296875,90820.4296875,90820.4296875,90820.4296875,10573824
2026-01-11 13:07:00+00:00,90825.5859375,90825.5859375,90825.5859375,90825.5859375,17801216
2026-01-11 13:08:00+00:00,90803.0,90803.0,90803.0,90803.0,2453504
2026-01-11 13:10:00+00:00,90806.3828125,90806.3828125,90806.3828125,90806.3828125,0
2026-01-11 13:12:00+00:00,90804.0859375,90804.0859375,90804.0859375,90804.0859375,849920
2026-01-11 13:13:00+00:00,90806.5625,90806.5625,90806.5625,90806.5625,12052480
2026-01-11 13:14:00+00:00,90818.8828125,90818.8828125,90818.8828125,90818.8828125,0
2026-01-11 13:15:00+00:00,90822.6796875,90822.6796875,90822.6796875,90822.6796875,0
2026-01-11 13:16:00+00:00,90833.953125,90833.953125,90833.953125,90833.953125,0
2026-01-11 13:17:00+00:00,90846.1484375,90846.1484375,90846.1484375,90846.1484375,5502976
2026-01-11 13:19:00+00:00,90820.8984375,90820.8984375,90820.8984375,90820.8984375,0
2026-01-11 13:20:00+00:00,90824.359375,90824.359375,90824.359375,90824.359375,0
2026-01-11 13:22:00+00:00,90796.3046875,90796.3046875,90796.3046875,90796.3046875,0
2026-01-11 13:23:00+00:00,90802.34375,90802.34375,90802.34375,90802.34375,6226944
2026-01-11 13:25:00+00:00,90800.4453125,90800.4453125,90800.4453125,90800.4453125,29483008
2026-01-11 13:26:00+00:00,90800.5859375,90800.5859375,90800.5859375,90800.5859375,2882560
2026-01-11 13:27:00+00:00,90800.5859375,90800.5859375,90800.5859375,90800.5859375,0
2026-01-11 13:28:00+00:00,90758.2578125,90758.2578125,90758.2578125,90758.2578125,7584768
2026-01-11 13:29:00+00:00,90780.453125,90780.453125,90780.453125,90780.453125,8715264
2026-01-11 13:30:00+00:00,90776.7265625,90776.7265625,90776.7265625,90776.7265625,1297408
2026-01-11 13:31:00+00:00,90740.0546875,90740.0546875,90740.0546875,90740.0546875,95937536
2026-01-11 13:32:00+00:00,90734.25,90734.25,90734.25,90734.25,1057792
2026-01-11 13:33:00+00:00,90718.421875,90718.421875,90718.421875,90718.421875,0
2026-01-11 13:34:00+00:00,90728.9453125,90728.9453125,90728.9453125,90728.9453125,0
2026-01-11 13:35:00+00:00,90725.640625,90725.640625,90725.640625,90725.640625,17705984
2026-01-11 13:36:00+00:00,90724.3671875,90724.3671875,90724.3671875,90724.3671875,0
2026-01-11 13:37:00+00:00,90724.6328125,90724.6328125,90724.6328125,90724.6328125,101763072
2026-01-11 13:38:00+00:00,90723.1796875,90723.1796875,90723.1796875,90723.1796875,1710080
2026-01-11 13:39:00+00:00,90721.1171875,90721.1171875,90721.1171875,90721.1171875,0
2026-01-11 13:40:00+00:00,90735.25,90735.25,90735.25,90735.25,0
2026-01-11 13:41:00+00:00,90739.3046875,90739.3046875,90739.3046875,90739.3046875,3837952
2026-01-11 13:42:00+00:00,90724.9140625,90724.9140625,90724.9140625,90724.9140625,0
2026-01-11 13:43:00+00:00,90737.0234375,90737.0234375,90737.0234375,90737.0234375,0
2026-01-11 13:44:00+00:00,90723.1328125,90723.1328125,90723.1328125,90723.1328125,0
2026-01-11 13:45:00+00:00,90718.359375,90718.359375,90718.359375,90718.359375,89088
2026-01-11 13:46:00+00:00,90721.78125,90721.78125,90721.78125,90721.78125,0
2026-01-11 13:47:00+00:00,90729.765625,90729.765625,90729.765625,90729.765625,0
2026-01-11 13:48:00+00:00,90715.84375,90715.84375,90715.84375,90715.84375,6309888
2026-01-11 13:49:00+00:00,90713.5078125,90713.5078125,90713.5078125,90713.5078125,41061376
2026-01-11 13:50:00+00:00,90731.359375,90731.359375,90731.359375,90731.359375,7397376
2026-01-11 13:51:00+00:00,90747.734375,90747.734375,90747.734375,90747.734375,0
2026-01-11 13:52:00+00:00,90746.3671875,90746.3671875,90746.3671875,90746.3671875,11359232
2026-01-11 13:53:00+00:00,90765.140625,90765.140625,90765.140625,90765.140625,9344000
2026-01-11 13:54:00+00:00,90765.796875,90765.796875,90765.796875,90765.796875,0
2026-01-11 13:55:00+00:00,90761.9921875,90761.9921875,90761.9921875,90761.9921875,0
2026-01-11 13:57:00+00:00,90752.1875,90752.1875,90752.1875,90752.1875,4465664
2026-01-11 13:58:00+00:00,90728.734375,90728.734375,90728.734375,90728.734375,0
2026-01-11 13:59:00+00:00,90736.9296875,90736.9296875,90736.9296875,90736.9296875,533504
2026-01-11 14:00:00+00:00,90740.7421875,90740.7421875,90740.7421875,90740.7421875,7520256
2026-01-11 14:01:00+00:00,90742.265625,90742.265625,90742.265625,90742.265625,0
2026-01-11 14:02:00+00:00,90750.421875,90750.421875,90750.421875,90750.421875,1388544
2026-01-11 14:03:00+00:00,90753.7734375,90753.7734375,90753.7734375,90753.7734375,0
2026-01-11 14:04:00+00:00,90751.6953125,90751.6953125,90751.6953125,90751.6953125,17738752
2026-01-11 14:05:00+00:00,90776.2578125,90776.2578125,90776.2578125,90776.2578125,730112
2026-01-11 14:06:00+00:00,90792.375,90792.375,90792.375,90792.375,11115520
2026-01-11 14:07:00+00:00,90807.4140625,90807.4140625,90807.4140625,90807.4140625,11026432
2026-01-11 14:08:00+00:00,90819.546875,90819.546875,90819.546875,90819.546875,10801152
2026-01-11 14:09:00+00:00,90812.78125,90812.78125,90812.78125,90812.78125,0
2026-01-11 14:11:00+00:00,90819.5859375,90819.5859375,90819.5859375,90819.5859375,0
2026-01-11 14:12:00+00:00,90817.15625,90817.15625,90817.15625,90817.15625,6070272
2026-01-11 14:14:00+00:00,90823.5703125,90823.5703125,90823.5703125,90823.5703125,0
2026-01-11 14:15:00+00:00,90823.34375,90823.34375,90823.34375,90823.34375,0
2026-01-11 14:16:00+00:00,90812.6640625,90812.6640625,90812.6640625,90812.6640625,66946048
2026-01-11 14:17:00+00:00,90807.5546875,90807.5546875,90807.5546875,90807.5546875,0
2026-01-11 14:18:00+00:00,90811.9375,90811.9375,90811.9375,90811.9375,0
2026-01-11 14:19:00+00:00,90822.4921875,90822.4921875,90822.4921875,90822.4921875,79007744
2026-01-11 14:21:00+00:00,90826.3125,90826.3125,90826.3125,90826.3125,0
2026-01-11 14:22:00+00:00,90836.2578125,90836.2578125,90836.2578125,90836.2578125,0
2026-01-11 14:23:00+00:00,90839.171875,90839.171875,90839.171875,90839.171875,592896
2026-01-11 14:24:00+00:00,90845.3671875,90845.3671875,90845.3671875,90845.3671875,9141248
2026-01-11 14:25:00+00:00,90847.4609375,90847.4609375,90847.4609375,90847.4609375,0
2026-01-11 14:26:00+00:00,90851.6015625,90851.6015625,90851.6015625,90851.6015625,0
2026-01-11 14:28:00+00:00,90858.5703125,90858.5703125,90858.5703125,90858.5703125,23788544
2026-01-11 14:29:00+00:00,90857.578125,90857.578125,90857.578125,90857.578125,0
2026-01-11 14:30:00+00:00,90859.71875,90859.71875,90859.71875,90859.71875,2281472
2026-01-11 14:31:00+00:00,90878.046875,90878.046875,90878.046875,90878.046875,1771520
2026-01-11 14:32:00+00:00,90902.453125,90902.453125,90902.453125,90902.453125,5093376
2026-01-11 14:33:00+00:00,90878.6328125,90878.6328125,90878.6328125,90878.6328125,8309760
2026-01-11 14:34:00+00:00,90858.03125,90858.03125,90858.03125,90858.03125,7909376
2026-01-11 14:35:00+00:00,90893.3515625,90893.3515625,90893.3515625,90893.3515625,0
2026-01-11 14:37:00+00:00,90903.03125,90903.03125,90903.03125,90903.03125,0
2026-01-11 14:38:00+00:00,90905.9921875,90905.9921875,90905.9921875,90905.9921875,14682112
2026-01-11 14:39:00+00:00,90919.515625,90919.515625,90919.515625,90919.515625,3653632
2026-01-11 14:41:00+00:00,90923.25,90923.25,90923.25,90923.25,126249984
2026-01-11 14:42:00+00:00,90923.4765625,90923.4765625,90923.4765625,90923.4765625,3111936
2026-01-11 14:43:00+00:00,90924.7421875,90924.7421875,90924.7421875,90924.7421875,0
2026-01-11 14:45:00+00:00,90906.5546875,90906.5546875,90906.5546875,90906.5546875,26895360
2026-01-11 14:46:00+00:00,90925.328125,90925.328125,90925.328125,90925.328125,0
2026-01-11 14:47:00+00:00,90930.2578125,90930.2578125,90930.2578125,90930.2578125,1226752
2026-01-11 14:48:00+00:00,90928.6015625,90928.6015625,90928.6015625,90928.6015625,16262144
2026-01-11 14:49:00+00:00,90927.8984375,90927.8984375,90927.8984375,90927.8984375,61497344
2026-01-11 14:50:00+00:00,90926.3515625,90926.3515625,90926.3515625,90926.3515625,0
2026-01-11 14:51:00+00:00,90883.328125,90883.328125,90883.328125,90883.328125,2886656
2026-01-11 14:52:00+00:00,90881.453125,90881.453125,90881.453125,90881.453125,1359872
2026-01-11 14:54:00+00:00,90903.2421875,90903.2421875,90903.2421875,90903.2421875,0
2026-01-11 14:55:00+00:00,91000.3671875,91000.3671875,91000.3671875,91000.3671875,102451200
2026-01-11 14:57:00+00:00,90985.2578125,90985.2578125,90985.2578125,90985.2578125,0
2026-01-11 14:58:00+00:00,90990.4921875,90990.4921875,90990.4921875,90990.4921875,37341184
2026-01-11 14:59:00+00:00,91043.9453125,91043.9453125,91043.9453125,91043.9453125,9191424
2026-01-11 15:00:00+00:00,91022.921875,91022.921875,91022.921875,91022.921875,7844864
2026-01-11 15:01:00+00:00,90961.75,90961.75,90961.75,90961.75,28276736
2026-01-11 15:02:00+00:00,90957.6015625,90957.6015625,90957.6015625,90957.6015625,24228864
2026-01-11 15:03:00+00:00,90955.6484375,90955.6484375,90955.6484375,90955.6484375,0
2026-01-11 15:04:00+00:00,90934.8125,90934.8125,90934.8125,90934.8125,0
2026-01-11 15:05:00+00:00,90927.1328125,90927.1328125,90927.1328125,90927.1328125,8593408
2026-01-11 15:06:00+00:00,90927.8671875,90927.8671875,90927.8671875,90927.8671875,4086784
2026-01-11 15:08:00+00:00,90925.78125,90925.78125,90925.78125,90925.78125,0
2026-01-11 15:09:00+00:00,90942.5546875,90942.5546875,90942.5546875,90942.5546875,0
2026-01-11 15:10:00+00:00,90945.6796875,90945.6796875,90945.6796875,90945.6796875,34481152
2026-01-11 15:12:00+00:00,90850.375,90850.375,90850.375,90850.375,235835392
2026-01-11 15:13:00+00:00,90830.3125,90830.3125,90830.3125,90830.3125,43754496
2026-01-11 15:14:00+00:00,90800.984375,90800.984375,90800.984375,90800.984375,3932160
2026-01-11 15:15:00+00:00,90784.6328125,90784.6328125,90784.6328125,90784.6328125,4144128
2026-01-11 15:16:00+00:00,90766.9375,90766.9375,90766.9375,90766.9375,26307584
2026-01-11 15:17:00+00:00,90803.265625,90803.265625,90803.265625,90803.265625,23098368
2026-01-11 15:18:00+00:00,90833.4765625,90833.4765625,90833.4765625,90833.4765625,4913152
2026-01-11 15:19:00+00:00,90834.359375,90834.359375,90834.359375,90834.359375,3553280
2026-01-11 15:20:00+00:00,90814.46875,90814.46875,90814.46875,90814.46875,6213632
2026-01-11 15:21:00+00:00,90812.234375,90812.234375,90812.234375,90812.234375,0
2026-01-11 15:22:00+00:00,90804.2265625,90804.2265625,90804.2265625,90804.2265625,140216320
2026-01-11 15:23:00+00:00,90837.7890625,90837.7890625,90837.7890625,90837.7890625,3562496
2026-01-11 15:24:00+00:00,90849.546875,90849.546875,90849.546875,90849.546875,5435392
2026-01-11 15:25:00+00:00,90855.359375,90855.359375,90855.359375,90855.359375,105228288
2026-01-11 15:26:00+00:00,90861.8125,90861.8125,90861.8125,90861.8125,2415616
2026-01-11 15:27:00+00:00,90863.625,90863.625,90863.625,90863.625,1195008
2026-01-11 15:28:00+00:00,90861.2265625,90861.2265625,90861.2265625,90861.2265625,0
2026-01-11 15:29:00+00:00,90848.7109375,90848.7109375,90848.7109375,90848.7109375,1652736
2026-01-11 15:30:00+00:00,90838.25,90838.25,90838.25,90838.25,21336064
2026-01-11 15:31:00+00:00,90831.7109375,90831.7109375,90831.7109375,90831.7109375,53732352
2026-01-11 15:33:00+00:00,90857.7421875,90857.7421875,90857.7421875,90857.7421875,0
2026-01-11 15:34:00+00:00,90846.015625,90846.015625,90846.015625,90846.015625,39216128
2026-01-11 15:36:00+00:00,90835.734375,90835.734375,90835.734375,90835.734375,0
2026-01-11 15:37:00+00:00,90836.8515625,90836.8515625,90836.8515625,90836.8515625,526336
2026-01-11 15:38:00+00:00,90882.9765625,90882.9765625,90882.9765625,90882.9765625,32768
2026-01-11 15:40:00+00:00,90867.3984375,90867.3984375,90867.3984375,90867.3984375,9480192
2026-01-11 15:41:00+00:00,90883.0625,90883.0625,90883.0625,90883.0625,17731584
2026-01-11 15:43:00+00:00,90817.0,90817.0,90817.0,90817.0,92689408
2026-01-11 15:44:00+00:00,90725.7890625,90725.7890625,90725.7890625,90725.7890625,33740800
2026-01-11 15:45:00+00:00,90716.75,90716.75,90716.75,90716.75,9242624
2026-01-11 15:46:00+00:00,90697.3046875,90697.3046875,90697.3046875,90697.3046875,0
2026-01-11 15:48:00+00:00,90754.1484375,90754.1484375,90754.1484375,90754.1484375,0
2026-01-11 15:49:00+00:00,90615.4609375,90615.4609375,90615.4609375,90615.4609375,31603712
2026-01-11 15:50:00+00:00,90637.0546875,90637.0546875,90637.0546875,90637.0546875,59252736
2026-01-11 15:51:00+00:00,90648.9609375,90648.9609375,90648.9609375,90648.9609375,631808
2026-01-11 15:52:00+00:00,90653.21875,90653.21875,90653.21875,90653.21875,61523968
2026-01-11 15:53:00+00:00,90699.59375,90699.59375,90699.59375,90699.59375,27687936
2026-01-11 15:54:00+00:00,90700.046875,90700.046875,90700.046875,90700.046875,0
2026-01-11 15:55:00+00:00,90686.921875,90686.921875,90686.921875,90686.921875,44273664
2026-01-11 15:57:00+00:00,90703.03125,90703.03125,90703.03125,90703.03125,13119488
2026-01-11 15:58:00+00:00,90728.6640625,90728.6640625,90728.6640625,90728.6640625,81289216
2026-01-11 15:59:00+00:00,90747.7578125,90747.7578125,90747.7578125,90747.7578125,7703552
2026-01-11 16:00:00+00:00,90751.171875,90751.171875,90751.171875,90751.171875,2912256
2026-01-11 16:01:00+00:00,90771.828125,90771.828125,90771.828125,90771.828125,7442432
2026-01-11 16:02:00+00:00,90819.7109375,90819.7109375,90819.7109375,90819.7109375,0
2026-01-11 16:03:00+00:00,90782.8515625,90782.8515625,90782.8515625,90782.8515625,3383296
2026-01-11 16:04:00+00:00,90798.734375,90798.734375,90798.734375,90798.734375,0
2026-01-11 16:05:00+00:00,90804.5234375,90804.5234375,90804.5234375,90804.5234375,0
2026-01-11 16:06:00+00:00,90814.265625,90814.265625,90814.265625,90814.265625,19634176
2026-01-11 16:07:00+00:00,90811.4921875,90811.4921875,90811.4921875,90811.4921875,11517952
2026-01-11 16:08:00+00:00,90844.3671875,90844.3671875,90844.3671875,90844.3671875,1540096
2026-01-11 16:09:00+00:00,90858.3828125,90858.3828125,90858.3828125,90858.3828125,6333440
2026-01-11 16:10:00+00:00,90843.0625,90843.0625,90843.0625,90843.0625,0
2026-01-11 16:12:00+00:00,90804.1875,90804.1875,90804.1875,90804.1875,10524672
2026-01-11 16:13:00+00:00,90798.171875,90798.171875,90798.171875,90798.171875,57347072
2026-01-11 16:14:00+00:00,90789.3359375,90789.3359375,90789.3359375,90789.3359375,0
2026-01-11 16:15:00+00:00,90771.15625,90771.15625,90771.15625,90771.15625,18300928
2026-01-11 16:16:00+00:00,90767.9140625,90767.9140625,90767.9140625,90767.9140625,0
2026-01-11 16:17:00+00:00,90799.6484375,90799.6484375,90799.6484375,90799.6484375,18679808
2026-01-11 16:18:00+00:00,90815.2109375,90815.2109375,90815.2109375,90815.2109375,433152
2026-01-11 16:19:00+00:00,90801.203125,90801.203125,90801.203125,90801.203125,11433984
2026-01-11 16:20:00+00:00,90828.390625,90828.390625,90828.390625,90828.390625,0
2026-01-11 16:21:00+00:00,90832.921875,90832.921875,90832.921875,90832.921875,0
2026-01-11 16:23:00+00:00,90857.375,90857.375,90857.375,90857.375,14798848
2026-01-11 16:24:00+00:00,90857.375,90857.375,90857.375,90857.375,0
2026-01-11 16:25:00+00:00,90868.1015625,90868.1015625,90868.1015625,90868.1015625,9095168
2026-01-11 16:26:00+00:00,90871.015625,90871.015625,90871.015625,90871.015625,55410688
2026-01-11 16:27:00+00:00,90870.8046875,90870.8046875,90870.8046875,90870.8046875,4080640
2026-01-11 16:28:00+00:00,90880.3515625,90880.3515625,90880.3515625,90880.3515625,5706752
2026-01-11 16:30:00+00:00,90908.9453125,90908.9453125,90908.9453125,90908.9453125,33451008
2026-01-11 16:31:00+00:00,90999.9453125,90999.9453125,90999.9453125,90999.9453125,63606784
2026-01-11 16:32:00+00:00,91054.234375,91054.234375,91054.234375,91054.234375,29339648
2026-01-11 16:33:00+00:00,91147.3671875,91147.3671875,91147.3671875,91147.3671875,23820288
2026-01-11 16:35:00+00:00,91058.171875,91058.171875,91058.171875,91058.171875,86573056
2026-01-11 16:36:00+00:00,91085.109375,91085.109375,91085.109375,91085.109375,22381568
2026-01-11 16:37:00+00:00,91054.84375,91054.84375,91054.84375,91054.84375,23227392
2026-01-11 16:38:00+00:00,91041.9609375,91041.9609375,91041.9609375,91041.9609375,0
2026-01-11 16:39:00+00:00,91025.28125,91025.28125,91025.28125,91025.28125,29241344
2026-01-11 16:40:00+00:00,91014.8671875,91014.8671875,91014.8671875,91014.8671875,0
2026-01-11 16:41:00+00:00,91032.1875,91032.1875,91032.1875,91032.1875,253856768
2026-01-11 16:42:00+00:00,90994.6328125,90994.6328125,90994.6328125,90994.6328125,23052288
2026-01-11 16:43:00+00:00,90989.15625,90989.15625,90989.15625,90989.15625,89213952
2026-01-11 16:44:00+00:00,90985.078125,90985.078125,90985.078125,90985.078125,0
2026-01-11 16:45:00+00:00,90992.21875,90992.21875,90992.21875,90992.21875,1412096
2026-01-11 16:46:00+00:00,90987.125,90987.125,90987.125,90987.125,0
2026-01-11 16:48:00+00:00,90974.4765625,90974.4765625,90974.4765625,90974.4765625,21504000
2026-01-11 16:50:00+00:00,90913.3125,90913.3125,90913.3125,90913.3125,103649280
2026-01-11 16:51:00+00:00,90859.5703125,90859.5703125,90859.5703125,90859.5703125,0
2026-01-11 16:52:00+00:00,90847.8359375,90847.8359375,90847.8359375,90847.8359375,53619712
2026-01-11 16:54:00+00:00,90905.1796875,90905.1796875,90905.1796875,90905.1796875,3189760
2026-01-11 16:55:00+00:00,90935.875,90935.875,90935.875,90935.875,15796224
2026-01-11 16:56:00+00:00,90928.4921875,90928.4921875,90928.4921875,90928.4921875,0
2026-01-11 16:57:00+00:00,90914.421875,90914.421875,90914.421875,90914.421875,2461696
2026-01-11 16:58:00+00:00,90919.609375,90919.609375,90919.609375,90919.609375,7083008
2026-01-11 16:59:00+00:00,90905.046875,90905.046875,90905.046875,90905.046875,829440
2026-01-11 17:00:00+00:00,90912.34375,90912.34375,90912.34375,90912.34375,1814528
2026-01-11 17:02:00+00:00,90913.3125,90913.3125,90913.3125,90913.3125,0
2026-01-11 17:03:00+00:00,90916.8203125,90916.8203125,90916.8203125,90916.8203125,1498112
2026-01-11 17:04:00+00:00,90912.3125,90912.3125,90912.3125,90912.3125,27464704
2026-01-11 17:05:00+00:00,90926.6171875,90926.6171875,90926.6171875,90926.6171875,0
2026-01-11 17:06:00+00:00,90926.4296875,90926.4296875,90926.4296875,90926.4296875,21535744
2026-01-11 17:07:00+00:00,90930.203125,90930.203125,90930.203125,90930.203125,39882752
2026-01-11 17:08:00+00:00,90992.71875,90992.71875,90992.71875,90992.71875,28730368
2026-01-11 17:09:00+00:00,90990.6953125,90990.6953125,90990.6953125,90990.6953125,0
2026-01-11 17:10:00+00:00,90991.109375,90991.109375,90991.109375,90991.109375,0
2026-01-11 17:12:00+00:00,91014.5078125,91014.5078125,91014.5078125,91014.5078125,146432
2026-01-11 17:13:00+00:00,91012.359375,91012.359375,91012.359375,91012.359375,62512128
2026-01-11 17:14:00+00:00,90954.1015625,90954.1015625,90954.1015625,90954.1015625,5614592
2026-01-11 17:15:00+00:00,90949.25,90949.25,90949.25,90949.25,14872576
2026-01-11 17:16:00+00:00,90866.15625,90866.15625,90866.15625,90866.15625,26469376
2026-01-11 17:17:00+00:00,90879.0546875,90879.0546875,90879.0546875,90879.0546875,8630272
2026-01-11 17:18:00+00:00,90882.4765625,90882.4765625,90882.4765625,90882.4765625,0
2026-01-11 17:19:00+00:00,90853.0078125,90853.0078125,90853.0078125,90853.0078125,135755776
2026-01-11 17:20:00+00:00,90858.1171875,90858.1171875,90858.1171875,90858.1171875,1383424
2026-01-11 17:22:00+00:00,90810.578125,90810.578125,90810.578125,90810.578125,1100800
2026-01-11 17:23:00+00:00,90872.5,90872.5,90872.5,90872.5,1814528
2026-01-11 17:24:00+00:00,90897.1640625,90897.1640625,90897.1640625,90897.1640625,26162176
2026-01-11 17:25:00+00:00,90888.1953125,90888.1953125,90888.1953125,90888.1953125,0
2026-01-11 17:26:00+00:00,90887.375,90887.375,90887.375,90887.375,493568
2026-01-11 17:27:00+00:00,90894.140625,90894.140625,90894.140625,90894.140625,1491968
2026-01-11 17:28:00+00:00,90920.8359375,90920.8359375,90920.8359375,90920.8359375,39699456
2026-01-11 17:30:00+00:00,90920.546875,90920.546875,90920.546875,90920.546875,0
2026-01-11 17:31:00+00:00,90914.6796875,90914.6796875,90914.6796875,90914.6796875,0
2026-01-11 17:33:00+00:00,90912.078125,90912.078125,90912.078125,90912.078125,21777408
2026-01-11 17:34:00+00:00,90918.4609375,90918.4609375,90918.4609375,90918.4609375,0
2026-01-11 17:35:00+00:00,90925.3671875,90925.3671875,90925.3671875,90925.3671875,0
2026-01-11 17:36:00+00:00,90867.8203125,90867.8203125,90867.8203125,90867.8203125,0
2026-01-11 17:37:00+00:00,90838.953125,90838.953125,90838.953125,90838.953125,91976704
2026-01-11 17:38:00+00:00,90812.96875,90812.96875,90812.96875,90812.96875,4116480
2026-01-11 17:39:00+00:00,90823.0859375,90823.0859375,90823.0859375,90823.0859375,4581376
2026-01-11 17:40:00+00:00,90856.546875,90856.546875,90856.546875,90856.546875,0
2026-01-11 17:41:00+00:00,90838.7578125,90838.7578125,90838.7578125,90838.7578125,140288
2026-01-11 17:42:00+00:00,90834.4453125,90834.4453125,90834.4453125,90834.4453125,918528
2026-01-11 17:43:00+00:00,90846.3828125,90846.3828125,90846.3828125,90846.3828125,0
2026-01-11 17:45:00+00:00,90857.1796875,90857.1796875,90857.1796875,90857.1796875,4953088
2026-01-11 17:46:00+00:00,90845.3515625,90845.3515625,90845.3515625,90845.3515625,151408640
2026-01-11 17:48:00+00:00,90828.8125,90828.8125,90828.8125,90828.8125,0
2026-01-11 17:49:00+00:00,90836.84375,90836.84375,90836.84375,90836.84375,9290752
2026-01-11 17:50:00+00:00,90840.5625,90840.5625,90840.5625,90840.5625,788480
2026-01-11 17:51:00+00:00,90843.3671875,90843.3671875,90843.3671875,90843.3671875,16388096
2026-01-11 17:52:00+00:00,90841.7890625,90841.7890625,90841.7890625,90841.7890625,0
2026-01-11 17:53:00+00:00,90840.65625,90840.65625,90840.65625,90840.65625,0
2026-01-11 17:54:00+00:00,90877.84375,90877.84375,90877.84375,90877.84375,20635648
2026-01-11 17:55:00+00:00,90878.65625,90878.65625,90878.65625,90878.65625,0
2026-01-11 17:56:00+00:00,90875.8515625,90875.8515625,90875.8515625,90875.8515625,0
2026-01-11 17:57:00+00:00,90885.9375,90885.9375,90885.9375,90885.9375,0
2026-01-11 17:58:00+00:00,90872.1171875,90872.1171875,90872.1171875,90872.1171875,82849792
2026-01-11 17:59:00+00:00,90869.96875,90869.96875,90869.96875,90869.96875,0
2026-01-11 18:00:00+00:00,90866.5625,90866.5625,90866.5625,90866.5625,19446784
2026-01-11 18:01:00+00:00,90857.8515625,90857.8515625,90857.8515625,90857.8515625,0
2026-01-11 18:02:00+00:00,90820.5859375,90820.5859375,90820.5859375,90820.5859375,4080640
2026-01-11 18:03:00+00:00,90807.4140625,90807.4140625,90807.4140625,90807.4140625,0
2026-01-11 18:04:00+00:00,90803.890625,90803.890625,90803.890625,90803.890625,0
2026-01-11 18:05:00+00:00,90794.921875,90794.921875,90794.921875,90794.921875,0
2026-01-11 18:06:00+00:00,90779.734375,90779.734375,90779.734375,90779.734375,0
2026-01-11 18:07:00+00:00,90759.203125,90759.203125,90759.203125,90759.203125,0
2026-01-11 18:08:00+00:00,90768.875,90768.875,90768.875,90768.875,2728960
2026-01-11 18:09:00+00:00,90769.296875,90769.296875,90769.296875,90769.296875,18448384
2026-01-11 18:11:00+00:00,90766.7109375,90766.7109375,90766.7109375,90766.7109375,0
2026-01-11 18:12:00+00:00,90780.0234375,90780.0234375,90780.0234375,90780.0234375,0
2026-01-11 18:13:00+00:00,90773.640625,90773.640625,90773.640625,90773.640625,20455424
2026-01-11 18:14:00+00:00,90773.5625,90773.5625,90773.5625,90773.5625,11085824
2026-01-11 18:15:00+00:00,90768.84375,90768.84375,90768.84375,90768.84375,0
2026-01-11 18:16:00+00:00,90776.5078125,90776.5078125,90776.5078125,90776.5078125,77577216
2026-01-11 18:17:00+00:00,90768.4453125,90768.4453125,90768.4453125,90768.4453125,0
2026-01-11 18:18:00+00:00,90775.359375,90775.359375,90775.359375,90775.359375,17959936
2026-01-11 18:19:00+00:00,90775.8984375,90775.8984375,90775.8984375,90775.8984375,0
2026-01-11 18:21:00+00:00,90778.1171875,90778.1171875,90778.1171875,90778.1171875,3128320
2026-01-11 18:22:00+00:00,90795.75,90795.75,90795.75,90795.75,43729920
2026-01-11 18:23:00+00:00,90796.40625,90796.40625,90796.40625,90796.40625,0
2026-01-11 18:24:00+00:00,90793.1328125,90793.1328125,90793.1328125,90793.1328125,0
2026-01-11 18:25:00+00:00,90784.4765625,90784.4765625,90784.4765625,90784.4765625,0
2026-01-11 18:26:00+00:00,90783.359375,90783.359375,90783.359375,90783.359375,0
2026-01-11 18:27:00+00:00,90766.34375,90766.34375,90766.34375,90766.34375,59392
2026-01-11 18:28:00+00:00,90770.125,90770.125,90770.125,90770.125,0
2026-01-11 18:29:00+00:00,90776.203125,90776.203125,90776.203125,90776.203125,18713600
2026-01-11 18:30:00+00:00,90792.9609375,90792.9609375,90792.9609375,90792.9609375,0
2026-01-11 18:31:00+00:00,90791.2421875,90791.2421875,90791.2421875,90791.2421875,0
2026-01-11 18:32:00+00:00,90786.6640625,90786.6640625,90786.6640625,90786.6640625,0
2026-01-11 18:33:00+00:00,90784.8125,90784.8125,90784.8125,90784.8125,0
2026-01-11 18:34:00+00:00,90795.1796875,90795.1796875,90795.1796875,90795.1796875,0
2026-01-11 18:35:00+00:00,90794.984375,90794.984375,90794.984375,90794.984375,133120
2026-01-11 18:36:00+00:00,90777.8671875,90777.8671875,90777.8671875,90777.8671875,696320
2026-01-11 18:37:00+00:00,90682.7578125,90682.7578125,90682.7578125,90682.7578125,16697344
2026-01-11 18:38:00+00:00,90667.1953125,90667.1953125,90667.1953125,90667.1953125,9380864
2026-01-11 18:39:00+00:00,90672.453125,90672.453125,90672.453125,90672.453125,1311744
2026-01-11 18:40:00+00:00,90690.65625,90690.65625,90690.65625,90690.65625,0
2026-01-11 18:41:00+00:00,90681.703125,90681.703125,90681.703125,90681.703125,0
2026-01-11 18:42:00+00:00,90704.4296875,90704.4296875,90704.4296875,90704.4296875,21672960
2026-01-11 18:43:00+00:00,90719.0078125,90719.0078125,90719.0078125,90719.0078125,40997888
2026-01-11 18:45:00+00:00,90721.3984375,90721.3984375,90721.3984375,90721.3984375,3335168
2026-01-11 18:46:00+00:00,90727.375,90727.375,90727.375,90727.375,11086848
2026-01-11 18:47:00+00:00,90737.3203125,90737.3203125,90737.3203125,90737.3203125,0
2026-01-11 18:48:00+00:00,90734.3828125,90734.3828125,90734.3828125,90734.3828125,0
2026-01-11 18:49:00+00:00,90730.625,90730.625,90730.625,90730.625,0
2026-01-11 18:50:00+00:00,90726.1953125,90726.1953125,90726.1953125,90726.1953125,18749440
2026-01-11 18:51:00+00:00,90723.1640625,90723.1640625,90723.1640625,90723.1640625,0
2026-01-11 18:52:00+00:00,90719.3984375,90719.3984375,90719.3984375,90719.3984375,50583552
2026-01-11 18:53:00+00:00,90722.6171875,90722.6171875,90722.6171875,90722.6171875,0
2026-01-11 18:54:00+00:00,90719.046875,90719.046875,90719.046875,90719.046875,1927168
2026-01-11 18:55:00+00:00,90755.984375,90755.984375,90755.984375,90755.984375,84866048
2026-01-11 18:57:00+00:00,90761.6953125,90761.6953125,90761.6953125,90761.6953125,0
2026-01-11 18:58:00+00:00,90755.0234375,90755.0234375,90755.0234375,90755.0234375,73645056
2026-01-11 18:59:00+00:00,90745.3515625,90745.3515625,90745.3515625,90745.3515625,0
2026-01-11 19:00:00+00:00,90757.1640625,90757.1640625,90757.1640625,90757.1640625,0
2026-01-11 19:01:00+00:00,90751.390625,90751.390625,90751.390625,90751.390625,18816000
2026-01-11 19:02:00+00:00,90758.765625,90758.765625,90758.765625,90758.765625,17818624
2026-01-11 19:03:00+00:00,90767.1328125,90767.1328125,90767.1328125,90767.1328125,504832
2026-01-11 19:04:00+00:00,90757.359375,90757.359375,90757.359375,90757.359375,5281792
2026-01-11 19:05:00+00:00,90760.6953125,90760.6953125,90760.6953125,90760.6953125,24806400
2026-01-11 19:06:00+00:00,90758.875,90758.875,90758.875,90758.875,86016
2026-01-11 19:07:00+00:00,90743.9296875,90743.9296875,90743.9296875,90743.9296875,0
2026-01-11 19:08:00+00:00,90728.0234375,90728.0234375,90728.0234375,90728.0234375,0
2026-01-11 19:09:00+00:00,90741.609375,90741.609375,90741.609375,90741.609375,20237312
2026-01-11 19:10:00+00:00,90735.8125,90735.8125,90735.8125,90735.8125,0
2026-01-11 19:11:00+00:00,90720.0546875,90720.0546875,90720.0546875,90720.0546875,20775936
2026-01-11 19:12:00+00:00,90751.3203125,90751.3203125,90751.3203125,90751.3203125,0
2026-01-11 19:13:00+00:00,90791.015625,90791.015625,90791.015625,90791.015625,87475200
2026-01-11 19:14:00+00:00,90787.171875,90787.171875,90787.171875,90787.171875,354304
2026-01-11 19:15:00+00:00,90786.265625,90786.265625,90786.265625,90786.265625,1061888
2026-01-11 19:16:00+00:00,90785.265625,90785.265625,90785.265625,90785.265625,0
2026-01-11 19:17:00+00:00,90768.171875,90768.171875,90768.171875,90768.171875,20390912
2026-01-11 19:18:00+00:00,90758.15625,90758.15625,90758.15625,90758.15625,1246208
2026-01-11 19:19:00+00:00,90757.0625,90757.0625,90757.0625,90757.0625,42746880
2026-01-11 19:20:00+00:00,90769.953125,90769.953125,90769.953125,90769.953125,18192384
2026-01-11 19:21:00+00:00,90774.1875,90774.1875,90774.1875,90774.1875,0
2026-01-11 19:22:00+00:00,90780.90625,90780.90625,90780.90625,90780.90625,0
2026-01-11 19:23:00+00:00,90765.703125,90765.703125,90765.703125,90765.703125,0
2026-01-11 19:25:00+00:00,90776.3125,90776.3125,90776.3125,90776.3125,34116608
2026-01-11 19:26:00+00:00,90770.7421875,90770.7421875,90770.7421875,90770.7421875,1933312
2026-01-11 19:28:00+00:00,90747.3046875,90747.3046875,90747.3046875,90747.3046875,0
2026-01-11 19:30:00+00:00,90763.0625,90763.0625,90763.0625,90763.0625,0
2026-01-11 19:31:00+00:00,90763.1796875,90763.1796875,90763.1796875,90763.1796875,129088512
2026-01-11 19:32:00+00:00,90765.4375,90765.4375,90765.4375,90765.4375,2270208
2026-01-11 19:33:00+00:00,90764.09375,90764.09375,90764.09375,90764.09375,0
2026-01-11 19:34:00+00:00,90755.765625,90755.765625,90755.765625,90755.765625,0
2026-01-11 19:35:00+00:00,90755.1953125,90755.1953125,90755.1953125,90755.1953125,13484032
2026-01-11 19:36:00+00:00,90740.6640625,90740.6640625,90740.6640625,90740.6640625,0
2026-01-11 19:37:00+00:00,90721.484375,90721.484375,90721.484375,90721.484375,22531072
2026-01-11 19:38:00+00:00,90722.296875,90722.296875,90722.296875,90722.296875,0
2026-01-11 19:39:00+00:00,90708.4609375,90708.4609375,90708.4609375,90708.4609375,1268736
2026-01-11 19:40:00+00:00,90705.6875,90705.6875,90705.6875,90705.6875,0
2026-01-11 19:41:00+00:00,90696.8359375,90696.8359375,90696.8359375,90696.8359375,1270784
2026-01-11 19:42:00+00:00,90696.109375,90696.109375,90696.109375,90696.109375,1984512
2026-01-11 19:43:00+00:00,90672.53125,90672.53125,90672.53125,90672.53125,93359104
2026-01-11 19:44:00+00:00,90677.2421875,90677.2421875,90677.2421875,90677.2421875,0
2026-01-11 19:45:00+00:00,90658.828125,90658.828125,90658.828125,90658.828125,0
2026-01-11 19:46:00+00:00,90660.4296875,90660.4296875,90660.4296875,90660.4296875,124880896
2026-01-11 19:47:00+00:00,90637.453125,90637.453125,90637.453125,90637.453125,0
2026-01-11 19:48:00+00:00,90608.9609375,90608.9609375,90608.9609375,90608.9609375,21042176
2026-01-11 19:49:00+00:00,90555.03125,90555.03125,90555.03125,90555.03125,0
2026-01-11 19:50:00+00:00,90605.28125,90605.28125,90605.28125,90605.28125,7169024
2026-01-11 19:51:00+00:00,90591.2421875,90591.2421875,90591.2421875,90591.2421875,19734528
2026-01-11 19:52:00+00:00,90609.0859375,90609.0859375,90609.0859375,90609.0859375,0
2026-01-11 19:53:00+00:00,90618.34375,90618.34375,90618.34375,90618.34375,2965504
2026-01-11 19:54:00+00:00,90608.625,90608.625,90608.625,90608.625,18309120
2026-01-11 19:55:00+00:00,90611.359375,90611.359375,90611.359375,90611.359375,29643776
2026-01-11 19:56:00+00:00,90613.0078125,90613.0078125,90613.0078125,90613.0078125,0
2026-01-11 19:57:00+00:00,90612.2265625,90612.2265625,90612.2265625,90612.2265625,13471744
2026-01-11 19:58:00+00:00,90593.4765625,90593.4765625,90593.4765625,90593.4765625,0
2026-01-11 20:00:00+00:00,90596.71875,90596.71875,90596.71875,90596.71875,357376
2026-01-11 20:02:00+00:00,90502.1015625,90502.1015625,90502.1015625,90502.1015625,11245568
2026-01-11 20:04:00+00:00,90508.6328125,90508.6328125,90508.6328125,90508.6328125,142731264
2026-01-11 20:05:00+00:00,90506.28125,90506.28125,90506.28125,90506.28125,9992192
2026-01-11 20:06:00+00:00,90442.40625,90442.40625,90442.40625,90442.40625,2021376
2026-01-11 20:07:00+00:00,90440.640625,90440.640625,90440.640625,90440.640625,83060736
2026-01-11 20:08:00+00:00,90420.859375,90420.859375,90420.859375,90420.859375,12134400
2026-01-11 20:09:00+00:00,90415.7421875,90415.7421875,90415.7421875,90415.7421875,0
2026-01-11 20:11:00+00:00,90416.328125,90416.328125,90416.328125,90416.328125,48693248
2026-01-11 20:12:00+00:00,90380.734375,90380.734375,90380.734375,90380.734375,8829952
2026-01-11 20:13:00+00:00,90432.1328125,90432.1328125,90432.1328125,90432.1328125,49674240
2026-01-11 20:15:00+00:00,90437.234375,90437.234375,90437.234375,90437.234375,878592
2026-01-11 20:16:00+00:00,90387.234375,90387.234375,90387.234375,90387.234375,63965184
2026-01-11 20:17:00+00:00,90380.6484375,90380.6484375,90380.6484375,90380.6484375,0
2026-01-11 20:18:00+00:00,90348.984375,90348.984375,90348.984375,90348.984375,24087552
2026-01-11 20:19:00+00:00,90309.0390625,90309.0390625,90309.0390625,90309.0390625,35643392
2026-01-11 20:21:00+00:00,90334.4375,90334.4375,90334.4375,90334.4375,0
2026-01-11 20:22:00+00:00,90393.7265625,90393.7265625,90393.7265625,90393.7265625,84217856
2026-01-11 20:23:00+00:00,90435.5390625,90435.5390625,90435.5390625,90435.5390625,0
2026-01-11 20:24:00+00:00,90450.3828125,90450.3828125,90450.3828125,90450.3828125,4043776
2026-01-11 20:25:00+00:00,90379.5234375,90379.5234375,90379.5234375,90379.5234375,111289344
2026-01-11 20:26:00+00:00,90378.1953125,90378.1953125,90378.1953125,90378.1953125,0
2026-01-11 20:27:00+00:00,90409.0625,90409.0625,90409.0625,90409.0625,28986368
2026-01-11 20:28:00+00:00,90390.1328125,90390.1328125,90390.1328125,90390.1328125,0
2026-01-11 20:29:00+00:00,90417.7890625,90417.7890625,90417.7890625,90417.7890625,2043904
2026-01-11 20:31:00+00:00,90399.015625,90399.015625,90399.015625,90399.015625,121390080
2026-01-11 20:32:00+00:00,90389.578125,90389.578125,90389.578125,90389.578125,844800
2026-01-11 20:33:00+00:00,90477.4375,90477.4375,90477.4375,90477.4375,10053632
2026-01-11 20:34:00+00:00,90479.4453125,90479.4453125,90479.4453125,90479.4453125,43385856
2026-01-11 20:35:00+00:00,90477.9453125,90477.9453125,90477.9453125,90477.9453125,1949696
2026-01-11 20:36:00+00:00,90479.3984375,90479.3984375,90479.3984375,90479.3984375,18637824
2026-01-11 20:37:00+00:00,90497.9375,90497.9375,90497.9375,90497.9375,38823936
2026-01-11 20:38:00+00:00,90490.1328125,90490.1328125,90490.1328125,90490.1328125,0
2026-01-11 20:39:00+00:00,90497.4140625,90497.4140625,90497.4140625,90497.4140625,0
2026-01-11 20:40:00+00:00,90509.2734375,90509.2734375,90509.2734375,90509.2734375,0
2026-01-11 20:41:00+00:00,90501.5546875,90501.5546875,90501.5546875,90501.5546875,27552768
2026-01-11 20:42:00+00:00,90503.4765625,90503.4765625,90503.4765625,90503.4765625,2326528
2026-01-11 20:43:00+00:00,90475.4453125,90475.4453125,90475.4453125,90475.4453125,131996672
2026-01-11 20:44:00+00:00,90462.1640625,90462.1640625,90462.1640625,90462.1640625,2694144
2026-01-11 20:45:00+00:00,90478.1171875,90478.1171875,90478.1171875,90478.1171875,22734848
2026-01-11 20:46:00+00:00,90495.8046875,90495.8046875,90495.8046875,90495.8046875,3960832
2026-01-11 20:47:00+00:00,90514.9296875,90514.9296875,90514.9296875,90514.9296875,1771520
2026-01-11 20:48:00+00:00,90502.5234375,90502.5234375,90502.5234375,90502.5234375,1813504
2026-01-11 20:49:00+00:00,90506.6484375,90506.6484375,90506.6484375,90506.6484375,1024
2026-01-11 20:50:00+00:00,90535.140625,90535.140625,90535.140625,90535.140625,3304448
2026-01-11 20:51:00+00:00,90527.40625,90527.40625,90527.40625,90527.40625,0
2026-01-11 20:52:00+00:00,90533.9140625,90533.9140625,90533.9140625,90533.9140625,0
2026-01-11 20:53:00+00:00,90546.109375,90546.109375,90546.109375,90546.109375,0
2026-01-11 20:54:00+00:00,90532.1328125,90532.1328125,90532.1328125,90532.1328125,21212160
2026-01-11 20:55:00+00:00,90529.0625,90529.0625,90529.0625,90529.0625,0
2026-01-11 20:56:00+00:00,90537.328125,90537.328125,90537.328125,90537.328125,0
2026-01-11 20:57:00+00:00,90541.546875,90541.546875,90541.546875,90541.546875,0
2026-01-11 20:58:00+00:00,90538.40625,90538.40625,90538.40625,90538.40625,0
2026-01-11 21:00:00+00:00,90573.2734375,90573.2734375,90573.2734375,90573.2734375,9971712
2026-01-11 21:01:00+00:00,90523.375,90523.375,90523.375,90523.375,138302464
2026-01-11 21:02:00+00:00,90511.8671875,90511.8671875,90511.8671875,90511.8671875,812032
2026-01-11 21:03:00+00:00,90535.21875,90535.21875,90535.21875,90535.21875,8119296
2026-01-11 21:04:00+00:00,90534.59375,90534.59375,90534.59375,90534.59375,0
2026-01-11 21:05:00+00:00,90488.3984375,90488.3984375,90488.3984375,90488.3984375,23349248
2026-01-11 21:06:00+00:00,90474.1640625,90474.1640625,90474.1640625,90474.1640625,789504
2026-01-11 21:07:00+00:00,90482.4609375,90482.4609375,90482.4609375,90482.4609375,0
2026-01-11 21:08:00+00:00,90487.546875,90487.546875,90487.546875,90487.546875,5149696
2026-01-11 21:09:00+00:00,90503.7890625,90503.7890625,90503.7890625,90503.7890625,23627776
2026-01-11 21:10:00+00:00,90509.6640625,90509.6640625,90509.6640625,90509.6640625,24568832
2026-01-11 21:12:00+00:00,90514.2421875,90514.2421875,90514.2421875,90514.2421875,0
2026-01-11 21:13:00+00:00,90507.5,90507.5,90507.5,90507.5,9095168
2026-01-11 21:14:00+00:00,90525.4296875,90525.4296875,90525.4296875,90525.4296875,0
2026-01-11 21:15:00+00:00,90536.296875,90536.296875,90536.296875,90536.296875,333824
2026-01-11 21:16:00+00:00,90539.6796875,90539.6796875,90539.6796875,90539.6796875,3919872
2026-01-11 21:17:00+00:00,90578.0625,90578.0625,90578.0625,90578.0625,0
2026-01-11 21:18:00+00:00,90573.0390625,90573.0390625,90573.0390625,90573.0390625,4157440
2026-01-11 21:19:00+00:00,90601.09375,90601.09375,90601.09375,90601.09375,47789056
2026-01-11 21:20:00+00:00,90600.359375,90600.359375,90600.359375,90600.359375,1758208
2026-01-11 21:21:00+00:00,90578.390625,90578.390625,90578.390625,90578.390625,0
2026-01-11 21:22:00+00:00,90556.421875,90556.421875,90556.421875,90556.421875,0
2026-01-11 21:23:00+00:00,90548.2109375,90548.2109375,90548.2109375,90548.2109375,267264
2026-01-11 21:24:00+00:00,90545.4140625,90545.4140625,90545.4140625,90545.4140625,0
2026-01-11 21:25:00+00:00,90546.53125,90546.53125,90546.53125,90546.53125,32369664
2026-01-11 21:26:00+00:00,90551.109375,90551.109375,90551.109375,90551.109375,0
2026-01-11 21:27:00+00:00,90523.203125,90523.203125,90523.203125,90523.203125,268288
2026-01-11 21:28:00+00:00,90515.8125,90515.8125,90515.8125,90515.8125,20045824
2026-01-11 21:29:00+00:00,90513.5546875,90513.5546875,90513.5546875,90513.5546875,0
2026-01-11 21:30:00+00:00,90528.8359375,90528.8359375,90528.8359375,90528.8359375,8406016
2026-01-11 21:31:00+00:00,90587.734375,90587.734375,90587.734375,90587.734375,55941120
2026-01-11 21:32:00+00:00,90568.2265625,90568.2265625,90568.2265625,90568.2265625,0
2026-01-11 21:33:00+00:00,90547.8984375,90547.8984375,90547.8984375,90547.8984375,0
2026-01-11 21:34:00+00:00,90566.0078125,90566.0078125,90566.0078125,90566.0078125,27957248
2026-01-11 21:35:00+00:00,90569.71875,90569.71875,90569.71875,90569.71875,7332864
2026-01-11 21:36:00+00:00,90564.375,90564.375,90564.375,90564.375,0
2026-01-11 21:37:00+00:00,90563.0859375,90563.0859375,90563.0859375,90563.0859375,0
2026-01-11 21:38:00+00:00,90561.1328125,90561.1328125,90561.1328125,90561.1328125,22597632
2026-01-11 21:39:00+00:00,90560.546875,90560.546875,90560.546875,90560.546875,663552
2026-01-11 21:40:00+00:00,90533.3046875,90533.3046875,90533.3046875,90533.3046875,118084608
2026-01-11 21:41:00+00:00,90535.9296875,90535.9296875,90535.9296875,90535.9296875,0
2026-01-11 21:42:00+00:00,90559.8125,90559.8125,90559.8125,90559.8125,3688448
2026-01-11 21:43:00+00:00,90556.3515625,90556.3515625,90556.3515625,90556.3515625,0
2026-01-11 21:44:00+00:00,90561.609375,90561.609375,90561.609375,90561.609375,523264
2026-01-11 21:45:00+00:00,90558.578125,90558.578125,90558.578125,90558.578125,792576
2026-01-11 21:46:00+00:00,90559.625,90559.625,90559.625,90559.625,0
2026-01-11 21:48:00+00:00,90620.9765625,90620.9765625,90620.9765625,90620.9765625,37587968
2026-01-11 21:49:00+00:00,90635.6875,90635.6875,90635.6875,90635.6875,28208128
2026-01-11 21:50:00+00:00,90645.625,90645.625,90645.625,90645.625,1280000
2026-01-11 21:51:00+00:00,90651.6484375,90651.6484375,90651.6484375,90651.6484375,3148800
2026-01-11 21:52:00+00:00,90599.375,90599.375,90599.375,90599.375,61570048
2026-01-11 21:53:00+00:00,90638.421875,90638.421875,90638.421875,90638.421875,6270976
2026-01-11 21:54:00+00:00,90677.828125,90677.828125,90677.828125,90677.828125,29630464
2026-01-11 21:55:00+00:00,90665.3203125,90665.3203125,90665.3203125,90665.3203125,7504896
2026-01-11 21:56:00+00:00,90659.421875,90659.421875,90659.421875,90659.421875,4691968
2026-01-11 21:57:00+00:00,90645.859375,90645.859375,90645.859375,90645.859375,22146048
2026-01-11 21:58:00+00:00,90649.90625,90649.90625,90649.90625,90649.90625,58610688
2026-01-11 21:59:00+00:00,90646.3125,90646.3125,90646.3125,90646.3125,6343680
2026-01-11 22:00:00+00:00,90623.984375,90623.984375,90623.984375,90623.984375,18350080
2026-01-11 22:01:00+00:00,90609.3984375,90609.3984375,90609.3984375,90609.3984375,0
2026-01-11 22:02:00+00:00,90577.0,90577.0,90577.0,90577.0,0
2026-01-11 22:03:00+00:00,90541.828125,90541.828125,90541.828125,90541.828125,28903424
2026-01-11 22:04:00+00:00,90518.4296875,90518.4296875,90518.4296875,90518.4296875,38620160
2026-01-11 22:05:00+00:00,90495.4609375,90495.4609375,90495.4609375,90495.4609375,4321280
2026-01-11 22:06:00+00:00,90400.828125,90400.828125,90400.828125,90400.828125,0
2026-01-11 22:07:00+00:00,90432.9296875,90432.9296875,90432.9296875,90432.9296875,0
2026-01-11 22:08:00+00:00,90451.6640625,90451.6640625,90451.6640625,90451.6640625,20114432
2026-01-11 22:09:00+00:00,90335.2421875,90335.2421875,90335.2421875,90335.2421875,0
2026-01-11 22:11:00+00:00,90381.28125,90381.28125,90381.28125,90381.28125,0
2026-01-11 22:12:00+00:00,90381.03125,90381.03125,90381.03125,90381.03125,0
2026-01-11 22:13:00+00:00,90404.234375,90404.234375,90404.234375,90404.234375,92710912
2026-01-11 22:14:00+00:00,90448.8203125,90448.8203125,90448.8203125,90448.8203125,20457472
2026-01-11 22:15:00+00:00,90428.2578125,90428.2578125,90428.2578125,90428.2578125,0
2026-01-11 22:16:00+00:00,90485.2890625,90485.2890625,90485.2890625,90485.2890625,0
2026-01-11 22:17:00+00:00,90480.28125,90480.28125,90480.28125,90480.28125,0
2026-01-11 22:18:00+00:00,90445.0546875,90445.0546875,90445.0546875,90445.0546875,24209408
2026-01-11 22:19:00+00:00,90427.828125,90427.828125,90427.828125,90427.828125,65457152
2026-01-11 22:20:00+00:00,90447.3125,90447.3125,90447.3125,90447.3125,0
2026-01-11 22:22:00+00:00,90537.140625,90537.140625,90537.140625,90537.140625,42671104
2026-01-11 22:23:00+00:00,90522.703125,90522.703125,90522.703125,90522.703125,2632704
2026-01-11 22:24:00+00:00,90525.8046875,90525.8046875,90525.8046875,90525.8046875,0
2026-01-11 22:25:00+00:00,90558.0703125,90558.0703125,90558.0703125,90558.0703125,0
2026-01-11 22:26:00+00:00,90576.5859375,90576.5859375,90576.5859375,90576.5859375,0
2026-01-11 22:27:00+00:00,90579.8046875,90579.8046875,90579.8046875,90579.8046875,2635776
2026-01-11 22:28:00+00:00,90577.1796875,90577.1796875,90577.1796875,90577.1796875,37089280
2026-01-11 22:29:00+00:00,90574.28125,90574.28125,90574.28125,90574.28125,278983680
2026-01-11 22:30:00+00:00,90562.5078125,90562.5078125,90562.5078125,90562.5078125,0
2026-01-11 22:31:00+00:00,90560.390625,90560.390625,90560.390625,90560.390625,72510464
2026-01-11 22:32:00+00:00,90594.921875,90594.921875,90594.921875,90594.921875,22632448
2026-01-11 22:33:00+00:00,90585.796875,90585.796875,90585.796875,90585.796875,0
2026-01-11 22:34:00+00:00,90597.9609375,90597.9609375,90597.9609375,90597.9609375,0
2026-01-11 22:36:00+00:00,90588.9375,90588.9375,90588.9375,90588.9375,3853312
2026-01-11 22:37:00+00:00,90569.3046875,90569.3046875,90569.3046875,90569.3046875,0
2026-01-11 22:38:00+00:00,90501.5703125,90501.5703125,90501.5703125,90501.5703125,2511872
2026-01-11 22:39:00+00:00,90538.875,90538.875,90538.875,90538.875,0
2026-01-11 22:40:00+00:00,90535.6640625,90535.6640625,90535.6640625,90535.6640625,23044096
2026-01-11 22:41:00+00:00,90523.1171875,90523.1171875,90523.1171875,90523.1171875,22412288
2026-01-11 22:42:00+00:00,90570.1640625,90570.1640625,90570.1640625,90570.1640625,1736704
2026-01-11 22:43:00+00:00,90559.71875,90559.71875,90559.71875,90559.71875,103374848
2026-01-11 22:44:00+00:00,90587.0625,90587.0625,90587.0625,90587.0625,605184
2026-01-11 22:45:00+00:00,90580.203125,90580.203125,90580.203125,90580.203125,362496
2026-01-11 22:46:00+00:00,90571.546875,90571.546875,90571.546875,90571.546875,0
2026-01-11 22:47:00+00:00,90584.625,90584.625,90584.625,90584.625,0
2026-01-11 22:48:00+00:00,90584.625,90584.625,90584.625,90584.625,0
2026-01-11 22:49:00+00:00,90584.625,90584.625,90584.625,90584.625,427008
2026-01-11 22:50:00+00:00,90499.0234375,90499.0234375,90499.0234375,90499.0234375,0
2026-01-11 22:51:00+00:00,90505.1875,90505.1875,90505.1875,90505.1875,3024896
2026-01-11 22:52:00+00:00,90505.78125,90505.78125,90505.78125,90505.78125,38146048
2026-01-11 22:53:00+00:00,90502.875,90502.875,90502.875,90502.875,483328
2026-01-11 22:54:00+00:00,90485.3984375,90485.3984375,90485.3984375,90485.3984375,0
2026-01-11 22:55:00+00:00,90410.15625,90410.15625,90410.15625,90410.15625,90947584
2026-01-11 22:56:00+00:00,90452.90625,90452.90625,90452.90625,90452.90625,24460288
2026-01-11 22:57:00+00:00,90455.953125,90455.953125,90455.953125,90455.953125,0
2026-01-11 22:58:00+00:00,90444.8671875,90444.8671875,90444.8671875,90444.8671875,0
2026-01-11 22:59:00+00:00,90430.3515625,90430.3515625,90430.3515625,90430.3515625,4056064
2026-01-11 23:00:00+00:00,90400.2109375,90400.2109375,90400.2109375,90400.2109375,0
2026-01-11 23:01:00+00:00,90401.1484375,90401.1484375,90401.1484375,90401.1484375,0
2026-01-11 23:02:00+00:00,90409.9453125,90409.9453125,90409.9453125,90409.9453125,24498176
2026-01-11 23:03:00+00:00,90353.34375,90353.34375,90353.34375,90353.34375,0
2026-01-11 23:04:00+00:00,90340.296875,90340.296875,90340.296875,90340.296875,0
2026-01-11 23:05:00+00:00,90239.1640625,90239.1640625,90239.1640625,90239.1640625,10155008
2026-01-11 23:06:00+00:00,90237.5,90237.5,90237.5,90237.5,25256960
2026-01-11 23:07:00+00:00,90226.9609375,90226.9609375,90226.9609375,90226.9609375,70796288
2026-01-11 23:08:00+00:00,90249.84375,90249.84375,90249.84375,90249.84375,0
2026-01-11 23:09:00+00:00,90259.03125,90259.03125,90259.03125,90259.03125,0
2026-01-11 23:10:00+00:00,90304.421875,90304.421875,90304.421875,90304.421875,191010816
2026-01-11 23:12:00+00:00,90400.859375,90400.859375,90400.859375,90400.859375,354585600
2026-01-11 23:13:00+00:00,90451.6328125,90451.6328125,90451.6328125,90451.6328125,59190272
2026-01-11 23:14:00+00:00,90422.5,90422.5,90422.5,90422.5,10421248
2026-01-11 23:15:00+00:00,90568.3125,90568.3125,90568.3125,90568.3125,2166784
2026-01-11 23:16:00+00:00,90606.1015625,90606.1015625,90606.1015625,90606.1015625,113504256
2026-01-11 23:17:00+00:00,90759.1640625,90759.1640625,90759.1640625,90759.1640625,19799040
2026-01-11 23:18:00+00:00,90804.0546875,90804.0546875,90804.0546875,90804.0546875,18421760
2026-01-11 23:19:00+00:00,90846.3125,90846.3125,90846.3125,90846.3125,115733504
2026-01-11 23:20:00+00:00,90888.4453125,90888.4453125,90888.4453125,90888.4453125,9059328
2026-01-11 23:21:00+00:00,90835.2578125,90835.2578125,90835.2578125,90835.2578125,10091520
2026-01-11 23:22:00+00:00,90725.265625,90725.265625,90725.265625,90725.265625,140390400
2026-01-11 23:23:00+00:00,90673.2421875,90673.2421875,90673.2421875,90673.2421875,11799552
2026-01-11 23:24:00+00:00,90709.1640625,90709.1640625,90709.1640625,90709.1640625,0
2026-01-11 23:25:00+00:00,90678.078125,90678.078125,90678.078125,90678.078125,64057344
2026-01-11 23:26:00+00:00,90627.1640625,90627.1640625,90627.1640625,90627.1640625,40217600
2026-01-11 23:27:00+00:00,90698.5625,90698.5625,90698.5625,90698.5625,4633600
2026-01-11 23:28:00+00:00,90655.03125,90655.03125,90655.03125,90655.03125,34698240
2026-01-11 23:29:00+00:00,90673.4921875,90673.4921875,90673.4921875,90673.4921875,11479040
2026-01-11 23:30:00+00:00,90616.5234375,90616.5234375,90616.5234375,90616.5234375,3303424
2026-01-11 23:31:00+00:00,90585.3203125,90585.3203125,90585.3203125,90585.3203125,0
2026-01-11 23:32:00+00:00,90622.890625,90622.890625,90622.890625,90622.890625,0
2026-01-11 23:33:00+00:00,90646.3671875,90646.3671875,90646.3671875,90646.3671875,5921792
2026-01-11 23:34:00+00:00,90688.0625,90688.0625,90688.0625,90688.0625,37279744
2026-01-11 23:35:00+00:00,90651.5234375,90651.5234375,90651.5234375,90651.5234375,28152832
2026-01-11 23:36:00+00:00,90643.578125,90643.578125,90643.578125,90643.578125,0
2026-01-11 23:37:00+00:00,90645.5078125,90645.5078125,90645.5078125,90645.5078125,24461312
2026-01-11 23:38:00+00:00,90621.015625,90621.015625,90621.015625,90621.015625,6851584
2026-01-11 23:39:00+00:00,90630.6953125,90630.6953125,90630.6953125,90630.6953125,510976
2026-01-11 23:40:00+00:00,90620.328125,90620.328125,90620.328125,90620.328125,22620160
2026-01-11 23:41:00+00:00,90647.984375,90647.984375,90647.984375,90647.984375,15403008
2026-01-11 23:42:00+00:00,90657.8984375,90657.8984375,90657.8984375,90657.8984375,0
2026-01-11 23:43:00+00:00,90666.4375,90666.4375,90666.4375,90666.4375,11388928
2026-01-11 23:44:00+00:00,90791.0390625,90791.0390625,90791.0390625,90791.0390625,23333888
2026-01-11 23:45:00+00:00,90788.3203125,90788.3203125,90788.3203125,90788.3203125,0
2026-01-11 23:47:00+00:00,90764.9296875,90764.9296875,90764.9296875,90764.9296875,0
2026-01-11 23:48:00+00:00,90793.9453125,90793.9453125,90793.9453125,90793.9453125,0
2026-01-11 23:49:00+00:00,90767.1875,90767.1875,90767.1875,90767.1875,55961600
2026-01-11 23:50:00+00:00,90750.234375,90750.234375,90750.234375,90750.234375,1691648
2026-01-11 23:51:00+00:00,90805.125,90805.125,90805.125,90805.125,28537856
2026-01-11 23:52:00+00:00,90772.890625,90772.890625,90772.890625,90772.890625,64422912
2026-01-11 23:53:00+00:00,90787.8828125,90787.8828125,90787.8828125,90787.8828125,26705920
2026-01-11 23:54:00+00:00,90794.03125,90794.03125,90794.03125,90794.03125,2041856
2026-01-11 23:55:00+00:00,90819.796875,90819.796875,90819.796875,90819.796875,0
2026-01-11 23:56:00+00:00,90816.25,90816.25,90816.25,90816.25,4374528
2026-01-11 23:57:00+00:00,90828.5703125,90828.5703125,90828.5703125,90828.5703125,0
2026-01-11 23:58:00+00:00,90810.1484375,90810.1484375,90810.1484375,90810.1484375,0
2026-01-12 00:00:00+00:00,90851.8984375,90851.8984375,90851.8984375,90851.8984375,108544
2026-01-12 00:01:00+00:00,90812.0,90812.0,90812.0,90812.0,26897408
2026-01-12 00:02:00+00:00,90884.296875,90884.296875,90884.296875,90884.296875,96256
2026-01-12 00:03:00+00:00,90889.8125,90889.8125,90889.8125,90889.8125,0
2026-01-12 00:04:00+00:00,90906.2109375,90906.2109375,90906.2109375,90906.2109375,47499264
2026-01-12 00:05:00+00:00,90834.109375,90834.109375,90834.109375,90834.109375,0
2026-01-12 00:06:00+00:00,90708.0703125,90708.0703125,90708.0703125,90708.0703125,35973120
2026-01-12 00:07:00+00:00,90739.8046875,90739.8046875,90739.8046875,90739.8046875,0
2026-01-12 00:08:00+00:00,90752.359375,90752.359375,90752.359375,90752.359375,30789632
2026-01-12 00:09:00+00:00,90720.359375,90720.359375,90720.359375,90720.359375,258048
2026-01-12 00:10:00+00:00,90721.6015625,90721.6015625,90721.6015625,90721.6015625,48668672
2026-01-12 00:12:00+00:00,90728.953125,90728.953125,90728.953125,90728.953125,33720320
2026-01-12 00:13:00+00:00,90759.359375,90759.359375,90759.359375,90759.359375,0
2026-01-12 00:14:00+00:00,90792.578125,90792.578125,90792.578125,90792.578125,10471424
2026-01-12 00:15:00+00:00,90797.65625,90797.65625,90797.65625,90797.65625,0
2026-01-12 00:16:00+00:00,90786.421875,90786.421875,90786.421875,90786.421875,91547648
2026-01-12 00:17:00+00:00,90866.6875,90866.6875,90866.6875,90866.6875,34594816
2026-01-12 00:18:00+00:00,90985.9453125,90985.9453125,90985.9453125,90985.9453125,765952
2026-01-12 00:19:00+00:00,90993.75,90993.75,90993.75,90993.75,56111104
2026-01-12 00:20:00+00:00,91019.046875,91019.046875,91019.046875,91019.046875,9611264
2026-01-12 00:21:00+00:00,91082.1171875,91082.1171875,91082.1171875,91082.1171875,24457216
2026-01-12 00:22:00+00:00,91044.3046875,91044.3046875,91044.3046875,91044.3046875,147712000
2026-01-12 00:23:00+00:00,90964.375,90964.375,90964.375,90964.375,35309568
2026-01-12 00:24:00+00:00,90999.4140625,90999.4140625,90999.4140625,90999.4140625,0
2026-01-12 00:25:00+00:00,90999.0390625,90999.0390625,90999.0390625,90999.0390625,120436736
2026-01-12 00:26:00+00:00,91000.9609375,91000.9609375,91000.9609375,91000.9609375,12060672
2026-01-12 00:27:00+00:00,90995.21875,90995.21875,90995.21875,90995.21875,3411968
2026-01-12 00:28:00+00:00,91038.140625,91038.140625,91038.140625,91038.140625,0
2026-01-12 00:29:00+00:00,91031.953125,91031.953125,91031.953125,91031.953125,34281472
2026-01-12 00:31:00+00:00,91046.09375,91046.09375,91046.09375,91046.09375,239427584
2026-01-12 00:32:00+00:00,91029.3359375,91029.3359375,91029.3359375,91029.3359375,8673280
2026-01-12 00:33:00+00:00,90903.7734375,90903.7734375,90903.7734375,90903.7734375,7340032
2026-01-12 00:34:00+00:00,90916.1328125,90916.1328125,90916.1328125,90916.1328125,31307776
2026-01-12 00:36:00+00:00,90892.84375,90892.84375,90892.84375,90892.84375,0
2026-01-12 00:37:00+00:00,90897.15625,90897.15625,90897.15625,90897.15625,78219264
2026-01-12 00:38:00+00:00,90940.234375,90940.234375,90940.234375,90940.234375,0
2026-01-12 00:39:00+00:00,90764.3125,90764.3125,90764.3125,90764.3125,37005312
2026-01-12 00:40:00+00:00,90787.4453125,90787.4453125,90787.4453125,90787.4453125,0
2026-01-12 00:41:00+00:00,90780.515625,90780.515625,90780.515625,90780.515625,0
2026-01-12 00:42:00+00:00,90710.2890625,90710.2890625,90710.2890625,90710.2890625,1357824
2026-01-12 00:43:00+00:00,90704.625,90704.625,90704.625,90704.625,13662208
2026-01-12 00:44:00+00:00,90688.7421875,90688.7421875,90688.7421875,90688.7421875,10344448
2026-01-12 00:45:00+00:00,90706.4921875,90706.4921875,90706.4921875,90706.4921875,440320
2026-01-12 00:47:00+00:00,90722.0703125,90722.0703125,90722.0703125,90722.0703125,101855232
2026-01-12 00:48:00+00:00,90755.3828125,90755.3828125,90755.3828125,90755.3828125,2365440
2026-01-12 00:49:00+00:00,90786.4296875,90786.4296875,90786.4296875,90786.4296875,31907840
2026-01-12 00:51:00+00:00,90701.515625,90701.515625,90701.515625,90701.515625,17704960
2026-01-12 00:53:00+00:00,90617.9765625,90617.9765625,90617.9765625,90617.9765625,68325376
2026-01-12 00:54:00+00:00,90623.4609375,90623.4609375,90623.4609375,90623.4609375,1691648
2026-01-12 00:55:00+00:00,90773.0078125,90773.0078125,90773.0078125,90773.0078125,118190080
2026-01-12 00:56:00+00:00,90788.8984375,90788.8984375,90788.8984375,90788.8984375,0
2026-01-12 00:57:00+00:00,90853.96875,90853.96875,90853.96875,90853.96875,3090432
2026-01-12 00:58:00+00:00,90969.9921875,90969.9921875,90969.9921875,90969.9921875,99500032
2026-01-12 00:59:00+00:00,91032.3671875,91032.3671875,91032.3671875,91032.3671875,0
2026-01-12 01:00:00+00:00,91076.9609375,91076.9609375,91076.9609375,91076.9609375,13699072
2026-01-12 01:02:00+00:00,91214.8359375,91214.8359375,91214.8359375,91214.8359375,503355392
2026-01-12 01:03:00+00:00,91296.4765625,91296.4765625,91296.4765625,91296.4765625,10921984
2026-01-12 01:04:00+00:00,91484.9453125,91484.9453125,91484.9453125,91484.9453125,212758528
2026-01-12 01:05:00+00:00,91512.296875,91512.296875,91512.296875,91512.296875,25946112
2026-01-12 01:06:00+00:00,91553.8203125,91553.8203125,91553.8203125,91553.8203125,20277248
2026-01-12 01:07:00+00:00,91555.0546875,91555.0546875,91555.0546875,91555.0546875,163540992
2026-01-12 01:08:00+00:00,91448.890625,91448.890625,91448.890625,91448.890625,33570816
2026-01-12 01:09:00+00:00,91430.6015625,91430.6015625,91430.6015625,91430.6015625,0
2026-01-12 01:10:00+00:00,91398.4296875,91398.4296875,91398.4296875,91398.4296875,255635456
2026-01-12 01:11:00+00:00,91384.3984375,91384.3984375,91384.3984375,91384.3984375,11902976
2026-01-12 01:12:00+00:00,91429.3046875,91429.3046875,91429.3046875,91429.3046875,8572928
2026-01-12 01:13:00+00:00,91411.7421875,91411.7421875,91411.7421875,91411.7421875,0
2026-01-12 01:14:00+00:00,91369.8515625,91369.8515625,91369.8515625,91369.8515625,11714560
2026-01-12 01:15:00+00:00,91405.2265625,91405.2265625,91405.2265625,91405.2265625,0
2026-01-12 01:16:00+00:00,91282.109375,91282.109375,91282.109375,91282.109375,141271040
2026-01-12 01:17:00+00:00,91286.328125,91286.328125,91286.328125,91286.328125,0
2026-01-12 01:18:00+00:00,91322.53125,91322.53125,91322.53125,91322.53125,0
2026-01-12 01:19:00+00:00,91331.65625,91331.65625,91331.65625,91331.65625,277307392
2026-01-12 01:20:00+00:00,91334.375,91334.375,91334.375,91334.375,422643712
2026-01-12 01:21:00+00:00,91363.9375,91363.9375,91363.9375,91363.9375,0
2026-01-12 01:22:00+00:00,91340.8203125,91340.8203125,91340.8203125,91340.8203125,127477760
2026-01-12 01:23:00+00:00,91355.3828125,91355.3828125,91355.3828125,91355.3828125,8992768
2026-01-12 01:24:00+00:00,91424.7734375,91424.7734375,91424.7734375,91424.7734375,36898816
2026-01-12 01:25:00+00:00,91403.3046875,91403.3046875,91403.3046875,91403.3046875,0
2026-01-12 01:26:00+00:00,91304.15625,91304.15625,91304.15625,91304.15625,35618816
2026-01-12 01:27:00+00:00,91284.546875,91284.546875,91284.546875,91284.546875,0
2026-01-12 01:28:00+00:00,91337.953125,91337.953125,91337.953125,91337.953125,23779328
2026-01-12 01:29:00+00:00,91337.375,91337.375,91337.375,91337.375,17711104
2026-01-12 01:30:00+00:00,91373.7265625,91373.7265625,91373.7265625,91373.7265625,36640768
2026-01-12 01:31:00+00:00,91283.5,91283.5,91283.5,91283.5,132079616
2026-01-12 01:32:00+00:00,91282.3828125,91282.3828125,91282.3828125,91282.3828125,4950016
2026-01-12 01:33:00+00:00,91340.84375,91340.84375,91340.84375,91340.84375,4427776
2026-01-12 01:34:00+00:00,91223.546875,91223.546875,91223.546875,91223.546875,45895680
2026-01-12 01:35:00+00:00,91035.484375,91035.484375,91035.484375,91035.484375,8792064
2026-01-12 01:37:00+00:00,91049.8828125,91049.8828125,91049.8828125,91049.8828125,109985792
2026-01-12 01:38:00+00:00,91065.6796875,91065.6796875,91065.6796875,91065.6796875,0
2026-01-12 01:39:00+00:00,91151.3359375,91151.3359375,91151.3359375,91151.3359375,40757248
2026-01-12 01:40:00+00:00,91131.6328125,91131.6328125,91131.6328125,91131.6328125,0
2026-01-12 01:41:00+00:00,91099.0234375,91099.0234375,91099.0234375,91099.0234375,44816384
2026-01-12 01:42:00+00:00,91110.203125,91110.203125,91110.203125,91110.203125,0
2026-01-12 01:43:00+00:00,91161.6953125,91161.6953125,91161.6953125,91161.6953125,37603328
2026-01-12 01:45:00+00:00,91254.046875,91254.046875,91254.046875,91254.046875,51222528
2026-01-12 01:47:00+00:00,91298.125,91298.125,91298.125,91298.125,0
2026-01-12 01:48:00+00:00,91299.8515625,91299.8515625,91299.8515625,91299.8515625,0
2026-01-12 01:49:00+00:00,91302.40625,91302.40625,91302.40625,91302.40625,118329344
2026-01-12 01:50:00+00:00,91360.5078125,91360.5078125,91360.5078125,91360.5078125,5619712
2026-01-12 01:51:00+00:00,91356.546875,91356.546875,91356.546875,91356.546875,0
2026-01-12 01:52:00+00:00,91329.4609375,91329.4609375,91329.4609375,91329.4609375,77197312
2026-01-12 01:53:00+00:00,91345.484375,91345.484375,91345.484375,91345.484375,5916672
2026-01-12 01:54:00+00:00,91316.578125,91316.578125,91316.578125,91316.578125,2762752
2026-01-12 01:55:00+00:00,91303.875,91303.875,91303.875,91303.875,25202688
2026-01-12 01:56:00+00:00,91313.6875,91313.6875,91313.6875,91313.6875,0
2026-01-12 01:57:00+00:00,91277.1484375,91277.1484375,91277.1484375,91277.1484375,35803136
2026-01-12 01:58:00+00:00,91262.140625,91262.140625,91262.140625,91262.140625,0
2026-01-12 01:59:00+00:00,91262.015625,91262.015625,91262.015625,91262.015625,8120320
2026-01-12 02:00:00+00:00,91274.8984375,91274.8984375,91274.8984375,91274.8984375,2048
2026-01-12 02:01:00+00:00,91302.4453125,91302.4453125,91302.4453125,91302.4453125,111503360
2026-01-12 02:03:00+00:00,91327.5625,91327.5625,91327.5625,91327.5625,6672384
2026-01-12 02:04:00+00:00,91364.0546875,91364.0546875,91364.0546875,91364.0546875,52387840
2026-01-12 02:05:00+00:00,91387.8125,91387.8125,91387.8125,91387.8125,0
2026-01-12 02:06:00+00:00,91405.359375,91405.359375,91405.359375,91405.359375,2265088
2026-01-12 02:08:00+00:00,91427.5625,91427.5625,91427.5625,91427.5625,0
2026-01-12 02:09:00+00:00,91447.7109375,91447.7109375,91447.7109375,91447.7109375,35745792
2026-01-12 02:10:00+00:00,91423.375,91423.375,91423.375,91423.375,145774592
2026-01-12 02:11:00+00:00,91412.9765625,91412.9765625,91412.9765625,91412.9765625,0
2026-01-12 02:12:00+00:00,91395.875,91395.875,91395.875,91395.875,13531136
2026-01-12 02:13:00+00:00,91452.1484375,91452.1484375,91452.1484375,91452.1484375,41205760
2026-01-12 02:14:00+00:00,91498.875,91498.875,91498.875,91498.875,10885120
2026-01-12 02:15:00+00:00,91573.7265625,91573.7265625,91573.7265625,91573.7265625,0
2026-01-12 02:16:00+00:00,91781.8359375,91781.8359375,91781.8359375,91781.8359375,47456256
2026-01-12 02:17:00+00:00,91746.203125,91746.203125,91746.203125,91746.203125,35403776
2026-01-12 02:18:00+00:00,91703.78125,91703.78125,91703.78125,91703.78125,0
2026-01-12 02:19:00+00:00,91661.703125,91661.703125,91661.703125,91661.703125,170635264
2026-01-12 02:20:00+00:00,91638.125,91638.125,91638.125,91638.125,0
2026-01-12 02:21:00+00:00,91588.453125,91588.453125,91588.453125,91588.453125,11059200
2026-01-12 02:23:00+00:00,91509.4140625,91509.4140625,91509.4140625,91509.4140625,209266688
2026-01-12 02:24:00+00:00,91536.71875,91536.71875,91536.71875,91536.71875,0
2026-01-12 02:25:00+00:00,91566.703125,91566.703125,91566.703125,91566.703125,18669568
2026-01-12 02:26:00+00:00,91586.8828125,91586.8828125,91586.8828125,91586.8828125,7659520
2026-01-12 02:27:00+00:00,91599.796875,91599.796875,91599.796875,91599.796875,520192
2026-01-12 02:28:00+00:00,91588.390625,91588.390625,91588.390625,91588.390625,155883520
2026-01-12 02:29:00+00:00,91588.390625,91588.390625,91588.390625,91588.390625,0
2026-01-12 02:30:00+00:00,91668.71875,91668.71875,91668.71875,91668.71875,19836928
2026-01-12 02:31:00+00:00,91667.5546875,91667.5546875,91667.5546875,91667.5546875,48652288
2026-01-12 02:32:00+00:00,91634.75,91634.75,91634.75,91634.75,2281472
2026-01-12 02:33:00+00:00,91628.953125,91628.953125,91628.953125,91628.953125,0
2026-01-12 02:34:00+00:00,91622.3046875,91622.3046875,91622.3046875,91622.3046875,78548992
2026-01-12 02:35:00+00:00,91605.828125,91605.828125,91605.828125,91605.828125,0
2026-01-12 02:36:00+00:00,91637.078125,91637.078125,91637.078125,91637.078125,33118208
2026-01-12 02:37:00+00:00,91715.5546875,91715.5546875,91715.5546875,91715.5546875,216971264
2026-01-12 02:38:00+00:00,91730.3984375,91730.3984375,91730.3984375,91730.3984375,0
2026-01-12 02:39:00+00:00,91809.9765625,91809.9765625,91809.9765625,91809.9765625,44253184
2026-01-12 02:41:00+00:00,91764.46875,91764.46875,91764.46875,91764.46875,0
2026-01-12 02:42:00+00:00,91748.6796875,91748.6796875,91748.6796875,91748.6796875,0
2026-01-12 02:43:00+00:00,91778.171875,91778.171875,91778.171875,91778.171875,0
2026-01-12 02:44:00+00:00,91855.1640625,91855.1640625,91855.1640625,91855.1640625,49491968
2026-01-12 02:45:00+00:00,91827.9375,91827.9375,91827.9375,91827.9375,0
2026-01-12 02:46:00+00:00,91863.1484375,91863.1484375,91863.1484375,91863.1484375,244144128
2026-01-12 02:47:00+00:00,91981.5625,91981.5625,91981.5625,91981.5625,0
2026-01-12 02:48:00+00:00,91973.546875,91973.546875,91973.546875,91973.546875,21573632
2026-01-12 02:50:00+00:00,92042.2578125,92042.2578125,92042.2578125,92042.2578125,212750336
2026-01-12 02:51:00+00:00,92220.484375,92220.484375,92220.484375,92220.484375,27998208
2026-01-12 02:52:00+00:00,92186.546875,92186.546875,92186.546875,92186.546875,122769408
2026-01-12 02:53:00+00:00,92188.6484375,92188.6484375,92188.6484375,92188.6484375,0
2026-01-12 02:54:00+00:00,92132.5859375,92132.5859375,92132.5859375,92132.5859375,9371648
2026-01-12 02:55:00+00:00,92095.9609375,92095.9609375,92095.9609375,92095.9609375,235501568
2026-01-12 02:56:00+00:00,92187.953125,92187.953125,92187.953125,92187.953125,432019456
2026-01-12 02:57:00+00:00,92205.5546875,92205.5546875,92205.5546875,92205.5546875,58894336
2026-01-12 02:58:00+00:00,92160.859375,92160.859375,92160.859375,92160.859375,152289280
2026-01-12 02:59:00+00:00,92115.5234375,92115.5234375,92115.5234375,92115.5234375,0
2026-01-12 03:00:00+00:00,92098.6015625,92098.6015625,92098.6015625,92098.6015625,53565440
2026-01-12 03:01:00+00:00,92118.1171875,92118.1171875,92118.1171875,92118.1171875,44898304
2026-01-12 03:02:00+00:00,92122.5625,92122.5625,92122.5625,92122.5625,8357888
2026-01-12 03:03:00+00:00,92042.25,92042.25,92042.25,92042.25,12836864
2026-01-12 03:04:00+00:00,92025.4765625,92025.4765625,92025.4765625,92025.4765625,0
2026-01-12 03:05:00+00:00,92041.0546875,92041.0546875,92041.0546875,92041.0546875,2707456
2026-01-12 03:06:00+00:00,92113.71875,92113.71875,92113.71875,92113.71875,520192
2026-01-12 03:07:00+00:00,92113.9453125,92113.9453125,92113.9453125,92113.9453125,311678976
2026-01-12 03:08:00+00:00,92149.15625,92149.15625,92149.15625,92149.15625,21245952
2026-01-12 03:10:00+00:00,92203.4609375,92203.4609375,92203.4609375,92203.4609375,0
2026-01-12 03:11:00+00:00,92214.875,92214.875,92214.875,92214.875,7938048
2026-01-12 03:12:00+00:00,92231.2890625,92231.2890625,92231.2890625,92231.2890625,7874560
2026-01-12 03:13:00+00:00,92281.90625,92281.90625,92281.90625,92281.90625,29655040
2026-01-12 03:14:00+00:00,92281.90625,92281.90625,92281.90625,92281.90625,440320
2026-01-12 03:15:00+00:00,92281.90625,92281.90625,92281.90625,92281.90625,0
2026-01-12 03:16:00+00:00,92310.4140625,92310.4140625,92310.4140625,92310.4140625,0
2026-01-12 03:17:00+00:00,92303.3203125,92303.3203125,92303.3203125,92303.3203125,484175872
2026-01-12 03:18:00+00:00,92349.640625,92349.640625,92349.640625,92349.640625,8155136
2026-01-12 03:19:00+00:00,92346.2890625,92346.2890625,92346.2890625,92346.2890625,0
2026-01-12 03:20:00+00:00,92337.4140625,92337.4140625,92337.4140625,92337.4140625,0
2026-01-12 03:21:00+00:00,92350.9296875,92350.9296875,92350.9296875,92350.9296875,48171008
2026-01-12 03:22:00+00:00,92355.328125,92355.328125,92355.328125,92355.328125,33243136
2026-01-12 03:23:00+00:00,92384.8515625,92384.8515625,92384.8515625,92384.8515625,51886080
2026-01-12 03:24:00+00:00,92313.90625,92313.90625,92313.90625,92313.90625,0
2026-01-12 03:25:00+00:00,92340.8671875,92340.8671875,92340.8671875,92340.8671875,343119872
2026-01-12 03:26:00+00:00,92317.6015625,92317.6015625,92317.6015625,92317.6015625,10303488
2026-01-12 03:27:00+00:00,92276.8203125,92276.8203125,92276.8203125,92276.8203125,0
2026-01-12 03:28:00+00:00,92284.0625,92284.0625,92284.0625,92284.0625,139474944
2026-01-12 03:29:00+00:00,92276.75,92276.75,92276.75,92276.75,11876352
2026-01-12 03:30:00+00:00,92253.8203125,92253.8203125,92253.8203125,92253.8203125,0
2026-01-12 03:31:00+00:00,92301.7421875,92301.7421875,92301.7421875,92301.7421875,141119488
2026-01-12 03:32:00+00:00,92223.2578125,92223.2578125,92223.2578125,92223.2578125,0
2026-01-12 03:33:00+00:00,92099.5390625,92099.5390625,92099.5390625,92099.5390625,9801728
2026-01-12 03:34:00+00:00,92064.9296875,92064.9296875,92064.9296875,92064.9296875,118470656
2026-01-12 03:35:00+00:00,92085.3671875,92085.3671875,92085.3671875,92085.3671875,53919744
2026-01-12 03:36:00+00:00,92046.875,92046.875,92046.875,92046.875,5502976
2026-01-12 03:37:00+00:00,92024.2109375,92024.2109375,92024.2109375,92024.2109375,0
2026-01-12 03:38:00+00:00,92008.6640625,92008.6640625,92008.6640625,92008.6640625,0
2026-01-12 03:39:00+00:00,92025.765625,92025.765625,92025.765625,92025.765625,64145408
2026-01-12 03:40:00+00:00,92006.0390625,92006.0390625,92006.0390625,92006.0390625,133238784
2026-01-12 03:41:00+00:00,91993.890625,91993.890625,91993.890625,91993.890625,4124672
2026-01-12 03:42:00+00:00,91869.5390625,91869.5390625,91869.5390625,91869.5390625,14702592
2026-01-12 03:43:00+00:00,91854.0390625,91854.0390625,91854.0390625,91854.0390625,0
2026-01-12 03:44:00+00:00,91891.703125,91891.703125,91891.703125,91891.703125,16740352
2026-01-12 03:45:00+00:00,91872.4609375,91872.4609375,91872.4609375,91872.4609375,0
2026-01-12 03:46:00+00:00,91877.2890625,91877.2890625,91877.2890625,91877.2890625,81475584
2026-01-12 03:47:00+00:00,91880.015625,91880.015625,91880.015625,91880.015625,7686144
2026-01-12 03:48:00+00:00,91854.171875,91854.171875,91854.171875,91854.171875,0
2026-01-12 03:49:00+00:00,91809.578125,91809.578125,91809.578125,91809.578125,226424832
2026-01-12 03:50:00+00:00,91810.6640625,91810.6640625,91810.6640625,91810.6640625,11198464
2026-01-12 03:52:00+00:00,91838.7421875,91838.7421875,91838.7421875,91838.7421875,8353792
2026-01-12 03:53:00+00:00,91825.0859375,91825.0859375,91825.0859375,91825.0859375,0
2026-01-12 03:54:00+00:00,91798.578125,91798.578125,91798.578125,91798.578125,47568896
2026-01-12 03:55:00+00:00,91808.3828125,91808.3828125,91808.3828125,91808.3828125,0
2026-01-12 03:56:00+00:00,91850.75,91850.75,91850.75,91850.75,6846464
2026-01-12 03:57:00+00:00,91804.53125,91804.53125,91804.53125,91804.53125,6152192
2026-01-12 03:58:00+00:00,91744.265625,91744.265625,91744.265625,91744.265625,93077504
2026-01-12 03:59:00+00:00,91719.34375,91719.34375,91719.34375,91719.34375,8587264
2026-01-12 04:00:00+00:00,91694.4140625,91694.4140625,91694.4140625,91694.4140625,0
2026-01-12 04:01:00+00:00,91705.0625,91705.0625,91705.0625,91705.0625,218189824
2026-01-12 04:02:00+00:00,91722.8828125,91722.8828125,91722.8828125,91722.8828125,0
2026-01-12 04:03:00+00:00,91731.7265625,91731.7265625,91731.7265625,91731.7265625,5017600
2026-01-12 04:04:00+00:00,91651.09375,91651.09375,91651.09375,91651.09375,0
2026-01-12 04:05:00+00:00,91647.984375,91647.984375,91647.984375,91647.984375,0
2026-01-12 04:06:00+00:00,91686.8828125,91686.8828125,91686.8828125,91686.8828125,9521152
2026-01-12 04:07:00+00:00,91745.4375,91745.4375,91745.4375,91745.4375,259774464
2026-01-12 04:08:00+00:00,91761.7734375,91761.7734375,91761.7734375,91761.7734375,2537472
2026-01-12 04:09:00+00:00,91777.1796875,91777.1796875,91777.1796875,91777.1796875,0
2026-01-12 04:10:00+00:00,91751.90625,91751.90625,91751.90625,91751.90625,0
2026-01-12 04:11:00+00:00,91769.421875,91769.421875,91769.421875,91769.421875,51204096
2026-01-12 04:12:00+00:00,91758.28125,91758.28125,91758.28125,91758.28125,0
2026-01-12 04:13:00+00:00,91888.296875,91888.296875,91888.296875,91888.296875,167149568
2026-01-12 04:14:00+00:00,91918.125,91918.125,91918.125,91918.125,0
2026-01-12 04:15:00+00:00,91947.953125,91947.953125,91947.953125,91947.953125,15429632
2026-01-12 04:16:00+00:00,91969.578125,91969.578125,91969.578125,91969.578125,151324672
2026-01-12 04:17:00+00:00,91968.3046875,91968.3046875,91968.3046875,91968.3046875,4300800
2026-01-12 04:18:00+00:00,91951.6171875,91951.6171875,91951.6171875,91951.6171875,249856
2026-01-12 04:19:00+00:00,91963.5234375,91963.5234375,91963.5234375,91963.5234375,208879616
2026-01-12 04:20:00+00:00,91965.140625,91965.140625,91965.140625,91965.140625,5748736
2026-01-12 04:21:00+00:00,91950.828125,91950.828125,91950.828125,91950.828125,6240256
2026-01-12 04:22:00+00:00,91906.9765625,91906.9765625,91906.9765625,91906.9765625,0
2026-01-12 04:23:00+00:00,91925.2265625,91925.2265625,91925.2265625,91925.2265625,22468608
2026-01-12 04:24:00+00:00,91920.9765625,91920.9765625,91920.9765625,91920.9765625,5625856
2026-01-12 04:25:00+00:00,91931.1015625,91931.1015625,91931.1015625,91931.1015625,81874944
2026-01-12 04:26:00+00:00,91901.3125,91901.3125,91901.3125,91901.3125,2623488
2026-01-12 04:27:00+00:00,91904.3359375,91904.3359375,91904.3359375,91904.3359375,42084352
2026-01-12 04:28:00+00:00,91912.8046875,91912.8046875,91912.8046875,91912.8046875,65665024
2026-01-12 04:29:00+00:00,91901.9375,91901.9375,91901.9375,91901.9375,4589568
2026-01-12 04:30:00+00:00,91910.21875,91910.21875,91910.21875,91910.21875,0
2026-01-12 04:31:00+00:00,91915.6953125,91915.6953125,91915.6953125,91915.6953125,0
2026-01-12 04:32:00+00:00,91898.8515625,91898.8515625,91898.8515625,91898.8515625,75061248
2026-01-12 04:33:00+00:00,91904.234375,91904.234375,91904.234375,91904.234375,0
2026-01-12 04:34:00+00:00,91959.96875,91959.96875,91959.96875,91959.96875,170682368
2026-01-12 04:35:00+00:00,92010.4375,92010.4375,92010.4375,92010.4375,0
2026-01-12 04:36:00+00:00,92039.7578125,92039.7578125,92039.7578125,92039.7578125,5183488
2026-01-12 04:37:00+00:00,92034.5234375,92034.5234375,92034.5234375,92034.5234375,18642944
2026-01-12 04:38:00+00:00,92034.828125,92034.828125,92034.828125,92034.828125,63488
2026-01-12 04:39:00+00:00,92058.2890625,92058.2890625,92058.2890625,92058.2890625,10172416
2026-01-12 04:40:00+00:00,92059.4375,92059.4375,92059.4375,92059.4375,284672
2026-01-12 04:41:00+00:00,92073.2421875,92073.2421875,92073.2421875,92073.2421875,0
2026-01-12 04:42:00+00:00,92092.0703125,92092.0703125,92092.0703125,92092.0703125,8386560
2026-01-12 04:43:00+00:00,92089.6015625,92089.6015625,92089.6015625,92089.6015625,30158848
2026-01-12 04:44:00+00:00,92056.078125,92056.078125,92056.078125,92056.078125,1482752
2026-01-12 04:45:00+00:00,92058.6875,92058.6875,92058.6875,92058.6875,49010688
2026-01-12 04:46:00+00:00,92085.6796875,92085.6796875,92085.6796875,92085.6796875,14374912
2026-01-12 04:47:00+00:00,92137.390625,92137.390625,92137.390625,92137.390625,48277504
2026-01-12 04:48:00+00:00,92131.421875,92131.421875,92131.421875,92131.421875,5163008
2026-01-12 04:49:00+00:00,92151.6484375,92151.6484375,92151.6484375,92151.6484375,228206592
2026-01-12 04:50:00+00:00,92138.6484375,92138.6484375,92138.6484375,92138.6484375,0
2026-01-12 04:51:00+00:00,92126.71875,92126.71875,92126.71875,92126.71875,3229696
2026-01-12 04:53:00+00:00,92082.328125,92082.328125,92082.328125,92082.328125,90298368
2026-01-12 04:54:00+00:00,92061.0625,92061.0625,92061.0625,92061.0625,0
2026-01-12 04:55:00+00:00,92053.8671875,92053.8671875,92053.8671875,92053.8671875,0
2026-01-12 04:56:00+00:00,92033.703125,92033.703125,92033.703125,92033.703125,75776
2026-01-12 04:57:00+00:00,92031.265625,92031.265625,92031.265625,92031.265625,0
2026-01-12 04:58:00+00:00,92035.1796875,92035.1796875,92035.1796875,92035.1796875,0
2026-01-12 04:59:00+00:00,92036.109375,92036.109375,92036.109375,92036.109375,0
2026-01-12 05:00:00+00:00,92035.6484375,92035.6484375,92035.6484375,92035.6484375,2998272
2026-01-12 05:01:00+00:00,91999.4921875,91999.4921875,91999.4921875,91999.4921875,7524352
2026-01-12 05:02:00+00:00,91955.953125,91955.953125,91955.953125,91955.953125,0
2026-01-12 05:03:00+00:00,91972.921875,91972.921875,91972.921875,91972.921875,13463552
2026-01-12 05:04:00+00:00,91991.5390625,91991.5390625,91991.5390625,91991.5390625,47251456
2026-01-12 05:05:00+00:00,92011.4921875,92011.4921875,92011.4921875,92011.4921875,1587200
2026-01-12 05:06:00+00:00,92016.9140625,92016.9140625,92016.9140625,92016.9140625,4896768
2026-01-12 05:07:00+00:00,92023.90625,92023.90625,92023.90625,92023.90625,135956480
2026-01-12 05:08:00+00:00,92009.3046875,92009.3046875,92009.3046875,92009.3046875,1540096
2026-01-12 05:09:00+00:00,92036.21875,92036.21875,92036.21875,92036.21875,5251072
2026-01-12 05:10:00+00:00,92040.234375,92040.234375,92040.234375,92040.234375,137764864
2026-01-12 05:11:00+00:00,92080.7109375,92080.7109375,92080.7109375,92080.7109375,6438912
2026-01-12 05:12:00+00:00,92087.078125,92087.078125,92087.078125,92087.078125,2859008
2026-01-12 05:13:00+00:00,92089.203125,92089.203125,92089.203125,92089.203125,0
2026-01-12 05:14:00+00:00,92063.2890625,92063.2890625,92063.2890625,92063.2890625,880640
2026-01-12 05:15:00+00:00,92020.125,92020.125,92020.125,92020.125,0
2026-01-12 05:16:00+00:00,91985.5,91985.5,91985.5,91985.5,74334208
2026-01-12 05:17:00+00:00,91991.5,91991.5,91991.5,91991.5,12240896
2026-01-12 05:18:00+00:00,92032.2265625,92032.2265625,92032.2265625,92032.2265625,2652160
2026-01-12 05:19:00+00:00,92072.6953125,92072.6953125,92072.6953125,92072.6953125,30693376
2026-01-12 05:20:00+00:00,92095.546875,92095.546875,92095.546875,92095.546875,3733504
2026-01-12 05:21:00+00:00,92116.234375,92116.234375,92116.234375,92116.234375,5316608
2026-01-12 05:22:00+00:00,92121.6640625,92121.6640625,92121.6640625,92121.6640625,0
2026-01-12 05:23:00+00:00,92091.9296875,92091.9296875,92091.9296875,92091.9296875,4173824
2026-01-12 05:24:00+00:00,92077.6171875,92077.6171875,92077.6171875,92077.6171875,2488320
2026-01-12 05:25:00+00:00,92081.5546875,92081.5546875,92081.5546875,92081.5546875,345878528
2026-01-12 05:26:00+00:00,92081.875,92081.875,92081.875,92081.875,0
2026-01-12 05:27:00+00:00,92082.109375,92082.109375,92082.109375,92082.109375,47994880
2026-01-12 05:28:00+00:00,92088.1640625,92088.1640625,92088.1640625,92088.1640625,0
2026-01-12 05:29:00+00:00,92121.359375,92121.359375,92121.359375,92121.359375,2484224
2026-01-12 05:30:00+00:00,92113.4609375,92113.4609375,92113.4609375,92113.4609375,5013504
2026-01-12 05:31:00+00:00,92124.28125,92124.28125,92124.28125,92124.28125,0
2026-01-12 05:32:00+00:00,92127.9765625,92127.9765625,92127.9765625,92127.9765625,5117952
2026-01-12 05:33:00+00:00,92077.6875,92077.6875,92077.6875,92077.6875,4749312
2026-01-12 05:34:00+00:00,92033.5546875,92033.5546875,92033.5546875,92033.5546875,53764096
2026-01-12 05:35:00+00:00,92033.1015625,92033.1015625,92033.1015625,92033.1015625,3080192
2026-01-12 05:36:00+00:00,92033.65625,92033.65625,92033.65625,92033.65625,1128448
2026-01-12 05:37:00+00:00,92021.9453125,92021.9453125,92021.9453125,92021.9453125,0
2026-01-12 05:38:00+00:00,92010.71875,92010.71875,92010.71875,92010.71875,0
2026-01-12 05:39:00+00:00,92007.8203125,92007.8203125,92007.8203125,92007.8203125,52473856
2026-01-12 05:40:00+00:00,92029.3671875,92029.3671875,92029.3671875,92029.3671875,61024256
2026-01-12 05:41:00+00:00,92039.21875,92039.21875,92039.21875,92039.21875,2213888
2026-01-12 05:42:00+00:00,92021.6640625,92021.6640625,92021.6640625,92021.6640625,1921024
2026-01-12 05:43:00+00:00,92013.609375,92013.609375,92013.609375,92013.609375,187805696
2026-01-12 05:44:00+00:00,91981.4453125,91981.4453125,91981.4453125,91981.4453125,4102144
2026-01-12 05:45:00+00:00,91989.703125,91989.703125,91989.703125,91989.703125,1376256
2026-01-12 05:46:00+00:00,91987.7890625,91987.7890625,91987.7890625,91987.7890625,71512064
2026-01-12 05:47:00+00:00,91992.7578125,91992.7578125,91992.7578125,91992.7578125,0
2026-01-12 05:48:00+00:00,91980.296875,91980.296875,91980.296875,91980.296875,0
2026-01-12 05:49:00+00:00,91980.6796875,91980.6796875,91980.6796875,91980.6796875,0
2026-01-12 05:50:00+00:00,91971.515625,91971.515625,91971.515625,91971.515625,0
2026-01-12 05:51:00+00:00,91971.875,91971.875,91971.875,91971.875,5937152
2026-01-12 05:52:00+00:00,91988.171875,91988.171875,91988.171875,91988.171875,0
2026-01-12 05:53:00+00:00,91981.7265625,91981.7265625,91981.7265625,91981.7265625,0
2026-01-12 05:54:00+00:00,91987.4140625,91987.4140625,91987.4140625,91987.4140625,0
2026-01-12 05:55:00+00:00,92000.8828125,92000.8828125,92000.8828125,92000.8828125,58918912
2026-01-12 05:56:00+00:00,91996.015625,91996.015625,91996.015625,91996.015625,440320
2026-01-12 05:58:00+00:00,91970.65625,91970.65625,91970.65625,91970.65625,0
2026-01-12 05:59:00+00:00,91991.640625,91991.640625,91991.640625,91991.640625,3794944
2026-01-12 06:00:00+00:00,91984.6796875,91984.6796875,91984.6796875,91984.6796875,1007616
2026-01-12 06:01:00+00:00,91988.2890625,91988.2890625,91988.2890625,91988.2890625,0
2026-01-12 06:02:00+00:00,91953.6875,91953.6875,91953.6875,91953.6875,1505280
2026-01-12 06:03:00+00:00,91945.421875,91945.421875,91945.421875,91945.421875,0
2026-01-12 06:04:00+00:00,91927.9609375,91927.9609375,91927.9609375,91927.9609375,252092416
2026-01-12 06:05:00+00:00,91955.875,91955.875,91955.875,91955.875,0
2026-01-12 06:06:00+00:00,91951.7578125,91951.7578125,91951.7578125,91951.7578125,0
2026-01-12 06:07:00+00:00,91961.7734375,91961.7734375,91961.7734375,91961.7734375,0
2026-01-12 06:08:00+00:00,91986.0703125,91986.0703125,91986.0703125,91986.0703125,8525824
2026-01-12 06:09:00+00:00,92047.7421875,92047.7421875,92047.7421875,92047.7421875,5429248
2026-01-12 06:10:00+00:00,92009.3125,92009.3125,92009.3125,92009.3125,3549184
2026-01-12 06:11:00+00:00,92030.6640625,92030.6640625,92030.6640625,92030.6640625,0
2026-01-12 06:12:00+00:00,92065.4296875,92065.4296875,92065.4296875,92065.4296875,17954816
2026-01-12 06:13:00+00:00,92051.125,92051.125,92051.125,92051.125,0
2026-01-12 06:14:00+00:00,92043.265625,92043.265625,92043.265625,92043.265625,2965504
2026-01-12 06:15:00+00:00,92043.453125,92043.453125,92043.453125,92043.453125,3827712
2026-01-12 06:16:00+00:00,92056.6328125,92056.6328125,92056.6328125,92056.6328125,100274176
2026-01-12 06:17:00+00:00,92045.0234375,92045.0234375,92045.0234375,92045.0234375,1533952
2026-01-12 06:18:00+00:00,92031.640625,92031.640625,92031.640625,92031.640625,1226752
2026-01-12 06:19:00+00:00,91964.796875,91964.796875,91964.796875,91964.796875,38899712
2026-01-12 06:20:00+00:00,91967.21875,91967.21875,91967.21875,91967.21875,0
2026-01-12 06:21:00+00:00,91940.6640625,91940.6640625,91940.6640625,91940.6640625,0
2026-01-12 06:22:00+00:00,91932.5078125,91932.5078125,91932.5078125,91932.5078125,0
2026-01-12 06:23:00+00:00,91917.59375,91917.59375,91917.59375,91917.59375,0
2026-01-12 06:25:00+00:00,91918.1015625,91918.1015625,91918.1015625,91918.1015625,0
2026-01-12 06:26:00+00:00,91891.2109375,91891.2109375,91891.2109375,91891.2109375,0
2026-01-12 06:27:00+00:00,91866.609375,91866.609375,91866.609375,91866.609375,3350528
2026-01-12 06:28:00+00:00,91861.0234375,91861.0234375,91861.0234375,91861.0234375,22501376
2026-01-12 06:29:00+00:00,91865.375,91865.375,91865.375,91865.375,4089856
2026-01-12 06:30:00+00:00,91865.375,91865.375,91865.375,91865.375,2326528
2026-01-12 06:31:00+00:00,91819.0234375,91819.0234375,91819.0234375,91819.0234375,114089984
2026-01-12 06:32:00+00:00,91808.4140625,91808.4140625,91808.4140625,91808.4140625,1701888
2026-01-12 06:33:00+00:00,91820.1484375,91820.1484375,91820.1484375,91820.1484375,4335616
2026-01-12 06:34:00+00:00,91825.875,91825.875,91825.875,91825.875,0
2026-01-12 06:35:00+00:00,91801.125,91801.125,91801.125,91801.125,6227968
2026-01-12 06:36:00+00:00,91765.96875,91765.96875,91765.96875,91765.96875,0
2026-01-12 06:37:00+00:00,91757.765625,91757.765625,91757.765625,91757.765625,0
2026-01-12 06:38:00+00:00,91724.9140625,91724.9140625,91724.9140625,91724.9140625,3522560
2026-01-12 06:39:00+00:00,91697.6171875,91697.6171875,91697.6171875,91697.6171875,6445056
2026-01-12 06:40:00+00:00,91717.7890625,91717.7890625,91717.7890625,91717.7890625,125468672
2026-01-12 06:41:00+00:00,91719.1328125,91719.1328125,91719.1328125,91719.1328125,0
2026-01-12 06:42:00+00:00,91749.1328125,91749.1328125,91749.1328125,91749.1328125,8937472
2026-01-12 06:43:00+00:00,91797.8515625,91797.8515625,91797.8515625,91797.8515625,0
2026-01-12 06:44:00+00:00,91800.6015625,91800.6015625,91800.6015625,91800.6015625,399360
2026-01-12 06:45:00+00:00,91820.625,91820.625,91820.625,91820.625,0
2026-01-12 06:46:00+00:00,91792.453125,91792.453125,91792.453125,91792.453125,0
2026-01-12 06:47:00+00:00,91787.09375,91787.09375,91787.09375,91787.09375,0
2026-01-12 06:48:00+00:00,91767.3671875,91767.3671875,91767.3671875,91767.3671875,6588416
2026-01-12 06:49:00+00:00,91760.1171875,91760.1171875,91760.1171875,91760.1171875,275159040
2026-01-12 06:50:00+00:00,91748.8671875,91748.8671875,91748.8671875,91748.8671875,0
2026-01-12 06:51:00+00:00,91727.359375,91727.359375,91727.359375,91727.359375,5586944
2026-01-12 06:52:00+00:00,91705.3515625,91705.3515625,91705.3515625,91705.3515625,0
2026-01-12 06:53:00+00:00,91707.6875,91707.6875,91707.6875,91707.6875,0
2026-01-12 06:54:00+00:00,91691.34375,91691.34375,91691.34375,91691.34375,0
2026-01-12 06:55:00+00:00,91698.5703125,91698.5703125,91698.5703125,91698.5703125,0
2026-01-12 06:56:00+00:00,91705.453125,91705.453125,91705.453125,91705.453125,556404736
2026-01-12 06:57:00+00:00,91710.859375,91710.859375,91710.859375,91710.859375,0
2026-01-12 06:58:00+00:00,91732.0625,91732.0625,91732.0625,91732.0625,335536128
2026-01-12 07:00:00+00:00,91721.546875,91721.546875,91721.546875,91721.546875,1257472
2026-01-12 07:01:00+00:00,91719.734375,91719.734375,91719.734375,91719.734375,0
2026-01-12 07:02:00+00:00,91662.640625,91662.640625,91662.640625,91662.640625,3098624
2026-01-12 07:03:00+00:00,91669.4375,91669.4375,91669.4375,91669.4375,6227968
2026-01-12 07:04:00+00:00,91703.5078125,91703.5078125,91703.5078125,91703.5078125,56567808
2026-01-12 07:05:00+00:00,91734.4453125,91734.4453125,91734.4453125,91734.4453125,5048320
2026-01-12 07:06:00+00:00,91710.5625,91710.5625,91710.5625,91710.5625,2193408
2026-01-12 07:07:00+00:00,91816.296875,91816.296875,91816.296875,91816.296875,31561728
2026-01-12 07:08:00+00:00,91806.0625,91806.0625,91806.0625,91806.0625,0
2026-01-12 07:09:00+00:00,91798.890625,91798.890625,91798.890625,91798.890625,4929536
2026-01-12 07:10:00+00:00,91806.2578125,91806.2578125,91806.2578125,91806.2578125,50362368
2026-01-12 07:11:00+00:00,91781.9453125,91781.9453125,91781.9453125,91781.9453125,0
2026-01-12 07:12:00+00:00,91743.1640625,91743.1640625,91743.1640625,91743.1640625,4585472
2026-01-12 07:13:00+00:00,91759.234375,91759.234375,91759.234375,91759.234375,18989056
2026-01-12 07:14:00+00:00,91752.640625,91752.640625,91752.640625,91752.640625,2199552
2026-01-12 07:15:00+00:00,91710.3046875,91710.3046875,91710.3046875,91710.3046875,0
2026-01-12 07:17:00+00:00,91768.875,91768.875,91768.875,91768.875,0
2026-01-12 07:18:00+00:00,91738.4765625,91738.4765625,91738.4765625,91738.4765625,15800320
2026-01-12 07:19:00+00:00,91711.5859375,91711.5859375,91711.5859375,91711.5859375,221059072
2026-01-12 07:20:00+00:00,91661.4609375,91661.4609375,91661.4609375,91661.4609375,6408192
2026-01-12 07:21:00+00:00,91632.0390625,91632.0390625,91632.0390625,91632.0390625,563200
2026-01-12 07:22:00+00:00,91649.8046875,91649.8046875,91649.8046875,91649.8046875,0
2026-01-12 07:23:00+00:00,91642.6953125,91642.6953125,91642.6953125,91642.6953125,3348480
2026-01-12 07:24:00+00:00,91651.015625,91651.015625,91651.015625,91651.015625,0
2026-01-12 07:25:00+00:00,91651.265625,91651.265625,91651.265625,91651.265625,75337728
2026-01-12 07:26:00+00:00,91647.6953125,91647.6953125,91647.6953125,91647.6953125,3569664
2026-01-12 07:27:00+00:00,91686.5625,91686.5625,91686.5625,91686.5625,2199552
2026-01-12 07:28:00+00:00,91723.1171875,91723.1171875,91723.1171875,91723.1171875,0
2026-01-12 07:29:00+00:00,91736.3203125,91736.3203125,91736.3203125,91736.3203125,0
2026-01-12 07:30:00+00:00,91760.234375,91760.234375,91760.234375,91760.234375,10256384
2026-01-12 07:31:00+00:00,91758.6171875,91758.6171875,91758.6171875,91758.6171875,59998208
2026-01-12 07:32:00+00:00,91698.609375,91698.609375,91698.609375,91698.609375,3080192
2026-01-12 07:33:00+00:00,91696.8203125,91696.8203125,91696.8203125,91696.8203125,976896
2026-01-12 07:34:00+00:00,91699.9765625,91699.9765625,91699.9765625,91699.9765625,217853952
2026-01-12 07:35:00+00:00,91648.7109375,91648.7109375,91648.7109375,91648.7109375,3076096
2026-01-12 07:36:00+00:00,91602.875,91602.875,91602.875,91602.875,6365184
2026-01-12 07:37:00+00:00,91593.4765625,91593.4765625,91593.4765625,91593.4765625,0
2026-01-12 07:38:00+00:00,91500.2734375,91500.2734375,91500.2734375,91500.2734375,12607488
2026-01-12 07:39:00+00:00,91532.2421875,91532.2421875,91532.2421875,91532.2421875,2375680
2026-01-12 07:40:00+00:00,91544.390625,91544.390625,91544.390625,91544.390625,89735168
2026-01-12 07:41:00+00:00,91539.4765625,91539.4765625,91539.4765625,91539.4765625,1226752
2026-01-12 07:42:00+00:00,91522.1796875,91522.1796875,91522.1796875,91522.1796875,2361344
2026-01-12 07:43:00+00:00,91486.4921875,91486.4921875,91486.4921875,91486.4921875,0
2026-01-12 07:44:00+00:00,91459.3515625,91459.3515625,91459.3515625,91459.3515625,9236480
2026-01-12 07:45:00+00:00,91448.203125,91448.203125,91448.203125,91448.203125,11501568
2026-01-12 07:46:00+00:00,91361.34375,91361.34375,91361.34375,91361.34375,231219200
2026-01-12 07:47:00+00:00,91314.5078125,91314.5078125,91314.5078125,91314.5078125,26413056
2026-01-12 07:48:00+00:00,91376.9375,91376.9375,91376.9375,91376.9375,9621504
2026-01-12 07:49:00+00:00,91384.5546875,91384.5546875,91384.5546875,91384.5546875,137684992
2026-01-12 07:50:00+00:00,91385.984375,91385.984375,91385.984375,91385.984375,3835904
2026-01-12 07:51:00+00:00,91402.9609375,91402.9609375,91402.9609375,91402.9609375,3061760
2026-01-12 07:52:00+00:00,91353.3359375,91353.3359375,91353.3359375,91353.3359375,72284160
2026-01-12 07:53:00+00:00,91325.5703125,91325.5703125,91325.5703125,91325.5703125,9226240
2026-01-12 07:54:00+00:00,91278.328125,91278.328125,91278.328125,91278.328125,11892736
2026-01-12 07:55:00+00:00,91301.6875,91301.6875,91301.6875,91301.6875,34308096
2026-01-12 07:56:00+00:00,91302.171875,91302.171875,91302.171875,91302.171875,8224768
2026-01-12 07:57:00+00:00,91322.8984375,91322.8984375,91322.8984375,91322.8984375,9807872
2026-01-12 07:58:00+00:00,91339.890625,91339.890625,91339.890625,91339.890625,256438272
2026-01-12 07:59:00+00:00,91301.734375,91301.734375,91301.734375,91301.734375,4712448
2026-01-12 08:00:00+00:00,91290.7890625,91290.7890625,91290.7890625,91290.7890625,2082816
2026-01-12 08:01:00+00:00,91283.40625,91283.40625,91283.40625,91283.40625,27729920
2026-01-12 08:02:00+00:00,91294.4921875,91294.4921875,91294.4921875,91294.4921875,9474048
2026-01-12 08:03:00+00:00,91331.1328125,91331.1328125,91331.1328125,91331.1328125,4198400
2026-01-12 08:04:00+00:00,91329.96875,91329.96875,91329.96875,91329.96875,56672256
2026-01-12 08:06:00+00:00,91316.71875,91316.71875,91316.71875,91316.71875,18829312
2026-01-12 08:07:00+00:00,91314.1015625,91314.1015625,91314.1015625,91314.1015625,21893120
2026-01-12 08:08:00+00:00,91374.2578125,91374.2578125,91374.2578125,91374.2578125,9494528
2026-01-12 08:09:00+00:00,91415.4765625,91415.4765625,91415.4765625,91415.4765625,7489536
2026-01-12 08:10:00+00:00,91426.0390625,91426.0390625,91426.0390625,91426.0390625,0
2026-01-12 08:11:00+00:00,91423.9296875,91423.9296875,91423.9296875,91423.9296875,10483712
2026-01-12 08:12:00+00:00,91418.9140625,91418.9140625,91418.9140625,91418.9140625,8980480
2026-01-12 08:13:00+00:00,91431.1875,91431.1875,91431.1875,91431.1875,18462720
2026-01-12 08:14:00+00:00,91499.1796875,91499.1796875,91499.1796875,91499.1796875,9263104
2026-01-12 08:15:00+00:00,91443.4609375,91443.4609375,91443.4609375,91443.4609375,21151744
2026-01-12 08:16:00+00:00,91431.828125,91431.828125,91431.828125,91431.828125,80863232
2026-01-12 08:17:00+00:00,91422.1796875,91422.1796875,91422.1796875,91422.1796875,0
2026-01-12 08:18:00+00:00,91346.5078125,91346.5078125,91346.5078125,91346.5078125,12204032
2026-01-12 08:19:00+00:00,91425.8046875,91425.8046875,91425.8046875,91425.8046875,53184512
2026-01-12 08:20:00+00:00,91435.4140625,91435.4140625,91435.4140625,91435.4140625,835584
2026-01-12 08:21:00+00:00,91436.6875,91436.6875,91436.6875,91436.6875,3995648
2026-01-12 08:22:00+00:00,91408.8515625,91408.8515625,91408.8515625,91408.8515625,39471104
2026-01-12 08:23:00+00:00,91455.765625,91455.765625,91455.765625,91455.765625,1335296
2026-01-12 08:24:00+00:00,91464.703125,91464.703125,91464.703125,91464.703125,1806336
2026-01-12 08:25:00+00:00,91413.0703125,91413.0703125,91413.0703125,91413.0703125,123443200
2026-01-12 08:26:00+00:00,91361.5625,91361.5625,91361.5625,91361.5625,5654528
2026-01-12 08:27:00+00:00,91361.8984375,91361.8984375,91361.8984375,91361.8984375,0
2026-01-12 08:28:00+00:00,91362.8203125,91362.8203125,91362.8203125,91362.8203125,32172032
2026-01-12 08:29:00+00:00,91366.7421875,91366.7421875,91366.7421875,91366.7421875,2129920
2026-01-12 08:30:00+00:00,91351.5234375,91351.5234375,91351.5234375,91351.5234375,2476032
2026-01-12 08:31:00+00:00,91278.6171875,91278.6171875,91278.6171875,91278.6171875,21862400
2026-01-12 08:32:00+00:00,91250.75,91250.75,91250.75,91250.75,10985472
2026-01-12 08:33:00+00:00,91064.625,91064.625,91064.625,91064.625,17891328
2026-01-12 08:34:00+00:00,91085.5703125,91085.5703125,91085.5703125,91085.5703125,75603968
2026-01-12 08:35:00+00:00,91033.90625,91033.90625,91033.90625,91033.90625,0
2026-01-12 08:36:00+00:00,90907.5703125,90907.5703125,90907.5703125,90907.5703125,7636992
2026-01-12 08:37:00+00:00,90774.2265625,90774.2265625,90774.2265625,90774.2265625,132065280
2026-01-12 08:38:00+00:00,90602.890625,90602.890625,90602.890625,90602.890625,20195328
2026-01-12 08:39:00+00:00,90653.4921875,90653.4921875,90653.4921875,90653.4921875,32077824
2026-01-12 08:41:00+00:00,90542.9375,90542.9375,90542.9375,90542.9375,91121664
2026-01-12 08:42:00+00:00,90468.5703125,90468.5703125,90468.5703125,90468.5703125,13735936
2026-01-12 08:43:00+00:00,90437.8125,90437.8125,90437.8125,90437.8125,195569664
2026-01-12 08:44:00+00:00,90480.328125,90480.328125,90480.328125,90480.328125,0
2026-01-12 08:45:00+00:00,90442.796875,90442.796875,90442.796875,90442.796875,16476160
2026-01-12 08:46:00+00:00,90346.46875,90346.46875,90346.46875,90346.46875,244516864
2026-01-12 08:47:00+00:00,90349.578125,90349.578125,90349.578125,90349.578125,619862016
2026-01-12 08:48:00+00:00,90315.640625,90315.640625,90315.640625,90315.640625,10098688
2026-01-12 08:50:00+00:00,90517.5625,90517.5625,90517.5625,90517.5625,90494976
2026-01-12 08:51:00+00:00,90365.359375,90365.359375,90365.359375,90365.359375,16412672
2026-01-12 08:52:00+00:00,90409.84375,90409.84375,90409.84375,90409.84375,51861504
2026-01-12 08:53:00+00:00,90507.0078125,90507.0078125,90507.0078125,90507.0078125,14651392
2026-01-12 08:54:00+00:00,90550.6875,90550.6875,90550.6875,90550.6875,8226816
2026-01-12 08:55:00+00:00,90631.9453125,90631.9453125,90631.9453125,90631.9453125,0
2026-01-12 08:56:00+00:00,90618.4296875,90618.4296875,90618.4296875,90618.4296875,13844480
2026-01-12 08:57:00+00:00,90639.84375,90639.84375,90639.84375,90639.84375,0
2026-01-12 08:58:00+00:00,90681.078125,90681.078125,90681.078125,90681.078125,173004800
2026-01-12 08:59:00+00:00,90669.2109375,90669.2109375,90669.2109375,90669.2109375,5124096
2026-01-12 09:00:00+00:00,90643.09375,90643.09375,90643.09375,90643.09375,11423744
2026-01-12 09:01:00+00:00,90647.296875,90647.296875,90647.296875,90647.296875,0
2026-01-12 09:02:00+00:00,90631.828125,90631.828125,90631.828125,90631.828125,8517632
2026-01-12 09:03:00+00:00,90552.2109375,90552.2109375,90552.2109375,90552.2109375,5427200
2026-01-12 09:04:00+00:00,90572.8984375,90572.8984375,90572.8984375,90572.8984375,338155520
2026-01-12 09:05:00+00:00,90693.984375,90693.984375,90693.984375,90693.984375,14524416
2026-01-12 09:06:00+00:00,90681.7890625,90681.7890625,90681.7890625,90681.7890625,5216256
2026-01-12 09:07:00+00:00,90702.6015625,90702.6015625,90702.6015625,90702.6015625,161677312
2026-01-12 09:08:00+00:00,90709.140625,90709.140625,90709.140625,90709.140625,4018176
2026-01-12 09:09:00+00:00,90698.953125,90698.953125,90698.953125,90698.953125,6545408
2026-01-12 09:10:00+00:00,90675.0078125,90675.0078125,90675.0078125,90675.0078125,30218240
2026-01-12 09:11:00+00:00,90655.8359375,90655.8359375,90655.8359375,90655.8359375,2879488
2026-01-12 09:12:00+00:00,90641.8359375,90641.8359375,90641.8359375,90641.8359375,950272
2026-01-12 09:13:00+00:00,90663.0390625,90663.0390625,90663.0390625,90663.0390625,51861504
2026-01-12 09:14:00+00:00,90697.8671875,90697.8671875,90697.8671875,90697.8671875,3495936
2026-01-12 09:15:00+00:00,90695.1796875,90695.1796875,90695.1796875,90695.1796875,0
2026-01-12 09:16:00+00:00,90689.1484375,90689.1484375,90689.1484375,90689.1484375,0
2026-01-12 09:17:00+00:00,90729.9453125,90729.9453125,90729.9453125,90729.9453125,4997120
2026-01-12 09:18:00+00:00,90743.8046875,90743.8046875,90743.8046875,90743.8046875,0
2026-01-12 09:19:00+00:00,90758.8515625,90758.8515625,90758.8515625,90758.8515625,229140480
2026-01-12 09:20:00+00:00,90763.828125,90763.828125,90763.828125,90763.828125,2168832
2026-01-12 09:21:00+00:00,90758.46875,90758.46875,90758.46875,90758.46875,0
2026-01-12 09:22:00+00:00,90773.609375,90773.609375,90773.609375,90773.609375,0
2026-01-12 09:23:00+00:00,90764.625,90764.625,90764.625,90764.625,6950912
2026-01-12 09:25:00+00:00,90763.9140625,90763.9140625,90763.9140625,90763.9140625,52297728
2026-01-12 09:26:00+00:00,90773.53125,90773.53125,90773.53125,90773.53125,0
2026-01-12 09:27:00+00:00,90687.90625,90687.90625,90687.90625,90687.90625,3796992
2026-01-12 09:28:00+00:00,90717.8203125,90717.8203125,90717.8203125,90717.8203125,0
2026-01-12 09:29:00+00:00,90681.34375,90681.34375,90681.34375,90681.34375,10301440
2026-01-12 09:30:00+00:00,90685.71875,90685.71875,90685.71875,90685.71875,0
2026-01-12 09:31:00+00:00,90740.6875,90740.6875,90740.6875,90740.6875,122370048
2026-01-12 09:32:00+00:00,90786.4921875,90786.4921875,90786.4921875,90786.4921875,71317504
2026-01-12 09:33:00+00:00,90790.6328125,90790.6328125,90790.6328125,90790.6328125,0
2026-01-12 09:34:00+00:00,90790.9765625,90790.9765625,90790.9765625,90790.9765625,0
2026-01-12 09:35:00+00:00,90788.5390625,90788.5390625,90788.5390625,90788.5390625,0
2026-01-12 09:36:00+00:00,90790.2265625,90790.2265625,90790.2265625,90790.2265625,0
2026-01-12 09:37:00+00:00,90722.203125,90722.203125,90722.203125,90722.203125,13166592
2026-01-12 09:38:00+00:00,90704.1640625,90704.1640625,90704.1640625,90704.1640625,15775744
2026-01-12 09:39:00+00:00,90709.453125,90709.453125,90709.453125,90709.453125,8601600
2026-01-12 09:40:00+00:00,90669.3515625,90669.3515625,90669.3515625,90669.3515625,33777664
2026-01-12 09:41:00+00:00,90703.640625,90703.640625,90703.640625,90703.640625,0
2026-01-12 09:42:00+00:00,90720.7421875,90720.7421875,90720.7421875,90720.7421875,0
2026-01-12 09:43:00+00:00,90743.0390625,90743.0390625,90743.0390625,90743.0390625,403529728
2026-01-12 09:44:00+00:00,90732.0,90732.0,90732.0,90732.0,65069056
2026-01-12 09:45:00+00:00,90720.5,90720.5,90720.5,90720.5,2138112
2026-01-12 09:46:00+00:00,90734.1015625,90734.1015625,90734.1015625,90734.1015625,0
2026-01-12 09:47:00+00:00,90728.125,90728.125,90728.125,90728.125,915456
2026-01-12 09:48:00+00:00,90733.5,90733.5,90733.5,90733.5,0
2026-01-12 09:49:00+00:00,90722.6171875,90722.6171875,90722.6171875,90722.6171875,5134336
2026-01-12 09:50:00+00:00,90724.53125,90724.53125,90724.53125,90724.53125,98304
2026-01-12 09:51:00+00:00,90717.0234375,90717.0234375,90717.0234375,90717.0234375,0
2026-01-12 09:52:00+00:00,90731.1484375,90731.1484375,90731.1484375,90731.1484375,131076096
2026-01-12 09:53:00+00:00,90653.984375,90653.984375,90653.984375,90653.984375,7350272
2026-01-12 09:54:00+00:00,90640.609375,90640.609375,90640.609375,90640.609375,927744
2026-01-12 09:55:00+00:00,90656.6875,90656.6875,90656.6875,90656.6875,201392128
2026-01-12 09:56:00+00:00,90604.9765625,90604.9765625,90604.9765625,90604.9765625,1996800
2026-01-12 09:57:00+00:00,90600.7734375,90600.7734375,90600.7734375,90600.7734375,4898816
2026-01-12 09:58:00+00:00,90608.8671875,90608.8671875,90608.8671875,90608.8671875,0
2026-01-12 09:59:00+00:00,90591.09375,90591.09375,90591.09375,90591.09375,1798144
2026-01-12 10:01:00+00:00,90555.515625,90555.515625,90555.515625,90555.515625,20013056
2026-01-12 10:02:00+00:00,90496.015625,90496.015625,90496.015625,90496.015625,9127936
2026-01-12 10:03:00+00:00,90471.734375,90471.734375,90471.734375,90471.734375,4136960
2026-01-12 10:04:00+00:00,90533.5859375,90533.5859375,90533.5859375,90533.5859375,0
2026-01-12 10:05:00+00:00,90629.8515625,90629.8515625,90629.8515625,90629.8515625,10037248
2026-01-12 10:06:00+00:00,90661.75,90661.75,90661.75,90661.75,9842688
2026-01-12 10:07:00+00:00,90646.9609375,90646.9609375,90646.9609375,90646.9609375,281458688
2026-01-12 10:08:00+00:00,90628.625,90628.625,90628.625,90628.625,8536064
2026-01-12 10:09:00+00:00,90628.96875,90628.96875,90628.96875,90628.96875,4775936
2026-01-12 10:10:00+00:00,90609.8203125,90609.8203125,90609.8203125,90609.8203125,0
2026-01-12 10:11:00+00:00,90603.3125,90603.3125,90603.3125,90603.3125,2871296
2026-01-12 10:12:00+00:00,90604.9375,90604.9375,90604.9375,90604.9375,0
2026-01-12 10:13:00+00:00,90592.6953125,90592.6953125,90592.6953125,90592.6953125,0
2026-01-12 10:14:00+00:00,90556.5234375,90556.5234375,90556.5234375,90556.5234375,4554752
2026-01-12 10:15:00+00:00,90571.125,90571.125,90571.125,90571.125,0
2026-01-12 10:16:00+00:00,90549.1796875,90549.1796875,90549.1796875,90549.1796875,0
2026-01-12 10:17:00+00:00,90539.546875,90539.546875,90539.546875,90539.546875,68644864
2026-01-12 10:18:00+00:00,90526.625,90526.625,90526.625,90526.625,0
2026-01-12 10:19:00+00:00,90585.34375,90585.34375,90585.34375,90585.34375,19499008
2026-01-12 10:20:00+00:00,90582.2890625,90582.2890625,90582.2890625,90582.2890625,3497984
2026-01-12 10:21:00+00:00,90571.7109375,90571.7109375,90571.7109375,90571.7109375,0
2026-01-12 10:22:00+00:00,90539.5625,90539.5625,90539.5625,90539.5625,3827712
2026-01-12 10:23:00+00:00,90518.703125,90518.703125,90518.703125,90518.703125,313344
2026-01-12 10:24:00+00:00,90441.3828125,90441.3828125,90441.3828125,90441.3828125,5427200
2026-01-12 10:25:00+00:00,90472.953125,90472.953125,90472.953125,90472.953125,90832896
2026-01-12 10:26:00+00:00,90441.578125,90441.578125,90441.578125,90441.578125,4055040
2026-01-12 10:27:00+00:00,90439.625,90439.625,90439.625,90439.625,6340608
2026-01-12 10:28:00+00:00,90425.28125,90425.28125,90425.28125,90425.28125,137418752
2026-01-12 10:29:00+00:00,90449.1484375,90449.1484375,90449.1484375,90449.1484375,1206272
2026-01-12 10:30:00+00:00,90438.2109375,90438.2109375,90438.2109375,90438.2109375,0
2026-01-12 10:31:00+00:00,90441.6015625,90441.6015625,90441.6015625,90441.6015625,275476480
2026-01-12 10:32:00+00:00,90437.8671875,90437.8671875,90437.8671875,90437.8671875,6944768
2026-01-12 10:33:00+00:00,90425.75,90425.75,90425.75,90425.75,0
2026-01-12 10:34:00+00:00,90441.375,90441.375,90441.375,90441.375,0
2026-01-12 10:35:00+00:00,90476.421875,90476.421875,90476.421875,90476.421875,69287936
2026-01-12 10:36:00+00:00,90466.2734375,90466.2734375,90466.2734375,90466.2734375,0
2026-01-12 10:37:00+00:00,90453.1484375,90453.1484375,90453.1484375,90453.1484375,0
2026-01-12 10:38:00+00:00,90487.5625,90487.5625,90487.5625,90487.5625,65562624
2026-01-12 10:39:00+00:00,90485.171875,90485.171875,90485.171875,90485.171875,0
2026-01-12 10:40:00+00:00,90476.3671875,90476.3671875,90476.3671875,90476.3671875,17963008
2026-01-12 10:41:00+00:00,90467.859375,90467.859375,90467.859375,90467.859375,0
2026-01-12 10:42:00+00:00,90475.0390625,90475.0390625,90475.0390625,90475.0390625,68139008
2026-01-12 10:44:00+00:00,90424.796875,90424.796875,90424.796875,90424.796875,357007360
2026-01-12 10:45:00+00:00,90411.140625,90411.140625,90411.140625,90411.140625,0
2026-01-12 10:46:00+00:00,90397.9765625,90397.9765625,90397.9765625,90397.9765625,0
2026-01-12 10:47:00+00:00,90370.8515625,90370.8515625,90370.8515625,90370.8515625,1744896
2026-01-12 10:48:00+00:00,90368.28125,90368.28125,90368.28125,90368.28125,3469312
2026-01-12 10:49:00+00:00,90394.453125,90394.453125,90394.453125,90394.453125,31582208
2026-01-12 10:50:00+00:00,90366.1875,90366.1875,90366.1875,90366.1875,0
2026-01-12 10:51:00+00:00,90322.9140625,90322.9140625,90322.9140625,90322.9140625,8046592
2026-01-12 10:52:00+00:00,90319.1171875,90319.1171875,90319.1171875,90319.1171875,127121408
2026-01-12 10:53:00+00:00,90305.4296875,90305.4296875,90305.4296875,90305.4296875,0
2026-01-12 10:54:00+00:00,90294.53125,90294.53125,90294.53125,90294.53125,2080768
2026-01-12 10:55:00+00:00,90311.3125,90311.3125,90311.3125,90311.3125,93591552
2026-01-12 10:56:00+00:00,90273.5234375,90273.5234375,90273.5234375,90273.5234375,6703104
2026-01-12 10:57:00+00:00,90288.0390625,90288.0390625,90288.0390625,90288.0390625,7901184
2026-01-12 10:58:00+00:00,90261.9609375,90261.9609375,90261.9609375,90261.9609375,0
2026-01-12 10:59:00+00:00,90278.859375,90278.859375,90278.859375,90278.859375,9050112
2026-01-12 11:00:00+00:00,90313.0390625,90313.0390625,90313.0390625,90313.0390625,3635200
2026-01-12 11:01:00+00:00,90313.9453125,90313.9453125,90313.9453125,90313.9453125,276129792
2026-01-12 11:02:00+00:00,90352.765625,90352.765625,90352.765625,90352.765625,5982208
2026-01-12 11:03:00+00:00,90348.5,90348.5,90348.5,90348.5,1384448
2026-01-12 11:04:00+00:00,90351.515625,90351.515625,90351.515625,90351.515625,126863360
2026-01-12 11:05:00+00:00,90366.6796875,90366.6796875,90366.6796875,90366.6796875,1404928
2026-01-12 11:06:00+00:00,90387.3125,90387.3125,90387.3125,90387.3125,489472
2026-01-12 11:07:00+00:00,90418.6328125,90418.6328125,90418.6328125,90418.6328125,0
2026-01-12 11:08:00+00:00,90410.0390625,90410.0390625,90410.0390625,90410.0390625,1040384
2026-01-12 11:09:00+00:00,90371.15625,90371.15625,90371.15625,90371.15625,4577280
2026-01-12 11:10:00+00:00,90397.4453125,90397.4453125,90397.4453125,90397.4453125,0
2026-01-12 11:11:00+00:00,90424.625,90424.625,90424.625,90424.625,5863424
2026-01-12 11:12:00+00:00,90460.6484375,90460.6484375,90460.6484375,90460.6484375,3504128
2026-01-12 11:13:00+00:00,90460.8046875,90460.8046875,90460.8046875,90460.8046875,0
2026-01-12 11:14:00+00:00,90467.8671875,90467.8671875,90467.8671875,90467.8671875,6021120
2026-01-12 11:15:00+00:00,90488.4921875,90488.4921875,90488.4921875,90488.4921875,3166208
2026-01-12 11:16:00+00:00,90467.3828125,90467.3828125,90467.3828125,90467.3828125,663138304
2026-01-12 11:17:00+00:00,90453.953125,90453.953125,90453.953125,90453.953125,5347328
2026-01-12 11:18:00+00:00,90443.25,90443.25,90443.25,90443.25,0
2026-01-12 11:19:00+00:00,90466.6796875,90466.6796875,90466.6796875,90466.6796875,13893632
2026-01-12 11:21:00+00:00,90461.7890625,90461.7890625,90461.7890625,90461.7890625,71288832
2026-01-12 11:22:00+00:00,90489.71875,90489.71875,90489.71875,90489.71875,41666560
2026-01-12 11:23:00+00:00,90482.421875,90482.421875,90482.421875,90482.421875,452608
2026-01-12 11:24:00+00:00,90506.3984375,90506.3984375,90506.3984375,90506.3984375,0
2026-01-12 11:26:00+00:00,90604.8984375,90604.8984375,90604.8984375,90604.8984375,215083008
2026-01-12 11:27:00+00:00,90659.265625,90659.265625,90659.265625,90659.265625,7391232
2026-01-12 11:28:00+00:00,90614.3125,90614.3125,90614.3125,90614.3125,144351232
2026-01-12 11:29:00+00:00,90598.28125,90598.28125,90598.28125,90598.28125,0
2026-01-12 11:30:00+00:00,90577.65625,90577.65625,90577.65625,90577.65625,0
2026-01-12 11:31:00+00:00,90575.8984375,90575.8984375,90575.8984375,90575.8984375,110657536
2026-01-12 11:32:00+00:00,90602.1015625,90602.1015625,90602.1015625,90602.1015625,665112576
2026-01-12 11:33:00+00:00,90574.203125,90574.203125,90574.203125,90574.203125,5912576
2026-01-12 11:34:00+00:00,90574.25,90574.25,90574.25,90574.25,0
2026-01-12 11:36:00+00:00,90613.859375,90613.859375,90613.859375,90613.859375,72632320
2026-01-12 11:37:00+00:00,90592.6796875,90592.6796875,90592.6796875,90592.6796875,150120448
2026-01-12 11:38:00+00:00,90593.9921875,90593.9921875,90593.9921875,90593.9921875,0
2026-01-12 11:39:00+00:00,90561.40625,90561.40625,90561.40625,90561.40625,0
2026-01-12 11:40:00+00:00,90518.453125,90518.453125,90518.453125,90518.453125,10917888
2026-01-12 11:41:00+00:00,90460.7421875,90460.7421875,90460.7421875,90460.7421875,6559744
2026-01-12 11:42:00+00:00,90451.25,90451.25,90451.25,90451.25,0
2026-01-12 11:43:00+00:00,90450.84375,90450.84375,90450.84375,90450.84375,126939136
2026-01-12 11:44:00+00:00,90462.984375,90462.984375,90462.984375,90462.984375,0
2026-01-12 11:45:00+00:00,90472.1015625,90472.1015625,90472.1015625,90472.1015625,66883584
2026-01-12 11:46:00+00:00,90478.5,90478.5,90478.5,90478.5,0
2026-01-12 11:47:00+00:00,90481.296875,90481.296875,90481.296875,90481.296875,3121152
2026-01-12 11:48:00+00:00,90500.2421875,90500.2421875,90500.2421875,90500.2421875,956416
2026-01-12 11:49:00+00:00,90497.25,90497.25,90497.25,90497.25,90421248
2026-01-12 11:50:00+00:00,90510.125,90510.125,90510.125,90510.125,7170048
2026-01-12 11:51:00+00:00,90503.9609375,90503.9609375,90503.9609375,90503.9609375,575488
2026-01-12 11:52:00+00:00,90507.4609375,90507.4609375,90507.4609375,90507.4609375,0
2026-01-12 11:53:00+00:00,90538.15625,90538.15625,90538.15625,90538.15625,7088128
2026-01-12 11:54:00+00:00,90538.4609375,90538.4609375,90538.4609375,90538.4609375,0
2026-01-12 11:55:00+00:00,90566.453125,90566.453125,90566.453125,90566.453125,118755328
2026-01-12 11:56:00+00:00,90559.4140625,90559.4140625,90559.4140625,90559.4140625,0
2026-01-12 11:57:00+00:00,90545.2265625,90545.2265625,90545.2265625,90545.2265625,8122368
2026-01-12 11:58:00+00:00,90545.953125,90545.953125,90545.953125,90545.953125,93790208
2026-01-12 11:59:00+00:00,90566.390625,90566.390625,90566.390625,90566.390625,0
2026-01-12 12:00:00+00:00,90536.359375,90536.359375,90536.359375,90536.359375,9125888
2026-01-12 12:01:00+00:00,90543.625,90543.625,90543.625,90543.625,0
2026-01-12 12:02:00+00:00,90526.0546875,90526.0546875,90526.0546875,90526.0546875,149504
2026-01-12 12:03:00+00:00,90520.546875,90520.546875,90520.546875,90520.546875,0
2026-01-12 12:04:00+00:00,90528.6953125,90528.6953125,90528.6953125,90528.6953125,0
2026-01-12 12:05:00+00:00,90574.90625,90574.90625,90574.90625,90574.90625,78311424
2026-01-12 12:06:00+00:00,90631.5546875,90631.5546875,90631.5546875,90631.5546875,3201024
2026-01-12 12:07:00+00:00,90617.8203125,90617.8203125,90617.8203125,90617.8203125,0
2026-01-12 12:08:00+00:00,90617.7265625,90617.7265625,90617.7265625,90617.7265625,0
2026-01-12 12:09:00+00:00,90592.0078125,90592.0078125,90592.0078125,90592.0078125,473088
2026-01-12 12:10:00+00:00,90595.7890625,90595.7890625,90595.7890625,90595.7890625,72419328
2026-01-12 12:11:00+00:00,90650.1015625,90650.1015625,90650.1015625,90650.1015625,413696
2026-01-12 12:12:00+00:00,90616.8671875,90616.8671875,90616.8671875,90616.8671875,0
2026-01-12 12:13:00+00:00,90632.578125,90632.578125,90632.578125,90632.578125,0
2026-01-12 12:14:00+00:00,90640.390625,90640.390625,90640.390625,90640.390625,75296768
2026-01-12 12:15:00+00:00,90636.6015625,90636.6015625,90636.6015625,90636.6015625,649216
2026-01-12 12:16:00+00:00,90647.6171875,90647.6171875,90647.6171875,90647.6171875,258234368
2026-01-12 12:17:00+00:00,90650.0,90650.0,90650.0,90650.0,2465792
2026-01-12 12:18:00+00:00,90697.578125,90697.578125,90697.578125,90697.578125,0
2026-01-12 12:19:00+00:00,90699.546875,90699.546875,90699.546875,90699.546875,101730304
2026-01-12 12:20:00+00:00,90689.0625,90689.0625,90689.0625,90689.0625,0
2026-01-12 12:21:00+00:00,90706.640625,90706.640625,90706.640625,90706.640625,2990080
2026-01-12 12:22:00+00:00,90697.234375,90697.234375,90697.234375,90697.234375,0
2026-01-12 12:23:00+00:00,90699.5625,90699.5625,90699.5625,90699.5625,4763648
2026-01-12 12:24:00+00:00,90725.921875,90725.921875,90725.921875,90725.921875,616448
2026-01-12 12:25:00+00:00,90733.6484375,90733.6484375,90733.6484375,90733.6484375,21002240
2026-01-12 12:26:00+00:00,90711.015625,90711.015625,90711.015625,90711.015625,643072
2026-01-12 12:27:00+00:00,90710.0078125,90710.0078125,90710.0078125,90710.0078125,0
2026-01-12 12:28:00+00:00,90721.515625,90721.515625,90721.515625,90721.515625,148846592
2026-01-12 12:29:00+00:00,90676.4765625,90676.4765625,90676.4765625,90676.4765625,2017280
2026-01-12 12:30:00+00:00,90669.6171875,90669.6171875,90669.6171875,90669.6171875,0
2026-01-12 12:31:00+00:00,90645.8125,90645.8125,90645.8125,90645.8125,0
2026-01-12 12:32:00+00:00,90646.3046875,90646.3046875,90646.3046875,90646.3046875,0
2026-01-12 12:33:00+00:00,90643.53125,90643.53125,90643.53125,90643.53125,0
2026-01-12 12:34:00+00:00,90640.859375,90640.859375,90640.859375,90640.859375,107458560
2026-01-12 12:36:00+00:00,90683.140625,90683.140625,90683.140625,90683.140625,964608
2026-01-12 12:37:00+00:00,90648.40625,90648.40625,90648.40625,90648.40625,17319936
2026-01-12 12:38:00+00:00,90609.453125,90609.453125,90609.453125,90609.453125,2498560
2026-01-12 12:39:00+00:00,90586.3671875,90586.3671875,90586.3671875,90586.3671875,0
2026-01-12 12:40:00+00:00,90590.0859375,90590.0859375,90590.0859375,90590.0859375,0
2026-01-12 12:41:00+00:00,90569.421875,90569.421875,90569.421875,90569.421875,0
2026-01-12 12:42:00+00:00,90586.6953125,90586.6953125,90586.6953125,90586.6953125,7063552
2026-01-12 12:43:00+00:00,90609.234375,90609.234375,90609.234375,90609.234375,286685184
2026-01-12 12:44:00+00:00,90611.03125,90611.03125,90611.03125,90611.03125,0
2026-01-12 12:45:00+00:00,90613.0546875,90613.0546875,90613.0546875,90613.0546875,1009664
2026-01-12 12:46:00+00:00,90615.2109375,90615.2109375,90615.2109375,90615.2109375,0
2026-01-12 12:47:00+00:00,90598.90625,90598.90625,90598.90625,90598.90625,0
2026-01-12 12:48:00+00:00,90601.9375,90601.9375,90601.9375,90601.9375,0
2026-01-12 12:49:00+00:00,90605.234375,90605.234375,90605.234375,90605.234375,0
2026-01-12 12:50:00+00:00,90628.6640625,90628.6640625,90628.6640625,90628.6640625,0
2026-01-12 12:51:00+00:00,90645.125,90645.125,90645.125,90645.125,0
2026-01-12 12:52:00+00:00,90677.375,90677.375,90677.375,90677.375,0
2026-01-12 12:53:00+00:00,90663.7734375,90663.7734375,90663.7734375,90663.7734375,0
2026-01-12 12:54:00+00:00,90668.1640625,90668.1640625,90668.1640625,90668.1640625,1339392
2026-01-12 12:55:00+00:00,90694.515625,90694.515625,90694.515625,90694.515625,0
2026-01-12 12:56:00+00:00,90695.171875,90695.171875,90695.171875,90695.171875,0
2026-01-12 12:57:00+00:00,90680.8203125,90680.8203125,90680.8203125,90680.8203125,65837056
2026-01-12 12:58:00+00:00,90665.1484375,90665.1484375,90665.1484375,90665.1484375,118960128
2026-01-12 12:59:00+00:00,90672.5078125,90672.5078125,90672.5078125,90672.5078125,669696
2026-01-12 13:00:00+00:00,90662.8515625,90662.8515625,90662.8515625,90662.8515625,0
2026-01-12 13:01:00+00:00,90674.4375,90674.4375,90674.4375,90674.4375,0
2026-01-12 13:02:00+00:00,90616.3359375,90616.3359375,90616.3359375,90616.3359375,12732416
2026-01-12 13:03:00+00:00,90648.28125,90648.28125,90648.28125,90648.28125,4874240
2026-01-12 13:04:00+00:00,90682.8828125,90682.8828125,90682.8828125,90682.8828125,374136832
2026-01-12 13:05:00+00:00,90691.46875,90691.46875,90691.46875,90691.46875,833536
2026-01-12 13:07:00+00:00,90591.203125,90591.203125,90591.203125,90591.203125,0
2026-01-12 13:08:00+00:00,90487.8203125,90487.8203125,90487.8203125,90487.8203125,5083136
2026-01-12 13:09:00+00:00,90496.796875,90496.796875,90496.796875,90496.796875,0
2026-01-12 13:10:00+00:00,90447.9609375,90447.9609375,90447.9609375,90447.9609375,137478144
2026-01-12 13:11:00+00:00,90485.8125,90485.8125,90485.8125,90485.8125,3909632
2026-01-12 13:12:00+00:00,90508.1015625,90508.1015625,90508.1015625,90508.1015625,0
2026-01-12 13:14:00+00:00,90472.3515625,90472.3515625,90472.3515625,90472.3515625,52465664
2026-01-12 13:15:00+00:00,90426.8203125,90426.8203125,90426.8203125,90426.8203125,8804352
2026-01-12 13:16:00+00:00,90518.3515625,90518.3515625,90518.3515625,90518.3515625,168523776
2026-01-12 13:17:00+00:00,90558.046875,90558.046875,90558.046875,90558.046875,2945024
2026-01-12 13:18:00+00:00,90558.765625,90558.765625,90558.765625,90558.765625,3235840
2026-01-12 13:19:00+00:00,90555.1953125,90555.1953125,90555.1953125,90555.1953125,58193920
2026-01-12 13:20:00+00:00,90578.171875,90578.171875,90578.171875,90578.171875,311296
2026-01-12 13:21:00+00:00,90577.265625,90577.265625,90577.265625,90577.265625,2476032
2026-01-12 13:22:00+00:00,90622.484375,90622.484375,90622.484375,90622.484375,36231168
2026-01-12 13:23:00+00:00,90615.0546875,90615.0546875,90615.0546875,90615.0546875,0
2026-01-12 13:24:00+00:00,90600.9765625,90600.9765625,90600.9765625,90600.9765625,1794048
2026-01-12 13:25:00+00:00,90538.1015625,90538.1015625,90538.1015625,90538.1015625,16259072
2026-01-12 13:26:00+00:00,90558.9296875,90558.9296875,90558.9296875,90558.9296875,0
2026-01-12 13:27:00+00:00,90542.765625,90542.765625,90542.765625,90542.765625,70522880
2026-01-12 13:28:00+00:00,90532.796875,90532.796875,90532.796875,90532.796875,0
2026-01-12 13:29:00+00:00,90577.546875,90577.546875,90577.546875,90577.546875,8712192
2026-01-12 13:30:00+00:00,90576.3828125,90576.3828125,90576.3828125,90576.3828125,0
2026-01-12 13:31:00+00:00,90590.4609375,90590.4609375,90590.4609375,90590.4609375,0
2026-01-12 13:32:00+00:00,90559.4296875,90559.4296875,90559.4296875,90559.4296875,0
2026-01-12 13:33:00+00:00,90590.734375,90590.734375,90590.734375,90590.734375,894976
2026-01-12 13:34:00+00:00,90631.3359375,90631.3359375,90631.3359375,90631.3359375,329302016
2026-01-12 13:35:00+00:00,90634.203125,90634.203125,90634.203125,90634.203125,0
2026-01-12 13:36:00+00:00,90659.8828125,90659.8828125,90659.8828125,90659.8828125,3289088
2026-01-12 13:38:00+00:00,90638.1328125,90638.1328125,90638.1328125,90638.1328125,29171712
2026-01-12 13:39:00+00:00,90635.9375,90635.9375,90635.9375,90635.9375,1073152
2026-01-12 13:40:00+00:00,90634.3984375,90634.3984375,90634.3984375,90634.3984375,28246016
2026-01-12 13:41:00+00:00,90630.703125,90630.703125,90630.703125,90630.703125,679936
2026-01-12 13:42:00+00:00,90593.0078125,90593.0078125,90593.0078125,90593.0078125,0
2026-01-12 13:43:00+00:00,90575.2734375,90575.2734375,90575.2734375,90575.2734375,0
2026-01-12 13:44:00+00:00,90509.9375,90509.9375,90509.9375,90509.9375,8060928
2026-01-12 13:45:00+00:00,90524.8515625,90524.8515625,90524.8515625,90524.8515625,0
2026-01-12 13:46:00+00:00,90520.109375,90520.109375,90520.109375,90520.109375,59793408
2026-01-12 13:47:00+00:00,90471.8046875,90471.8046875,90471.8046875,90471.8046875,5384192
2026-01-12 13:48:00+00:00,90521.9453125,90521.9453125,90521.9453125,90521.9453125,5443584
2026-01-12 13:49:00+00:00,90523.2109375,90523.2109375,90523.2109375,90523.2109375,0
2026-01-12 13:51:00+00:00,90532.2265625,90532.2265625,90532.2265625,90532.2265625,16941056
2026-01-12 13:52:00+00:00,90548.6328125,90548.6328125,90548.6328125,90548.6328125,0
2026-01-12 13:53:00+00:00,90558.109375,90558.109375,90558.109375,90558.109375,0
2026-01-12 13:54:00+00:00,90571.1328125,90571.1328125,90571.1328125,90571.1328125,10420224
2026-01-12 13:55:00+00:00,90581.0546875,90581.0546875,90581.0546875,90581.0546875,82749440
2026-01-12 13:56:00+00:00,90550.640625,90550.640625,90550.640625,90550.640625,4321280
2026-01-12 13:57:00+00:00,90548.5625,90548.5625,90548.5625,90548.5625,0
2026-01-12 13:58:00+00:00,90550.7578125,90550.7578125,90550.7578125,90550.7578125,131663872
2026-01-12 13:59:00+00:00,90533.3359375,90533.3359375,90533.3359375,90533.3359375,2033664
2026-01-12 14:01:00+00:00,90525.1953125,90525.1953125,90525.1953125,90525.1953125,240955392
2026-01-12 14:02:00+00:00,90531.8203125,90531.8203125,90531.8203125,90531.8203125,1802240
2026-01-12 14:03:00+00:00,90532.40625,90532.40625,90532.40625,90532.40625,0
2026-01-12 14:04:00+00:00,90530.578125,90530.578125,90530.578125,90530.578125,20414464
2026-01-12 14:05:00+00:00,90488.8984375,90488.8984375,90488.8984375,90488.8984375,6424576
2026-01-12 14:06:00+00:00,90509.40625,90509.40625,90509.40625,90509.40625,0
2026-01-12 14:07:00+00:00,90523.21875,90523.21875,90523.21875,90523.21875,0
2026-01-12 14:08:00+00:00,90498.59375,90498.59375,90498.59375,90498.59375,0
2026-01-12 14:09:00+00:00,90488.171875,90488.171875,90488.171875,90488.171875,69722112
2026-01-12 14:11:00+00:00,90534.4609375,90534.4609375,90534.4609375,90534.4609375,0
2026-01-12 14:12:00+00:00,90539.6953125,90539.6953125,90539.6953125,90539.6953125,0
2026-01-12 14:13:00+00:00,90528.5,90528.5,90528.5,90528.5,0
2026-01-12 14:14:00+00:00,90532.5234375,90532.5234375,90532.5234375,90532.5234375,4792320
2026-01-12 14:15:00+00:00,90528.3984375,90528.3984375,90528.3984375,90528.3984375,0
2026-01-12 14:16:00+00:00,90541.8828125,90541.8828125,90541.8828125,90541.8828125,80193536
2026-01-12 14:17:00+00:00,90494.46875,90494.46875,90494.46875,90494.46875,3016704
2026-01-12 14:18:00+00:00,90368.5703125,90368.5703125,90368.5703125,90368.5703125,10063872
2026-01-12 14:19:00+00:00,90406.34375,90406.34375,90406.34375,90406.34375,222519296
2026-01-12 14:20:00+00:00,90403.8125,90403.8125,90403.8125,90403.8125,8026112
2026-01-12 14:21:00+00:00,90385.1640625,90385.1640625,90385.1640625,90385.1640625,5605376
2026-01-12 14:22:00+00:00,90313.015625,90313.015625,90313.015625,90313.015625,0
2026-01-12 14:23:00+00:00,90265.359375,90265.359375,90265.359375,90265.359375,0
2026-01-12 14:24:00+00:00,90227.2109375,90227.2109375,90227.2109375,90227.2109375,79980544
2026-01-12 14:25:00+00:00,90113.5234375,90113.5234375,90113.5234375,90113.5234375,186329088
2026-01-12 14:26:00+00:00,90146.09375,90146.09375,90146.09375,90146.09375,29282304
2026-01-12 14:27:00+00:00,90095.2578125,90095.2578125,90095.2578125,90095.2578125,0
2026-01-12 14:28:00+00:00,90131.8046875,90131.8046875,90131.8046875,90131.8046875,170498048
2026-01-12 14:29:00+00:00,90155.2421875,90155.2421875,90155.2421875,90155.2421875,17215488
2026-01-12 14:30:00+00:00,90174.3828125,90174.3828125,90174.3828125,90174.3828125,9512960
2026-01-12 14:31:00+00:00,90220.1796875,90220.1796875,90220.1796875,90220.1796875,393975808
2026-01-12 14:32:00+00:00,90316.9375,90316.9375,90316.9375,90316.9375,22630400
2026-01-12 14:34:00+00:00,90599.75,90599.75,90599.75,90599.75,228814848
2026-01-12 14:35:00+00:00,90548.078125,90548.078125,90548.078125,90548.078125,18724864
2026-01-12 14:36:00+00:00,90518.3828125,90518.3828125,90518.3828125,90518.3828125,11350016
2026-01-12 14:37:00+00:00,90489.7890625,90489.7890625,90489.7890625,90489.7890625,109246464
2026-01-12 14:38:00+00:00,90419.1328125,90419.1328125,90419.1328125,90419.1328125,9285632
2026-01-12 14:39:00+00:00,90663.6796875,90663.6796875,90663.6796875,90663.6796875,10024960
2026-01-12 14:40:00+00:00,90849.234375,90849.234375,90849.234375,90849.234375,122128384
2026-01-12 14:41:00+00:00,90696.9921875,90696.9921875,90696.9921875,90696.9921875,46770176
2026-01-12 14:42:00+00:00,90753.96875,90753.96875,90753.96875,90753.96875,11732992
2026-01-12 14:43:00+00:00,90754.046875,90754.046875,90754.046875,90754.046875,207310848
2026-01-12 14:44:00+00:00,90672.5859375,90672.5859375,90672.5859375,90672.5859375,14553088
2026-01-12 14:45:00+00:00,90677.984375,90677.984375,90677.984375,90677.984375,6684672
2026-01-12 14:46:00+00:00,90624.6015625,90624.6015625,90624.6015625,90624.6015625,0
2026-01-12 14:47:00+00:00,90536.7734375,90536.7734375,90536.7734375,90536.7734375,8255488
2026-01-12 14:48:00+00:00,90697.5234375,90697.5234375,90697.5234375,90697.5234375,0
2026-01-12 14:49:00+00:00,90684.4453125,90684.4453125,90684.4453125,90684.4453125,469532672
2026-01-12 14:50:00+00:00,90712.734375,90712.734375,90712.734375,90712.734375,17690624
2026-01-12 14:51:00+00:00,90790.3125,90790.3125,90790.3125,90790.3125,4468736
2026-01-12 14:52:00+00:00,90961.6328125,90961.6328125,90961.6328125,90961.6328125,85665792
2026-01-12 14:54:00+00:00,90792.3671875,90792.3671875,90792.3671875,90792.3671875,34813952
2026-01-12 14:55:00+00:00,90709.3671875,90709.3671875,90709.3671875,90709.3671875,123510784
2026-01-12 14:56:00+00:00,90764.578125,90764.578125,90764.578125,90764.578125,9801728
2026-01-12 14:57:00+00:00,90836.78125,90836.78125,90836.78125,90836.78125,1288192
2026-01-12 14:58:00+00:00,90825.4140625,90825.4140625,90825.4140625,90825.4140625,262432768
2026-01-12 14:59:00+00:00,90803.7421875,90803.7421875,90803.7421875,90803.7421875,0
2026-01-12 15:00:00+00:00,90802.75,90802.75,90802.75,90802.75,4030464
2026-01-12 15:01:00+00:00,90789.8203125,90789.8203125,90789.8203125,90789.8203125,26827550720
2026-01-12 15:02:00+00:00,90770.140625,90770.140625,90770.140625,90770.140625,0
2026-01-12 15:03:00+00:00,90767.1953125,90767.1953125,90767.1953125,90767.1953125,3317760
2026-01-12 15:04:00+00:00,90802.71875,90802.71875,90802.71875,90802.71875,0
2026-01-12 15:06:00+00:00,90724.4609375,90724.4609375,90724.4609375,90724.4609375,723396608
2026-01-12 15:07:00+00:00,90703.671875,90703.671875,90703.671875,90703.671875,0
2026-01-12 15:08:00+00:00,90766.3984375,90766.3984375,90766.3984375,90766.3984375,5666816
2026-01-12 15:09:00+00:00,90830.7890625,90830.7890625,90830.7890625,90830.7890625,6924288
2026-01-12 15:10:00+00:00,90812.3671875,90812.3671875,90812.3671875,90812.3671875,299464704
2026-01-12 15:11:00+00:00,90730.8671875,90730.8671875,90730.8671875,90730.8671875,0
2026-01-12 15:12:00+00:00,90679.171875,90679.171875,90679.171875,90679.171875,4106240
2026-01-12 15:13:00+00:00,90688.1875,90688.1875,90688.1875,90688.1875,0
2026-01-12 15:14:00+00:00,90732.0703125,90732.0703125,90732.0703125,90732.0703125,0
2026-01-12 15:15:00+00:00,90803.8515625,90803.8515625,90803.8515625,90803.8515625,0
2026-01-12 15:16:00+00:00,90835.296875,90835.296875,90835.296875,90835.296875,68995072
2026-01-12 15:17:00+00:00,90828.171875,90828.171875,90828.171875,90828.171875,9420800
2026-01-12 15:18:00+00:00,90911.609375,90911.609375,90911.609375,90911.609375,0
2026-01-12 15:19:00+00:00,90957.0625,90957.0625,90957.0625,90957.0625,75038720
2026-01-12 15:20:00+00:00,91117.078125,91117.078125,91117.078125,91117.078125,28659712
2026-01-12 15:22:00+00:00,91044.96875,91044.96875,91044.96875,91044.96875,202338304
2026-01-12 15:23:00+00:00,91075.9375,91075.9375,91075.9375,91075.9375,9179136
2026-01-12 15:24:00+00:00,91113.0078125,91113.0078125,91113.0078125,91113.0078125,5865472
2026-01-12 15:25:00+00:00,91138.265625,91138.265625,91138.265625,91138.265625,32063488
2026-01-12 15:26:00+00:00,91207.0625,91207.0625,91207.0625,91207.0625,6926336
2026-01-12 15:27:00+00:00,91104.078125,91104.078125,91104.078125,91104.078125,14548992
2026-01-12 15:28:00+00:00,91104.265625,91104.265625,91104.265625,91104.265625,37969920
2026-01-12 15:29:00+00:00,91183.1328125,91183.1328125,91183.1328125,91183.1328125,6684672
2026-01-12 15:30:00+00:00,91225.96875,91225.96875,91225.96875,91225.96875,9580544
2026-01-12 15:31:00+00:00,91198.2890625,91198.2890625,91198.2890625,91198.2890625,102141952
2026-01-12 15:32:00+00:00,91190.3359375,91190.3359375,91190.3359375,91190.3359375,27742208
2026-01-12 15:33:00+00:00,91206.96875,91206.96875,91206.96875,91206.96875,13144064
2026-01-12 15:34:00+00:00,91290.8125,91290.8125,91290.8125,91290.8125,80433152
2026-01-12 15:35:00+00:00,91283.1875,91283.1875,91283.1875,91283.1875,14090240
2026-01-12 15:36:00+00:00,91364.671875,91364.671875,91364.671875,91364.671875,13074432
2026-01-12 15:37:00+00:00,91394.734375,91394.734375,91394.734375,91394.734375,27758592
2026-01-12 15:38:00+00:00,91445.9140625,91445.9140625,91445.9140625,91445.9140625,19030016
2026-01-12 15:39:00+00:00,91403.28125,91403.28125,91403.28125,91403.28125,12587008
2026-01-12 15:40:00+00:00,91430.4296875,91430.4296875,91430.4296875,91430.4296875,74256384
2026-01-12 15:41:00+00:00,91361.0078125,91361.0078125,91361.0078125,91361.0078125,10936320
2026-01-12 15:42:00+00:00,91421.28125,91421.28125,91421.28125,91421.28125,6840320
2026-01-12 15:43:00+00:00,91426.78125,91426.78125,91426.78125,91426.78125,107724800
2026-01-12 15:44:00+00:00,91393.8359375,91393.8359375,91393.8359375,91393.8359375,2252800
2026-01-12 15:46:00+00:00,91389.3359375,91389.3359375,91389.3359375,91389.3359375,229945344
2026-01-12 15:47:00+00:00,91411.5703125,91411.5703125,91411.5703125,91411.5703125,7864320
2026-01-12 15:48:00+00:00,91413.640625,91413.640625,91413.640625,91413.640625,0
2026-01-12 15:49:00+00:00,91306.3515625,91306.3515625,91306.3515625,91306.3515625,49152
2026-01-12 15:50:00+00:00,91389.375,91389.375,91389.375,91389.375,0
2026-01-12 15:51:00+00:00,91446.21875,91446.21875,91446.21875,91446.21875,12431360
2026-01-12 15:52:00+00:00,91496.6484375,91496.6484375,91496.6484375,91496.6484375,69099520
2026-01-12 15:53:00+00:00,91505.9296875,91505.9296875,91505.9296875,91505.9296875,13189120
2026-01-12 15:54:00+00:00,91461.09375,91461.09375,91461.09375,91461.09375,15835136
2026-01-12 15:55:00+00:00,91498.2265625,91498.2265625,91498.2265625,91498.2265625,45117440
2026-01-12 15:56:00+00:00,91504.171875,91504.171875,91504.171875,91504.171875,22679552
2026-01-12 15:57:00+00:00,91471.2890625,91471.2890625,91471.2890625,91471.2890625,13344768
2026-01-12 15:58:00+00:00,91486.640625,91486.640625,91486.640625,91486.640625,107786240
2026-01-12 15:59:00+00:00,91546.453125,91546.453125,91546.453125,91546.453125,5857280
2026-01-12 16:00:00+00:00,91571.625,91571.625,91571.625,91571.625,3751936
2026-01-12 16:01:00+00:00,91660.6953125,91660.6953125,91660.6953125,91660.6953125,61460480
2026-01-12 16:02:00+00:00,91708.28125,91708.28125,91708.28125,91708.28125,18030592
2026-01-12 16:03:00+00:00,91647.2421875,91647.2421875,91647.2421875,91647.2421875,6430720
2026-01-12 16:04:00+00:00,91626.703125,91626.703125,91626.703125,91626.703125,50753536
2026-01-12 16:05:00+00:00,91691.3515625,91691.3515625,91691.3515625,91691.3515625,11378688
2026-01-12 16:06:00+00:00,91751.3125,91751.3125,91751.3125,91751.3125,29356032
2026-01-12 16:07:00+00:00,91581.984375,91581.984375,91581.984375,91581.984375,0
2026-01-12 16:08:00+00:00,91666.1640625,91666.1640625,91666.1640625,91666.1640625,13037568
2026-01-12 16:09:00+00:00,91704.3671875,91704.3671875,91704.3671875,91704.3671875,6598656
2026-01-12 16:11:00+00:00,91733.5703125,91733.5703125,91733.5703125,91733.5703125,132222976
2026-01-12 16:12:00+00:00,91710.0078125,91710.0078125,91710.0078125,91710.0078125,1986560
2026-01-12 16:13:00+00:00,91663.4296875,91663.4296875,91663.4296875,91663.4296875,129720320
2026-01-12 16:14:00+00:00,91694.28125,91694.28125,91694.28125,91694.28125,3506176
2026-01-12 16:15:00+00:00,91704.8984375,91704.8984375,91704.8984375,91704.8984375,8925184
2026-01-12 16:16:00+00:00,91730.203125,91730.203125,91730.203125,91730.203125,0
2026-01-12 16:17:00+00:00,91765.578125,91765.578125,91765.578125,91765.578125,14475264
2026-01-12 16:19:00+00:00,91661.4453125,91661.4453125,91661.4453125,91661.4453125,327340032
2026-01-12 16:20:00+00:00,91578.90625,91578.90625,91578.90625,91578.90625,9486336
2026-01-12 16:21:00+00:00,91633.4296875,91633.4296875,91633.4296875,91633.4296875,8962048
2026-01-12 16:22:00+00:00,91629.546875,91629.546875,91629.546875,91629.546875,0
2026-01-12 16:23:00+00:00,91628.96875,91628.96875,91628.96875,91628.96875,8237056
2026-01-12 16:24:00+00:00,91707.09375,91707.09375,91707.09375,91707.09375,6889472
2026-01-12 16:25:00+00:00,91753.421875,91753.421875,91753.421875,91753.421875,49463296
2026-01-12 16:26:00+00:00,91854.3515625,91854.3515625,91854.3515625,91854.3515625,12238848
2026-01-12 16:27:00+00:00,91836.1796875,91836.1796875,91836.1796875,91836.1796875,21635072
2026-01-12 16:28:00+00:00,91900.140625,91900.140625,91900.140625,91900.140625,95236096
2026-01-12 16:29:00+00:00,91999.53125,91999.53125,91999.53125,91999.53125,19931136
2026-01-12 16:30:00+00:00,92118.6015625,92118.6015625,92118.6015625,92118.6015625,49385472
2026-01-12 16:31:00+00:00,92210.1484375,92210.1484375,92210.1484375,92210.1484375,202014720
2026-01-12 16:32:00+00:00,92175.453125,92175.453125,92175.453125,92175.453125,15740928
2026-01-12 16:33:00+00:00,92205.4453125,92205.4453125,92205.4453125,92205.4453125,0
2026-01-12 16:34:00+00:00,92055.140625,92055.140625,92055.140625,92055.140625,180224000
2026-01-12 16:35:00+00:00,91980.375,91980.375,91980.375,91980.375,4771840
2026-01-12 16:36:00+00:00,92079.8125,92079.8125,92079.8125,92079.8125,30117888
2026-01-12 16:37:00+00:00,92047.671875,92047.671875,92047.671875,92047.671875,153505792
2026-01-12 16:38:00+00:00,92057.65625,92057.65625,92057.65625,92057.65625,8638464
2026-01-12 16:39:00+00:00,91959.15625,91959.15625,91959.15625,91959.15625,28684288
2026-01-12 16:40:00+00:00,91999.5546875,91999.5546875,91999.5546875,91999.5546875,111808512
2026-01-12 16:41:00+00:00,92063.9375,92063.9375,92063.9375,92063.9375,18231296
2026-01-12 16:42:00+00:00,92034.2265625,92034.2265625,92034.2265625,92034.2265625,0
2026-01-12 16:44:00+00:00,92030.1484375,92030.1484375,92030.1484375,92030.1484375,133804032
2026-01-12 16:45:00+00:00,92070.71875,92070.71875,92070.71875,92070.71875,3670016
2026-01-12 16:46:00+00:00,92153.53125,92153.53125,92153.53125,92153.53125,233418752
2026-01-12 16:47:00+00:00,92134.96875,92134.96875,92134.96875,92134.96875,21004288
2026-01-12 16:48:00+00:00,92074.5390625,92074.5390625,92074.5390625,92074.5390625,5779456
2026-01-12 16:49:00+00:00,91976.203125,91976.203125,91976.203125,91976.203125,116740096
2026-01-12 16:50:00+00:00,91965.9140625,91965.9140625,91965.9140625,91965.9140625,1351680
2026-01-12 16:51:00+00:00,92040.7421875,92040.7421875,92040.7421875,92040.7421875,0
2026-01-12 16:52:00+00:00,92026.28125,92026.28125,92026.28125,92026.28125,58081280
2026-01-12 16:53:00+00:00,92070.9765625,92070.9765625,92070.9765625,92070.9765625,9658368
2026-01-12 16:54:00+00:00,92069.8984375,92069.8984375,92069.8984375,92069.8984375,7757824
2026-01-12 16:55:00+00:00,92077.34375,92077.34375,92077.34375,92077.34375,55062528
2026-01-12 16:56:00+00:00,92120.5390625,92120.5390625,92120.5390625,92120.5390625,0
2026-01-12 16:57:00+00:00,92113.15625,92113.15625,92113.15625,92113.15625,3944448
2026-01-12 16:58:00+00:00,92103.4140625,92103.4140625,92103.4140625,92103.4140625,31473664
2026-01-12 16:59:00+00:00,92042.640625,92042.640625,92042.640625,92042.640625,6733824
2026-01-12 17:00:00+00:00,92049.5234375,92049.5234375,92049.5234375,92049.5234375,8978432
2026-01-12 17:01:00+00:00,92074.6953125,92074.6953125,92074.6953125,92074.6953125,13643776
2026-01-12 17:02:00+00:00,92093.3671875,92093.3671875,92093.3671875,92093.3671875,797593600
2026-01-12 17:04:00+00:00,92137.9921875,92137.9921875,92137.9921875,92137.9921875,83054592
2026-01-12 17:05:00+00:00,92210.1328125,92210.1328125,92210.1328125,92210.1328125,12496896
2026-01-12 17:06:00+00:00,92189.2734375,92189.2734375,92189.2734375,92189.2734375,8404992
2026-01-12 17:07:00+00:00,92147.296875,92147.296875,92147.296875,92147.296875,94932992
2026-01-12 17:08:00+00:00,92088.6015625,92088.6015625,92088.6015625,92088.6015625,0
2026-01-12 17:09:00+00:00,92084.0390625,92084.0390625,92084.0390625,92084.0390625,18243584
2026-01-12 17:10:00+00:00,92006.4140625,92006.4140625,92006.4140625,92006.4140625,0
2026-01-12 17:11:00+00:00,91926.921875,91926.921875,91926.921875,91926.921875,8179712
2026-01-12 17:12:00+00:00,91909.6171875,91909.6171875,91909.6171875,91909.6171875,13881344
2026-01-12 17:13:00+00:00,91861.9921875,91861.9921875,91861.9921875,91861.9921875,140922880
2026-01-12 17:15:00+00:00,91900.2109375,91900.2109375,91900.2109375,91900.2109375,0
2026-01-12 17:16:00+00:00,91899.828125,91899.828125,91899.828125,91899.828125,78086144
2026-01-12 17:17:00+00:00,91874.71875,91874.71875,91874.71875,91874.71875,801968128
2026-01-12 17:18:00+00:00,91900.4453125,91900.4453125,91900.4453125,91900.4453125,4587520
2026-01-12 17:19:00+00:00,91920.9296875,91920.9296875,91920.9296875,91920.9296875,0
2026-01-12 17:20:00+00:00,91954.609375,91954.609375,91954.609375,91954.609375,15626240
2026-01-12 17:21:00+00:00,91967.453125,91967.453125,91967.453125,91967.453125,397312
2026-01-12 17:22:00+00:00,91929.0625,91929.0625,91929.0625,91929.0625,230662144
2026-01-12 17:23:00+00:00,91803.7109375,91803.7109375,91803.7109375,91803.7109375,3952640
2026-01-12 17:24:00+00:00,91774.640625,91774.640625,91774.640625,91774.640625,10117120
2026-01-12 17:25:00+00:00,91754.90625,91754.90625,91754.90625,91754.90625,51863552
2026-01-12 17:26:00+00:00,91669.046875,91669.046875,91669.046875,91669.046875,0
2026-01-12 17:27:00+00:00,91633.0859375,91633.0859375,91633.0859375,91633.0859375,22413312
2026-01-12 17:28:00+00:00,91658.640625,91658.640625,91658.640625,91658.640625,0
2026-01-12 17:29:00+00:00,91633.90625,91633.90625,91633.90625,91633.90625,0
2026-01-12 17:30:00+00:00,91636.84375,91636.84375,91636.84375,91636.84375,6078464
2026-01-12 17:31:00+00:00,91563.953125,91563.953125,91563.953125,91563.953125,79835136
2026-01-12 17:32:00+00:00,91507.2890625,91507.2890625,91507.2890625,91507.2890625,829128704
2026-01-12 17:33:00+00:00,91132.6796875,91132.6796875,91132.6796875,91132.6796875,26144768
2026-01-12 17:34:00+00:00,91015.9765625,91015.9765625,91015.9765625,91015.9765625,151949312
2026-01-12 17:35:00+00:00,91072.6953125,91072.6953125,91072.6953125,91072.6953125,44793856
2026-01-12 17:36:00+00:00,91110.5234375,91110.5234375,91110.5234375,91110.5234375,16277504
2026-01-12 17:37:00+00:00,91185.859375,91185.859375,91185.859375,91185.859375,0
2026-01-12 17:38:00+00:00,91297.6171875,91297.6171875,91297.6171875,91297.6171875,0
2026-01-12 17:39:00+00:00,91227.2109375,91227.2109375,91227.2109375,91227.2109375,12427264
2026-01-12 17:40:00+00:00,91231.4609375,91231.4609375,91231.4609375,91231.4609375,209117184
2026-01-12 17:41:00+00:00,91182.7890625,91182.7890625,91182.7890625,91182.7890625,841351168
2026-01-12 17:42:00+00:00,91269.8359375,91269.8359375,91269.8359375,91269.8359375,8523776
2026-01-12 17:43:00+00:00,91244.96875,91244.96875,91244.96875,91244.96875,594931712
2026-01-12 17:44:00+00:00,91316.1484375,91316.1484375,91316.1484375,91316.1484375,22405120
2026-01-12 17:45:00+00:00,91269.046875,91269.046875,91269.046875,91269.046875,2744320
2026-01-12 17:46:00+00:00,91319.546875,91319.546875,91319.546875,91319.546875,169828352
2026-01-12 17:47:00+00:00,91310.5859375,91310.5859375,91310.5859375,91310.5859375,5206016
2026-01-12 17:48:00+00:00,91323.25,91323.25,91323.25,91323.25,2359296
2026-01-12 17:49:00+00:00,91400.7578125,91400.7578125,91400.7578125,91400.7578125,138883072
2026-01-12 17:50:00+00:00,91420.640625,91420.640625,91420.640625,91420.640625,19730432
2026-01-12 17:51:00+00:00,91412.734375,91412.734375,91412.734375,91412.734375,4235264
2026-01-12 17:52:00+00:00,91404.328125,91404.328125,91404.328125,91404.328125,98762752
2026-01-12 17:53:00+00:00,91418.84375,91418.84375,91418.84375,91418.84375,6336512
2026-01-12 17:55:00+00:00,91380.53125,91380.53125,91380.53125,91380.53125,55984128
2026-01-12 17:56:00+00:00,91380.53125,91380.53125,91380.53125,91380.53125,0
2026-01-12 17:57:00+00:00,91446.5390625,91446.5390625,91446.5390625,91446.5390625,2723840
2026-01-12 17:58:00+00:00,91378.1796875,91378.1796875,91378.1796875,91378.1796875,76636160
2026-01-12 17:59:00+00:00,91416.15625,91416.15625,91416.15625,91416.15625,712704
2026-01-12 18:00:00+00:00,91433.328125,91433.328125,91433.328125,91433.328125,2895872
2026-01-12 18:01:00+00:00,91426.6953125,91426.6953125,91426.6953125,91426.6953125,0
2026-01-12 18:02:00+00:00,91451.7109375,91451.7109375,91451.7109375,91451.7109375,0
2026-01-12 18:03:00+00:00,91418.546875,91418.546875,91418.546875,91418.546875,8663040
2026-01-12 18:04:00+00:00,91432.3125,91432.3125,91432.3125,91432.3125,122261504
2026-01-12 18:05:00+00:00,91360.7734375,91360.7734375,91360.7734375,91360.7734375,6336512
2026-01-12 18:06:00+00:00,91405.0390625,91405.0390625,91405.0390625,91405.0390625,0
2026-01-12 18:07:00+00:00,91450.7421875,91450.7421875,91450.7421875,91450.7421875,62451712
2026-01-12 18:08:00+00:00,91451.828125,91451.828125,91451.828125,91451.828125,401408
2026-01-12 18:09:00+00:00,91493.0546875,91493.0546875,91493.0546875,91493.0546875,3588096
2026-01-12 18:11:00+00:00,91668.8828125,91668.8828125,91668.8828125,91668.8828125,7634944
2026-01-12 18:12:00+00:00,91662.9140625,91662.9140625,91662.9140625,91662.9140625,57659392
2026-01-12 18:13:00+00:00,91652.6875,91652.6875,91652.6875,91652.6875,35823616
2026-01-12 18:14:00+00:00,91651.6796875,91651.6796875,91651.6796875,91651.6796875,19058688
2026-01-12 18:15:00+00:00,91629.3125,91629.3125,91629.3125,91629.3125,0
2026-01-12 18:16:00+00:00,91656.9609375,91656.9609375,91656.9609375,91656.9609375,17276928
2026-01-12 18:17:00+00:00,91736.0625,91736.0625,91736.0625,91736.0625,3276800
2026-01-12 18:18:00+00:00,91745.390625,91745.390625,91745.390625,91745.390625,12308480
2026-01-12 18:19:00+00:00,91734.6484375,91734.6484375,91734.6484375,91734.6484375,81575936
2026-01-12 18:20:00+00:00,91720.53125,91720.53125,91720.53125,91720.53125,2625536
2026-01-12 18:21:00+00:00,91776.0546875,91776.0546875,91776.0546875,91776.0546875,2015232
2026-01-12 18:22:00+00:00,91816.921875,91816.921875,91816.921875,91816.921875,0
2026-01-12 18:23:00+00:00,91795.7265625,91795.7265625,91795.7265625,91795.7265625,6856704
2026-01-12 18:24:00+00:00,91789.03125,91789.03125,91789.03125,91789.03125,3866624
2026-01-12 18:25:00+00:00,91775.671875,91775.671875,91775.671875,91775.671875,230191104
2026-01-12 18:26:00+00:00,91763.8828125,91763.8828125,91763.8828125,91763.8828125,3678208
2026-01-12 18:27:00+00:00,91727.171875,91727.171875,91727.171875,91727.171875,4399104
2026-01-12 18:28:00+00:00,91784.0234375,91784.0234375,91784.0234375,91784.0234375,29007872
2026-01-12 18:29:00+00:00,91791.109375,91791.109375,91791.109375,91791.109375,5128192
2026-01-12 18:30:00+00:00,91843.6796875,91843.6796875,91843.6796875,91843.6796875,5206016
2026-01-12 18:31:00+00:00,91816.9453125,91816.9453125,91816.9453125,91816.9453125,0
2026-01-12 18:32:00+00:00,91744.03125,91744.03125,91744.03125,91744.03125,5283840
2026-01-12 18:33:00+00:00,91609.7890625,91609.7890625,91609.7890625,91609.7890625,5406720
2026-01-12 18:34:00+00:00,91586.0,91586.0,91586.0,91586.0,65830912
2026-01-12 18:35:00+00:00,91479.2578125,91479.2578125,91479.2578125,91479.2578125,9408512
2026-01-12 18:36:00+00:00,91503.765625,91503.765625,91503.765625,91503.765625,8056832
2026-01-12 18:37:00+00:00,91474.2421875,91474.2421875,91474.2421875,91474.2421875,0
2026-01-12 18:38:00+00:00,91464.7578125,91464.7578125,91464.7578125,91464.7578125,0
2026-01-12 18:39:00+00:00,91498.2109375,91498.2109375,91498.2109375,91498.2109375,8024064
2026-01-12 18:40:00+00:00,91582.671875,91582.671875,91582.671875,91582.671875,170737664
2026-01-12 18:41:00+00:00,91527.4609375,91527.4609375,91527.4609375,91527.4609375,855601152
2026-01-12 18:42:00+00:00,91537.953125,91537.953125,91537.953125,91537.953125,9785344
2026-01-12 18:43:00+00:00,91550.34375,91550.34375,91550.34375,91550.34375,207065088
2026-01-12 18:44:00+00:00,91578.8125,91578.8125,91578.8125,91578.8125,2187264
2026-01-12 18:45:00+00:00,91603.5,91603.5,91603.5,91603.5,6774784
2026-01-12 18:46:00+00:00,91605.59375,91605.59375,91605.59375,91605.59375,0
2026-01-12 18:47:00+00:00,91544.1328125,91544.1328125,91544.1328125,91544.1328125,13549568
2026-01-12 18:48:00+00:00,91627.4921875,91627.4921875,91627.4921875,91627.4921875,602112
2026-01-12 18:49:00+00:00,91624.8984375,91624.8984375,91624.8984375,91624.8984375,16814080
2026-01-12 18:50:00+00:00,91629.5703125,91629.5703125,91629.5703125,91629.5703125,3768320
2026-01-12 18:51:00+00:00,91649.734375,91649.734375,91649.734375,91649.734375,4898816
2026-01-12 18:52:00+00:00,91673.546875,91673.546875,91673.546875,91673.546875,34574336
2026-01-12 18:53:00+00:00,91634.15625,91634.15625,91634.15625,91634.15625,3567616
2026-01-12 18:54:00+00:00,91649.765625,91649.765625,91649.765625,91649.765625,7892992
2026-01-12 18:55:00+00:00,91625.5859375,91625.5859375,91625.5859375,91625.5859375,21422080
2026-01-12 18:56:00+00:00,91681.03125,91681.03125,91681.03125,91681.03125,0
2026-01-12 18:57:00+00:00,91634.1171875,91634.1171875,91634.1171875,91634.1171875,0
2026-01-12 18:58:00+00:00,91655.9921875,91655.9921875,91655.9921875,91655.9921875,0
2026-01-12 18:59:00+00:00,91622.5859375,91622.5859375,91622.5859375,91622.5859375,5300224
2026-01-12 19:00:00+00:00,91617.8125,91617.8125,91617.8125,91617.8125,0
2026-01-12 19:01:00+00:00,91487.96875,91487.96875,91487.96875,91487.96875,85176320
2026-01-12 19:02:00+00:00,91416.78125,91416.78125,91416.78125,91416.78125,2760704
2026-01-12 19:03:00+00:00,91381.09375,91381.09375,91381.09375,91381.09375,0
2026-01-12 19:04:00+00:00,91383.1796875,91383.1796875,91383.1796875,91383.1796875,40058880
2026-01-12 19:06:00+00:00,91428.2578125,91428.2578125,91428.2578125,91428.2578125,18202624
2026-01-12 19:07:00+00:00,91497.71875,91497.71875,91497.71875,91497.71875,50397184
2026-01-12 19:08:00+00:00,91613.9296875,91613.9296875,91613.9296875,91613.9296875,9965568
2026-01-12 19:09:00+00:00,91596.3203125,91596.3203125,91596.3203125,91596.3203125,1994752
2026-01-12 19:10:00+00:00,91625.8671875,91625.8671875,91625.8671875,91625.8671875,45535232
2026-01-12 19:11:00+00:00,91661.84375,91661.84375,91661.84375,91661.84375,3215360
2026-01-12 19:12:00+00:00,91584.0234375,91584.0234375,91584.0234375,91584.0234375,21422080
2026-01-12 19:13:00+00:00,91579.1875,91579.1875,91579.1875,91579.1875,41623552
2026-01-12 19:14:00+00:00,91626.4453125,91626.4453125,91626.4453125,91626.4453125,12099584
2026-01-12 19:15:00+00:00,91582.2578125,91582.2578125,91582.2578125,91582.2578125,0
2026-01-12 19:17:00+00:00,91676.4453125,91676.4453125,91676.4453125,91676.4453125,201330688
2026-01-12 19:19:00+00:00,91727.1171875,91727.1171875,91727.1171875,91727.1171875,0
2026-01-12 19:20:00+00:00,91729.78125,91729.78125,91729.78125,91729.78125,1028096
2026-01-12 19:21:00+00:00,91729.4921875,91729.4921875,91729.4921875,91729.4921875,3887104
2026-01-12 19:22:00+00:00,91728.515625,91728.515625,91728.515625,91728.515625,73179136
2026-01-12 19:23:00+00:00,91705.9921875,91705.9921875,91705.9921875,91705.9921875,3084288
2026-01-12 19:24:00+00:00,91729.3671875,91729.3671875,91729.3671875,91729.3671875,2035712
2026-01-12 19:25:00+00:00,91703.59375,91703.59375,91703.59375,91703.59375,6127616
2026-01-12 19:26:00+00:00,91737.328125,91737.328125,91737.328125,91737.328125,4603904
2026-01-12 19:27:00+00:00,91735.4140625,91735.4140625,91735.4140625,91735.4140625,3022848
2026-01-12 19:28:00+00:00,91690.203125,91690.203125,91690.203125,91690.203125,108273664
2026-01-12 19:29:00+00:00,91712.4375,91712.4375,91712.4375,91712.4375,5423104
2026-01-12 19:30:00+00:00,91745.1171875,91745.1171875,91745.1171875,91745.1171875,0
2026-01-12 19:31:00+00:00,91774.3515625,91774.3515625,91774.3515625,91774.3515625,113197056
2026-01-12 19:32:00+00:00,91794.125,91794.125,91794.125,91794.125,9084928
2026-01-12 19:33:00+00:00,91769.515625,91769.515625,91769.515625,91769.515625,1159168
2026-01-12 19:34:00+00:00,91769.0,91769.0,91769.0,91769.0,46710784
2026-01-12 19:35:00+00:00,91765.921875,91765.921875,91765.921875,91765.921875,7409664
2026-01-12 19:36:00+00:00,91748.3671875,91748.3671875,91748.3671875,91748.3671875,0
2026-01-12 19:37:00+00:00,91672.0703125,91672.0703125,91672.0703125,91672.0703125,0
2026-01-12 19:38:00+00:00,91718.578125,91718.578125,91718.578125,91718.578125,0
2026-01-12 19:39:00+00:00,91753.5390625,91753.5390625,91753.5390625,91753.5390625,1896448
2026-01-12 19:40:00+00:00,91758.8125,91758.8125,91758.8125,91758.8125,0
2026-01-12 19:41:00+00:00,91757.8203125,91757.8203125,91757.8203125,91757.8203125,12374016
2026-01-12 19:42:00+00:00,91761.46875,91761.46875,91761.46875,91761.46875,7868416
2026-01-12 19:43:00+00:00,91766.5390625,91766.5390625,91766.5390625,91766.5390625,20246528
2026-01-12 19:44:00+00:00,91747.4296875,91747.4296875,91747.4296875,91747.4296875,6942720
2026-01-12 19:45:00+00:00,91747.8984375,91747.8984375,91747.8984375,91747.8984375,0
2026-01-12 19:46:00+00:00,91688.46875,91688.46875,91688.46875,91688.46875,43134976
2026-01-12 19:47:00+00:00,91686.4375,91686.4375,91686.4375,91686.4375,0
2026-01-12 19:48:00+00:00,91682.6953125,91682.6953125,91682.6953125,91682.6953125,0
2026-01-12 19:50:00+00:00,91670.8046875,91670.8046875,91670.8046875,91670.8046875,0
2026-01-12 19:51:00+00:00,91673.5546875,91673.5546875,91673.5546875,91673.5546875,0
2026-01-12 19:52:00+00:00,91755.3046875,91755.3046875,91755.3046875,91755.3046875,0
2026-01-12 19:53:00+00:00,91777.9609375,91777.9609375,91777.9609375,91777.9609375,0
2026-01-12 19:54:00+00:00,91754.09375,91754.09375,91754.09375,91754.09375,2777088
2026-01-12 19:55:00+00:00,91792.90625,91792.90625,91792.90625,91792.90625,0
2026-01-12 19:56:00+00:00,91760.4140625,91760.4140625,91760.4140625,91760.4140625,14106624
2026-01-12 19:57:00+00:00,91757.296875,91757.296875,91757.296875,91757.296875,0
2026-01-12 19:58:00+00:00,91780.0625,91780.0625,91780.0625,91780.0625,8433664
2026-01-12 19:59:00+00:00,91770.25,91770.25,91770.25,91770.25,2121728
2026-01-12 20:00:00+00:00,91784.5625,91784.5625,91784.5625,91784.5625,1441792
2026-01-12 20:01:00+00:00,91758.0234375,91758.0234375,91758.0234375,91758.0234375,0
2026-01-12 20:02:00+00:00,91828.546875,91828.546875,91828.546875,91828.546875,0
2026-01-12 20:03:00+00:00,91842.046875,91842.046875,91842.046875,91842.046875,0
2026-01-12 20:04:00+00:00,91904.4453125,91904.4453125,91904.4453125,91904.4453125,0
2026-01-12 20:05:00+00:00,91927.234375,91927.234375,91927.234375,91927.234375,26411008
2026-01-12 20:06:00+00:00,91927.5078125,91927.5078125,91927.5078125,91927.5078125,0
2026-01-12 20:07:00+00:00,91956.7421875,91956.7421875,91956.7421875,91956.7421875,202272768
2026-01-12 20:08:00+00:00,91962.3125,91962.3125,91962.3125,91962.3125,0
2026-01-12 20:09:00+00:00,91929.0234375,91929.0234375,91929.0234375,91929.0234375,1204224
2026-01-12 20:11:00+00:00,91827.1640625,91827.1640625,91827.1640625,91827.1640625,0
2026-01-12 20:12:00+00:00,91826.96875,91826.96875,91826.96875,91826.96875,0
2026-01-12 20:13:00+00:00,91838.6484375,91838.6484375,91838.6484375,91838.6484375,22503424
2026-01-12 20:14:00+00:00,91812.9296875,91812.9296875,91812.9296875,91812.9296875,0
2026-01-12 20:15:00+00:00,91813.7421875,91813.7421875,91813.7421875,91813.7421875,6508544
2026-01-12 20:16:00+00:00,91728.703125,91728.703125,91728.703125,91728.703125,0
2026-01-12 20:17:00+00:00,91720.109375,91720.109375,91720.109375,91720.109375,0
2026-01-12 20:18:00+00:00,91737.1328125,91737.1328125,91737.1328125,91737.1328125,0
2026-01-12 20:19:00+00:00,91687.140625,91687.140625,91687.140625,91687.140625,0
2026-01-12 20:21:00+00:00,91690.078125,91690.078125,91690.078125,91690.078125,0
2026-01-12 20:22:00+00:00,91657.0546875,91657.0546875,91657.0546875,91657.0546875,0
2026-01-12 20:23:00+00:00,91693.9453125,91693.9453125,91693.9453125,91693.9453125,0
2026-01-12 20:24:00+00:00,91693.9453125,91693.9453125,91693.9453125,91693.9453125,0
2026-01-12 20:25:00+00:00,91698.7578125,91698.7578125,91698.7578125,91698.7578125,37965824
2026-01-12 20:26:00+00:00,91698.7265625,91698.7265625,91698.7265625,91698.7265625,859652096
2026-01-12 20:27:00+00:00,91665.9375,91665.9375,91665.9375,91665.9375,0
2026-01-12 20:28:00+00:00,91634.8203125,91634.8203125,91634.8203125,91634.8203125,4956160
2026-01-12 20:29:00+00:00,91623.21875,91623.21875,91623.21875,91623.21875,0
2026-01-12 20:30:00+00:00,91667.140625,91667.140625,91667.140625,91667.140625,1122304
2026-01-12 20:31:00+00:00,91614.8046875,91614.8046875,91614.8046875,91614.8046875,166703104
2026-01-12 20:32:00+00:00,91571.8046875,91571.8046875,91571.8046875,91571.8046875,843776
2026-01-12 20:33:00+00:00,91512.203125,91512.203125,91512.203125,91512.203125,2404352
2026-01-12 20:34:00+00:00,91494.9453125,91494.9453125,91494.9453125,91494.9453125,25622642688
2026-01-12 20:35:00+00:00,91492.0859375,91492.0859375,91492.0859375,91492.0859375,0
2026-01-12 20:36:00+00:00,91478.6328125,91478.6328125,91478.6328125,91478.6328125,0
2026-01-12 20:37:00+00:00,91465.8359375,91465.8359375,91465.8359375,91465.8359375,0
2026-01-12 20:38:00+00:00,91506.9921875,91506.9921875,91506.9921875,91506.9921875,0
2026-01-12 20:39:00+00:00,91453.1171875,91453.1171875,91453.1171875,91453.1171875,0
2026-01-12 20:40:00+00:00,91467.6484375,91467.6484375,91467.6484375,91467.6484375,0
2026-01-12 20:41:00+00:00,91458.9375,91458.9375,91458.9375,91458.9375,853434368
2026-01-12 20:42:00+00:00,91429.90625,91429.90625,91429.90625,91429.90625,1495040
2026-01-12 20:43:00+00:00,91395.25,91395.25,91395.25,91395.25,0
2026-01-12 20:44:00+00:00,91404.75,91404.75,91404.75,91404.75,5099520
2026-01-12 20:45:00+00:00,91392.1328125,91392.1328125,91392.1328125,91392.1328125,0
2026-01-12 20:46:00+00:00,91392.515625,91392.515625,91392.515625,91392.515625,0
2026-01-12 20:47:00+00:00,91358.578125,91358.578125,91358.578125,91358.578125,1785856
2026-01-12 20:48:00+00:00,91369.7578125,91369.7578125,91369.7578125,91369.7578125,2494464
2026-01-12 20:50:00+00:00,91422.4140625,91422.4140625,91422.4140625,91422.4140625,47489024
2026-01-12 20:51:00+00:00,91392.765625,91392.765625,91392.765625,91392.765625,4886528
2026-01-12 20:52:00+00:00,91408.046875,91408.046875,91408.046875,91408.046875,14057472
2026-01-12 20:53:00+00:00,91375.0546875,91375.0546875,91375.0546875,91375.0546875,1826816
2026-01-12 20:54:00+00:00,91409.875,91409.875,91409.875,91409.875,3612672
2026-01-12 20:55:00+00:00,91353.0234375,91353.0234375,91353.0234375,91353.0234375,187998208
2026-01-12 20:56:00+00:00,91378.484375,91378.484375,91378.484375,91378.484375,663552
2026-01-12 20:57:00+00:00,91380.0625,91380.0625,91380.0625,91380.0625,5222400
2026-01-12 20:58:00+00:00,91367.0078125,91367.0078125,91367.0078125,91367.0078125,45940736
2026-01-12 20:59:00+00:00,91393.1953125,91393.1953125,91393.1953125,91393.1953125,0
2026-01-12 21:00:00+00:00,91404.1640625,91404.1640625,91404.1640625,91404.1640625,7471104
2026-01-12 21:01:00+00:00,91382.625,91382.625,91382.625,91382.625,0
2026-01-12 21:02:00+00:00,91351.71875,91351.71875,91351.71875,91351.71875,0
2026-01-12 21:03:00+00:00,91285.3515625,91285.3515625,91285.3515625,91285.3515625,1273856
2026-01-12 21:04:00+00:00,91246.484375,91246.484375,91246.484375,91246.484375,0
2026-01-12 21:05:00+00:00,91154.4765625,91154.4765625,91154.4765625,91154.4765625,3080192
2026-01-12 21:06:00+00:00,91203.4453125,91203.4453125,91203.4453125,91203.4453125,4874240
2026-01-12 21:07:00+00:00,91295.5546875,91295.5546875,91295.5546875,91295.5546875,48340992
2026-01-12 21:08:00+00:00,91294.875,91294.875,91294.875,91294.875,9478144
2026-01-12 21:09:00+00:00,91333.015625,91333.015625,91333.015625,91333.015625,7774208
2026-01-12 21:10:00+00:00,91342.7265625,91342.7265625,91342.7265625,91342.7265625,47771648
2026-01-12 21:11:00+00:00,91363.609375,91363.609375,91363.609375,91363.609375,0
2026-01-12 21:12:00+00:00,91375.640625,91375.640625,91375.640625,91375.640625,0
2026-01-12 21:13:00+00:00,91392.515625,91392.515625,91392.515625,91392.515625,0
2026-01-12 21:14:00+00:00,91380.4765625,91380.4765625,91380.4765625,91380.4765625,859475968
2026-01-12 21:15:00+00:00,91398.9140625,91398.9140625,91398.9140625,91398.9140625,0
2026-01-12 21:16:00+00:00,91393.15625,91393.15625,91393.15625,91393.15625,0
2026-01-12 21:17:00+00:00,91400.3359375,91400.3359375,91400.3359375,91400.3359375,2097152
2026-01-12 21:18:00+00:00,91383.8515625,91383.8515625,91383.8515625,91383.8515625,3084288
2026-01-12 21:19:00+00:00,91392.265625,91392.265625,91392.265625,91392.265625,250380288
2026-01-12 21:20:00+00:00,91388.5546875,91388.5546875,91388.5546875,91388.5546875,2826240
2026-01-12 21:21:00+00:00,91383.25,91383.25,91383.25,91383.25,5328896
2026-01-12 21:22:00+00:00,91384.921875,91384.921875,91384.921875,91384.921875,0
2026-01-12 21:23:00+00:00,91351.5546875,91351.5546875,91351.5546875,91351.5546875,10362880
2026-01-12 21:24:00+00:00,91311.3125,91311.3125,91311.3125,91311.3125,3964928
2026-01-12 21:25:00+00:00,91307.0859375,91307.0859375,91307.0859375,91307.0859375,24223744
2026-01-12 21:27:00+00:00,91330.4921875,91330.4921875,91330.4921875,91330.4921875,0
2026-01-12 21:28:00+00:00,91316.9921875,91316.9921875,91316.9921875,91316.9921875,0
2026-01-12 21:29:00+00:00,91305.1328125,91305.1328125,91305.1328125,91305.1328125,0
2026-01-12 21:30:00+00:00,91267.890625,91267.890625,91267.890625,91267.890625,7196672
2026-01-12 21:31:00+00:00,91263.21875,91263.21875,91263.21875,91263.21875,0
2026-01-12 21:32:00+00:00,91260.640625,91260.640625,91260.640625,91260.640625,2052096
2026-01-12 21:33:00+00:00,91237.1171875,91237.1171875,91237.1171875,91237.1171875,0
2026-01-12 21:34:00+00:00,91220.546875,91220.546875,91220.546875,91220.546875,30232576
2026-01-12 21:35:00+00:00,91266.28125,91266.28125,91266.28125,91266.28125,0
2026-01-12 21:36:00+00:00,91268.328125,91268.328125,91268.328125,91268.328125,2166784
2026-01-12 21:37:00+00:00,91300.6796875,91300.6796875,91300.6796875,91300.6796875,0
2026-01-12 21:38:00+00:00,91264.265625,91264.265625,91264.265625,91264.265625,0
2026-01-12 21:39:00+00:00,91273.703125,91273.703125,91273.703125,91273.703125,6549504
2026-01-12 21:40:00+00:00,91278.75,91278.75,91278.75,91278.75,282656768
2026-01-12 21:41:00+00:00,91276.21875,91276.21875,91276.21875,91276.21875,1318912
2026-01-12 21:42:00+00:00,91284.3203125,91284.3203125,91284.3203125,91284.3203125,0
2026-01-12 21:43:00+00:00,91297.46875,91297.46875,91297.46875,91297.46875,22388736
2026-01-12 21:44:00+00:00,91254.984375,91254.984375,91254.984375,91254.984375,1347584
2026-01-12 21:45:00+00:00,91215.5390625,91215.5390625,91215.5390625,91215.5390625,0
2026-01-12 21:46:00+00:00,91186.0546875,91186.0546875,91186.0546875,91186.0546875,24334336
2026-01-12 21:47:00+00:00,91142.4296875,91142.4296875,91142.4296875,91142.4296875,2695168
2026-01-12 21:48:00+00:00,91074.6171875,91074.6171875,91074.6171875,91074.6171875,520192
2026-01-12 21:49:00+00:00,91111.921875,91111.921875,91111.921875,91111.921875,22343680
2026-01-12 21:50:00+00:00,91109.796875,91109.796875,91109.796875,91109.796875,0
2026-01-12 21:51:00+00:00,91027.28125,91027.28125,91027.28125,91027.28125,0
2026-01-12 21:52:00+00:00,90994.171875,90994.171875,90994.171875,90994.171875,0
2026-01-12 21:53:00+00:00,90972.578125,90972.578125,90972.578125,90972.578125,0
2026-01-12 21:54:00+00:00,90973.203125,90973.203125,90973.203125,90973.203125,0
2026-01-12 21:55:00+00:00,90899.453125,90899.453125,90899.453125,90899.453125,0
2026-01-12 21:56:00+00:00,90947.890625,90947.890625,90947.890625,90947.890625,798420992
2026-01-12 21:57:00+00:00,90936.28125,90936.28125,90936.28125,90936.28125,12341248
2026-01-12 21:58:00+00:00,90894.484375,90894.484375,90894.484375,90894.484375,110616576
2026-01-12 21:59:00+00:00,90913.7265625,90913.7265625,90913.7265625,90913.7265625,0
2026-01-12 22:00:00+00:00,90984.1953125,90984.1953125,90984.1953125,90984.1953125,7507968
2026-01-12 22:01:00+00:00,91124.71875,91124.71875,91124.71875,91124.71875,26125680640
2026-01-12 22:02:00+00:00,91144.078125,91144.078125,91144.078125,91144.078125,61440000
2026-01-12 22:04:00+00:00,91159.2578125,91159.2578125,91159.2578125,91159.2578125,0
2026-01-12 22:05:00+00:00,91167.1640625,91167.1640625,91167.1640625,91167.1640625,0
2026-01-12 22:06:00+00:00,91140.1015625,91140.1015625,91140.1015625,91140.1015625,0
2026-01-12 22:07:00+00:00,91152.546875,91152.546875,91152.546875,91152.546875,0
2026-01-12 22:08:00+00:00,91148.953125,91148.953125,91148.953125,91148.953125,3530752
2026-01-12 22:09:00+00:00,91190.7890625,91190.7890625,91190.7890625,91190.7890625,0
2026-01-12 22:10:00+00:00,91227.9296875,91227.9296875,91227.9296875,91227.9296875,7020544
2026-01-12 22:11:00+00:00,91256.796875,91256.796875,91256.796875,91256.796875,0
2026-01-12 22:12:00+00:00,91287.15625,91287.15625,91287.15625,91287.15625,8945664
2026-01-12 22:13:00+00:00,91277.0546875,91277.0546875,91277.0546875,91277.0546875,0
2026-01-12 22:14:00+00:00,91350.2578125,91350.2578125,91350.2578125,91350.2578125,0
2026-01-12 22:15:00+00:00,91323.3359375,91323.3359375,91323.3359375,91323.3359375,20267008
2026-01-12 22:16:00+00:00,91239.7890625,91239.7890625,91239.7890625,91239.7890625,0
2026-01-12 22:17:00+00:00,91260.1875,91260.1875,91260.1875,91260.1875,0
2026-01-12 22:18:00+00:00,91261.3046875,91261.3046875,91261.3046875,91261.3046875,1544192
2026-01-12 22:19:00+00:00,91199.328125,91199.328125,91199.328125,91199.328125,330125312
2026-01-12 22:20:00+00:00,91227.421875,91227.421875,91227.421875,91227.421875,0
2026-01-12 22:21:00+00:00,91233.3515625,91233.3515625,91233.3515625,91233.3515625,6737920
2026-01-12 22:22:00+00:00,91260.09375,91260.09375,91260.09375,91260.09375,21643264
2026-01-12 22:23:00+00:00,91250.4609375,91250.4609375,91250.4609375,91250.4609375,0
2026-01-12 22:24:00+00:00,91270.0078125,91270.0078125,91270.0078125,91270.0078125,1257472
2026-01-12 22:25:00+00:00,91259.53125,91259.53125,91259.53125,91259.53125,195219456
2026-01-12 22:26:00+00:00,91257.4609375,91257.4609375,91257.4609375,91257.4609375,836788224
2026-01-12 22:27:00+00:00,91259.6796875,91259.6796875,91259.6796875,91259.6796875,17399808
2026-01-12 22:28:00+00:00,91251.5234375,91251.5234375,91251.5234375,91251.5234375,0
2026-01-12 22:29:00+00:00,91228.9375,91228.9375,91228.9375,91228.9375,0
2026-01-12 22:30:00+00:00,91187.953125,91187.953125,91187.953125,91187.953125,4104192
2026-01-12 22:31:00+00:00,91161.4375,91161.4375,91161.4375,91161.4375,40296448
2026-01-12 22:32:00+00:00,91172.25,91172.25,91172.25,91172.25,1261568
2026-01-12 22:33:00+00:00,91206.3125,91206.3125,91206.3125,91206.3125,11935744
2026-01-12 22:34:00+00:00,91202.6640625,91202.6640625,91202.6640625,91202.6640625,105553920
2026-01-12 22:35:00+00:00,91243.28125,91243.28125,91243.28125,91243.28125,0
2026-01-12 22:36:00+00:00,91205.921875,91205.921875,91205.921875,91205.921875,6955008
2026-01-12 22:37:00+00:00,91155.890625,91155.890625,91155.890625,91155.890625,25596506112
2026-01-12 22:38:00+00:00,91160.7578125,91160.7578125,91160.7578125,91160.7578125,0
2026-01-12 22:39:00+00:00,91187.2109375,91187.2109375,91187.2109375,91187.2109375,946176
2026-01-12 22:40:00+00:00,91233.375,91233.375,91233.375,91233.375,100974592
2026-01-12 22:41:00+00:00,91239.6796875,91239.6796875,91239.6796875,91239.6796875,13238272
2026-01-12 22:42:00+00:00,91251.34375,91251.34375,91251.34375,91251.34375,0
2026-01-12 22:43:00+00:00,91289.09375,91289.09375,91289.09375,91289.09375,14077952
2026-01-12 22:44:00+00:00,91302.8984375,91302.8984375,91302.8984375,91302.8984375,1298432
2026-01-12 22:45:00+00:00,91244.4375,91244.4375,91244.4375,91244.4375,28672
2026-01-12 22:46:00+00:00,91241.640625,91241.640625,91241.640625,91241.640625,0
2026-01-12 22:47:00+00:00,91184.078125,91184.078125,91184.078125,91184.078125,602112
2026-01-12 22:48:00+00:00,91169.6640625,91169.6640625,91169.6640625,91169.6640625,0
2026-01-12 22:49:00+00:00,91142.234375,91142.234375,91142.234375,91142.234375,60813312
2026-01-12 22:50:00+00:00,91192.2265625,91192.2265625,91192.2265625,91192.2265625,0
2026-01-12 22:51:00+00:00,91196.546875,91196.546875,91196.546875,91196.546875,6537216
2026-01-12 22:52:00+00:00,91157.9453125,91157.9453125,91157.9453125,91157.9453125,2719744
2026-01-12 22:53:00+00:00,91180.8203125,91180.8203125,91180.8203125,91180.8203125,10121216
2026-01-12 22:54:00+00:00,91222.7421875,91222.7421875,91222.7421875,91222.7421875,3452928
2026-01-12 22:55:00+00:00,91159.234375,91159.234375,91159.234375,91159.234375,0
2026-01-12 22:56:00+00:00,91161.1171875,91161.1171875,91161.1171875,91161.1171875,0
2026-01-12 22:57:00+00:00,91177.59375,91177.59375,91177.59375,91177.59375,716800
2026-01-12 22:58:00+00:00,91177.0234375,91177.0234375,91177.0234375,91177.0234375,0
2026-01-12 22:59:00+00:00,91157.546875,91157.546875,91157.546875,91157.546875,0
2026-01-12 23:00:00+00:00,91142.65625,91142.65625,91142.65625,91142.65625,17223680
2026-01-12 23:01:00+00:00,91178.4921875,91178.4921875,91178.4921875,91178.4921875,41226240
2026-01-12 23:02:00+00:00,91162.46875,91162.46875,91162.46875,91162.46875,0
2026-01-12 23:03:00+00:00,91070.4296875,91070.4296875,91070.4296875,91070.4296875,1036288
2026-01-12 23:04:00+00:00,91057.921875,91057.921875,91057.921875,91057.921875,0
2026-01-12 23:05:00+00:00,90987.8984375,90987.8984375,90987.8984375,90987.8984375,0
2026-01-12 23:06:00+00:00,91027.703125,91027.703125,91027.703125,91027.703125,0
2026-01-12 23:07:00+00:00,91054.5234375,91054.5234375,91054.5234375,91054.5234375,167649280
2026-01-12 23:08:00+00:00,91063.9609375,91063.9609375,91063.9609375,91063.9609375,0
2026-01-12 23:09:00+00:00,91038.5390625,91038.5390625,91038.5390625,91038.5390625,5640192
2026-01-12 23:11:00+00:00,91027.3828125,91027.3828125,91027.3828125,91027.3828125,0
2026-01-12 23:12:00+00:00,91030.8359375,91030.8359375,91030.8359375,91030.8359375,0
2026-01-12 23:13:00+00:00,91067.1875,91067.1875,91067.1875,91067.1875,0
2026-01-12 23:15:00+00:00,91067.8203125,91067.8203125,91067.8203125,91067.8203125,2285568
2026-01-12 23:16:00+00:00,91067.8046875,91067.8046875,91067.8046875,91067.8046875,0
2026-01-12 23:17:00+00:00,91091.84375,91091.84375,91091.84375,91091.84375,0
2026-01-12 23:18:00+00:00,91059.9921875,91059.9921875,91059.9921875,91059.9921875,0
2026-01-12 23:19:00+00:00,91076.890625,91076.890625,91076.890625,91076.890625,0
2026-01-12 23:20:00+00:00,91081.40625,91081.40625,91081.40625,91081.40625,0
2026-01-12 23:21:00+00:00,91089.7421875,91089.7421875,91089.7421875,91089.7421875,0
2026-01-12 23:22:00+00:00,91095.8828125,91095.8828125,91095.8828125,91095.8828125,0
2026-01-12 23:23:00+00:00,91095.09375,91095.09375,91095.09375,91095.09375,0
2026-01-12 23:24:00+00:00,91111.90625,91111.90625,91111.90625,91111.90625,0
2026-01-12 23:25:00+00:00,91142.109375,91142.109375,91142.109375,91142.109375,0
2026-01-12 23:26:00+00:00,91139.3125,91139.3125,91139.3125,91139.3125,0
2026-01-12 23:27:00+00:00,91143.125,91143.125,91143.125,91143.125,0
2026-01-12 23:28:00+00:00,91179.53125,91179.53125,91179.53125,91179.53125,0
2026-01-12 23:29:00+00:00,91189.015625,91189.015625,91189.015625,91189.015625,344064
2026-01-12 23:30:00+00:00,91184.59375,91184.59375,91184.59375,91184.59375,0
2026-01-12 23:31:00+00:00,91180.0234375,91180.0234375,91180.0234375,91180.0234375,285597696
2026-01-12 23:32:00+00:00,91203.8671875,91203.8671875,91203.8671875,91203.8671875,0
2026-01-12 23:33:00+00:00,91176.390625,91176.390625,91176.390625,91176.390625,1458176
2026-01-12 23:34:00+00:00,91149.1640625,91149.1640625,91149.1640625,91149.1640625,0
2026-01-12 23:35:00+00:00,91122.8125,91122.8125,91122.8125,91122.8125,10719232
2026-01-12 23:36:00+00:00,91110.7734375,91110.7734375,91110.7734375,91110.7734375,0
2026-01-12 23:37:00+00:00,91136.15625,91136.15625,91136.15625,91136.15625,239243264
2026-01-12 23:38:00+00:00,91137.828125,91137.828125,91137.828125,91137.828125,0
2026-01-12 23:39:00+00:00,91155.6953125,91155.6953125,91155.6953125,91155.6953125,5754880
2026-01-12 23:40:00+00:00,91166.0859375,91166.0859375,91166.0859375,91166.0859375,2404352
2026-01-12 23:41:00+00:00,91144.65625,91144.65625,91144.65625,91144.65625,0
2026-01-12 23:42:00+00:00,91171.7109375,91171.7109375,91171.7109375,91171.7109375,2412544
2026-01-12 23:43:00+00:00,91163.484375,91163.484375,91163.484375,91163.484375,0
2026-01-12 23:44:00+00:00,91162.5703125,91162.5703125,91162.5703125,91162.5703125,0
2026-01-12 23:45:00+00:00,91166.546875,91166.546875,91166.546875,91166.546875,1134592
2026-01-12 23:46:00+00:00,91156.4375,91156.4375,91156.4375,91156.4375,0
2026-01-12 23:47:00+00:00,91149.890625,91149.890625,91149.890625,91149.890625,0
2026-01-12 23:48:00+00:00,91142.421875,91142.421875,91142.421875,91142.421875,0
2026-01-12 23:49:00+00:00,91127.765625,91127.765625,91127.765625,91127.765625,0
2026-01-12 23:50:00+00:00,91131.4140625,91131.4140625,91131.4140625,91131.4140625,0
2026-01-12 23:51:00+00:00,91127.1875,91127.1875,91127.1875,91127.1875,0
2026-01-12 23:52:00+00:00,91141.71875,91141.71875,91141.71875,91141.71875,11882496
2026-01-12 23:53:00+00:00,91141.6484375,91141.6484375,91141.6484375,91141.6484375,0
2026-01-12 23:54:00+00:00,91153.3671875,91153.3671875,91153.3671875,91153.3671875,0
2026-01-12 23:55:00+00:00,91137.5859375,91137.5859375,91137.5859375,91137.5859375,0
2026-01-12 23:56:00+00:00,91154.2109375,91154.2109375,91154.2109375,91154.2109375,0
2026-01-12 23:57:00+00:00,91162.390625,91162.390625,91162.390625,91162.390625,2170880
2026-01-12 23:58:00+00:00,91157.1015625,91157.1015625,91157.1015625,91157.1015625,5111808
2026-01-13 00:00:00+00:00,91195.6328125,91195.6328125,91195.6328125,91195.6328125,0
2026-01-13 00:01:00+00:00,91195.9765625,91195.9765625,91195.9765625,91195.9765625,0
2026-01-13 00:02:00+00:00,91238.59375,91238.59375,91238.59375,91238.59375,0
2026-01-13 00:03:00+00:00,91248.1484375,91248.1484375,91248.1484375,91248.1484375,0
2026-01-13 00:04:00+00:00,91263.875,91263.875,91263.875,91263.875,0
2026-01-13 00:05:00+00:00,91262.421875,91262.421875,91262.421875,91262.421875,0
2026-01-13 00:06:00+00:00,91280.4140625,91280.4140625,91280.4140625,91280.4140625,0
2026-01-13 00:07:00+00:00,91305.0703125,91305.0703125,91305.0703125,91305.0703125,0
2026-01-13 00:08:00+00:00,91221.9765625,91221.9765625,91221.9765625,91221.9765625,3272704
2026-01-13 00:09:00+00:00,91241.6640625,91241.6640625,91241.6640625,91241.6640625,0
2026-01-13 00:10:00+00:00,91251.875,91251.875,91251.875,91251.875,0
2026-01-13 00:11:00+00:00,91287.03125,91287.03125,91287.03125,91287.03125,0
2026-01-13 00:12:00+00:00,91280.4453125,91280.4453125,91280.4453125,91280.4453125,19349504
2026-01-13 00:13:00+00:00,91273.6953125,91273.6953125,91273.6953125,91273.6953125,338644992
2026-01-13 00:14:00+00:00,91246.796875,91246.796875,91246.796875,91246.796875,651264
2026-01-13 00:15:00+00:00,91246.21875,91246.21875,91246.21875,91246.21875,0
2026-01-13 00:16:00+00:00,91226.5703125,91226.5703125,91226.5703125,91226.5703125,156979200
2026-01-13 00:17:00+00:00,91233.5859375,91233.5859375,91233.5859375,91233.5859375,0
2026-01-13 00:18:00+00:00,91258.734375,91258.734375,91258.734375,91258.734375,0
2026-01-13 00:19:00+00:00,91257.8671875,91257.8671875,91257.8671875,91257.8671875,0
2026-01-13 00:20:00+00:00,91234.9921875,91234.9921875,91234.9921875,91234.9921875,0
2026-01-13 00:21:00+00:00,91229.265625,91229.265625,91229.265625,91229.265625,0
2026-01-13 00:22:00+00:00,91271.546875,91271.546875,91271.546875,91271.546875,0
2026-01-13 00:23:00+00:00,91298.1015625,91298.1015625,91298.1015625,91298.1015625,0
2026-01-13 00:25:00+00:00,91368.921875,91368.921875,91368.921875,91368.921875,0
2026-01-13 00:27:00+00:00,91398.0390625,91398.0390625,91398.0390625,91398.0390625,0
2026-01-13 00:29:00+00:00,91373.1875,91373.1875,91373.1875,91373.1875,0
2026-01-13 00:30:00+00:00,91368.59375,91368.59375,91368.59375,91368.59375,9277440
2026-01-13 00:31:00+00:00,91371.5625,91371.5625,91371.5625,91371.5625,76345344
2026-01-13 00:32:00+00:00,91372.859375,91372.859375,91372.859375,91372.859375,0
2026-01-13 00:33:00+00:00,91364.546875,91364.546875,91364.546875,91364.546875,0
2026-01-13 00:34:00+00:00,91365.6171875,91365.6171875,91365.6171875,91365.6171875,294543360
2026-01-13 00:35:00+00:00,91389.3828125,91389.3828125,91389.3828125,91389.3828125,0
2026-01-13 00:36:00+00:00,91399.1953125,91399.1953125,91399.1953125,91399.1953125,0
2026-01-13 00:38:00+00:00,91395.609375,91395.609375,91395.609375,91395.609375,12787712
2026-01-13 00:39:00+00:00,91403.6953125,91403.6953125,91403.6953125,91403.6953125,0
2026-01-13 00:40:00+00:00,91365.4765625,91365.4765625,91365.4765625,91365.4765625,0
2026-01-13 00:41:00+00:00,91284.0,91284.0,91284.0,91284.0,8359936
2026-01-13 00:42:00+00:00,91272.8671875,91272.8671875,91272.8671875,91272.8671875,0
2026-01-13 00:43:00+00:00,91184.359375,91184.359375,91184.359375,91184.359375,0
2026-01-13 00:44:00+00:00,91175.1328125,91175.1328125,91175.1328125,91175.1328125,1687552
2026-01-13 00:45:00+00:00,91206.2265625,91206.2265625,91206.2265625,91206.2265625,1617920
2026-01-13 00:46:00+00:00,91221.7265625,91221.7265625,91221.7265625,91221.7265625,0
2026-01-13 00:47:00+00:00,91228.0234375,91228.0234375,91228.0234375,91228.0234375,2945024
2026-01-13 00:48:00+00:00,91238.546875,91238.546875,91238.546875,91238.546875,0
2026-01-13 00:49:00+00:00,91221.4375,91221.4375,91221.4375,91221.4375,202186752
2026-01-13 00:50:00+00:00,91264.796875,91264.796875,91264.796875,91264.796875,65536
2026-01-13 00:51:00+00:00,91260.4453125,91260.4453125,91260.4453125,91260.4453125,0
2026-01-13 00:52:00+00:00,91274.1796875,91274.1796875,91274.1796875,91274.1796875,0
2026-01-13 00:53:00+00:00,91268.7578125,91268.7578125,91268.7578125,91268.7578125,0
2026-01-13 00:54:00+00:00,91296.40625,91296.40625,91296.40625,91296.40625,5828608
2026-01-13 00:55:00+00:00,91309.7734375,91309.7734375,91309.7734375,91309.7734375,168693760
2026-01-13 00:56:00+00:00,91303.453125,91303.453125,91303.453125,91303.453125,0
2026-01-13 00:57:00+00:00,91292.6640625,91292.6640625,91292.6640625,91292.6640625,319488
2026-01-13 00:58:00+00:00,91384.03125,91384.03125,91384.03125,91384.03125,193679360
2026-01-13 00:59:00+00:00,91386.7109375,91386.7109375,91386.7109375,91386.7109375,929792
2026-01-13 01:00:00+00:00,91384.75,91384.75,91384.75,91384.75,0
2026-01-13 01:01:00+00:00,91387.484375,91387.484375,91387.484375,91387.484375,0
2026-01-13 01:02:00+00:00,91375.2109375,91375.2109375,91375.2109375,91375.2109375,0
2026-01-13 01:03:00+00:00,91363.359375,91363.359375,91363.359375,91363.359375,0
2026-01-13 01:04:00+00:00,91363.9453125,91363.9453125,91363.9453125,91363.9453125,0
2026-01-13 01:05:00+00:00,91325.0859375,91325.0859375,91325.0859375,91325.0859375,0
2026-01-13 01:06:00+00:00,91343.8984375,91343.8984375,91343.8984375,91343.8984375,0
2026-01-13 01:07:00+00:00,91386.78125,91386.78125,91386.78125,91386.78125,247865344
2026-01-13 01:08:00+00:00,91432.3203125,91432.3203125,91432.3203125,91432.3203125,0
2026-01-13 01:09:00+00:00,91422.4453125,91422.4453125,91422.4453125,91422.4453125,0
2026-01-13 01:10:00+00:00,91390.3359375,91390.3359375,91390.3359375,91390.3359375,0
2026-01-13 01:11:00+00:00,91391.546875,91391.546875,91391.546875,91391.546875,0
2026-01-13 01:12:00+00:00,91392.2421875,91392.2421875,91392.2421875,91392.2421875,0
2026-01-13 01:13:00+00:00,91355.1953125,91355.1953125,91355.1953125,91355.1953125,0
2026-01-13 01:14:00+00:00,91345.53125,91345.53125,91345.53125,91345.53125,0
2026-01-13 01:15:00+00:00,91362.453125,91362.453125,91362.453125,91362.453125,5754880
2026-01-13 01:16:00+00:00,91342.484375,91342.484375,91342.484375,91342.484375,0
2026-01-13 01:17:00+00:00,91350.640625,91350.640625,91350.640625,91350.640625,0
2026-01-13 01:18:00+00:00,91339.9765625,91339.9765625,91339.9765625,91339.9765625,0
2026-01-13 01:19:00+00:00,91297.515625,91297.515625,91297.515625,91297.515625,0
2026-01-13 01:20:00+00:00,91286.1015625,91286.1015625,91286.1015625,91286.1015625,0
2026-01-13 01:21:00+00:00,91326.9609375,91326.9609375,91326.9609375,91326.9609375,18595840
2026-01-13 01:22:00+00:00,91306.6015625,91306.6015625,91306.6015625,91306.6015625,0
2026-01-13 01:23:00+00:00,91319.2734375,91319.2734375,91319.2734375,91319.2734375,11268096
2026-01-13 01:24:00+00:00,91291.1328125,91291.1328125,91291.1328125,91291.1328125,0
2026-01-13 01:25:00+00:00,91275.5625,91275.5625,91275.5625,91275.5625,368103424
2026-01-13 01:26:00+00:00,91278.90625,91278.90625,91278.90625,91278.90625,0
2026-01-13 01:27:00+00:00,91250.8671875,91250.8671875,91250.8671875,91250.8671875,0
2026-01-13 01:28:00+00:00,91224.03125,91224.03125,91224.03125,91224.03125,15060992
2026-01-13 01:29:00+00:00,91253.3046875,91253.3046875,91253.3046875,91253.3046875,0
2026-01-13 01:30:00+00:00,91220.5625,91220.5625,91220.5625,91220.5625,163840
2026-01-13 01:31:00+00:00,91234.9921875,91234.9921875,91234.9921875,91234.9921875,0
2026-01-13 01:32:00+00:00,91185.4453125,91185.4453125,91185.4453125,91185.4453125,0
2026-01-13 01:33:00+00:00,91182.703125,91182.703125,91182.703125,91182.703125,0
2026-01-13 01:34:00+00:00,91164.4296875,91164.4296875,91164.4296875,91164.4296875,206327808
2026-01-13 01:35:00+00:00,91139.640625,91139.640625,91139.640625,91139.640625,0
2026-01-13 01:36:00+00:00,91108.1640625,91108.1640625,91108.1640625,91108.1640625,0
2026-01-13 01:37:00+00:00,91063.8828125,91063.8828125,91063.8828125,91063.8828125,0
2026-01-13 01:38:00+00:00,91020.578125,91020.578125,91020.578125,91020.578125,0
2026-01-13 01:39:00+00:00,91006.1484375,91006.1484375,91006.1484375,91006.1484375,5267456
2026-01-13 01:40:00+00:00,91015.6015625,91015.6015625,91015.6015625,91015.6015625,0
2026-01-13 01:41:00+00:00,91029.453125,91029.453125,91029.453125,91029.453125,47845376
2026-01-13 01:42:00+00:00,91018.4453125,91018.4453125,91018.4453125,91018.4453125,0
2026-01-13 01:43:00+00:00,90941.9296875,90941.9296875,90941.9296875,90941.9296875,5955584
2026-01-13 01:44:00+00:00,90989.1171875,90989.1171875,90989.1171875,90989.1171875,6148096
2026-01-13 01:45:00+00:00,90986.90625,90986.90625,90986.90625,90986.90625,0
2026-01-13 01:46:00+00:00,91023.6484375,91023.6484375,91023.6484375,91023.6484375,71008256
2026-01-13 01:47:00+00:00,91006.6171875,91006.6171875,91006.6171875,91006.6171875,0
2026-01-13 01:48:00+00:00,91019.375,91019.375,91019.375,91019.375,0
2026-01-13 01:49:00+00:00,91069.421875,91069.421875,91069.421875,91069.421875,665100288
2026-01-13 01:51:00+00:00,91097.1484375,91097.1484375,91097.1484375,91097.1484375,0
2026-01-13 01:52:00+00:00,91079.0390625,91079.0390625,91079.0390625,91079.0390625,0
2026-01-13 01:53:00+00:00,91068.0703125,91068.0703125,91068.0703125,91068.0703125,741376
2026-01-13 01:54:00+00:00,91060.8828125,91060.8828125,91060.8828125,91060.8828125,0
2026-01-13 01:55:00+00:00,91073.65625,91073.65625,91073.65625,91073.65625,9310208
2026-01-13 01:56:00+00:00,91055.453125,91055.453125,91055.453125,91055.453125,0
2026-01-13 01:57:00+00:00,91059.0546875,91059.0546875,91059.0546875,91059.0546875,0
2026-01-13 01:58:00+00:00,91045.390625,91045.390625,91045.390625,91045.390625,0
2026-01-13 01:59:00+00:00,91058.9296875,91058.9296875,91058.9296875,91058.9296875,0
2026-01-13 02:00:00+00:00,91081.4453125,91081.4453125,91081.4453125,91081.4453125,32448512
2026-01-13 02:01:00+00:00,91104.1953125,91104.1953125,91104.1953125,91104.1953125,3940352
2026-01-13 02:02:00+00:00,91109.265625,91109.265625,91109.265625,91109.265625,0
2026-01-13 02:03:00+00:00,91135.6640625,91135.6640625,91135.6640625,91135.6640625,0
2026-01-13 02:04:00+00:00,91161.7578125,91161.7578125,91161.7578125,91161.7578125,0
2026-01-13 02:05:00+00:00,91227.796875,91227.796875,91227.796875,91227.796875,12382208
2026-01-13 02:06:00+00:00,91267.5234375,91267.5234375,91267.5234375,91267.5234375,0
2026-01-13 02:07:00+00:00,91227.34375,91227.34375,91227.34375,91227.34375,326217728
2026-01-13 02:08:00+00:00,91207.859375,91207.859375,91207.859375,91207.859375,4571136
2026-01-13 02:09:00+00:00,91197.125,91197.125,91197.125,91197.125,0
2026-01-13 02:10:00+00:00,91187.625,91187.625,91187.625,91187.625,0
2026-01-13 02:11:00+00:00,91181.5078125,91181.5078125,91181.5078125,91181.5078125,0
2026-01-13 02:12:00+00:00,91172.8671875,91172.8671875,91172.8671875,91172.8671875,0
2026-01-13 02:13:00+00:00,91183.8359375,91183.8359375,91183.8359375,91183.8359375,0
2026-01-13 02:14:00+00:00,91189.9921875,91189.9921875,91189.9921875,91189.9921875,0
2026-01-13 02:15:00+00:00,91192.453125,91192.453125,91192.453125,91192.453125,0
2026-01-13 02:17:00+00:00,91204.5078125,91204.5078125,91204.5078125,91204.5078125,0
2026-01-13 02:18:00+00:00,91200.2265625,91200.2265625,91200.2265625,91200.2265625,0
2026-01-13 02:20:00+00:00,91178.609375,91178.609375,91178.609375,91178.609375,0
2026-01-13 02:21:00+00:00,91177.3359375,91177.3359375,91177.3359375,91177.3359375,0
2026-01-13 02:23:00+00:00,91166.46875,91166.46875,91166.46875,91166.46875,265109504
2026-01-13 02:24:00+00:00,91183.359375,91183.359375,91183.359375,91183.359375,2564096
2026-01-13 02:25:00+00:00,91183.9921875,91183.9921875,91183.9921875,91183.9921875,0
2026-01-13 02:26:00+00:00,91167.5078125,91167.5078125,91167.5078125,91167.5078125,0
2026-01-13 02:27:00+00:00,91169.2890625,91169.2890625,91169.2890625,91169.2890625,753664
2026-01-13 02:28:00+00:00,91170.625,91170.625,91170.625,91170.625,0
2026-01-13 02:29:00+00:00,91194.5625,91194.5625,91194.5625,91194.5625,0
2026-01-13 02:30:00+00:00,91198.296875,91198.296875,91198.296875,91198.296875,413696
2026-01-13 02:31:00+00:00,91202.7578125,91202.7578125,91202.7578125,91202.7578125,0
2026-01-13 02:32:00+00:00,91183.953125,91183.953125,91183.953125,91183.953125,0
2026-01-13 02:33:00+00:00,91187.265625,91187.265625,91187.265625,91187.265625,0
2026-01-13 02:34:00+00:00,91192.875,91192.875,91192.875,91192.875,0
2026-01-13 02:35:00+00:00,91168.7109375,91168.7109375,91168.7109375,91168.7109375,0
2026-01-13 02:36:00+00:00,91178.53125,91178.53125,91178.53125,91178.53125,0
2026-01-13 02:37:00+00:00,91156.140625,91156.140625,91156.140625,91156.140625,59629568
2026-01-13 02:38:00+00:00,91114.6484375,91114.6484375,91114.6484375,91114.6484375,0
2026-01-13 02:39:00+00:00,91100.5234375,91100.5234375,91100.5234375,91100.5234375,0
2026-01-13 02:40:00+00:00,91090.1015625,91090.1015625,91090.1015625,91090.1015625,0
2026-01-13 02:41:00+00:00,91103.359375,91103.359375,91103.359375,91103.359375,0
2026-01-13 02:42:00+00:00,91097.8046875,91097.8046875,91097.8046875,91097.8046875,17080320
2026-01-13 02:43:00+00:00,91084.140625,91084.140625,91084.140625,91084.140625,0
2026-01-13 02:44:00+00:00,91060.078125,91060.078125,91060.078125,91060.078125,405504
2026-01-13 02:45:00+00:00,91030.4453125,91030.4453125,91030.4453125,91030.4453125,8368128
2026-01-13 02:46:00+00:00,91048.7265625,91048.7265625,91048.7265625,91048.7265625,0
2026-01-13 02:47:00+00:00,91039.34375,91039.34375,91039.34375,91039.34375,0
2026-01-13 02:48:00+00:00,91047.359375,91047.359375,91047.359375,91047.359375,0
2026-01-13 02:49:00+00:00,91047.4609375,91047.4609375,91047.4609375,91047.4609375,0
2026-01-13 02:50:00+00:00,91077.5703125,91077.5703125,91077.5703125,91077.5703125,0
2026-01-13 02:51:00+00:00,91086.9453125,91086.9453125,91086.9453125,91086.9453125,0
2026-01-13 02:52:00+00:00,91076.6015625,91076.6015625,91076.6015625,91076.6015625,182890496
2026-01-13 02:53:00+00:00,91065.484375,91065.484375,91065.484375,91065.484375,0
2026-01-13 02:55:00+00:00,91131.9140625,91131.9140625,91131.9140625,91131.9140625,0
2026-01-13 02:56:00+00:00,91112.203125,91112.203125,91112.203125,91112.203125,0
2026-01-13 02:57:00+00:00,91117.4375,91117.4375,91117.4375,91117.4375,0
2026-01-13 02:58:00+00:00,91111.15625,91111.15625,91111.15625,91111.15625,0
2026-01-13 02:59:00+00:00,91114.5859375,91114.5859375,91114.5859375,91114.5859375,0
2026-01-13 03:00:00+00:00,91031.1953125,91031.1953125,91031.1953125,91031.1953125,0
2026-01-13 03:01:00+00:00,91046.0546875,91046.0546875,91046.0546875,91046.0546875,0
2026-01-13 03:02:00+00:00,91071.09375,91071.09375,91071.09375,91071.09375,0
2026-01-13 03:03:00+00:00,91085.703125,91085.703125,91085.703125,91085.703125,1835008
2026-01-13 03:04:00+00:00,91062.8125,91062.8125,91062.8125,91062.8125,0
2026-01-13 03:05:00+00:00,91060.359375,91060.359375,91060.359375,91060.359375,0
2026-01-13 03:06:00+00:00,91060.359375,91060.359375,91060.359375,91060.359375,0
2026-01-13 03:07:00+00:00,91082.25,91082.25,91082.25,91082.25,0
2026-01-13 03:08:00+00:00,91081.6875,91081.6875,91081.6875,91081.6875,0
2026-01-13 03:09:00+00:00,91024.9375,91024.9375,91024.9375,91024.9375,2052096
2026-01-13 03:10:00+00:00,91019.5390625,91019.5390625,91019.5390625,91019.5390625,0
2026-01-13 03:11:00+00:00,91133.1328125,91133.1328125,91133.1328125,91133.1328125,3055616
2026-01-13 03:12:00+00:00,91119.5078125,91119.5078125,91119.5078125,91119.5078125,1785856
2026-01-13 03:13:00+00:00,91155.96875,91155.96875,91155.96875,91155.96875,358547456
2026-01-13 03:14:00+00:00,91179.3046875,91179.3046875,91179.3046875,91179.3046875,0
2026-01-13 03:15:00+00:00,91165.125,91165.125,91165.125,91165.125,0
2026-01-13 03:16:00+00:00,91184.25,91184.25,91184.25,91184.25,0
2026-01-13 03:17:00+00:00,91201.171875,91201.171875,91201.171875,91201.171875,0
2026-01-13 03:18:00+00:00,91187.1328125,91187.1328125,91187.1328125,91187.1328125,0
2026-01-13 03:19:00+00:00,91184.03125,91184.03125,91184.03125,91184.03125,0
2026-01-13 03:20:00+00:00,91198.6171875,91198.6171875,91198.6171875,91198.6171875,46637056
2026-01-13 03:21:00+00:00,91192.78125,91192.78125,91192.78125,91192.78125,0
2026-01-13 03:22:00+00:00,91252.0625,91252.0625,91252.0625,91252.0625,0
2026-01-13 03:23:00+00:00,91320.46875,91320.46875,91320.46875,91320.46875,0
2026-01-13 03:24:00+00:00,91327.140625,91327.140625,91327.140625,91327.140625,0
2026-01-13 03:25:00+00:00,91321.234375,91321.234375,91321.234375,91321.234375,0
2026-01-13 03:26:00+00:00,91311.0859375,91311.0859375,91311.0859375,91311.0859375,0
2026-01-13 03:27:00+00:00,91304.796875,91304.796875,91304.796875,91304.796875,0
2026-01-13 03:28:00+00:00,91294.0,91294.0,91294.0,91294.0,0
2026-01-13 03:29:00+00:00,91283.453125,91283.453125,91283.453125,91283.453125,0
2026-01-13 03:30:00+00:00,91277.921875,91277.921875,91277.921875,91277.921875,0
2026-01-13 03:31:00+00:00,91305.1015625,91305.1015625,91305.1015625,91305.1015625,0
2026-01-13 03:32:00+00:00,91291.8515625,91291.8515625,91291.8515625,91291.8515625,0
2026-01-13 03:33:00+00:00,91284.9453125,91284.9453125,91284.9453125,91284.9453125,0
2026-01-13 03:34:00+00:00,91284.9453125,91284.9453125,91284.9453125,91284.9453125,0
2026-01-13 03:35:00+00:00,91262.984375,91262.984375,91262.984375,91262.984375,0
2026-01-13 03:36:00+00:00,91299.765625,91299.765625,91299.765625,91299.765625,0
2026-01-13 03:37:00+00:00,91299.5078125,91299.5078125,91299.5078125,91299.5078125,61272064
2026-01-13 03:38:00+00:00,91304.8671875,91304.8671875,91304.8671875,91304.8671875,0
2026-01-13 03:39:00+00:00,91259.6796875,91259.6796875,91259.6796875,91259.6796875,0
2026-01-13 03:40:00+00:00,91236.4453125,91236.4453125,91236.4453125,91236.4453125,400654336
2026-01-13 03:41:00+00:00,91229.484375,91229.484375,91229.484375,91229.484375,0
2026-01-13 03:43:00+00:00,91248.5859375,91248.5859375,91248.5859375,91248.5859375,0
2026-01-13 03:44:00+00:00,91235.8984375,91235.8984375,91235.8984375,91235.8984375,0
2026-01-13 03:45:00+00:00,91223.140625,91223.140625,91223.140625,91223.140625,0
2026-01-13 03:46:00+00:00,91216.3203125,91216.3203125,91216.3203125,91216.3203125,0
2026-01-13 03:47:00+00:00,91187.7578125,91187.7578125,91187.7578125,91187.7578125,0
2026-01-13 03:48:00+00:00,91222.359375,91222.359375,91222.359375,91222.359375,0
2026-01-13 03:49:00+00:00,91214.2578125,91214.2578125,91214.2578125,91214.2578125,38326272
2026-01-13 03:50:00+00:00,91210.0859375,91210.0859375,91210.0859375,91210.0859375,0
2026-01-13 03:51:00+00:00,91213.1953125,91213.1953125,91213.1953125,91213.1953125,0
2026-01-13 03:52:00+00:00,91197.1484375,91197.1484375,91197.1484375,91197.1484375,246718464
2026-01-13 03:53:00+00:00,91195.8125,91195.8125,91195.8125,91195.8125,0
2026-01-13 03:54:00+00:00,91188.8203125,91188.8203125,91188.8203125,91188.8203125,0
2026-01-13 03:55:00+00:00,91198.015625,91198.015625,91198.015625,91198.015625,0
2026-01-13 03:56:00+00:00,91259.6875,91259.6875,91259.6875,91259.6875,0
2026-01-13 03:57:00+00:00,91262.5546875,91262.5546875,91262.5546875,91262.5546875,1155072
2026-01-13 03:59:00+00:00,91291.3125,91291.3125,91291.3125,91291.3125,101490688
2026-01-13 04:00:00+00:00,91293.7890625,91293.7890625,91293.7890625,91293.7890625,0
2026-01-13 04:01:00+00:00,91297.7890625,91297.7890625,91297.7890625,91297.7890625,0
2026-01-13 04:02:00+00:00,91318.7421875,91318.7421875,91318.7421875,91318.7421875,0
2026-01-13 04:03:00+00:00,91296.703125,91296.703125,91296.703125,91296.703125,0
2026-01-13 04:04:00+00:00,91283.5625,91283.5625,91283.5625,91283.5625,0
2026-01-13 04:05:00+00:00,91277.875,91277.875,91277.875,91277.875,0
2026-01-13 04:06:00+00:00,91338.1953125,91338.1953125,91338.1953125,91338.1953125,0
2026-01-13 04:07:00+00:00,91323.6015625,91323.6015625,91323.6015625,91323.6015625,0
2026-01-13 04:08:00+00:00,91304.1875,91304.1875,91304.1875,91304.1875,0
2026-01-13 04:09:00+00:00,91323.1171875,91323.1171875,91323.1171875,91323.1171875,0
2026-01-13 04:10:00+00:00,91326.1640625,91326.1640625,91326.1640625,91326.1640625,0
2026-01-13 04:11:00+00:00,91326.0703125,91326.0703125,91326.0703125,91326.0703125,0
2026-01-13 04:12:00+00:00,91328.125,91328.125,91328.125,91328.125,0
2026-01-13 04:14:00+00:00,91360.9921875,91360.9921875,91360.9921875,91360.9921875,0
2026-01-13 04:15:00+00:00,91354.75,91354.75,91354.75,91354.75,0
2026-01-13 04:16:00+00:00,91358.046875,91358.046875,91358.046875,91358.046875,244236288
2026-01-13 04:17:00+00:00,91353.8359375,91353.8359375,91353.8359375,91353.8359375,0
2026-01-13 04:18:00+00:00,91365.0625,91365.0625,91365.0625,91365.0625,0
2026-01-13 04:19:00+00:00,91393.4375,91393.4375,91393.4375,91393.4375,0
2026-01-13 04:20:00+00:00,91365.3828125,91365.3828125,91365.3828125,91365.3828125,0
2026-01-13 04:21:00+00:00,91391.9765625,91391.9765625,91391.9765625,91391.9765625,0
2026-01-13 04:22:00+00:00,91404.1171875,91404.1171875,91404.1171875,91404.1171875,0
2026-01-13 04:24:00+00:00,91463.125,91463.125,91463.125,91463.125,108658688
2026-01-13 04:25:00+00:00,91379.9765625,91379.9765625,91379.9765625,91379.9765625,0
2026-01-13 04:26:00+00:00,91385.0546875,91385.0546875,91385.0546875,91385.0546875,7114752
2026-01-13 04:27:00+00:00,91349.7109375,91349.7109375,91349.7109375,91349.7109375,90279936
2026-01-13 04:28:00+00:00,91328.203125,91328.203125,91328.203125,91328.203125,0
2026-01-13 04:29:00+00:00,91297.46875,91297.46875,91297.46875,91297.46875,0
2026-01-13 04:31:00+00:00,91353.8828125,91353.8828125,91353.8828125,91353.8828125,0
2026-01-13 04:32:00+00:00,91320.40625,91320.40625,91320.40625,91320.40625,0
2026-01-13 04:33:00+00:00,91299.0859375,91299.0859375,91299.0859375,91299.0859375,96051200
2026-01-13 04:34:00+00:00,91298.5625,91298.5625,91298.5625,91298.5625,0
2026-01-13 04:35:00+00:00,91278.0390625,91278.0390625,91278.0390625,91278.0390625,85098496
2026-01-13 04:36:00+00:00,91266.34375,91266.34375,91266.34375,91266.34375,0
2026-01-13 04:37:00+00:00,91258.984375,91258.984375,91258.984375,91258.984375,0
2026-01-13 04:38:00+00:00,91270.96875,91270.96875,91270.96875,91270.96875,0
2026-01-13 04:39:00+00:00,91273.0703125,91273.0703125,91273.0703125,91273.0703125,3551232
2026-01-13 04:41:00+00:00,91267.0546875,91267.0546875,91267.0546875,91267.0546875,678219776
2026-01-13 04:42:00+00:00,91264.3515625,91264.3515625,91264.3515625,91264.3515625,87416832
2026-01-13 04:43:00+00:00,91250.03125,91250.03125,91250.03125,91250.03125,0
2026-01-13 04:44:00+00:00,91248.5078125,91248.5078125,91248.5078125,91248.5078125,98115584
2026-01-13 04:45:00+00:00,91252.2265625,91252.2265625,91252.2265625,91252.2265625,0
2026-01-13 04:46:00+00:00,91244.6484375,91244.6484375,91244.6484375,91244.6484375,0
2026-01-13 04:47:00+00:00,91242.2265625,91242.2265625,91242.2265625,91242.2265625,0
2026-01-13 04:48:00+00:00,91244.3359375,91244.3359375,91244.3359375,91244.3359375,88150016
2026-01-13 04:49:00+00:00,91240.7265625,91240.7265625,91240.7265625,91240.7265625,0
2026-01-13 04:50:00+00:00,91255.265625,91255.265625,91255.265625,91255.265625,0
2026-01-13 04:51:00+00:00,91251.4375,91251.4375,91251.4375,91251.4375,0
2026-01-13 04:52:00+00:00,91251.4609375,91251.4609375,91251.4609375,91251.4609375,0
2026-01-13 04:53:00+00:00,91238.9609375,91238.9609375,91238.9609375,91238.9609375,0
2026-01-13 04:54:00+00:00,91299.3828125,91299.3828125,91299.3828125,91299.3828125,2646016
2026-01-13 04:55:00+00:00,91326.140625,91326.140625,91326.140625,91326.140625,0
2026-01-13 04:56:00+00:00,91400.0625,91400.0625,91400.0625,91400.0625,1024000
2026-01-13 04:57:00+00:00,91398.71875,91398.71875,91398.71875,91398.71875,81305600
2026-01-13 04:58:00+00:00,91391.4375,91391.4375,91391.4375,91391.4375,0
2026-01-13 04:59:00+00:00,91396.671875,91396.671875,91396.671875,91396.671875,0
2026-01-13 05:00:00+00:00,91396.7734375,91396.7734375,91396.7734375,91396.7734375,2703360
2026-01-13 05:01:00+00:00,91418.90625,91418.90625,91418.90625,91418.90625,100179968
2026-01-13 05:02:00+00:00,91561.3203125,91561.3203125,91561.3203125,91561.3203125,9203712
2026-01-13 05:03:00+00:00,91524.90625,91524.90625,91524.90625,91524.90625,0
2026-01-13 05:04:00+00:00,91496.0625,91496.0625,91496.0625,91496.0625,67452928
2026-01-13 05:06:00+00:00,91482.90625,91482.90625,91482.90625,91482.90625,94453760
2026-01-13 05:07:00+00:00,91463.2578125,91463.2578125,91463.2578125,91463.2578125,0
2026-01-13 05:08:00+00:00,91460.421875,91460.421875,91460.421875,91460.421875,0
2026-01-13 05:09:00+00:00,91456.6171875,91456.6171875,91456.6171875,91456.6171875,778240
2026-01-13 05:10:00+00:00,91476.71875,91476.71875,91476.71875,91476.71875,359514112
2026-01-13 05:11:00+00:00,91535.4609375,91535.4609375,91535.4609375,91535.4609375,712835072
2026-01-13 05:12:00+00:00,91556.90625,91556.90625,91556.90625,91556.90625,4886528
2026-01-13 05:13:00+00:00,91585.5546875,91585.5546875,91585.5546875,91585.5546875,34611200
2026-01-13 05:14:00+00:00,91629.1796875,91629.1796875,91629.1796875,91629.1796875,4653056
2026-01-13 05:15:00+00:00,91628.625,91628.625,91628.625,91628.625,0
2026-01-13 05:16:00+00:00,91615.7734375,91615.7734375,91615.7734375,91615.7734375,0
2026-01-13 05:17:00+00:00,91592.4296875,91592.4296875,91592.4296875,91592.4296875,2670592
2026-01-13 05:19:00+00:00,91877.1875,91877.1875,91877.1875,91877.1875,337891328
2026-01-13 05:20:00+00:00,91915.8515625,91915.8515625,91915.8515625,91915.8515625,107728896
2026-01-13 05:21:00+00:00,92052.84375,92052.84375,92052.84375,92052.84375,31416320
2026-01-13 05:23:00+00:00,91933.3125,91933.3125,91933.3125,91933.3125,236060672
2026-01-13 05:24:00+00:00,91894.5859375,91894.5859375,91894.5859375,91894.5859375,0
2026-01-13 05:25:00+00:00,92059.7265625,92059.7265625,92059.7265625,92059.7265625,143458304
2026-01-13 05:26:00+00:00,92109.390625,92109.390625,92109.390625,92109.390625,122986496
2026-01-13 05:27:00+00:00,91998.6015625,91998.6015625,91998.6015625,91998.6015625,12566528
2026-01-13 05:28:00+00:00,92025.1328125,92025.1328125,92025.1328125,92025.1328125,127131648
2026-01-13 05:29:00+00:00,91996.2734375,91996.2734375,91996.2734375,91996.2734375,0
2026-01-13 05:30:00+00:00,91987.5234375,91987.5234375,91987.5234375,91987.5234375,107409408
2026-01-13 05:31:00+00:00,91948.765625,91948.765625,91948.765625,91948.765625,0
2026-01-13 05:32:00+00:00,91872.7421875,91872.7421875,91872.7421875,91872.7421875,11202560
2026-01-13 05:33:00+00:00,91848.875,91848.875,91848.875,91848.875,95629312
2026-01-13 05:34:00+00:00,91789.34375,91789.34375,91789.34375,91789.34375,27537408
2026-01-13 05:35:00+00:00,91766.96875,91766.96875,91766.96875,91766.96875,0
2026-01-13 05:36:00+00:00,91766.125,91766.125,91766.125,91766.125,9129984
2026-01-13 05:37:00+00:00,91813.3671875,91813.3671875,91813.3671875,91813.3671875,446758912
2026-01-13 05:38:00+00:00,91817.734375,91817.734375,91817.734375,91817.734375,222633984
2026-01-13 05:39:00+00:00,91797.25,91797.25,91797.25,91797.25,0
2026-01-13 05:41:00+00:00,91782.609375,91782.609375,91782.609375,91782.609375,0
2026-01-13 05:42:00+00:00,91779.0859375,91779.0859375,91779.0859375,91779.0859375,0
2026-01-13 05:43:00+00:00,91776.78125,91776.78125,91776.78125,91776.78125,20635648
2026-01-13 05:44:00+00:00,91793.078125,91793.078125,91793.078125,91793.078125,3100672
2026-01-13 05:45:00+00:00,91824.109375,91824.109375,91824.109375,91824.109375,94990336
2026-01-13 05:46:00+00:00,91816.125,91816.125,91816.125,91816.125,0
2026-01-13 05:47:00+00:00,91878.59375,91878.59375,91878.59375,91878.59375,92049408
2026-01-13 05:48:00+00:00,91886.1953125,91886.1953125,91886.1953125,91886.1953125,0
2026-01-13 05:49:00+00:00,91910.96875,91910.96875,91910.96875,91910.96875,43712512
2026-01-13 05:51:00+00:00,91917.7421875,91917.7421875,91917.7421875,91917.7421875,0
2026-01-13 05:52:00+00:00,91878.2890625,91878.2890625,91878.2890625,91878.2890625,506880000
2026-01-13 05:54:00+00:00,91943.7109375,91943.7109375,91943.7109375,91943.7109375,8433664
2026-01-13 05:55:00+00:00,91897.5,91897.5,91897.5,91897.5,0
2026-01-13 05:56:00+00:00,91906.8046875,91906.8046875,91906.8046875,91906.8046875,94093312
2026-01-13 05:57:00+00:00,91880.140625,91880.140625,91880.140625,91880.140625,8241152
2026-01-13 05:58:00+00:00,91844.734375,91844.734375,91844.734375,91844.734375,4419584
2026-01-13 05:59:00+00:00,91803.9453125,91803.9453125,91803.9453125,91803.9453125,0
2026-01-13 06:01:00+00:00,91811.0234375,91811.0234375,91811.0234375,91811.0234375,105811968
2026-01-13 06:02:00+00:00,91859.8828125,91859.8828125,91859.8828125,91859.8828125,0
2026-01-13 06:03:00+00:00,91932.203125,91932.203125,91932.203125,91932.203125,98758656
2026-01-13 06:04:00+00:00,91930.7890625,91930.7890625,91930.7890625,91930.7890625,0
2026-01-13 06:05:00+00:00,91879.609375,91879.609375,91879.609375,91879.609375,9125888
2026-01-13 06:06:00+00:00,91847.328125,91847.328125,91847.328125,91847.328125,0
2026-01-13 06:07:00+00:00,91729.1875,91729.1875,91729.1875,91729.1875,183808000
2026-01-13 06:08:00+00:00,91733.8515625,91733.8515625,91733.8515625,91733.8515625,0
2026-01-13 06:09:00+00:00,91752.46875,91752.46875,91752.46875,91752.46875,213098496
2026-01-13 06:10:00+00:00,91745.0625,91745.0625,91745.0625,91745.0625,0
2026-01-13 06:11:00+00:00,91770.671875,91770.671875,91770.671875,91770.671875,1695744
2026-01-13 06:12:00+00:00,91759.4609375,91759.4609375,91759.4609375,91759.4609375,4313088
2026-01-13 06:13:00+00:00,91767.046875,91767.046875,91767.046875,91767.046875,27545600
2026-01-13 06:15:00+00:00,91811.5625,91811.5625,91811.5625,91811.5625,0
2026-01-13 06:16:00+00:00,91813.53125,91813.53125,91813.53125,91813.53125,0
2026-01-13 06:17:00+00:00,91839.34375,91839.34375,91839.34375,91839.34375,11268096
2026-01-13 06:18:00+00:00,91853.4375,91853.4375,91853.4375,91853.4375,0
2026-01-13 06:19:00+00:00,91869.5,91869.5,91869.5,91869.5,177848320
2026-01-13 06:21:00+00:00,91860.2109375,91860.2109375,91860.2109375,91860.2109375,0
2026-01-13 06:22:00+00:00,91848.71875,91848.71875,91848.71875,91848.71875,0
2026-01-13 06:23:00+00:00,91852.2890625,91852.2890625,91852.2890625,91852.2890625,99344384
2026-01-13 06:24:00+00:00,91899.921875,91899.921875,91899.921875,91899.921875,2772992
2026-01-13 06:25:00+00:00,91878.75,91878.75,91878.75,91878.75,26587136
2026-01-13 06:26:00+00:00,91917.3125,91917.3125,91917.3125,91917.3125,0
2026-01-13 06:27:00+00:00,91878.46875,91878.46875,91878.46875,91878.46875,97652736
2026-01-13 06:29:00+00:00,91916.734375,91916.734375,91916.734375,91916.734375,196829184
2026-01-13 06:30:00+00:00,91819.0,91819.0,91819.0,91819.0,499712
2026-01-13 06:31:00+00:00,91869.5859375,91869.5859375,91869.5859375,91869.5859375,0
2026-01-13 06:32:00+00:00,91897.0859375,91897.0859375,91897.0859375,91897.0859375,0
2026-01-13 06:33:00+00:00,91870.828125,91870.828125,91870.828125,91870.828125,8785920
2026-01-13 06:34:00+00:00,91862.421875,91862.421875,91862.421875,91862.421875,80052224
2026-01-13 06:35:00+00:00,91855.8125,91855.8125,91855.8125,91855.8125,3481600
2026-01-13 06:36:00+00:00,91891.640625,91891.640625,91891.640625,91891.640625,0
2026-01-13 06:37:00+00:00,91911.8046875,91911.8046875,91911.8046875,91911.8046875,93163520
2026-01-13 06:38:00+00:00,91956.09375,91956.09375,91956.09375,91956.09375,0
2026-01-13 06:39:00+00:00,91940.078125,91940.078125,91940.078125,91940.078125,122109952
2026-01-13 06:40:00+00:00,91975.765625,91975.765625,91975.765625,91975.765625,0
2026-01-13 06:41:00+00:00,91998.546875,91998.546875,91998.546875,91998.546875,88596480
2026-01-13 06:42:00+00:00,92014.0703125,92014.0703125,92014.0703125,92014.0703125,14086144
2026-01-13 06:43:00+00:00,92022.7890625,92022.7890625,92022.7890625,92022.7890625,29757440
2026-01-13 06:44:00+00:00,91963.6328125,91963.6328125,91963.6328125,91963.6328125,0
2026-01-13 06:45:00+00:00,91882.359375,91882.359375,91882.359375,91882.359375,12963840
2026-01-13 06:46:00+00:00,91966.3515625,91966.3515625,91966.3515625,91966.3515625,0
2026-01-13 06:47:00+00:00,91951.0625,91951.0625,91951.0625,91951.0625,7430144
2026-01-13 06:48:00+00:00,91925.8125,91925.8125,91925.8125,91925.8125,6381568
2026-01-13 06:49:00+00:00,91923.84375,91923.84375,91923.84375,91923.84375,373518336
2026-01-13 06:50:00+00:00,91935.921875,91935.921875,91935.921875,91935.921875,0
2026-01-13 06:51:00+00:00,91975.4375,91975.4375,91975.4375,91975.4375,97599488
2026-01-13 06:52:00+00:00,91961.0546875,91961.0546875,91961.0546875,91961.0546875,0
2026-01-13 06:53:00+00:00,92080.90625,92080.90625,92080.90625,92080.90625,100884480
2026-01-13 06:54:00+00:00,92123.0859375,92123.0859375,92123.0859375,92123.0859375,0
2026-01-13 06:55:00+00:00,92102.78125,92102.78125,92102.78125,92102.78125,166952960
2026-01-13 06:56:00+00:00,92101.390625,92101.390625,92101.390625,92101.390625,1417216
2026-01-13 06:57:00+00:00,92105.078125,92105.078125,92105.078125,92105.078125,8278016
2026-01-13 06:58:00+00:00,92145.1015625,92145.1015625,92145.1015625,92145.1015625,85823488
2026-01-13 06:59:00+00:00,92120.84375,92120.84375,92120.84375,92120.84375,10010624
2026-01-13 07:00:00+00:00,92089.4453125,92089.4453125,92089.4453125,92089.4453125,7221248
2026-01-13 07:01:00+00:00,92060.9453125,92060.9453125,92060.9453125,92060.9453125,0
2026-01-13 07:02:00+00:00,92047.265625,92047.265625,92047.265625,92047.265625,108449792
2026-01-13 07:03:00+00:00,92058.5,92058.5,92058.5,92058.5,0
2026-01-13 07:05:00+00:00,92027.984375,92027.984375,92027.984375,92027.984375,0
2026-01-13 07:06:00+00:00,92017.0546875,92017.0546875,92017.0546875,92017.0546875,97779712
2026-01-13 07:07:00+00:00,92001.140625,92001.140625,92001.140625,92001.140625,0
2026-01-13 07:08:00+00:00,92001.421875,92001.421875,92001.421875,92001.421875,0
2026-01-13 07:09:00+00:00,91984.59375,91984.59375,91984.59375,91984.59375,96067584
2026-01-13 07:10:00+00:00,91973.0859375,91973.0859375,91973.0859375,91973.0859375,197128192
2026-01-13 07:11:00+00:00,91992.1875,91992.1875,91992.1875,91992.1875,15003648
2026-01-13 07:12:00+00:00,91960.0390625,91960.0390625,91960.0390625,91960.0390625,0
2026-01-13 07:13:00+00:00,91953.859375,91953.859375,91953.859375,91953.859375,236535808
2026-01-13 07:14:00+00:00,91948.6796875,91948.6796875,91948.6796875,91948.6796875,0
2026-01-13 07:15:00+00:00,91950.8828125,91950.8828125,91950.8828125,91950.8828125,0
2026-01-13 07:16:00+00:00,91883.15625,91883.15625,91883.15625,91883.15625,51429376
2026-01-13 07:17:00+00:00,91850.15625,91850.15625,91850.15625,91850.15625,6008832
2026-01-13 07:18:00+00:00,91840.5703125,91840.5703125,91840.5703125,91840.5703125,4931584
2026-01-13 07:19:00+00:00,91848.9765625,91848.9765625,91848.9765625,91848.9765625,0
2026-01-13 07:20:00+00:00,91831.6484375,91831.6484375,91831.6484375,91831.6484375,0
2026-01-13 07:21:00+00:00,91815.1328125,91815.1328125,91815.1328125,91815.1328125,749568
2026-01-13 07:22:00+00:00,91812.796875,91812.796875,91812.796875,91812.796875,69632
2026-01-13 07:23:00+00:00,91839.1171875,91839.1171875,91839.1171875,91839.1171875,5238784
2026-01-13 07:24:00+00:00,91889.15625,91889.15625,91889.15625,91889.15625,0
2026-01-13 07:26:00+00:00,91934.9765625,91934.9765625,91934.9765625,91934.9765625,70414336
2026-01-13 07:27:00+00:00,91961.390625,91961.390625,91961.390625,91961.390625,103624704
2026-01-13 07:28:00+00:00,91939.9609375,91939.9609375,91939.9609375,91939.9609375,209620992
2026-01-13 07:30:00+00:00,91930.375,91930.375,91930.375,91930.375,7225344
2026-01-13 07:32:00+00:00,91898.3671875,91898.3671875,91898.3671875,91898.3671875,206417920
2026-01-13 07:33:00+00:00,91917.3359375,91917.3359375,91917.3359375,91917.3359375,0
2026-01-13 07:34:00+00:00,91894.0078125,91894.0078125,91894.0078125,91894.0078125,0
2026-01-13 07:35:00+00:00,91898.171875,91898.171875,91898.171875,91898.171875,4866048
2026-01-13 07:36:00+00:00,91900.1171875,91900.1171875,91900.1171875,91900.1171875,93294592
2026-01-13 07:37:00+00:00,91895.1953125,91895.1953125,91895.1953125,91895.1953125,331071488
2026-01-13 07:38:00+00:00,91872.1796875,91872.1796875,91872.1796875,91872.1796875,0
2026-01-13 07:39:00+00:00,91868.328125,91868.328125,91868.328125,91868.328125,84213760
2026-01-13 07:41:00+00:00,91849.7109375,91849.7109375,91849.7109375,91849.7109375,0
2026-01-13 07:42:00+00:00,91875.7265625,91875.7265625,91875.7265625,91875.7265625,12513280
2026-01-13 07:43:00+00:00,91878.2421875,91878.2421875,91878.2421875,91878.2421875,0
2026-01-13 07:44:00+00:00,91841.9609375,91841.9609375,91841.9609375,91841.9609375,82710528
2026-01-13 07:45:00+00:00,91835.3671875,91835.3671875,91835.3671875,91835.3671875,626688
2026-01-13 07:46:00+00:00,91846.921875,91846.921875,91846.921875,91846.921875,0
2026-01-13 07:47:00+00:00,91820.8125,91820.8125,91820.8125,91820.8125,0
2026-01-13 07:48:00+00:00,91822.4453125,91822.4453125,91822.4453125,91822.4453125,0
2026-01-13 07:49:00+00:00,91817.6328125,91817.6328125,91817.6328125,91817.6328125,0
2026-01-13 07:51:00+00:00,91806.1171875,91806.1171875,91806.1171875,91806.1171875,0
2026-01-13 07:52:00+00:00,91815.0234375,91815.0234375,91815.0234375,91815.0234375,0
2026-01-13 07:53:00+00:00,91822.7890625,91822.7890625,91822.7890625,91822.7890625,0
2026-01-13 07:55:00+00:00,91829.515625,91829.515625,91829.515625,91829.515625,239566848
2026-01-13 07:56:00+00:00,91843.46875,91843.46875,91843.46875,91843.46875,5292032
2026-01-13 07:57:00+00:00,91847.2421875,91847.2421875,91847.2421875,91847.2421875,85114880
2026-01-13 07:58:00+00:00,91850.9453125,91850.9453125,91850.9453125,91850.9453125,27586560
2026-01-13 07:59:00+00:00,91853.8203125,91853.8203125,91853.8203125,91853.8203125,6094848
2026-01-13 08:01:00+00:00,91868.9609375,91868.9609375,91868.9609375,91868.9609375,0
2026-01-13 08:02:00+00:00,91846.6640625,91846.6640625,91846.6640625,91846.6640625,12148736
2026-01-13 08:03:00+00:00,91866.421875,91866.421875,91866.421875,91866.421875,0
2026-01-13 08:04:00+00:00,91846.8046875,91846.8046875,91846.8046875,91846.8046875,0
2026-01-13 08:05:00+00:00,91850.703125,91850.703125,91850.703125,91850.703125,0
2026-01-13 08:06:00+00:00,91851.015625,91851.015625,91851.015625,91851.015625,0
2026-01-13 08:07:00+00:00,91853.2734375,91853.2734375,91853.2734375,91853.2734375,0
2026-01-13 08:08:00+00:00,91895.2265625,91895.2265625,91895.2265625,91895.2265625,5869568
2026-01-13 08:09:00+00:00,91895.4296875,91895.4296875,91895.4296875,91895.4296875,0
2026-01-13 08:10:00+00:00,91893.40625,91893.40625,91893.40625,91893.40625,3485696
2026-01-13 08:11:00+00:00,91884.90625,91884.90625,91884.90625,91884.90625,0
2026-01-13 08:13:00+00:00,91854.3515625,91854.3515625,91854.3515625,91854.3515625,0
2026-01-13 08:14:00+00:00,91886.5546875,91886.5546875,91886.5546875,91886.5546875,0
2026-01-13 08:15:00+00:00,91888.359375,91888.359375,91888.359375,91888.359375,0
2026-01-13 08:16:00+00:00,91886.6796875,91886.6796875,91886.6796875,91886.6796875,0
2026-01-13 08:17:00+00:00,91898.7734375,91898.7734375,91898.7734375,91898.7734375,0
2026-01-13 08:18:00+00:00,91913.7109375,91913.7109375,91913.7109375,91913.7109375,860160
2026-01-13 08:19:00+00:00,91921.4140625,91921.4140625,91921.4140625,91921.4140625,0
2026-01-13 08:21:00+00:00,91933.90625,91933.90625,91933.90625,91933.90625,0
2026-01-13 08:22:00+00:00,91957.71875,91957.71875,91957.71875,91957.71875,0
2026-01-13 08:23:00+00:00,91958.09375,91958.09375,91958.09375,91958.09375,2580480
2026-01-13 08:25:00+00:00,91966.296875,91966.296875,91966.296875,91966.296875,65757184
2026-01-13 08:26:00+00:00,91965.625,91965.625,91965.625,91965.625,0
2026-01-13 08:27:00+00:00,91977.0859375,91977.0859375,91977.0859375,91977.0859375,7335936
2026-01-13 08:28:00+00:00,91892.625,91892.625,91892.625,91892.625,330579968
2026-01-13 08:29:00+00:00,91877.609375,91877.609375,91877.609375,91877.609375,6582272
2026-01-13 08:30:00+00:00,91861.875,91861.875,91861.875,91861.875,4038656
2026-01-13 08:31:00+00:00,91876.9375,91876.9375,91876.9375,91876.9375,0
2026-01-13 08:32:00+00:00,91894.2734375,91894.2734375,91894.2734375,91894.2734375,0
2026-01-13 08:33:00+00:00,91891.8125,91891.8125,91891.8125,91891.8125,0
2026-01-13 08:34:00+00:00,91899.203125,91899.203125,91899.203125,91899.203125,0
2026-01-13 08:36:00+00:00,91955.9296875,91955.9296875,91955.9296875,91955.9296875,0
2026-01-13 08:37:00+00:00,92030.2890625,92030.2890625,92030.2890625,92030.2890625,463519744
2026-01-13 08:38:00+00:00,92091.53125,92091.53125,92091.53125,92091.53125,0
2026-01-13 08:39:00+00:00,92057.2421875,92057.2421875,92057.2421875,92057.2421875,0
2026-01-13 08:41:00+00:00,92048.5390625,92048.5390625,92048.5390625,92048.5390625,0
2026-01-13 08:42:00+00:00,92037.875,92037.875,92037.875,92037.875,0
2026-01-13 08:43:00+00:00,92043.8515625,92043.8515625,92043.8515625,92043.8515625,0
2026-01-13 08:44:00+00:00,92039.6796875,92039.6796875,92039.6796875,92039.6796875,0
2026-01-13 08:45:00+00:00,92037.3828125,92037.3828125,92037.3828125,92037.3828125,0
2026-01-13 08:46:00+00:00,92034.125,92034.125,92034.125,92034.125,0
2026-01-13 08:47:00+00:00,92031.375,92031.375,92031.375,92031.375,0
2026-01-13 08:48:00+00:00,92050.15625,92050.15625,92050.15625,92050.15625,0
2026-01-13 08:49:00+00:00,92057.25,92057.25,92057.25,92057.25,0
2026-01-13 08:51:00+00:00,92110.4609375,92110.4609375,92110.4609375,92110.4609375,0
2026-01-13 08:52:00+00:00,92134.84375,92134.84375,92134.84375,92134.84375,0
2026-01-13 08:53:00+00:00,92113.8828125,92113.8828125,92113.8828125,92113.8828125,0
2026-01-13 08:54:00+00:00,92099.21875,92099.21875,92099.21875,92099.21875,0
2026-01-13 08:55:00+00:00,92103.0703125,92103.0703125,92103.0703125,92103.0703125,0
2026-01-13 08:56:00+00:00,92067.609375,92067.609375,92067.609375,92067.609375,0
2026-01-13 08:57:00+00:00,92066.5546875,92066.5546875,92066.5546875,92066.5546875,0
2026-01-13 08:58:00+00:00,92087.9140625,92087.9140625,92087.9140625,92087.9140625,0
2026-01-13 09:00:00+00:00,92076.375,92076.375,92076.375,92076.375,0
2026-01-13 09:01:00+00:00,92083.875,92083.875,92083.875,92083.875,0
2026-01-13 09:02:00+00:00,92121.1171875,92121.1171875,92121.1171875,92121.1171875,0
2026-01-13 09:03:00+00:00,92138.015625,92138.015625,92138.015625,92138.015625,2490368
2026-01-13 09:04:00+00:00,92211.328125,92211.328125,92211.328125,92211.328125,271499264
2026-01-13 09:05:00+00:00,92296.9765625,92296.9765625,92296.9765625,92296.9765625,12189696
2026-01-13 09:06:00+00:00,92305.0546875,92305.0546875,92305.0546875,92305.0546875,0
2026-01-13 09:07:00+00:00,92247.9921875,92247.9921875,92247.9921875,92247.9921875,0
2026-01-13 09:08:00+00:00,92256.75,92256.75,92256.75,92256.75,5271552
2026-01-13 09:09:00+00:00,92231.5625,92231.5625,92231.5625,92231.5625,745472
2026-01-13 09:10:00+00:00,92259.84375,92259.84375,92259.84375,92259.84375,56070144
2026-01-13 09:11:00+00:00,92263.8359375,92263.8359375,92263.8359375,92263.8359375,8855552
2026-01-13 09:12:00+00:00,92284.640625,92284.640625,92284.640625,92284.640625,1753088
2026-01-13 09:14:00+00:00,92327.609375,92327.609375,92327.609375,92327.609375,0
2026-01-13 09:15:00+00:00,92322.171875,92322.171875,92322.171875,92322.171875,3067904
2026-01-13 09:16:00+00:00,92327.6328125,92327.6328125,92327.6328125,92327.6328125,316096512
2026-01-13 09:18:00+00:00,92266.4765625,92266.4765625,92266.4765625,92266.4765625,0
2026-01-13 09:19:00+00:00,92277.6875,92277.6875,92277.6875,92277.6875,0
2026-01-13 09:20:00+00:00,92322.59375,92322.59375,92322.59375,92322.59375,8343552
2026-01-13 09:21:00+00:00,92375.484375,92375.484375,92375.484375,92375.484375,106496
2026-01-13 09:22:00+00:00,92510.2109375,92510.2109375,92510.2109375,92510.2109375,31272960
2026-01-13 09:23:00+00:00,92485.7734375,92485.7734375,92485.7734375,92485.7734375,34451456
2026-01-13 09:24:00+00:00,92370.9296875,92370.9296875,92370.9296875,92370.9296875,10240000
2026-01-13 09:25:00+00:00,92436.1484375,92436.1484375,92436.1484375,92436.1484375,301006848
2026-01-13 09:26:00+00:00,92376.203125,92376.203125,92376.203125,92376.203125,6418432
2026-01-13 09:27:00+00:00,92423.390625,92423.390625,92423.390625,92423.390625,0
2026-01-13 09:28:00+00:00,92424.0,92424.0,92424.0,92424.0,80867328
2026-01-13 09:29:00+00:00,92448.8984375,92448.8984375,92448.8984375,92448.8984375,15634432
2026-01-13 09:31:00+00:00,92416.78125,92416.78125,92416.78125,92416.78125,340619264
2026-01-13 09:32:00+00:00,92427.3515625,92427.3515625,92427.3515625,92427.3515625,4685824
2026-01-13 09:33:00+00:00,92460.1640625,92460.1640625,92460.1640625,92460.1640625,1642496
2026-01-13 09:34:00+00:00,92454.703125,92454.703125,92454.703125,92454.703125,0
2026-01-13 09:35:00+00:00,92404.9765625,92404.9765625,92404.9765625,92404.9765625,2224128
2026-01-13 09:36:00+00:00,92303.8984375,92303.8984375,92303.8984375,92303.8984375,5029888
2026-01-13 09:37:00+00:00,92263.21875,92263.21875,92263.21875,92263.21875,0
2026-01-13 09:39:00+00:00,92267.0859375,92267.0859375,92267.0859375,92267.0859375,0
2026-01-13 09:41:00+00:00,92176.6328125,92176.6328125,92176.6328125,92176.6328125,64901120
2026-01-13 09:42:00+00:00,92066.6328125,92066.6328125,92066.6328125,92066.6328125,16961536
2026-01-13 09:43:00+00:00,91913.390625,91913.390625,91913.390625,91913.390625,93765632
2026-01-13 09:44:00+00:00,92004.171875,92004.171875,92004.171875,92004.171875,22470656
2026-01-13 09:45:00+00:00,92052.234375,92052.234375,92052.234375,92052.234375,0
2026-01-13 09:46:00+00:00,92056.5390625,92056.5390625,92056.5390625,92056.5390625,32070332416
2026-01-13 09:47:00+00:00,92101.234375,92101.234375,92101.234375,92101.234375,0
2026-01-13 09:48:00+00:00,92130.640625,92130.640625,92130.640625,92130.640625,20373504
2026-01-13 09:49:00+00:00,92154.640625,92154.640625,92154.640625,92154.640625,0
2026-01-13 09:50:00+00:00,92169.046875,92169.046875,92169.046875,92169.046875,28856320
2026-01-13 09:51:00+00:00,92172.25,92172.25,92172.25,92172.25,8232960
2026-01-13 09:53:00+00:00,92214.953125,92214.953125,92214.953125,92214.953125,54464512
2026-01-13 09:54:00+00:00,92184.625,92184.625,92184.625,92184.625,0
2026-01-13 09:55:00+00:00,92172.234375,92172.234375,92172.234375,92172.234375,0
2026-01-13 09:56:00+00:00,92102.671875,92102.671875,92102.671875,92102.671875,0
2026-01-13 09:57:00+00:00,92139.984375,92139.984375,92139.984375,92139.984375,909312
2026-01-13 09:59:00+00:00,92149.171875,92149.171875,92149.171875,92149.171875,183992320
2026-01-13 10:01:00+00:00,92201.4140625,92201.4140625,92201.4140625,92201.4140625,274579456
2026-01-13 10:02:00+00:00,92127.9375,92127.9375,92127.9375,92127.9375,4587520
2026-01-13 10:03:00+00:00,92189.4375,92189.4375,92189.4375,92189.4375,5156864
2026-01-13 10:04:00+00:00,92186.75,92186.75,92186.75,92186.75,0
2026-01-13 10:05:00+00:00,92189.6171875,92189.6171875,92189.6171875,92189.6171875,0
2026-01-13 10:06:00+00:00,92176.8125,92176.8125,92176.8125,92176.8125,7790592
2026-01-13 10:07:00+00:00,92188.2109375,92188.2109375,92188.2109375,92188.2109375,0
2026-01-13 10:08:00+00:00,92206.8203125,92206.8203125,92206.8203125,92206.8203125,3153920
2026-01-13 10:09:00+00:00,92227.0234375,92227.0234375,92227.0234375,92227.0234375,507904
2026-01-13 10:10:00+00:00,92230.078125,92230.078125,92230.078125,92230.078125,47271936
2026-01-13 10:11:00+00:00,92228.8515625,92228.8515625,92228.8515625,92228.8515625,3411968
2026-01-13 10:12:00+00:00,92221.1484375,92221.1484375,92221.1484375,92221.1484375,0
2026-01-13 10:13:00+00:00,92199.4765625,92199.4765625,92199.4765625,92199.4765625,0
2026-01-13 10:15:00+00:00,92149.984375,92149.984375,92149.984375,92149.984375,6508544
2026-01-13 10:16:00+00:00,92106.6640625,92106.6640625,92106.6640625,92106.6640625,0
2026-01-13 10:17:00+00:00,92059.9609375,92059.9609375,92059.9609375,92059.9609375,0
2026-01-13 10:18:00+00:00,92082.296875,92082.296875,92082.296875,92082.296875,17203200
2026-01-13 10:19:00+00:00,92123.796875,92123.796875,92123.796875,92123.796875,200212480
2026-01-13 10:21:00+00:00,92117.5,92117.5,92117.5,92117.5,413696
2026-01-13 10:23:00+00:00,92152.1953125,92152.1953125,92152.1953125,92152.1953125,12124160
2026-01-13 10:24:00+00:00,92124.890625,92124.890625,92124.890625,92124.890625,0
2026-01-13 10:25:00+00:00,92160.6328125,92160.6328125,92160.6328125,92160.6328125,10334208
2026-01-13 10:26:00+00:00,92126.2890625,92126.2890625,92126.2890625,92126.2890625,0
2026-01-13 10:27:00+00:00,92122.5078125,92122.5078125,92122.5078125,92122.5078125,28672
2026-01-13 10:28:00+00:00,92122.5078125,92122.5078125,92122.5078125,92122.5078125,0
2026-01-13 10:29:00+00:00,92162.671875,92162.671875,92162.671875,92162.671875,0
2026-01-13 10:31:00+00:00,92205.609375,92205.609375,92205.609375,92205.609375,0
2026-01-13 10:32:00+00:00,92196.1875,92196.1875,92196.1875,92196.1875,0
2026-01-13 10:33:00+00:00,92172.5546875,92172.5546875,92172.5546875,92172.5546875,2265088
2026-01-13 10:34:00+00:00,92173.8515625,92173.8515625,92173.8515625,92173.8515625,226455552
2026-01-13 10:35:00+00:00,92164.7734375,92164.7734375,92164.7734375,92164.7734375,0
2026-01-13 10:37:00+00:00,92178.671875,92178.671875,92178.671875,92178.671875,0
2026-01-13 10:39:00+00:00,92165.90625,92165.90625,92165.90625,92165.90625,0
2026-01-13 10:40:00+00:00,92170.8828125,92170.8828125,92170.8828125,92170.8828125,0
2026-01-13 10:41:00+00:00,92174.4140625,92174.4140625,92174.4140625,92174.4140625,14688256
2026-01-13 10:42:00+00:00,92067.890625,92067.890625,92067.890625,92067.890625,1814528
2026-01-13 10:43:00+00:00,92049.0,92049.0,92049.0,92049.0,0
2026-01-13 10:44:00+00:00,92011.953125,92011.953125,92011.953125,92011.953125,4153344
2026-01-13 10:45:00+00:00,91974.109375,91974.109375,91974.109375,91974.109375,0
2026-01-13 10:46:00+00:00,91927.4921875,91927.4921875,91927.4921875,91927.4921875,71241728
2026-01-13 10:47:00+00:00,91940.2734375,91940.2734375,91940.2734375,91940.2734375,0
2026-01-13 10:48:00+00:00,91971.2109375,91971.2109375,91971.2109375,91971.2109375,614400
2026-01-13 10:49:00+00:00,91995.5234375,91995.5234375,91995.5234375,91995.5234375,0
2026-01-13 10:50:00+00:00,91965.96875,91965.96875,91965.96875,91965.96875,5980160
2026-01-13 10:51:00+00:00,91969.578125,91969.578125,91969.578125,91969.578125,0
2026-01-13 10:52:00+00:00,92005.9375,92005.9375,92005.9375,92005.9375,32142012416
2026-01-13 10:53:00+00:00,91994.3828125,91994.3828125,91994.3828125,91994.3828125,0
2026-01-13 10:54:00+00:00,92001.5625,92001.5625,92001.5625,92001.5625,25600000
2026-01-13 10:55:00+00:00,91998.0390625,91998.0390625,91998.0390625,91998.0390625,0
2026-01-13 10:56:00+00:00,91996.6328125,91996.6328125,91996.6328125,91996.6328125,5582848
2026-01-13 10:57:00+00:00,92007.984375,92007.984375,92007.984375,92007.984375,0
2026-01-13 10:59:00+00:00,92029.3359375,92029.3359375,92029.3359375,92029.3359375,179970048
2026-01-13 11:00:00+00:00,92038.296875,92038.296875,92038.296875,92038.296875,0
2026-01-13 11:01:00+00:00,92041.765625,92041.765625,92041.765625,92041.765625,0
2026-01-13 11:02:00+00:00,92024.5859375,92024.5859375,92024.5859375,92024.5859375,0
2026-01-13 11:03:00+00:00,91994.375,91994.375,91994.375,91994.375,3047424
2026-01-13 11:04:00+00:00,91984.1328125,91984.1328125,91984.1328125,91984.1328125,0
2026-01-13 11:05:00+00:00,91961.1484375,91961.1484375,91961.1484375,91961.1484375,2072576
2026-01-13 11:07:00+00:00,92000.125,92000.125,92000.125,92000.125,303312896
2026-01-13 11:08:00+00:00,92051.265625,92051.265625,92051.265625,92051.265625,2379776
2026-01-13 11:09:00+00:00,92045.1015625,92045.1015625,92045.1015625,92045.1015625,0
2026-01-13 11:10:00+00:00,92091.390625,92091.390625,92091.390625,92091.390625,5558272
2026-01-13 11:11:00+00:00,92097.4765625,92097.4765625,92097.4765625,92097.4765625,1507328
2026-01-13 11:13:00+00:00,92133.1875,92133.1875,92133.1875,92133.1875,49545216
2026-01-13 11:14:00+00:00,92123.046875,92123.046875,92123.046875,92123.046875,1994752
2026-01-13 11:15:00+00:00,92118.3984375,92118.3984375,92118.3984375,92118.3984375,0
2026-01-13 11:17:00+00:00,92126.0703125,92126.0703125,92126.0703125,92126.0703125,40390656
2026-01-13 11:18:00+00:00,92134.390625,92134.390625,92134.390625,92134.390625,1384448
2026-01-13 11:19:00+00:00,92138.875,92138.875,92138.875,92138.875,0
2026-01-13 11:20:00+00:00,92093.125,92093.125,92093.125,92093.125,59125760
2026-01-13 11:21:00+00:00,92048.15625,92048.15625,92048.15625,92048.15625,2600960
2026-01-13 11:22:00+00:00,92031.921875,92031.921875,92031.921875,92031.921875,32351748096
2026-01-13 11:24:00+00:00,92071.6171875,92071.6171875,92071.6171875,92071.6171875,2572288
2026-01-13 11:25:00+00:00,92090.2890625,92090.2890625,92090.2890625,92090.2890625,0
2026-01-13 11:26:00+00:00,92101.2265625,92101.2265625,92101.2265625,92101.2265625,0
2026-01-13 11:27:00+00:00,92119.796875,92119.796875,92119.796875,92119.796875,0
2026-01-13 11:28:00+00:00,92116.53125,92116.53125,92116.53125,92116.53125,0
2026-01-13 11:29:00+00:00,92106.671875,92106.671875,92106.671875,92106.671875,0
2026-01-13 11:30:00+00:00,92106.859375,92106.859375,92106.859375,92106.859375,765952
2026-01-13 11:32:00+00:00,92061.046875,92061.046875,92061.046875,92061.046875,31991930880
2026-01-13 11:33:00+00:00,92061.6953125,92061.6953125,92061.6953125,92061.6953125,13418496
2026-01-13 11:34:00+00:00,92056.5,92056.5,92056.5,92056.5,43524096
2026-01-13 11:35:00+00:00,92021.6640625,92021.6640625,92021.6640625,92021.6640625,8478720
2026-01-13 11:36:00+00:00,91998.96875,91998.96875,91998.96875,91998.96875,0
2026-01-13 11:37:00+00:00,92051.140625,92051.140625,92051.140625,92051.140625,0
2026-01-13 11:38:00+00:00,92042.921875,92042.921875,92042.921875,92042.921875,0
2026-01-13 11:39:00+00:00,92040.4140625,92040.4140625,92040.4140625,92040.4140625,4149248
2026-01-13 11:40:00+00:00,92019.015625,92019.015625,92019.015625,92019.015625,362311680
2026-01-13 11:41:00+00:00,92003.046875,92003.046875,92003.046875,92003.046875,0
2026-01-13 11:42:00+00:00,91998.859375,91998.859375,91998.859375,91998.859375,0
2026-01-13 11:43:00+00:00,91982.7421875,91982.7421875,91982.7421875,91982.7421875,33048043520
2026-01-13 11:44:00+00:00,91976.7109375,91976.7109375,91976.7109375,91976.7109375,0
2026-01-13 11:45:00+00:00,91970.21875,91970.21875,91970.21875,91970.21875,2482176
2026-01-13 11:47:00+00:00,91976.53125,91976.53125,91976.53125,91976.53125,156688384
2026-01-13 11:48:00+00:00,91974.09375,91974.09375,91974.09375,91974.09375,5398528
2026-01-13 11:49:00+00:00,91937.6640625,91937.6640625,91937.6640625,91937.6640625,118022144
2026-01-13 11:52:00+00:00,91901.3984375,91901.3984375,91901.3984375,91901.3984375,23379968
2026-01-13 11:53:00+00:00,91886.8359375,91886.8359375,91886.8359375,91886.8359375,0
2026-01-13 11:54:00+00:00,91888.78125,91888.78125,91888.78125,91888.78125,0
2026-01-13 11:55:00+00:00,91920.7109375,91920.7109375,91920.7109375,91920.7109375,432373760
2026-01-13 11:56:00+00:00,91979.5625,91979.5625,91979.5625,91979.5625,598016
2026-01-13 11:57:00+00:00,91949.171875,91949.171875,91949.171875,91949.171875,6447104
2026-01-13 11:58:00+00:00,91930.1953125,91930.1953125,91930.1953125,91930.1953125,0
2026-01-13 11:59:00+00:00,91893.6484375,91893.6484375,91893.6484375,91893.6484375,0
2026-01-13 12:01:00+00:00,91932.1484375,91932.1484375,91932.1484375,91932.1484375,0
2026-01-13 12:02:00+00:00,91936.40625,91936.40625,91936.40625,91936.40625,0
2026-01-13 12:03:00+00:00,91947.9609375,91947.9609375,91947.9609375,91947.9609375,147456
2026-01-13 12:04:00+00:00,91893.6328125,91893.6328125,91893.6328125,91893.6328125,144736256
2026-01-13 12:05:00+00:00,91873.65625,91873.65625,91873.65625,91873.65625,8765440
2026-01-13 12:06:00+00:00,91868.4453125,91868.4453125,91868.4453125,91868.4453125,0
2026-01-13 12:07:00+00:00,91867.328125,91867.328125,91867.328125,91867.328125,0
2026-01-13 12:09:00+00:00,91855.875,91855.875,91855.875,91855.875,4808704
2026-01-13 12:10:00+00:00,91882.3046875,91882.3046875,91882.3046875,91882.3046875,0
2026-01-13 12:11:00+00:00,91894.796875,91894.796875,91894.796875,91894.796875,7487488
2026-01-13 12:12:00+00:00,91908.46875,91908.46875,91908.46875,91908.46875,1900544
2026-01-13 12:13:00+00:00,91901.7734375,91901.7734375,91901.7734375,91901.7734375,0
2026-01-13 12:14:00+00:00,91871.9375,91871.9375,91871.9375,91871.9375,2752512
2026-01-13 12:16:00+00:00,91832.640625,91832.640625,91832.640625,91832.640625,0
2026-01-13 12:17:00+00:00,91892.515625,91892.515625,91892.515625,91892.515625,14598144
2026-01-13 12:18:00+00:00,91892.9296875,91892.9296875,91892.9296875,91892.9296875,0
2026-01-13 12:19:00+00:00,91920.3046875,91920.3046875,91920.3046875,91920.3046875,94052352
2026-01-13 12:21:00+00:00,91973.6796875,91973.6796875,91973.6796875,91973.6796875,0
2026-01-13 12:22:00+00:00,91995.890625,91995.890625,91995.890625,91995.890625,34133647360
2026-01-13 12:23:00+00:00,92020.4609375,92020.4609375,92020.4609375,92020.4609375,0
2026-01-13 12:24:00+00:00,91995.2578125,91995.2578125,91995.2578125,91995.2578125,8929280
2026-01-13 12:25:00+00:00,91993.9140625,91993.9140625,91993.9140625,91993.9140625,0
2026-01-13 12:26:00+00:00,91986.6640625,91986.6640625,91986.6640625,91986.6640625,0
2026-01-13 12:27:00+00:00,91971.90625,91971.90625,91971.90625,91971.90625,0
2026-01-13 12:28:00+00:00,91989.8125,91989.8125,91989.8125,91989.8125,485588992
2026-01-13 12:29:00+00:00,91981.5703125,91981.5703125,91981.5703125,91981.5703125,4661248
2026-01-13 12:30:00+00:00,91979.9296875,91979.9296875,91979.9296875,91979.9296875,835584
2026-01-13 12:31:00+00:00,91974.90625,91974.90625,91974.90625,91974.90625,0
2026-01-13 12:32:00+00:00,92030.6484375,92030.6484375,92030.6484375,92030.6484375,1499136
2026-01-13 12:33:00+00:00,92028.84375,92028.84375,92028.84375,92028.84375,0
2026-01-13 12:34:00+00:00,92028.5078125,92028.5078125,92028.5078125,92028.5078125,24207360
2026-01-13 12:35:00+00:00,92008.3828125,92008.3828125,92008.3828125,92008.3828125,4235264
2026-01-13 12:36:00+00:00,92002.953125,92002.953125,92002.953125,92002.953125,1089536
2026-01-13 12:37:00+00:00,91994.53125,91994.53125,91994.53125,91994.53125,29417472
2026-01-13 12:38:00+00:00,91986.5859375,91986.5859375,91986.5859375,91986.5859375,0
2026-01-13 12:39:00+00:00,91987.1328125,91987.1328125,91987.1328125,91987.1328125,0
2026-01-13 12:40:00+00:00,91993.171875,91993.171875,91993.171875,91993.171875,562626560
2026-01-13 12:41:00+00:00,91997.5390625,91997.5390625,91997.5390625,91997.5390625,0
2026-01-13 12:42:00+00:00,92019.203125,92019.203125,92019.203125,92019.203125,0
2026-01-13 12:43:00+00:00,92041.515625,92041.515625,92041.515625,92041.515625,103358464
2026-01-13 12:44:00+00:00,92053.7109375,92053.7109375,92053.7109375,92053.7109375,0
2026-01-13 12:45:00+00:00,92036.8046875,92036.8046875,92036.8046875,92036.8046875,7020544
2026-01-13 12:46:00+00:00,92035.5625,92035.5625,92035.5625,92035.5625,7634944
2026-01-13 12:47:00+00:00,92034.40625,92034.40625,92034.40625,92034.40625,0
2026-01-13 12:48:00+00:00,92020.765625,92020.765625,92020.765625,92020.765625,0
2026-01-13 12:49:00+00:00,92040.9921875,92040.9921875,92040.9921875,92040.9921875,0
2026-01-13 12:50:00+00:00,92020.9375,92020.9375,92020.9375,92020.9375,1277952
2026-01-13 12:51:00+00:00,92016.6015625,92016.6015625,92016.6015625,92016.6015625,1826816
2026-01-13 12:52:00+00:00,92005.0546875,92005.0546875,92005.0546875,92005.0546875,0
2026-01-13 12:53:00+00:00,92009.9609375,92009.9609375,92009.9609375,92009.9609375,3055616
2026-01-13 12:54:00+00:00,92033.3046875,92033.3046875,92033.3046875,92033.3046875,0
2026-01-13 12:55:00+00:00,92017.1171875,92017.1171875,92017.1171875,92017.1171875,0
2026-01-13 12:56:00+00:00,92005.4140625,92005.4140625,92005.4140625,92005.4140625,0
2026-01-13 12:58:00+00:00,91980.859375,91980.859375,91980.859375,91980.859375,28016640
2026-01-13 12:59:00+00:00,91999.1171875,91999.1171875,91999.1171875,91999.1171875,4317184
2026-01-13 13:00:00+00:00,92013.0546875,92013.0546875,92013.0546875,92013.0546875,4182016
2026-01-13 13:01:00+00:00,91996.90625,91996.90625,91996.90625,91996.90625,0
2026-01-13 13:02:00+00:00,91940.859375,91940.859375,91940.859375,91940.859375,0
2026-01-13 13:03:00+00:00,91910.7421875,91910.7421875,91910.7421875,91910.7421875,0
2026-01-13 13:04:00+00:00,91912.3671875,91912.3671875,91912.3671875,91912.3671875,0
2026-01-13 13:05:00+00:00,91904.25,91904.25,91904.25,91904.25,13062144
2026-01-13 13:06:00+00:00,91929.875,91929.875,91929.875,91929.875,0
2026-01-13 13:07:00+00:00,91923.6875,91923.6875,91923.6875,91923.6875,34716065792
2026-01-13 13:08:00+00:00,91936.796875,91936.796875,91936.796875,91936.796875,0
2026-01-13 13:09:00+00:00,92002.3515625,92002.3515625,92002.3515625,92002.3515625,6406144
2026-01-13 13:10:00+00:00,91977.3515625,91977.3515625,91977.3515625,91977.3515625,0
2026-01-13 13:11:00+00:00,91961.578125,91961.578125,91961.578125,91961.578125,0
2026-01-13 13:12:00+00:00,91971.6640625,91971.6640625,91971.6640625,91971.6640625,0
2026-01-13 13:13:00+00:00,91928.9375,91928.9375,91928.9375,91928.9375,193658880
2026-01-13 13:14:00+00:00,91928.671875,91928.671875,91928.671875,91928.671875,12361728
2026-01-13 13:15:00+00:00,91921.5078125,91921.5078125,91921.5078125,91921.5078125,0
2026-01-13 13:16:00+00:00,91928.96875,91928.96875,91928.96875,91928.96875,138641408
2026-01-13 13:17:00+00:00,91938.15625,91938.15625,91938.15625,91938.15625,0
2026-01-13 13:18:00+00:00,91936.71875,91936.71875,91936.71875,91936.71875,0
2026-01-13 13:19:00+00:00,91950.3203125,91950.3203125,91950.3203125,91950.3203125,0
2026-01-13 13:20:00+00:00,91926.90625,91926.90625,91926.90625,91926.90625,253952
2026-01-13 13:21:00+00:00,91937.828125,91937.828125,91937.828125,91937.828125,1622016
2026-01-13 13:22:00+00:00,91920.7265625,91920.7265625,91920.7265625,91920.7265625,0
2026-01-13 13:23:00+00:00,91923.3984375,91923.3984375,91923.3984375,91923.3984375,0
2026-01-13 13:24:00+00:00,91930.7421875,91930.7421875,91930.7421875,91930.7421875,4775936
2026-01-13 13:25:00+00:00,91925.6015625,91925.6015625,91925.6015625,91925.6015625,0
2026-01-13 13:26:00+00:00,91942.78125,91942.78125,91942.78125,91942.78125,0
2026-01-13 13:27:00+00:00,91979.1484375,91979.1484375,91979.1484375,91979.1484375,5177344
2026-01-13 13:28:00+00:00,92009.53125,92009.53125,92009.53125,92009.53125,0
2026-01-13 13:29:00+00:00,92007.25,92007.25,92007.25,92007.25,376832
2026-01-13 13:30:00+00:00,92035.3125,92035.3125,92035.3125,92035.3125,8388608
2026-01-13 13:31:00+00:00,92186.09375,92186.09375,92186.09375,92186.09375,0
2026-01-13 13:32:00+00:00,92258.09375,92258.09375,92258.09375,92258.09375,16015360
2026-01-13 13:33:00+00:00,92477.4140625,92477.4140625,92477.4140625,92477.4140625,32223232
2026-01-13 13:34:00+00:00,92344.0546875,92344.0546875,92344.0546875,92344.0546875,324571136
2026-01-13 13:35:00+00:00,92184.0625,92184.0625,92184.0625,92184.0625,47521792
2026-01-13 13:36:00+00:00,92276.65625,92276.65625,92276.65625,92276.65625,17612800
2026-01-13 13:37:00+00:00,92348.3125,92348.3125,92348.3125,92348.3125,250548224
2026-01-13 13:38:00+00:00,92211.90625,92211.90625,92211.90625,92211.90625,22470656
2026-01-13 13:39:00+00:00,92101.9140625,92101.9140625,92101.9140625,92101.9140625,14733312
2026-01-13 13:41:00+00:00,91998.625,91998.625,91998.625,91998.625,34698330112
2026-01-13 13:42:00+00:00,92065.4375,92065.4375,92065.4375,92065.4375,8503296
2026-01-13 13:43:00+00:00,92068.7421875,92068.7421875,92068.7421875,92068.7421875,0
2026-01-13 13:44:00+00:00,92146.203125,92146.203125,92146.203125,92146.203125,66056192
2026-01-13 13:45:00+00:00,92109.4765625,92109.4765625,92109.4765625,92109.4765625,6758400
2026-01-13 13:46:00+00:00,92083.921875,92083.921875,92083.921875,92083.921875,35112398848
2026-01-13 13:47:00+00:00,92073.1875,92073.1875,92073.1875,92073.1875,9625600
2026-01-13 13:48:00+00:00,92053.0859375,92053.0859375,92053.0859375,92053.0859375,10674176
2026-01-13 13:49:00+00:00,92098.2421875,92098.2421875,92098.2421875,92098.2421875,0
2026-01-13 13:51:00+00:00,92063.421875,92063.421875,92063.421875,92063.421875,15749120
2026-01-13 13:52:00+00:00,92042.609375,92042.609375,92042.609375,92042.609375,36962304
2026-01-13 13:53:00+00:00,91983.5859375,91983.5859375,91983.5859375,91983.5859375,0
2026-01-13 13:54:00+00:00,92149.9765625,92149.9765625,92149.9765625,92149.9765625,7307264
2026-01-13 13:56:00+00:00,92054.7890625,92054.7890625,92054.7890625,92054.7890625,34961838080
2026-01-13 13:57:00+00:00,92014.0625,92014.0625,92014.0625,92014.0625,4472832
2026-01-13 13:58:00+00:00,91979.25,91979.25,91979.25,91979.25,56819712
2026-01-13 13:59:00+00:00,91966.578125,91966.578125,91966.578125,91966.578125,2662400
2026-01-13 14:01:00+00:00,91926.328125,91926.328125,91926.328125,91926.328125,0
2026-01-13 14:02:00+00:00,91760.140625,91760.140625,91760.140625,91760.140625,0
2026-01-13 14:03:00+00:00,91863.0859375,91863.0859375,91863.0859375,91863.0859375,21536768
2026-01-13 14:04:00+00:00,91832.140625,91832.140625,91832.140625,91832.140625,0
2026-01-13 14:05:00+00:00,91816.0390625,91816.0390625,91816.0390625,91816.0390625,3719168
2026-01-13 14:06:00+00:00,91870.8046875,91870.8046875,91870.8046875,91870.8046875,5513216
2026-01-13 14:08:00+00:00,91889.390625,91889.390625,91889.390625,91889.390625,0
2026-01-13 14:09:00+00:00,91909.09375,91909.09375,91909.09375,91909.09375,9461760
2026-01-13 14:10:00+00:00,91909.7734375,91909.7734375,91909.7734375,91909.7734375,0
2026-01-13 14:11:00+00:00,91911.5078125,91911.5078125,91911.5078125,91911.5078125,20004864
2026-01-13 14:12:00+00:00,91916.3671875,91916.3671875,91916.3671875,91916.3671875,3969024
2026-01-13 14:13:00+00:00,91895.7421875,91895.7421875,91895.7421875,91895.7421875,34804375552
2026-01-13 14:14:00+00:00,91876.6328125,91876.6328125,91876.6328125,91876.6328125,3309568
2026-01-13 14:15:00+00:00,91887.859375,91887.859375,91887.859375,91887.859375,5193728
2026-01-13 14:16:00+00:00,91929.984375,91929.984375,91929.984375,91929.984375,252018688
2026-01-13 14:17:00+00:00,91945.8359375,91945.8359375,91945.8359375,91945.8359375,0
2026-01-13 14:18:00+00:00,92009.71875,92009.71875,92009.71875,92009.71875,0
2026-01-13 14:19:00+00:00,92068.59375,92068.59375,92068.59375,92068.59375,95477760
2026-01-13 14:21:00+00:00,92078.125,92078.125,92078.125,92078.125,532480
2026-01-13 14:22:00+00:00,92096.1328125,92096.1328125,92096.1328125,92096.1328125,0
2026-01-13 14:23:00+00:00,92175.8046875,92175.8046875,92175.8046875,92175.8046875,0
2026-01-13 14:24:00+00:00,92157.140625,92157.140625,92157.140625,92157.140625,0
2026-01-13 14:25:00+00:00,92145.5234375,92145.5234375,92145.5234375,92145.5234375,0
2026-01-13 14:26:00+00:00,92127.484375,92127.484375,92127.484375,92127.484375,796672000
2026-01-13 14:27:00+00:00,92118.828125,92118.828125,92118.828125,92118.828125,0
2026-01-13 14:28:00+00:00,92181.0703125,92181.0703125,92181.0703125,92181.0703125,0
2026-01-13 14:29:00+00:00,92300.8828125,92300.8828125,92300.8828125,92300.8828125,0
2026-01-13 14:30:00+00:00,92317.0234375,92317.0234375,92317.0234375,92317.0234375,10117120
2026-01-13 14:31:00+00:00,92395.21875,92395.21875,92395.21875,92395.21875,0
2026-01-13 14:32:00+00:00,92334.3203125,92334.3203125,92334.3203125,92334.3203125,2850816
2026-01-13 14:33:00+00:00,92296.2734375,92296.2734375,92296.2734375,92296.2734375,1601536
2026-01-13 14:34:00+00:00,92262.3828125,92262.3828125,92262.3828125,92262.3828125,195112960
2026-01-13 14:35:00+00:00,92357.109375,92357.109375,92357.109375,92357.109375,0
2026-01-13 14:36:00+00:00,92432.3046875,92432.3046875,92432.3046875,92432.3046875,9416704
2026-01-13 14:37:00+00:00,92657.765625,92657.765625,92657.765625,92657.765625,2629632
2026-01-13 14:38:00+00:00,92590.984375,92590.984375,92590.984375,92590.984375,0
2026-01-13 14:39:00+00:00,92545.375,92545.375,92545.375,92545.375,34917195776
2026-01-13 14:40:00+00:00,92631.5234375,92631.5234375,92631.5234375,92631.5234375,10870784
2026-01-13 14:41:00+00:00,92721.453125,92721.453125,92721.453125,92721.453125,0
2026-01-13 14:42:00+00:00,92695.015625,92695.015625,92695.015625,92695.015625,7307264
2026-01-13 14:43:00+00:00,92756.578125,92756.578125,92756.578125,92756.578125,0
2026-01-13 14:44:00+00:00,92755.5,92755.5,92755.5,92755.5,21385216
2026-01-13 14:45:00+00:00,92600.296875,92600.296875,92600.296875,92600.296875,22880256
2026-01-13 14:46:00+00:00,92638.546875,92638.546875,92638.546875,92638.546875,0
2026-01-13 14:47:00+00:00,92496.6796875,92496.6796875,92496.6796875,92496.6796875,802758656
2026-01-13 14:48:00+00:00,92576.4765625,92576.4765625,92576.4765625,92576.4765625,4349952
2026-01-13 14:49:00+00:00,92498.1484375,92498.1484375,92498.1484375,92498.1484375,0
2026-01-13 14:50:00+00:00,92462.0703125,92462.0703125,92462.0703125,92462.0703125,13131776
2026-01-13 14:51:00+00:00,92554.2578125,92554.2578125,92554.2578125,92554.2578125,14532608
2026-01-13 14:52:00+00:00,92416.8515625,92416.8515625,92416.8515625,92416.8515625,20754432
2026-01-13 14:53:00+00:00,92427.453125,92427.453125,92427.453125,92427.453125,0
2026-01-13 14:54:00+00:00,92526.7109375,92526.7109375,92526.7109375,92526.7109375,18804736
2026-01-13 14:55:00+00:00,92445.28125,92445.28125,92445.28125,92445.28125,268312576
2026-01-13 14:56:00+00:00,92480.2265625,92480.2265625,92480.2265625,92480.2265625,100089856
2026-01-13 14:57:00+00:00,92455.5546875,92455.5546875,92455.5546875,92455.5546875,21323776
2026-01-13 14:58:00+00:00,92482.5390625,92482.5390625,92482.5390625,92482.5390625,164462592
2026-01-13 14:59:00+00:00,92453.84375,92453.84375,92453.84375,92453.84375,5070848
2026-01-13 15:00:00+00:00,92421.359375,92421.359375,92421.359375,92421.359375,884736
2026-01-13 15:01:00+00:00,92321.1484375,92321.1484375,92321.1484375,92321.1484375,0
2026-01-13 15:02:00+00:00,92286.59375,92286.59375,92286.59375,92286.59375,8359936
2026-01-13 15:03:00+00:00,92111.0078125,92111.0078125,92111.0078125,92111.0078125,8503296
2026-01-13 15:04:00+00:00,92091.1328125,92091.1328125,92091.1328125,92091.1328125,0
2026-01-13 15:05:00+00:00,92143.0546875,92143.0546875,92143.0546875,92143.0546875,0
2026-01-13 15:06:00+00:00,92224.65625,92224.65625,92224.65625,92224.65625,266240
2026-01-13 15:07:00+00:00,92314.46875,92314.46875,92314.46875,92314.46875,55668736
2026-01-13 15:08:00+00:00,92409.703125,92409.703125,92409.703125,92409.703125,57622528
2026-01-13 15:09:00+00:00,92406.625,92406.625,92406.625,92406.625,17494016
2026-01-13 15:10:00+00:00,92300.9140625,92300.9140625,92300.9140625,92300.9140625,0
2026-01-13 15:11:00+00:00,92230.9296875,92230.9296875,92230.9296875,92230.9296875,1650688
2026-01-13 15:12:00+00:00,92272.265625,92272.265625,92272.265625,92272.265625,6221824
2026-01-13 15:13:00+00:00,92293.421875,92293.421875,92293.421875,92293.421875,2367488
2026-01-13 15:14:00+00:00,92461.34375,92461.34375,92461.34375,92461.34375,8822784
2026-01-13 15:15:00+00:00,92508.1796875,92508.1796875,92508.1796875,92508.1796875,11169792
2026-01-13 15:16:00+00:00,92430.9453125,92430.9453125,92430.9453125,92430.9453125,43909120
2026-01-13 15:17:00+00:00,92402.734375,92402.734375,92402.734375,92402.734375,0
2026-01-13 15:18:00+00:00,92390.0859375,92390.0859375,92390.0859375,92390.0859375,0
2026-01-13 15:19:00+00:00,92155.859375,92155.859375,92155.859375,92155.859375,193142784
2026-01-13 15:20:00+00:00,92218.8046875,92218.8046875,92218.8046875,92218.8046875,8450048
2026-01-13 15:21:00+00:00,92216.4375,92216.4375,92216.4375,92216.4375,0
2026-01-13 15:22:00+00:00,92207.8203125,92207.8203125,92207.8203125,92207.8203125,0
2026-01-13 15:23:00+00:00,92291.34375,92291.34375,92291.34375,92291.34375,229376
2026-01-13 15:24:00+00:00,92257.59375,92257.59375,92257.59375,92257.59375,7786496
2026-01-13 15:25:00+00:00,92288.015625,92288.015625,92288.015625,92288.015625,50917376
2026-01-13 15:26:00+00:00,92322.5234375,92322.5234375,92322.5234375,92322.5234375,0
2026-01-13 15:27:00+00:00,92274.765625,92274.765625,92274.765625,92274.765625,0
2026-01-13 15:29:00+00:00,92301.265625,92301.265625,92301.265625,92301.265625,144748544
2026-01-13 15:30:00+00:00,92283.2578125,92283.2578125,92283.2578125,92283.2578125,20525056
2026-01-13 15:31:00+00:00,92443.3203125,92443.3203125,92443.3203125,92443.3203125,0
2026-01-13 15:33:00+00:00,92440.8125,92440.8125,92440.8125,92440.8125,0
2026-01-13 15:34:00+00:00,92637.0703125,92637.0703125,92637.0703125,92637.0703125,54538240
2026-01-13 15:35:00+00:00,92750.1875,92750.1875,92750.1875,92750.1875,8744960
2026-01-13 15:36:00+00:00,92736.265625,92736.265625,92736.265625,92736.265625,13991936
2026-01-13 15:37:00+00:00,93012.03125,93012.03125,93012.03125,93012.03125,0
2026-01-13 15:38:00+00:00,92991.5703125,92991.5703125,92991.5703125,92991.5703125,50601984
2026-01-13 15:39:00+00:00,92949.4921875,92949.4921875,92949.4921875,92949.4921875,15900672
2026-01-13 15:41:00+00:00,92964.1875,92964.1875,92964.1875,92964.1875,230998016
2026-01-13 15:42:00+00:00,93014.6796875,93014.6796875,93014.6796875,93014.6796875,5615616
2026-01-13 15:43:00+00:00,92906.4375,92906.4375,92906.4375,92906.4375,74371072
2026-01-13 15:44:00+00:00,92837.859375,92837.859375,92837.859375,92837.859375,21250048
2026-01-13 15:45:00+00:00,92832.9140625,92832.9140625,92832.9140625,92832.9140625,1662976
2026-01-13 15:46:00+00:00,92924.9375,92924.9375,92924.9375,92924.9375,161292288
2026-01-13 15:47:00+00:00,92980.3046875,92980.3046875,92980.3046875,92980.3046875,864256
2026-01-13 15:48:00+00:00,92865.4765625,92865.4765625,92865.4765625,92865.4765625,5910528
2026-01-13 15:49:00+00:00,92779.8671875,92779.8671875,92779.8671875,92779.8671875,107020288
2026-01-13 15:51:00+00:00,92811.8203125,92811.8203125,92811.8203125,92811.8203125,2342912
2026-01-13 15:52:00+00:00,92835.375,92835.375,92835.375,92835.375,0
2026-01-13 15:53:00+00:00,92826.265625,92826.265625,92826.265625,92826.265625,0
2026-01-13 15:54:00+00:00,92871.7734375,92871.7734375,92871.7734375,92871.7734375,3358720
2026-01-13 15:55:00+00:00,93039.4921875,93039.4921875,93039.4921875,93039.4921875,81502208
2026-01-13 15:56:00+00:00,93231.6328125,93231.6328125,93231.6328125,93231.6328125,34885632
2026-01-13 15:57:00+00:00,93254.515625,93254.515625,93254.515625,93254.515625,41332736
2026-01-13 15:58:00+00:00,93294.53125,93294.53125,93294.53125,93294.53125,0
2026-01-13 15:59:00+00:00,93283.03125,93283.03125,93283.03125,93283.03125,17801216
2026-01-13 16:01:00+00:00,93500.4609375,93500.4609375,93500.4609375,93500.4609375,401408
2026-01-13 16:02:00+00:00,93519.2265625,93519.2265625,93519.2265625,93519.2265625,0
2026-01-13 16:03:00+00:00,93453.6875,93453.6875,93453.6875,93453.6875,31088640
2026-01-13 16:04:00+00:00,93570.9140625,93570.9140625,93570.9140625,93570.9140625,115007488
2026-01-13 16:05:00+00:00,93561.1953125,93561.1953125,93561.1953125,93561.1953125,23830528
2026-01-13 16:06:00+00:00,93574.1640625,93574.1640625,93574.1640625,93574.1640625,8540160
2026-01-13 16:07:00+00:00,93595.3671875,93595.3671875,93595.3671875,93595.3671875,161402880
2026-01-13 16:08:00+00:00,93566.4765625,93566.4765625,93566.4765625,93566.4765625,19611648
2026-01-13 16:09:00+00:00,93463.171875,93463.171875,93463.171875,93463.171875,7364608
2026-01-13 16:10:00+00:00,93418.109375,93418.109375,93418.109375,93418.109375,298147840
2026-01-13 16:11:00+00:00,93445.0390625,93445.0390625,93445.0390625,93445.0390625,21389312
2026-01-13 16:12:00+00:00,93447.625,93447.625,93447.625,93447.625,25759744
2026-01-13 16:13:00+00:00,93439.703125,93439.703125,93439.703125,93439.703125,26152960
2026-01-13 16:14:00+00:00,93322.9921875,93322.9921875,93322.9921875,93322.9921875,20738048
2026-01-13 16:15:00+00:00,93287.96875,93287.96875,93287.96875,93287.96875,917504
2026-01-13 16:16:00+00:00,93277.3984375,93277.3984375,93277.3984375,93277.3984375,10633216
2026-01-13 16:17:00+00:00,93153.7734375,93153.7734375,93153.7734375,93153.7734375,0
2026-01-13 16:18:00+00:00,93146.5546875,93146.5546875,93146.5546875,93146.5546875,64233472
2026-01-13 16:19:00+00:00,93126.96875,93126.96875,93126.96875,93126.96875,0
2026-01-13 16:21:00+00:00,93325.7421875,93325.7421875,93325.7421875,93325.7421875,20598784
2026-01-13 16:22:00+00:00,93379.7890625,93379.7890625,93379.7890625,93379.7890625,133779456
2026-01-13 16:23:00+00:00,93241.6796875,93241.6796875,93241.6796875,93241.6796875,1789952
2026-01-13 16:24:00+00:00,93267.9609375,93267.9609375,93267.9609375,93267.9609375,0
2026-01-13 16:25:00+00:00,93211.296875,93211.296875,93211.296875,93211.296875,51372032
2026-01-13 16:26:00+00:00,93140.109375,93140.109375,93140.109375,93140.109375,0
2026-01-13 16:27:00+00:00,93161.921875,93161.921875,93161.921875,93161.921875,0
2026-01-13 16:28:00+00:00,93145.375,93145.375,93145.375,93145.375,40452096
2026-01-13 16:29:00+00:00,93102.828125,93102.828125,93102.828125,93102.828125,11689984
2026-01-13 16:30:00+00:00,93116.8046875,93116.8046875,93116.8046875,93116.8046875,0
2026-01-13 16:31:00+00:00,93097.4921875,93097.4921875,93097.4921875,93097.4921875,0
2026-01-13 16:32:00+00:00,93221.3515625,93221.3515625,93221.3515625,93221.3515625,0
2026-01-13 16:34:00+00:00,93394.53125,93394.53125,93394.53125,93394.53125,0
2026-01-13 16:35:00+00:00,93456.6015625,93456.6015625,93456.6015625,93456.6015625,0
2026-01-13 16:36:00+00:00,93446.421875,93446.421875,93446.421875,93446.421875,1646592
2026-01-13 16:37:00+00:00,93463.5390625,93463.5390625,93463.5390625,93463.5390625,0
2026-01-13 16:38:00+00:00,93478.1953125,93478.1953125,93478.1953125,93478.1953125,6164480
2026-01-13 16:39:00+00:00,93561.2109375,93561.2109375,93561.2109375,93561.2109375,6995968
2026-01-13 16:40:00+00:00,93526.7265625,93526.7265625,93526.7265625,93526.7265625,56545280
2026-01-13 16:42:00+00:00,93458.6484375,93458.6484375,93458.6484375,93458.6484375,0
2026-01-13 16:43:00+00:00,93598.046875,93598.046875,93598.046875,93598.046875,281423872
2026-01-13 16:44:00+00:00,93523.078125,93523.078125,93523.078125,93523.078125,3186688
2026-01-13 16:45:00+00:00,93500.75,93500.75,93500.75,93500.75,11210752
2026-01-13 16:46:00+00:00,93493.6484375,93493.6484375,93493.6484375,93493.6484375,0
2026-01-13 16:47:00+00:00,93557.90625,93557.90625,93557.90625,93557.90625,2519040
2026-01-13 16:48:00+00:00,93559.453125,93559.453125,93559.453125,93559.453125,10371072
2026-01-13 16:49:00+00:00,93578.1328125,93578.1328125,93578.1328125,93578.1328125,176234496
2026-01-13 16:50:00+00:00,93615.640625,93615.640625,93615.640625,93615.640625,16613376
2026-01-13 16:51:00+00:00,93620.6328125,93620.6328125,93620.6328125,93620.6328125,5009408
2026-01-13 16:52:00+00:00,93581.4453125,93581.4453125,93581.4453125,93581.4453125,31731712
2026-01-13 16:53:00+00:00,93556.5078125,93556.5078125,93556.5078125,93556.5078125,4308992
2026-01-13 16:54:00+00:00,93593.875,93593.875,93593.875,93593.875,3108864
2026-01-13 16:55:00+00:00,93568.7109375,93568.7109375,93568.7109375,93568.7109375,50769920
2026-01-13 16:56:00+00:00,93654.5078125,93654.5078125,93654.5078125,93654.5078125,9420800
2026-01-13 16:57:00+00:00,93516.015625,93516.015625,93516.015625,93516.015625,11804672
2026-01-13 16:58:00+00:00,93486.1484375,93486.1484375,93486.1484375,93486.1484375,73080832
2026-01-13 16:59:00+00:00,93441.21875,93441.21875,93441.21875,93441.21875,16592896
2026-01-13 17:00:00+00:00,93347.1015625,93347.1015625,93347.1015625,93347.1015625,618496
2026-01-13 17:01:00+00:00,93350.4296875,93350.4296875,93350.4296875,93350.4296875,34938880
2026-01-13 17:02:00+00:00,93303.7890625,93303.7890625,93303.7890625,93303.7890625,0
2026-01-13 17:03:00+00:00,93346.109375,93346.109375,93346.109375,93346.109375,6438912
2026-01-13 17:04:00+00:00,93362.484375,93362.484375,93362.484375,93362.484375,0
2026-01-13 17:05:00+00:00,93378.6875,93378.6875,93378.6875,93378.6875,3756032
2026-01-13 17:06:00+00:00,93373.9453125,93373.9453125,93373.9453125,93373.9453125,0
2026-01-13 17:07:00+00:00,93349.203125,93349.203125,93349.203125,93349.203125,0
2026-01-13 17:08:00+00:00,93412.9765625,93412.9765625,93412.9765625,93412.9765625,5402624
2026-01-13 17:09:00+00:00,93409.1875,93409.1875,93409.1875,93409.1875,0
2026-01-13 17:10:00+00:00,93350.859375,93350.859375,93350.859375,93350.859375,22724608
2026-01-13 17:11:00+00:00,93231.1328125,93231.1328125,93231.1328125,93231.1328125,0
2026-01-13 17:13:00+00:00,93253.328125,93253.328125,93253.328125,93253.328125,0
2026-01-13 17:14:00+00:00,93252.984375,93252.984375,93252.984375,93252.984375,1421312
2026-01-13 17:15:00+00:00,93283.3125,93283.3125,93283.3125,93283.3125,3641344
2026-01-13 17:16:00+00:00,93254.8046875,93254.8046875,93254.8046875,93254.8046875,0
2026-01-13 17:17:00+00:00,93262.125,93262.125,93262.125,93262.125,0
2026-01-13 17:18:00+00:00,93135.7578125,93135.7578125,93135.7578125,93135.7578125,0
2026-01-13 17:19:00+00:00,93171.5703125,93171.5703125,93171.5703125,93171.5703125,0
2026-01-13 17:20:00+00:00,93181.4375,93181.4375,93181.4375,93181.4375,1818624
2026-01-13 17:21:00+00:00,93170.7578125,93170.7578125,93170.7578125,93170.7578125,892928
2026-01-13 17:22:00+00:00,93200.5625,93200.5625,93200.5625,93200.5625,19369984
2026-01-13 17:23:00+00:00,93239.828125,93239.828125,93239.828125,93239.828125,0
2026-01-13 17:24:00+00:00,93289.7578125,93289.7578125,93289.7578125,93289.7578125,0
2026-01-13 17:25:00+00:00,93379.46875,93379.46875,93379.46875,93379.46875,120070144
2026-01-13 17:26:00+00:00,93307.609375,93307.609375,93307.609375,93307.609375,0
2026-01-13 17:27:00+00:00,93334.046875,93334.046875,93334.046875,93334.046875,0
2026-01-13 17:28:00+00:00,93378.3515625,93378.3515625,93378.3515625,93378.3515625,0
2026-01-13 17:29:00+00:00,93384.4765625,93384.4765625,93384.4765625,93384.4765625,2854912
2026-01-13 17:30:00+00:00,93370.2421875,93370.2421875,93370.2421875,93370.2421875,0
2026-01-13 17:31:00+00:00,93366.75,93366.75,93366.75,93366.75,0
2026-01-13 17:32:00+00:00,93281.3984375,93281.3984375,93281.3984375,93281.3984375,0
2026-01-13 17:33:00+00:00,93299.9375,93299.9375,93299.9375,93299.9375,0
2026-01-13 17:34:00+00:00,93350.8046875,93350.8046875,93350.8046875,93350.8046875,0
2026-01-13 17:35:00+00:00,93340.3671875,93340.3671875,93340.3671875,93340.3671875,0
2026-01-13 17:36:00+00:00,93298.8203125,93298.8203125,93298.8203125,93298.8203125,0
2026-01-13 17:37:00+00:00,93247.359375,93247.359375,93247.359375,93247.359375,0
2026-01-13 17:38:00+00:00,93199.1796875,93199.1796875,93199.1796875,93199.1796875,0
2026-01-13 17:39:00+00:00,93168.1484375,93168.1484375,93168.1484375,93168.1484375,0
2026-01-13 17:41:00+00:00,93201.2265625,93201.2265625,93201.2265625,93201.2265625,0
2026-01-13 17:42:00+00:00,93162.0078125,93162.0078125,93162.0078125,93162.0078125,1875968
2026-01-13 17:43:00+00:00,93246.734375,93246.734375,93246.734375,93246.734375,111239168
2026-01-13 17:44:00+00:00,93329.0625,93329.0625,93329.0625,93329.0625,9154560
2026-01-13 17:45:00+00:00,93332.4765625,93332.4765625,93332.4765625,93332.4765625,3284992
2026-01-13 17:46:00+00:00,93360.1640625,93360.1640625,93360.1640625,93360.1640625,10072064
2026-01-13 17:47:00+00:00,93334.5,93334.5,93334.5,93334.5,1994752
2026-01-13 17:48:00+00:00,93363.8984375,93363.8984375,93363.8984375,93363.8984375,1167360
2026-01-13 17:49:00+00:00,93302.5,93302.5,93302.5,93302.5,0
2026-01-13 17:51:00+00:00,93371.1640625,93371.1640625,93371.1640625,93371.1640625,0
2026-01-13 17:52:00+00:00,93398.8828125,93398.8828125,93398.8828125,93398.8828125,0
2026-01-13 17:53:00+00:00,93336.1875,93336.1875,93336.1875,93336.1875,6959104
2026-01-13 17:54:00+00:00,93311.8984375,93311.8984375,93311.8984375,93311.8984375,3137536
2026-01-13 17:55:00+00:00,93334.6328125,93334.6328125,93334.6328125,93334.6328125,3477504
2026-01-13 17:56:00+00:00,93229.6875,93229.6875,93229.6875,93229.6875,0
2026-01-13 17:57:00+00:00,93219.65625,93219.65625,93219.65625,93219.65625,0
2026-01-13 17:58:00+00:00,93243.0625,93243.0625,93243.0625,93243.0625,21045248
2026-01-13 17:59:00+00:00,93241.6796875,93241.6796875,93241.6796875,93241.6796875,5132288
2026-01-13 18:01:00+00:00,93171.8984375,93171.8984375,93171.8984375,93171.8984375,0
2026-01-13 18:02:00+00:00,93216.5859375,93216.5859375,93216.5859375,93216.5859375,0
2026-01-13 18:03:00+00:00,93225.609375,93225.609375,93225.609375,93225.609375,8986624
2026-01-13 18:04:00+00:00,93222.6171875,93222.6171875,93222.6171875,93222.6171875,30195712
2026-01-13 18:05:00+00:00,93352.171875,93352.171875,93352.171875,93352.171875,23334912
2026-01-13 18:06:00+00:00,93378.21875,93378.21875,93378.21875,93378.21875,7303168
2026-01-13 18:07:00+00:00,93421.984375,93421.984375,93421.984375,93421.984375,0
2026-01-13 18:09:00+00:00,93340.796875,93340.796875,93340.796875,93340.796875,2396160
2026-01-13 18:10:00+00:00,93447.515625,93447.515625,93447.515625,93447.515625,315047936
2026-01-13 18:11:00+00:00,93394.8046875,93394.8046875,93394.8046875,93394.8046875,3866624
2026-01-13 18:12:00+00:00,93404.8828125,93404.8828125,93404.8828125,93404.8828125,2179072
2026-01-13 18:13:00+00:00,93416.2421875,93416.2421875,93416.2421875,93416.2421875,17494016
2026-01-13 18:14:00+00:00,93521.8359375,93521.8359375,93521.8359375,93521.8359375,0
2026-01-13 18:15:00+00:00,93516.5859375,93516.5859375,93516.5859375,93516.5859375,31494144
2026-01-13 18:16:00+00:00,93515.609375,93515.609375,93515.609375,93515.609375,0
2026-01-13 18:17:00+00:00,93523.484375,93523.484375,93523.484375,93523.484375,5525504
2026-01-13 18:18:00+00:00,93581.265625,93581.265625,93581.265625,93581.265625,0
2026-01-13 18:19:00+00:00,93638.28125,93638.28125,93638.28125,93638.28125,360394752
2026-01-13 18:21:00+00:00,93603.421875,93603.421875,93603.421875,93603.421875,11440128
2026-01-13 18:22:00+00:00,93617.7421875,93617.7421875,93617.7421875,93617.7421875,21295104
2026-01-13 18:23:00+00:00,93678.1328125,93678.1328125,93678.1328125,93678.1328125,12390400
2026-01-13 18:24:00+00:00,93626.4375,93626.4375,93626.4375,93626.4375,0
2026-01-13 18:25:00+00:00,93583.484375,93583.484375,93583.484375,93583.484375,185311232
2026-01-13 18:26:00+00:00,93527.0,93527.0,93527.0,93527.0,557056
2026-01-13 18:27:00+00:00,93568.8046875,93568.8046875,93568.8046875,93568.8046875,0
2026-01-13 18:28:00+00:00,93544.7578125,93544.7578125,93544.7578125,93544.7578125,37273600
2026-01-13 18:29:00+00:00,93507.140625,93507.140625,93507.140625,93507.140625,1302528
2026-01-13 18:30:00+00:00,93521.3671875,93521.3671875,93521.3671875,93521.3671875,933888
2026-01-13 18:31:00+00:00,93497.9140625,93497.9140625,93497.9140625,93497.9140625,0
2026-01-13 18:32:00+00:00,93531.046875,93531.046875,93531.046875,93531.046875,3219456
2026-01-13 18:33:00+00:00,93588.140625,93588.140625,93588.140625,93588.140625,0
2026-01-13 18:34:00+00:00,93606.7734375,93606.7734375,93606.7734375,93606.7734375,0
2026-01-13 18:35:00+00:00,93573.296875,93573.296875,93573.296875,93573.296875,0
2026-01-13 18:36:00+00:00,93602.78125,93602.78125,93602.78125,93602.78125,10653696
2026-01-13 18:37:00+00:00,93688.109375,93688.109375,93688.109375,93688.109375,5607424
2026-01-13 18:38:00+00:00,93665.34375,93665.34375,93665.34375,93665.34375,2514944
2026-01-13 18:39:00+00:00,93629.296875,93629.296875,93629.296875,93629.296875,0
2026-01-13 18:40:00+00:00,93593.21875,93593.21875,93593.21875,93593.21875,0
2026-01-13 18:41:00+00:00,93595.34375,93595.34375,93595.34375,93595.34375,2371584
2026-01-13 18:42:00+00:00,93497.625,93497.625,93497.625,93497.625,7831552
2026-01-13 18:43:00+00:00,93556.875,93556.875,93556.875,93556.875,174563328
2026-01-13 18:44:00+00:00,93515.0546875,93515.0546875,93515.0546875,93515.0546875,7303168
2026-01-13 18:45:00+00:00,93568.953125,93568.953125,93568.953125,93568.953125,3047424
2026-01-13 18:46:00+00:00,93589.328125,93589.328125,93589.328125,93589.328125,55959552
2026-01-13 18:47:00+00:00,93686.3046875,93686.3046875,93686.3046875,93686.3046875,5373952
2026-01-13 18:48:00+00:00,93714.3828125,93714.3828125,93714.3828125,93714.3828125,23752704
2026-01-13 18:49:00+00:00,93790.5078125,93790.5078125,93790.5078125,93790.5078125,0
2026-01-13 18:50:00+00:00,93667.9375,93667.9375,93667.9375,93667.9375,29388800
2026-01-13 18:51:00+00:00,93474.09375,93474.09375,93474.09375,93474.09375,1601536
2026-01-13 18:53:00+00:00,93492.2265625,93492.2265625,93492.2265625,93492.2265625,96051200
2026-01-13 18:54:00+00:00,93548.1796875,93548.1796875,93548.1796875,93548.1796875,0
2026-01-13 18:55:00+00:00,93508.1015625,93508.1015625,93508.1015625,93508.1015625,62304256
2026-01-13 18:56:00+00:00,93515.1796875,93515.1796875,93515.1796875,93515.1796875,5746688
2026-01-13 18:57:00+00:00,93499.9921875,93499.9921875,93499.9921875,93499.9921875,0
2026-01-13 18:58:00+00:00,93521.9375,93521.9375,93521.9375,93521.9375,120762368
2026-01-13 18:59:00+00:00,93557.6484375,93557.6484375,93557.6484375,93557.6484375,0
2026-01-13 19:00:00+00:00,93584.296875,93584.296875,93584.296875,93584.296875,8753152
2026-01-13 19:01:00+00:00,93609.6796875,93609.6796875,93609.6796875,93609.6796875,0
2026-01-13 19:02:00+00:00,93584.140625,93584.140625,93584.140625,93584.140625,863473664
2026-01-13 19:03:00+00:00,93524.1328125,93524.1328125,93524.1328125,93524.1328125,0
2026-01-13 19:04:00+00:00,93446.78125,93446.78125,93446.78125,93446.78125,28758016
2026-01-13 19:05:00+00:00,93464.8671875,93464.8671875,93464.8671875,93464.8671875,18898944
2026-01-13 19:06:00+00:00,93482.796875,93482.796875,93482.796875,93482.796875,1773568
2026-01-13 19:07:00+00:00,93471.359375,93471.359375,93471.359375,93471.359375,29659136
2026-01-13 19:08:00+00:00,93431.703125,93431.703125,93431.703125,93431.703125,5439488
2026-01-13 19:09:00+00:00,93469.0078125,93469.0078125,93469.0078125,93469.0078125,1114112
2026-01-13 19:10:00+00:00,93448.8046875,93448.8046875,93448.8046875,93448.8046875,11591680
2026-01-13 19:11:00+00:00,93478.265625,93478.265625,93478.265625,93478.265625,13103104
2026-01-13 19:12:00+00:00,93542.4140625,93542.4140625,93542.4140625,93542.4140625,1273856
2026-01-13 19:13:00+00:00,93516.2109375,93516.2109375,93516.2109375,93516.2109375,1884160
2026-01-13 19:14:00+00:00,93525.53125,93525.53125,93525.53125,93525.53125,4005888
2026-01-13 19:15:00+00:00,93505.9453125,93505.9453125,93505.9453125,93505.9453125,0
2026-01-13 19:16:00+00:00,93522.328125,93522.328125,93522.328125,93522.328125,7852032
2026-01-13 19:17:00+00:00,93517.9921875,93517.9921875,93517.9921875,93517.9921875,5816320
2026-01-13 19:18:00+00:00,93509.7578125,93509.7578125,93509.7578125,93509.7578125,1650688
2026-01-13 19:19:00+00:00,93516.796875,93516.796875,93516.796875,93516.796875,0
2026-01-13 19:20:00+00:00,93598.8203125,93598.8203125,93598.8203125,93598.8203125,3448832
2026-01-13 19:21:00+00:00,93670.609375,93670.609375,93670.609375,93670.609375,15749120
2026-01-13 19:22:00+00:00,93706.5390625,93706.5390625,93706.5390625,93706.5390625,0
2026-01-13 19:23:00+00:00,93733.8125,93733.8125,93733.8125,93733.8125,6397952
2026-01-13 19:25:00+00:00,93622.2734375,93622.2734375,93622.2734375,93622.2734375,0
2026-01-13 19:26:00+00:00,93676.9921875,93676.9921875,93676.9921875,93676.9921875,17174528
2026-01-13 19:27:00+00:00,93759.2421875,93759.2421875,93759.2421875,93759.2421875,17367040
2026-01-13 19:29:00+00:00,93793.2421875,93793.2421875,93793.2421875,93793.2421875,212164608
2026-01-13 19:30:00+00:00,93810.1640625,93810.1640625,93810.1640625,93810.1640625,3473408
2026-01-13 19:31:00+00:00,93800.2265625,93800.2265625,93800.2265625,93800.2265625,0
2026-01-13 19:32:00+00:00,93866.03125,93866.03125,93866.03125,93866.03125,0
2026-01-13 19:33:00+00:00,93869.3125,93869.3125,93869.3125,93869.3125,5029888
2026-01-13 19:34:00+00:00,93927.703125,93927.703125,93927.703125,93927.703125,47099904
2026-01-13 19:35:00+00:00,93926.8125,93926.8125,93926.8125,93926.8125,908853248
2026-01-13 19:36:00+00:00,93982.5078125,93982.5078125,93982.5078125,93982.5078125,30785536
2026-01-13 19:37:00+00:00,93991.1640625,93991.1640625,93991.1640625,93991.1640625,184471552
2026-01-13 19:38:00+00:00,93991.1640625,93991.1640625,93991.1640625,93991.1640625,0
2026-01-13 19:39:00+00:00,94008.40625,94008.40625,94008.40625,94008.40625,31072256
2026-01-13 19:41:00+00:00,93972.3515625,93972.3515625,93972.3515625,93972.3515625,134922240
2026-01-13 19:42:00+00:00,94019.96875,94019.96875,94019.96875,94019.96875,9351168
2026-01-13 19:43:00+00:00,94021.3984375,94021.3984375,94021.3984375,94021.3984375,196407296
2026-01-13 19:44:00+00:00,94004.8203125,94004.8203125,94004.8203125,94004.8203125,4235264
2026-01-13 19:45:00+00:00,93980.8671875,93980.8671875,93980.8671875,93980.8671875,24117248
2026-01-13 19:46:00+00:00,94007.484375,94007.484375,94007.484375,94007.484375,157114368
2026-01-13 19:47:00+00:00,93989.4375,93989.4375,93989.4375,93989.4375,146321408
2026-01-13 19:48:00+00:00,93993.921875,93993.921875,93993.921875,93993.921875,4218880
2026-01-13 19:49:00+00:00,94011.6875,94011.6875,94011.6875,94011.6875,42520576
2026-01-13 19:51:00+00:00,94044.890625,94044.890625,94044.890625,94044.890625,13201408
2026-01-13 19:52:00+00:00,94071.4375,94071.4375,94071.4375,94071.4375,45637632
2026-01-13 19:53:00+00:00,94106.6796875,94106.6796875,94106.6796875,94106.6796875,4743168
2026-01-13 19:54:00+00:00,94172.0859375,94172.0859375,94172.0859375,94172.0859375,8564736
2026-01-13 19:55:00+00:00,94134.59375,94134.59375,94134.59375,94134.59375,99942400
2026-01-13 19:56:00+00:00,94142.71875,94142.71875,94142.71875,94142.71875,0
2026-01-13 19:57:00+00:00,94150.46875,94150.46875,94150.46875,94150.46875,0
2026-01-13 19:58:00+00:00,94164.4140625,94164.4140625,94164.4140625,94164.4140625,260603904
2026-01-13 19:59:00+00:00,94194.6484375,94194.6484375,94194.6484375,94194.6484375,7344128
2026-01-13 20:01:00+00:00,94222.4765625,94222.4765625,94222.4765625,94222.4765625,0
2026-01-13 20:02:00+00:00,94215.2890625,94215.2890625,94215.2890625,94215.2890625,11079680
2026-01-13 20:03:00+00:00,94180.015625,94180.015625,94180.015625,94180.015625,19828736
2026-01-13 20:04:00+00:00,94194.8984375,94194.8984375,94194.8984375,94194.8984375,341884928
2026-01-13 20:05:00+00:00,94244.59375,94244.59375,94244.59375,94244.59375,5238784
2026-01-13 20:07:00+00:00,94265.078125,94265.078125,94265.078125,94265.078125,76451840
2026-01-13 20:08:00+00:00,94278.9765625,94278.9765625,94278.9765625,94278.9765625,13582336
2026-01-13 20:09:00+00:00,94332.1875,94332.1875,94332.1875,94332.1875,20930560
2026-01-13 20:10:00+00:00,94307.21875,94307.21875,94307.21875,94307.21875,4780032
2026-01-13 20:11:00+00:00,94235.5,94235.5,94235.5,94235.5,16650240
2026-01-13 20:12:00+00:00,94377.0,94377.0,94377.0,94377.0,385024
2026-01-13 20:13:00+00:00,94383.484375,94383.484375,94383.484375,94383.484375,328540160
2026-01-13 20:14:00+00:00,94359.984375,94359.984375,94359.984375,94359.984375,9687040
2026-01-13 20:15:00+00:00,94336.390625,94336.390625,94336.390625,94336.390625,15712256
2026-01-13 20:16:00+00:00,94390.1015625,94390.1015625,94390.1015625,94390.1015625,0
2026-01-13 20:17:00+00:00,94311.7734375,94311.7734375,94311.7734375,94311.7734375,12472320
2026-01-13 20:18:00+00:00,94281.9609375,94281.9609375,94281.9609375,94281.9609375,8523776
2026-01-13 20:19:00+00:00,94338.6484375,94338.6484375,94338.6484375,94338.6484375,199454720
2026-01-13 20:21:00+00:00,94400.4453125,94400.4453125,94400.4453125,94400.4453125,24248320
2026-01-13 20:22:00+00:00,94397.40625,94397.40625,94397.40625,94397.40625,109600768
2026-01-13 20:23:00+00:00,94394.9375,94394.9375,94394.9375,94394.9375,5632000
2026-01-13 20:24:00+00:00,94361.6640625,94361.6640625,94361.6640625,94361.6640625,10891264
2026-01-13 20:25:00+00:00,94468.875,94468.875,94468.875,94468.875,75038720
2026-01-13 20:26:00+00:00,94442.7109375,94442.7109375,94442.7109375,94442.7109375,34537472
2026-01-13 20:27:00+00:00,94357.984375,94357.984375,94357.984375,94357.984375,7786496
2026-01-13 20:28:00+00:00,94269.96875,94269.96875,94269.96875,94269.96875,90746880
2026-01-13 20:29:00+00:00,94284.796875,94284.796875,94284.796875,94284.796875,38412288
2026-01-13 20:31:00+00:00,94272.703125,94272.703125,94272.703125,94272.703125,0
2026-01-13 20:32:00+00:00,94241.59375,94241.59375,94241.59375,94241.59375,11157504
2026-01-13 20:33:00+00:00,94295.2109375,94295.2109375,94295.2109375,94295.2109375,16470016
2026-01-13 20:34:00+00:00,94257.2109375,94257.2109375,94257.2109375,94257.2109375,113180672
2026-01-13 20:35:00+00:00,94289.3984375,94289.3984375,94289.3984375,94289.3984375,5611520
2026-01-13 20:36:00+00:00,94225.875,94225.875,94225.875,94225.875,9302016
2026-01-13 20:37:00+00:00,94251.9609375,94251.9609375,94251.9609375,94251.9609375,90816512
2026-01-13 20:38:00+00:00,94134.0390625,94134.0390625,94134.0390625,94134.0390625,32727040
2026-01-13 20:39:00+00:00,94183.546875,94183.546875,94183.546875,94183.546875,25067520
2026-01-13 20:40:00+00:00,94197.3046875,94197.3046875,94197.3046875,94197.3046875,194060288
2026-01-13 20:41:00+00:00,94225.8984375,94225.8984375,94225.8984375,94225.8984375,34611200
2026-01-13 20:42:00+00:00,94164.4453125,94164.4453125,94164.4453125,94164.4453125,14012416
2026-01-13 20:43:00+00:00,94156.9453125,94156.9453125,94156.9453125,94156.9453125,147619840
2026-01-13 20:44:00+00:00,94185.28125,94185.28125,94185.28125,94185.28125,0
2026-01-13 20:45:00+00:00,94234.0859375,94234.0859375,94234.0859375,94234.0859375,4673536
2026-01-13 20:46:00+00:00,94288.09375,94288.09375,94288.09375,94288.09375,328548352
2026-01-13 20:47:00+00:00,94313.0703125,94313.0703125,94313.0703125,94313.0703125,943661056
2026-01-13 20:48:00+00:00,94337.5546875,94337.5546875,94337.5546875,94337.5546875,3223552
2026-01-13 20:49:00+00:00,94311.9140625,94311.9140625,94311.9140625,94311.9140625,38543360
2026-01-13 20:50:00+00:00,94219.3359375,94219.3359375,94219.3359375,94219.3359375,6451200
2026-01-13 20:51:00+00:00,94250.5390625,94250.5390625,94250.5390625,94250.5390625,4657152
2026-01-13 20:52:00+00:00,94296.109375,94296.109375,94296.109375,94296.109375,114528256
2026-01-13 20:53:00+00:00,94334.0,94334.0,94334.0,94334.0,16269312
2026-01-13 20:54:00+00:00,94319.453125,94319.453125,94319.453125,94319.453125,20348928
2026-01-13 20:55:00+00:00,94319.15625,94319.15625,94319.15625,94319.15625,104972288
2026-01-13 20:56:00+00:00,94302.46875,94302.46875,94302.46875,94302.46875,21921792
2026-01-13 20:57:00+00:00,94344.3203125,94344.3203125,94344.3203125,94344.3203125,0
2026-01-13 20:58:00+00:00,94410.9453125,94410.9453125,94410.9453125,94410.9453125,275709952
2026-01-13 20:59:00+00:00,94438.890625,94438.890625,94438.890625,94438.890625,0
2026-01-13 21:00:00+00:00,94400.453125,94400.453125,94400.453125,94400.453125,19234816
2026-01-13 21:01:00+00:00,94408.78125,94408.78125,94408.78125,94408.78125,31264768
2026-01-13 21:02:00+00:00,94430.1953125,94430.1953125,94430.1953125,94430.1953125,0
2026-01-13 21:03:00+00:00,94410.3828125,94410.3828125,94410.3828125,94410.3828125,147283968
2026-01-13 21:04:00+00:00,94427.625,94427.625,94427.625,94427.625,63086592
2026-01-13 21:06:00+00:00,94455.2421875,94455.2421875,94455.2421875,94455.2421875,13627392
2026-01-13 21:07:00+00:00,94401.4609375,94401.4609375,94401.4609375,94401.4609375,0
2026-01-13 21:08:00+00:00,94416.78125,94416.78125,94416.78125,94416.78125,0
2026-01-13 21:09:00+00:00,94415.7265625,94415.7265625,94415.7265625,94415.7265625,172810240
2026-01-13 21:10:00+00:00,94410.6640625,94410.6640625,94410.6640625,94410.6640625,97505280
2026-01-13 21:11:00+00:00,94392.5,94392.5,94392.5,94392.5,13049856
2026-01-13 21:12:00+00:00,94387.4609375,94387.4609375,94387.4609375,94387.4609375,14757888
2026-01-13 21:13:00+00:00,94374.5390625,94374.5390625,94374.5390625,94374.5390625,9068544
2026-01-13 21:14:00+00:00,94371.734375,94371.734375,94371.734375,94371.734375,186118144
2026-01-13 21:15:00+00:00,94387.9609375,94387.9609375,94387.9609375,94387.9609375,5144576
2026-01-13 21:16:00+00:00,94370.921875,94370.921875,94370.921875,94370.921875,166133760
2026-01-13 21:17:00+00:00,94386.234375,94386.234375,94386.234375,94386.234375,162029568
2026-01-13 21:18:00+00:00,94476.421875,94476.421875,94476.421875,94476.421875,6381568
2026-01-13 21:19:00+00:00,94472.0625,94472.0625,94472.0625,94472.0625,0
2026-01-13 21:20:00+00:00,94346.2421875,94346.2421875,94346.2421875,94346.2421875,185614336
2026-01-13 21:21:00+00:00,94438.3359375,94438.3359375,94438.3359375,94438.3359375,14434304
2026-01-13 21:22:00+00:00,94413.1796875,94413.1796875,94413.1796875,94413.1796875,1191936
2026-01-13 21:23:00+00:00,94418.1484375,94418.1484375,94418.1484375,94418.1484375,2859008
2026-01-13 21:24:00+00:00,94401.9375,94401.9375,94401.9375,94401.9375,3944448
2026-01-13 21:25:00+00:00,94410.546875,94410.546875,94410.546875,94410.546875,193503232
2026-01-13 21:26:00+00:00,94392.2578125,94392.2578125,94392.2578125,94392.2578125,0
2026-01-13 21:27:00+00:00,94377.1328125,94377.1328125,94377.1328125,94377.1328125,158867456
2026-01-13 21:28:00+00:00,94334.125,94334.125,94334.125,94334.125,28925952
2026-01-13 21:29:00+00:00,94321.21875,94321.21875,94321.21875,94321.21875,0
2026-01-13 21:30:00+00:00,94316.90625,94316.90625,94316.90625,94316.90625,0
2026-01-13 21:31:00+00:00,94345.1171875,94345.1171875,94345.1171875,94345.1171875,158339072
2026-01-13 21:32:00+00:00,94337.71875,94337.71875,94337.71875,94337.71875,0
2026-01-13 21:33:00+00:00,94318.109375,94318.109375,94318.109375,94318.109375,165605376
2026-01-13 21:34:00+00:00,94290.1640625,94290.1640625,94290.1640625,94290.1640625,0
2026-01-13 21:35:00+00:00,94270.7734375,94270.7734375,94270.7734375,94270.7734375,0
2026-01-13 21:36:00+00:00,94260.8515625,94260.8515625,94260.8515625,94260.8515625,9388032
2026-01-13 21:37:00+00:00,94208.3671875,94208.3671875,94208.3671875,94208.3671875,0
2026-01-13 21:38:00+00:00,94184.171875,94184.171875,94184.171875,94184.171875,166178816
2026-01-13 21:39:00+00:00,94224.6796875,94224.6796875,94224.6796875,94224.6796875,5804032
2026-01-13 21:41:00+00:00,94163.484375,94163.484375,94163.484375,94163.484375,153075712
2026-01-13 21:42:00+00:00,94204.046875,94204.046875,94204.046875,94204.046875,10108928
2026-01-13 21:43:00+00:00,94189.875,94189.875,94189.875,94189.875,82735104
2026-01-13 21:44:00+00:00,94164.3984375,94164.3984375,94164.3984375,94164.3984375,0
2026-01-13 21:45:00+00:00,94151.109375,94151.109375,94151.109375,94151.109375,162398208
2026-01-13 21:46:00+00:00,94143.8125,94143.8125,94143.8125,94143.8125,44658688
2026-01-13 21:47:00+00:00,94162.703125,94162.703125,94162.703125,94162.703125,0
2026-01-13 21:48:00+00:00,94128.609375,94128.609375,94128.609375,94128.609375,0
2026-01-13 21:49:00+00:00,94129.6796875,94129.6796875,94129.6796875,94129.6796875,0
2026-01-13 21:51:00+00:00,94112.1171875,94112.1171875,94112.1171875,94112.1171875,4435968
2026-01-13 21:52:00+00:00,94089.625,94089.625,94089.625,94089.625,0
2026-01-13 21:53:00+00:00,94073.7265625,94073.7265625,94073.7265625,94073.7265625,0
2026-01-13 21:54:00+00:00,94081.625,94081.625,94081.625,94081.625,162086912
2026-01-13 21:55:00+00:00,94081.0625,94081.0625,94081.0625,94081.0625,0
2026-01-13 21:56:00+00:00,94075.171875,94075.171875,94075.171875,94075.171875,0
2026-01-13 21:57:00+00:00,94062.9921875,94062.9921875,94062.9921875,94062.9921875,153055232
2026-01-13 21:58:00+00:00,94058.6640625,94058.6640625,94058.6640625,94058.6640625,0
2026-01-13 21:59:00+00:00,94074.9609375,94074.9609375,94074.9609375,94074.9609375,169852928
2026-01-13 22:01:00+00:00,94069.5078125,94069.5078125,94069.5078125,94069.5078125,0
2026-01-13 22:02:00+00:00,94062.21875,94062.21875,94062.21875,94062.21875,0
2026-01-13 22:03:00+00:00,94089.3515625,94089.3515625,94089.3515625,94089.3515625,4538368
2026-01-13 22:04:00+00:00,94094.390625,94094.390625,94094.390625,94094.390625,91811840
2026-01-13 22:05:00+00:00,94084.421875,94084.421875,94084.421875,94084.421875,0
2026-01-13 22:06:00+00:00,94084.3046875,94084.3046875,94084.3046875,94084.3046875,6721536
2026-01-13 22:07:00+00:00,94134.8671875,94134.8671875,94134.8671875,94134.8671875,23339008
2026-01-13 22:08:00+00:00,94247.6796875,94247.6796875,94247.6796875,94247.6796875,0
2026-01-13 22:09:00+00:00,94298.5390625,94298.5390625,94298.5390625,94298.5390625,174751744
2026-01-13 22:10:00+00:00,94469.4765625,94469.4765625,94469.4765625,94469.4765625,0
2026-01-13 22:11:00+00:00,95852.953125,95852.953125,95852.953125,95852.953125,249761792
2026-01-13 22:12:00+00:00,95388.5078125,95388.5078125,95388.5078125,95388.5078125,342933504
2026-01-13 22:13:00+00:00,95364.9140625,95364.9140625,95364.9140625,95364.9140625,616570880
2026-01-13 22:14:00+00:00,95325.8046875,95325.8046875,95325.8046875,95325.8046875,27152384
2026-01-13 22:15:00+00:00,95551.6328125,95551.6328125,95551.6328125,95551.6328125,95223808
2026-01-13 22:16:00+00:00,95334.2265625,95334.2265625,95334.2265625,95334.2265625,556830720
2026-01-13 22:17:00+00:00,95035.703125,95035.703125,95035.703125,95035.703125,56135680
2026-01-13 22:18:00+00:00,95274.0078125,95274.0078125,95274.0078125,95274.0078125,26292224
2026-01-13 22:19:00+00:00,95279.609375,95279.609375,95279.609375,95279.609375,694538240
2026-01-13 22:20:00+00:00,95357.6953125,95357.6953125,95357.6953125,95357.6953125,0
2026-01-13 22:21:00+00:00,95368.828125,95368.828125,95368.828125,95368.828125,15708160
2026-01-13 22:22:00+00:00,95450.9375,95450.9375,95450.9375,95450.9375,316416000
2026-01-13 22:23:00+00:00,95459.2890625,95459.2890625,95459.2890625,95459.2890625,105873408
2026-01-13 22:24:00+00:00,95451.59375,95451.59375,95451.59375,95451.59375,0
2026-01-13 22:25:00+00:00,95405.90625,95405.90625,95405.90625,95405.90625,369188864
2026-01-13 22:26:00+00:00,95433.953125,95433.953125,95433.953125,95433.953125,0
2026-01-13 22:27:00+00:00,95419.3984375,95419.3984375,95419.3984375,95419.3984375,182566912
2026-01-13 22:28:00+00:00,95393.59375,95393.59375,95393.59375,95393.59375,95547392
2026-01-13 22:29:00+00:00,95385.1171875,95385.1171875,95385.1171875,95385.1171875,0
2026-01-13 22:31:00+00:00,95428.4765625,95428.4765625,95428.4765625,95428.4765625,487780352
2026-01-13 22:32:00+00:00,95405.8828125,95405.8828125,95405.8828125,95405.8828125,1117704192
2026-01-13 22:33:00+00:00,95455.4765625,95455.4765625,95455.4765625,95455.4765625,21196800
2026-01-13 22:34:00+00:00,95473.75,95473.75,95473.75,95473.75,0
2026-01-13 22:35:00+00:00,95424.2734375,95424.2734375,95424.2734375,95424.2734375,0
2026-01-13 22:36:00+00:00,95283.53125,95283.53125,95283.53125,95283.53125,14184448
2026-01-13 22:37:00+00:00,95114.5625,95114.5625,95114.5625,95114.5625,127074304
2026-01-13 22:38:00+00:00,95222.4375,95222.4375,95222.4375,95222.4375,22183936
2026-01-13 22:39:00+00:00,95296.1171875,95296.1171875,95296.1171875,95296.1171875,0
2026-01-13 22:40:00+00:00,95414.890625,95414.890625,95414.890625,95414.890625,133533696
2026-01-13 22:41:00+00:00,95480.2578125,95480.2578125,95480.2578125,95480.2578125,10862592
2026-01-13 22:42:00+00:00,95489.28125,95489.28125,95489.28125,95489.28125,16269312
2026-01-13 22:43:00+00:00,95526.8984375,95526.8984375,95526.8984375,95526.8984375,99270656
2026-01-13 22:44:00+00:00,95591.3046875,95591.3046875,95591.3046875,95591.3046875,44351488
2026-01-13 22:45:00+00:00,95552.9140625,95552.9140625,95552.9140625,95552.9140625,0
2026-01-13 22:46:00+00:00,95585.484375,95585.484375,95585.484375,95585.484375,42627072
2026-01-13 22:47:00+00:00,95583.4375,95583.4375,95583.4375,95583.4375,0
2026-01-13 22:48:00+00:00,95737.8984375,95737.8984375,95737.8984375,95737.8984375,0
2026-01-13 22:49:00+00:00,95928.796875,95928.796875,95928.796875,95928.796875,357740544
2026-01-13 22:50:00+00:00,95750.8515625,95750.8515625,95750.8515625,95750.8515625,99770368
2026-01-13 22:51:00+00:00,95647.578125,95647.578125,95647.578125,95647.578125,30703616
2026-01-13 22:52:00+00:00,95556.078125,95556.078125,95556.078125,95556.078125,39849984
2026-01-13 22:53:00+00:00,95615.8046875,95615.8046875,95615.8046875,95615.8046875,206254080
2026-01-13 22:54:00+00:00,95588.03125,95588.03125,95588.03125,95588.03125,0
2026-01-13 22:55:00+00:00,95587.6015625,95587.6015625,95587.6015625,95587.6015625,243843072
2026-01-13 22:56:00+00:00,95604.5390625,95604.5390625,95604.5390625,95604.5390625,191287296
2026-01-13 22:57:00+00:00,95622.5390625,95622.5390625,95622.5390625,95622.5390625,25055232
2026-01-13 22:58:00+00:00,95631.9609375,95631.9609375,95631.9609375,95631.9609375,0
2026-01-13 22:59:00+00:00,95667.828125,95667.828125,95667.828125,95667.828125,18989056
2026-01-13 23:00:00+00:00,95648.703125,95648.703125,95648.703125,95648.703125,7393280
2026-01-13 23:01:00+00:00,95893.3515625,95893.3515625,95893.3515625,95893.3515625,153939968
2026-01-13 23:02:00+00:00,95931.765625,95931.765625,95931.765625,95931.765625,0
2026-01-13 23:03:00+00:00,95935.6484375,95935.6484375,95935.6484375,95935.6484375,214851584
2026-01-13 23:04:00+00:00,95790.578125,95790.578125,95790.578125,95790.578125,70754304
2026-01-13 23:05:00+00:00,95801.7734375,95801.7734375,95801.7734375,95801.7734375,1433600
2026-01-13 23:06:00+00:00,95758.8046875,95758.8046875,95758.8046875,95758.8046875,5365760
2026-01-13 23:07:00+00:00,95741.1640625,95741.1640625,95741.1640625,95741.1640625,0
2026-01-13 23:08:00+00:00,95704.2421875,95704.2421875,95704.2421875,95704.2421875,16838656
2026-01-13 23:09:00+00:00,95760.921875,95760.921875,95760.921875,95760.921875,7131136
2026-01-13 23:10:00+00:00,95737.6640625,95737.6640625,95737.6640625,95737.6640625,287137792
2026-01-13 23:11:00+00:00,95637.2734375,95637.2734375,95637.2734375,95637.2734375,6070272
2026-01-13 23:12:00+00:00,95646.8125,95646.8125,95646.8125,95646.8125,0
2026-01-13 23:13:00+00:00,95695.7578125,95695.7578125,95695.7578125,95695.7578125,114241536
2026-01-13 23:14:00+00:00,95686.875,95686.875,95686.875,95686.875,19587072
2026-01-13 23:15:00+00:00,95677.140625,95677.140625,95677.140625,95677.140625,0
2026-01-13 23:16:00+00:00,95612.0390625,95612.0390625,95612.0390625,95612.0390625,205885440
2026-01-13 23:17:00+00:00,95582.0,95582.0,95582.0,95582.0,6680576
2026-01-13 23:18:00+00:00,95609.1328125,95609.1328125,95609.1328125,95609.1328125,3063808
2026-01-13 23:19:00+00:00,95589.3515625,95589.3515625,95589.3515625,95589.3515625,334462976
2026-01-13 23:20:00+00:00,95568.7578125,95568.7578125,95568.7578125,95568.7578125,11341824
2026-01-13 23:21:00+00:00,95549.03125,95549.03125,95549.03125,95549.03125,2396160
2026-01-13 23:22:00+00:00,95516.4296875,95516.4296875,95516.4296875,95516.4296875,116117504
2026-01-13 23:23:00+00:00,95486.4453125,95486.4453125,95486.4453125,95486.4453125,647168
2026-01-13 23:24:00+00:00,95469.703125,95469.703125,95469.703125,95469.703125,10600448
2026-01-13 23:25:00+00:00,95404.6640625,95404.6640625,95404.6640625,95404.6640625,45432832
2026-01-13 23:26:00+00:00,95325.25,95325.25,95325.25,95325.25,4812800
2026-01-13 23:27:00+00:00,95354.6640625,95354.6640625,95354.6640625,95354.6640625,0
2026-01-13 23:28:00+00:00,95354.4921875,95354.4921875,95354.4921875,95354.4921875,0
2026-01-13 23:29:00+00:00,95320.4609375,95320.4609375,95320.4609375,95320.4609375,0
2026-01-13 23:30:00+00:00,95333.375,95333.375,95333.375,95333.375,210415616
2026-01-13 23:31:00+00:00,95342.8828125,95342.8828125,95342.8828125,95342.8828125,33886208
2026-01-13 23:32:00+00:00,95371.078125,95371.078125,95371.078125,95371.078125,1168003072
2026-01-13 23:33:00+00:00,95321.3828125,95321.3828125,95321.3828125,95321.3828125,8622080
2026-01-13 23:34:00+00:00,95234.28125,95234.28125,95234.28125,95234.28125,90091520
2026-01-13 23:35:00+00:00,95235.828125,95235.828125,95235.828125,95235.828125,3776512
2026-01-13 23:36:00+00:00,95207.5390625,95207.5390625,95207.5390625,95207.5390625,4521984
2026-01-13 23:37:00+00:00,95183.734375,95183.734375,95183.734375,95183.734375,0
2026-01-13 23:38:00+00:00,95227.640625,95227.640625,95227.640625,95227.640625,202014720
2026-01-13 23:39:00+00:00,95147.3203125,95147.3203125,95147.3203125,95147.3203125,8220672
2026-01-13 23:40:00+00:00,95075.265625,95075.265625,95075.265625,95075.265625,86052864
2026-01-13 23:41:00+00:00,95187.71875,95187.71875,95187.71875,95187.71875,21712896
2026-01-13 23:42:00+00:00,95115.5546875,95115.5546875,95115.5546875,95115.5546875,4902912
2026-01-13 23:44:00+00:00,95139.3203125,95139.3203125,95139.3203125,95139.3203125,139608064
2026-01-13 23:46:00+00:00,95170.3359375,95170.3359375,95170.3359375,95170.3359375,400785408
2026-01-13 23:47:00+00:00,95104.328125,95104.328125,95104.328125,95104.328125,13746176
2026-01-13 23:48:00+00:00,95076.3671875,95076.3671875,95076.3671875,95076.3671875,7507968
2026-01-13 23:49:00+00:00,95046.53125,95046.53125,95046.53125,95046.53125,86327296
2026-01-13 23:50:00+00:00,95049.75,95049.75,95049.75,95049.75,0
2026-01-13 23:51:00+00:00,95040.296875,95040.296875,95040.296875,95040.296875,17559552
2026-01-13 23:52:00+00:00,95118.1484375,95118.1484375,95118.1484375,95118.1484375,88899584
2026-01-13 23:53:00+00:00,95192.609375,95192.609375,95192.609375,95192.609375,14794752
2026-01-13 23:54:00+00:00,95203.96875,95203.96875,95203.96875,95203.96875,8290304
2026-01-13 23:56:00+00:00,95305.6015625,95305.6015625,95305.6015625,95305.6015625,90025984
2026-01-13 23:57:00+00:00,95369.6953125,95369.6953125,95369.6953125,95369.6953125,11005952
2026-01-13 23:58:00+00:00,95354.046875,95354.046875,95354.046875,95354.046875,0
2026-01-14 00:00:00+00:00,95363.3046875,95363.3046875,95363.3046875,95363.3046875,212992
2026-01-14 00:01:00+00:00,95372.8125,95372.8125,95372.8125,95372.8125,0
2026-01-14 00:02:00+00:00,95437.6171875,95437.6171875,95437.6171875,95437.6171875,0
2026-01-14 00:03:00+00:00,95377.203125,95377.203125,95377.203125,95377.203125,2326528
2026-01-14 00:04:00+00:00,95417.8046875,95417.8046875,95417.8046875,95417.8046875,35364864
2026-01-14 00:06:00+00:00,95358.3046875,95358.3046875,95358.3046875,95358.3046875,1203789824
2026-01-14 00:07:00+00:00,95360.96875,95360.96875,95360.96875,95360.96875,48574464
2026-01-14 00:08:00+00:00,95394.0703125,95394.0703125,95394.0703125,95394.0703125,10526720
2026-01-14 00:09:00+00:00,95511.5390625,95511.5390625,95511.5390625,95511.5390625,14471168
2026-01-14 00:10:00+00:00,95509.3828125,95509.3828125,95509.3828125,95509.3828125,292204544
2026-01-14 00:11:00+00:00,95449.65625,95449.65625,95449.65625,95449.65625,5804032
2026-01-14 00:12:00+00:00,95408.609375,95408.609375,95408.609375,95408.609375,4820992
2026-01-14 00:14:00+00:00,95486.0625,95486.0625,95486.0625,95486.0625,82980864
2026-01-14 00:15:00+00:00,95460.3046875,95460.3046875,95460.3046875,95460.3046875,8441856
2026-01-14 00:16:00+00:00,95516.4453125,95516.4453125,95516.4453125,95516.4453125,62873600
2026-01-14 00:18:00+00:00,95473.1171875,95473.1171875,95473.1171875,95473.1171875,10555392
2026-01-14 00:19:00+00:00,95510.5234375,95510.5234375,95510.5234375,95510.5234375,58843136
2026-01-14 00:20:00+00:00,95453.8828125,95453.8828125,95453.8828125,95453.8828125,6074368
2026-01-14 00:21:00+00:00,95455.46875,95455.46875,95455.46875,95455.46875,0
2026-01-14 00:22:00+00:00,95539.734375,95539.734375,95539.734375,95539.734375,90521600
2026-01-14 00:23:00+00:00,95514.109375,95514.109375,95514.109375,95514.109375,2199552
2026-01-14 00:24:00+00:00,95499.625,95499.625,95499.625,95499.625,0
2026-01-14 00:25:00+00:00,95475.7734375,95475.7734375,95475.7734375,95475.7734375,9900032
2026-01-14 00:26:00+00:00,95474.0703125,95474.0703125,95474.0703125,95474.0703125,12804096
2026-01-14 00:27:00+00:00,95430.7109375,95430.7109375,95430.7109375,95430.7109375,5292032
2026-01-14 00:28:00+00:00,95438.1328125,95438.1328125,95438.1328125,95438.1328125,0
2026-01-14 00:29:00+00:00,95421.4140625,95421.4140625,95421.4140625,95421.4140625,8966144
2026-01-14 00:30:00+00:00,95427.609375,95427.609375,95427.609375,95427.609375,2338816
2026-01-14 00:31:00+00:00,95388.2265625,95388.2265625,95388.2265625,95388.2265625,0
2026-01-14 00:32:00+00:00,95389.7578125,95389.7578125,95389.7578125,95389.7578125,0
2026-01-14 00:33:00+00:00,95352.828125,95352.828125,95352.828125,95352.828125,0
2026-01-14 00:34:00+00:00,95305.1015625,95305.1015625,95305.1015625,95305.1015625,0
2026-01-14 00:35:00+00:00,95291.515625,95291.515625,95291.515625,95291.515625,757760
2026-01-14 00:36:00+00:00,95193.046875,95193.046875,95193.046875,95193.046875,10084352
2026-01-14 00:37:00+00:00,95144.3046875,95144.3046875,95144.3046875,95144.3046875,41951232
2026-01-14 00:38:00+00:00,95177.8203125,95177.8203125,95177.8203125,95177.8203125,14450688
2026-01-14 00:39:00+00:00,95246.203125,95246.203125,95246.203125,95246.203125,8982528
2026-01-14 00:40:00+00:00,95250.625,95250.625,95250.625,95250.625,93700096
2026-01-14 00:41:00+00:00,95242.9296875,95242.9296875,95242.9296875,95242.9296875,0
2026-01-14 00:42:00+00:00,95217.3828125,95217.3828125,95217.3828125,95217.3828125,2785280
2026-01-14 00:43:00+00:00,95191.875,95191.875,95191.875,95191.875,0
2026-01-14 00:44:00+00:00,95244.421875,95244.421875,95244.421875,95244.421875,9154560
2026-01-14 00:45:00+00:00,95239.8203125,95239.8203125,95239.8203125,95239.8203125,12476416
2026-01-14 00:46:00+00:00,95188.3046875,95188.3046875,95188.3046875,95188.3046875,225234944
2026-01-14 00:47:00+00:00,95169.5625,95169.5625,95169.5625,95169.5625,7274496
2026-01-14 00:48:00+00:00,95179.6640625,95179.6640625,95179.6640625,95179.6640625,1007616
2026-01-14 00:49:00+00:00,95143.6796875,95143.6796875,95143.6796875,95143.6796875,0
2026-01-14 00:50:00+00:00,95187.765625,95187.765625,95187.765625,95187.765625,6922240
2026-01-14 00:51:00+00:00,95183.40625,95183.40625,95183.40625,95183.40625,1961984
2026-01-14 00:52:00+00:00,95194.21875,95194.21875,95194.21875,95194.21875,159035392
2026-01-14 00:53:00+00:00,95185.46875,95185.46875,95185.46875,95185.46875,425984
2026-01-14 00:54:00+00:00,95278.9296875,95278.9296875,95278.9296875,95278.9296875,9588736
2026-01-14 00:55:00+00:00,95246.2421875,95246.2421875,95246.2421875,95246.2421875,48939008
2026-01-14 00:56:00+00:00,95228.2734375,95228.2734375,95228.2734375,95228.2734375,3665920
2026-01-14 00:57:00+00:00,95225.03125,95225.03125,95225.03125,95225.03125,6123520
2026-01-14 00:58:00+00:00,95267.796875,95267.796875,95267.796875,95267.796875,0
2026-01-14 00:59:00+00:00,95277.7734375,95277.7734375,95277.7734375,95277.7734375,3555328
2026-01-14 01:01:00+00:00,95185.6796875,95185.6796875,95185.6796875,95185.6796875,99758080
2026-01-14 01:02:00+00:00,95144.0078125,95144.0078125,95144.0078125,95144.0078125,5292032
2026-01-14 01:03:00+00:00,95147.4453125,95147.4453125,95147.4453125,95147.4453125,5603328
2026-01-14 01:04:00+00:00,95141.078125,95141.078125,95141.078125,95141.078125,35504128
2026-01-14 01:05:00+00:00,95204.2109375,95204.2109375,95204.2109375,95204.2109375,0
2026-01-14 01:06:00+00:00,95301.015625,95301.015625,95301.015625,95301.015625,19959808
2026-01-14 01:07:00+00:00,95337.78125,95337.78125,95337.78125,95337.78125,46411776
2026-01-14 01:08:00+00:00,95366.828125,95366.828125,95366.828125,95366.828125,23154688
2026-01-14 01:09:00+00:00,95307.71875,95307.71875,95307.71875,95307.71875,12357632
2026-01-14 01:10:00+00:00,95271.8046875,95271.8046875,95271.8046875,95271.8046875,104071168
2026-01-14 01:11:00+00:00,95375.84375,95375.84375,95375.84375,95375.84375,2850816
2026-01-14 01:12:00+00:00,95410.1953125,95410.1953125,95410.1953125,95410.1953125,0
2026-01-14 01:13:00+00:00,95390.0546875,95390.0546875,95390.0546875,95390.0546875,0
2026-01-14 01:14:00+00:00,95431.40625,95431.40625,95431.40625,95431.40625,4722688
2026-01-14 01:15:00+00:00,95404.1015625,95404.1015625,95404.1015625,95404.1015625,11051008
2026-01-14 01:16:00+00:00,95420.5078125,95420.5078125,95420.5078125,95420.5078125,17731584
2026-01-14 01:17:00+00:00,95405.78125,95405.78125,95405.78125,95405.78125,9703424
2026-01-14 01:18:00+00:00,95426.296875,95426.296875,95426.296875,95426.296875,1667072
2026-01-14 01:19:00+00:00,95386.859375,95386.859375,95386.859375,95386.859375,18911232
2026-01-14 01:20:00+00:00,95375.046875,95375.046875,95375.046875,95375.046875,10158080
2026-01-14 01:21:00+00:00,95382.65625,95382.65625,95382.65625,95382.65625,1789952
2026-01-14 01:22:00+00:00,95405.9296875,95405.9296875,95405.9296875,95405.9296875,256999424
2026-01-14 01:23:00+00:00,95413.4921875,95413.4921875,95413.4921875,95413.4921875,6492160
2026-01-14 01:24:00+00:00,95411.46875,95411.46875,95411.46875,95411.46875,5246976
2026-01-14 01:25:00+00:00,95411.40625,95411.40625,95411.40625,95411.40625,34365440
2026-01-14 01:26:00+00:00,95420.0546875,95420.0546875,95420.0546875,95420.0546875,3973120
2026-01-14 01:27:00+00:00,95433.171875,95433.171875,95433.171875,95433.171875,81920
2026-01-14 01:28:00+00:00,95495.0,95495.0,95495.0,95495.0,20897792
2026-01-14 01:29:00+00:00,95440.546875,95440.546875,95440.546875,95440.546875,3411968
2026-01-14 01:30:00+00:00,95419.546875,95419.546875,95419.546875,95419.546875,0
2026-01-14 01:31:00+00:00,95407.4140625,95407.4140625,95407.4140625,95407.4140625,6922240
2026-01-14 01:32:00+00:00,95457.5703125,95457.5703125,95457.5703125,95457.5703125,18186240
2026-01-14 01:33:00+00:00,95463.7109375,95463.7109375,95463.7109375,95463.7109375,2859008
2026-01-14 01:34:00+00:00,95402.171875,95402.171875,95402.171875,95402.171875,86085632
2026-01-14 01:35:00+00:00,95383.6171875,95383.6171875,95383.6171875,95383.6171875,3866624
2026-01-14 01:36:00+00:00,95412.203125,95412.203125,95412.203125,95412.203125,5177344
2026-01-14 01:37:00+00:00,95394.890625,95394.890625,95394.890625,95394.890625,34299904
2026-01-14 01:38:00+00:00,95310.78125,95310.78125,95310.78125,95310.78125,5971968
2026-01-14 01:39:00+00:00,95279.1015625,95279.1015625,95279.1015625,95279.1015625,0
2026-01-14 01:40:00+00:00,95236.390625,95236.390625,95236.390625,95236.390625,0
2026-01-14 01:41:00+00:00,95169.40625,95169.40625,95169.40625,95169.40625,401408
2026-01-14 01:42:00+00:00,95135.5859375,95135.5859375,95135.5859375,95135.5859375,15114240
2026-01-14 01:43:00+00:00,95161.375,95161.375,95161.375,95161.375,0
2026-01-14 01:44:00+00:00,95137.4296875,95137.4296875,95137.4296875,95137.4296875,0
2026-01-14 01:45:00+00:00,95201.6953125,95201.6953125,95201.6953125,95201.6953125,7053312
2026-01-14 01:46:00+00:00,95204.9765625,95204.9765625,95204.9765625,95204.9765625,278249472
2026-01-14 01:47:00+00:00,95185.484375,95185.484375,95185.484375,95185.484375,0
2026-01-14 01:48:00+00:00,95198.1796875,95198.1796875,95198.1796875,95198.1796875,80674816
2026-01-14 01:49:00+00:00,95134.0625,95134.0625,95134.0625,95134.0625,17551360
2026-01-14 01:50:00+00:00,95111.1875,95111.1875,95111.1875,95111.1875,10534912
2026-01-14 01:51:00+00:00,95119.6796875,95119.6796875,95119.6796875,95119.6796875,7831552
2026-01-14 01:52:00+00:00,95165.1796875,95165.1796875,95165.1796875,95165.1796875,41103360
2026-01-14 01:53:00+00:00,95224.2265625,95224.2265625,95224.2265625,95224.2265625,8065024
2026-01-14 01:54:00+00:00,95220.796875,95220.796875,95220.796875,95220.796875,7495680
2026-01-14 01:55:00+00:00,95231.2421875,95231.2421875,95231.2421875,95231.2421875,24133632
2026-01-14 01:56:00+00:00,95266.0859375,95266.0859375,95266.0859375,95266.0859375,18305024
2026-01-14 01:57:00+00:00,95261.0859375,95261.0859375,95261.0859375,95261.0859375,3600384
2026-01-14 01:58:00+00:00,95261.0859375,95261.0859375,95261.0859375,95261.0859375,0
2026-01-14 01:59:00+00:00,95266.8515625,95266.8515625,95266.8515625,95266.8515625,0
2026-01-14 02:00:00+00:00,95205.578125,95205.578125,95205.578125,95205.578125,37363712
2026-01-14 02:02:00+00:00,95180.5078125,95180.5078125,95180.5078125,95180.5078125,24535040
2026-01-14 02:03:00+00:00,95254.1953125,95254.1953125,95254.1953125,95254.1953125,15659008
2026-01-14 02:04:00+00:00,95203.4765625,95203.4765625,95203.4765625,95203.4765625,85536768
2026-01-14 02:05:00+00:00,95191.125,95191.125,95191.125,95191.125,0
2026-01-14 02:06:00+00:00,95258.125,95258.125,95258.125,95258.125,4149248
2026-01-14 02:07:00+00:00,95305.453125,95305.453125,95305.453125,95305.453125,9965568
2026-01-14 02:08:00+00:00,95285.015625,95285.015625,95285.015625,95285.015625,5230592
2026-01-14 02:09:00+00:00,95250.5390625,95250.5390625,95250.5390625,95250.5390625,4018176
2026-01-14 02:10:00+00:00,95244.5859375,95244.5859375,95244.5859375,95244.5859375,251822080
2026-01-14 02:11:00+00:00,95263.2734375,95263.2734375,95263.2734375,95263.2734375,618496
2026-01-14 02:12:00+00:00,95490.609375,95490.609375,95490.609375,95490.609375,17514496
2026-01-14 02:13:00+00:00,95402.765625,95402.765625,95402.765625,95402.765625,0
2026-01-14 02:14:00+00:00,95426.578125,95426.578125,95426.578125,95426.578125,122880
2026-01-14 02:15:00+00:00,95428.7265625,95428.7265625,95428.7265625,95428.7265625,12161024
2026-01-14 02:16:00+00:00,95444.875,95444.875,95444.875,95444.875,58466304
2026-01-14 02:17:00+00:00,95478.3671875,95478.3671875,95478.3671875,95478.3671875,8089600
2026-01-14 02:18:00+00:00,95393.6015625,95393.6015625,95393.6015625,95393.6015625,7798784
2026-01-14 02:19:00+00:00,95383.890625,95383.890625,95383.890625,95383.890625,13574144
2026-01-14 02:20:00+00:00,95380.2890625,95380.2890625,95380.2890625,95380.2890625,0
2026-01-14 02:21:00+00:00,95356.0546875,95356.0546875,95356.0546875,95356.0546875,9900032
2026-01-14 02:22:00+00:00,95360.6484375,95360.6484375,95360.6484375,95360.6484375,292851712
2026-01-14 02:23:00+00:00,95377.1953125,95377.1953125,95377.1953125,95377.1953125,2158592
2026-01-14 02:24:00+00:00,95380.8046875,95380.8046875,95380.8046875,95380.8046875,0
2026-01-14 02:25:00+00:00,95378.328125,95378.328125,95378.328125,95378.328125,0
2026-01-14 02:26:00+00:00,95366.90625,95366.90625,95366.90625,95366.90625,69197824
2026-01-14 02:27:00+00:00,95351.5546875,95351.5546875,95351.5546875,95351.5546875,7864320
2026-01-14 02:28:00+00:00,95350.171875,95350.171875,95350.171875,95350.171875,14344192
2026-01-14 02:29:00+00:00,95327.328125,95327.328125,95327.328125,95327.328125,15224832
2026-01-14 02:31:00+00:00,95362.640625,95362.640625,95362.640625,95362.640625,304099328
2026-01-14 02:32:00+00:00,95331.609375,95331.609375,95331.609375,95331.609375,9375744
2026-01-14 02:33:00+00:00,95349.734375,95349.734375,95349.734375,95349.734375,0
2026-01-14 02:34:00+00:00,95357.8671875,95357.8671875,95357.8671875,95357.8671875,93708288
2026-01-14 02:35:00+00:00,95368.71875,95368.71875,95368.71875,95368.71875,6578176
2026-01-14 02:36:00+00:00,95357.4296875,95357.4296875,95357.4296875,95357.4296875,2867200
2026-01-14 02:37:00+00:00,95394.6640625,95394.6640625,95394.6640625,95394.6640625,0
2026-01-14 02:38:00+00:00,95433.90625,95433.90625,95433.90625,95433.90625,13750272
2026-01-14 02:39:00+00:00,95417.765625,95417.765625,95417.765625,95417.765625,5537792
2026-01-14 02:40:00+00:00,95422.4140625,95422.4140625,95422.4140625,95422.4140625,107716608
2026-01-14 02:41:00+00:00,95422.578125,95422.578125,95422.578125,95422.578125,3223552
2026-01-14 02:42:00+00:00,95412.21875,95412.21875,95412.21875,95412.21875,7630848
2026-01-14 02:43:00+00:00,95390.3359375,95390.3359375,95390.3359375,95390.3359375,35020800
2026-01-14 02:44:00+00:00,95394.265625,95394.265625,95394.265625,95394.265625,8949760
2026-01-14 02:45:00+00:00,95430.890625,95430.890625,95430.890625,95430.890625,3551232
2026-01-14 02:46:00+00:00,95413.46875,95413.46875,95413.46875,95413.46875,21012480
2026-01-14 02:48:00+00:00,95434.9140625,95434.9140625,95434.9140625,95434.9140625,1306624
2026-01-14 02:49:00+00:00,95444.46875,95444.46875,95444.46875,95444.46875,0
2026-01-14 02:50:00+00:00,95461.7890625,95461.7890625,95461.7890625,95461.7890625,3190784
2026-01-14 02:51:00+00:00,95243.171875,95243.171875,95243.171875,95243.171875,14925824
2026-01-14 02:52:00+00:00,95273.9921875,95273.9921875,95273.9921875,95273.9921875,0
2026-01-14 02:53:00+00:00,95262.7890625,95262.7890625,95262.7890625,95262.7890625,0
2026-01-14 02:54:00+00:00,95248.765625,95248.765625,95248.765625,95248.765625,18055168
2026-01-14 02:55:00+00:00,95265.2421875,95265.2421875,95265.2421875,95265.2421875,54591488
2026-01-14 02:56:00+00:00,95232.6015625,95232.6015625,95232.6015625,95232.6015625,6230016
2026-01-14 02:57:00+00:00,95252.0078125,95252.0078125,95252.0078125,95252.0078125,12046336
2026-01-14 02:58:00+00:00,95262.9765625,95262.9765625,95262.9765625,95262.9765625,41971712
2026-01-14 02:59:00+00:00,95279.2109375,95279.2109375,95279.2109375,95279.2109375,9555968
2026-01-14 03:00:00+00:00,95272.1953125,95272.1953125,95272.1953125,95272.1953125,0
2026-01-14 03:01:00+00:00,95306.4921875,95306.4921875,95306.4921875,95306.4921875,0
2026-01-14 03:02:00+00:00,95249.203125,95249.203125,95249.203125,95249.203125,9621504
2026-01-14 03:03:00+00:00,95267.7265625,95267.7265625,95267.7265625,95267.7265625,0
2026-01-14 03:04:00+00:00,95277.9296875,95277.9296875,95277.9296875,95277.9296875,0
2026-01-14 03:06:00+00:00,95312.4921875,95312.4921875,95312.4921875,95312.4921875,1740800
2026-01-14 03:07:00+00:00,95305.953125,95305.953125,95305.953125,95305.953125,19734528
2026-01-14 03:08:00+00:00,95333.0234375,95333.0234375,95333.0234375,95333.0234375,704512
2026-01-14 03:09:00+00:00,95320.3671875,95320.3671875,95320.3671875,95320.3671875,5992448
2026-01-14 03:10:00+00:00,95302.2265625,95302.2265625,95302.2265625,95302.2265625,15011840
2026-01-14 03:11:00+00:00,95256.546875,95256.546875,95256.546875,95256.546875,0
2026-01-14 03:12:00+00:00,95293.3046875,95293.3046875,95293.3046875,95293.3046875,19144704
2026-01-14 03:13:00+00:00,95342.4296875,95342.4296875,95342.4296875,95342.4296875,0
2026-01-14 03:14:00+00:00,95424.1953125,95424.1953125,95424.1953125,95424.1953125,2433024
2026-01-14 03:15:00+00:00,95381.21875,95381.21875,95381.21875,95381.21875,0
2026-01-14 03:16:00+00:00,95366.5625,95366.5625,95366.5625,95366.5625,0
2026-01-14 03:17:00+00:00,95376.2734375,95376.2734375,95376.2734375,95376.2734375,0
2026-01-14 03:18:00+00:00,95436.15625,95436.15625,95436.15625,95436.15625,10260480
2026-01-14 03:19:00+00:00,95432.8515625,95432.8515625,95432.8515625,95432.8515625,0
2026-01-14 03:20:00+00:00,95434.4609375,95434.4609375,95434.4609375,95434.4609375,11685888
2026-01-14 03:21:00+00:00,95415.53125,95415.53125,95415.53125,95415.53125,29433856
2026-01-14 03:22:00+00:00,95379.1328125,95379.1328125,95379.1328125,95379.1328125,0
2026-01-14 03:23:00+00:00,95380.1640625,95380.1640625,95380.1640625,95380.1640625,0
2026-01-14 03:24:00+00:00,95405.921875,95405.921875,95405.921875,95405.921875,218169344
2026-01-14 03:25:00+00:00,95380.1796875,95380.1796875,95380.1796875,95380.1796875,176545792
2026-01-14 03:27:00+00:00,95347.4375,95347.4375,95347.4375,95347.4375,0
2026-01-14 03:28:00+00:00,95314.7578125,95314.7578125,95314.7578125,95314.7578125,2985984
2026-01-14 03:29:00+00:00,95327.9921875,95327.9921875,95327.9921875,95327.9921875,0
2026-01-14 03:30:00+00:00,95322.9296875,95322.9296875,95322.9296875,95322.9296875,21737472
2026-01-14 03:31:00+00:00,95361.0625,95361.0625,95361.0625,95361.0625,26923008
2026-01-14 03:32:00+00:00,95374.375,95374.375,95374.375,95374.375,131072
2026-01-14 03:33:00+00:00,95401.9140625,95401.9140625,95401.9140625,95401.9140625,0
2026-01-14 03:34:00+00:00,95437.8984375,95437.8984375,95437.8984375,95437.8984375,251019264
2026-01-14 03:35:00+00:00,95444.03125,95444.03125,95444.03125,95444.03125,7647232
2026-01-14 03:36:00+00:00,95453.9921875,95453.9921875,95453.9921875,95453.9921875,5251072
2026-01-14 03:38:00+00:00,95469.359375,95469.359375,95469.359375,95469.359375,0
2026-01-14 03:39:00+00:00,95475.5078125,95475.5078125,95475.5078125,95475.5078125,6963200
2026-01-14 03:40:00+00:00,95496.1328125,95496.1328125,95496.1328125,95496.1328125,23203840
2026-01-14 03:41:00+00:00,95469.5,95469.5,95469.5,95469.5,6205440
2026-01-14 03:43:00+00:00,95495.7109375,95495.7109375,95495.7109375,95495.7109375,30470144
2026-01-14 03:44:00+00:00,95485.765625,95485.765625,95485.765625,95485.765625,6033408
2026-01-14 03:45:00+00:00,95492.4921875,95492.4921875,95492.4921875,95492.4921875,2560000
2026-01-14 03:46:00+00:00,95488.6171875,95488.6171875,95488.6171875,95488.6171875,22409216
2026-01-14 03:47:00+00:00,95494.5625,95494.5625,95494.5625,95494.5625,7913472
2026-01-14 03:48:00+00:00,95486.5,95486.5,95486.5,95486.5,3141632
2026-01-14 03:49:00+00:00,95492.59375,95492.59375,95492.59375,95492.59375,23367680
2026-01-14 03:50:00+00:00,95531.8125,95531.8125,95531.8125,95531.8125,4718592
2026-01-14 03:51:00+00:00,95543.9453125,95543.9453125,95543.9453125,95543.9453125,0
2026-01-14 03:52:00+00:00,95507.359375,95507.359375,95507.359375,95507.359375,2222280704
2026-01-14 03:53:00+00:00,95567.9296875,95567.9296875,95567.9296875,95567.9296875,0
2026-01-14 03:54:00+00:00,95549.1875,95549.1875,95549.1875,95549.1875,0
2026-01-14 03:55:00+00:00,95563.7890625,95563.7890625,95563.7890625,95563.7890625,0
2026-01-14 03:56:00+00:00,95614.484375,95614.484375,95614.484375,95614.484375,22732800
2026-01-14 03:57:00+00:00,95606.8515625,95606.8515625,95606.8515625,95606.8515625,6303744
2026-01-14 03:58:00+00:00,95632.609375,95632.609375,95632.609375,95632.609375,272199680
2026-01-14 03:59:00+00:00,95630.9765625,95630.9765625,95630.9765625,95630.9765625,1363968
2026-01-14 04:01:00+00:00,95694.421875,95694.421875,95694.421875,95694.421875,25014272
2026-01-14 04:02:00+00:00,95663.5703125,95663.5703125,95663.5703125,95663.5703125,0
2026-01-14 04:03:00+00:00,95649.453125,95649.453125,95649.453125,95649.453125,24440832
2026-01-14 04:04:00+00:00,95570.7109375,95570.7109375,95570.7109375,95570.7109375,102707200
2026-01-14 04:05:00+00:00,95565.9921875,95565.9921875,95565.9921875,95565.9921875,0
2026-01-14 04:06:00+00:00,95504.5390625,95504.5390625,95504.5390625,95504.5390625,15790080
2026-01-14 04:07:00+00:00,95473.3125,95473.3125,95473.3125,95473.3125,240693248
2026-01-14 04:08:00+00:00,95406.6328125,95406.6328125,95406.6328125,95406.6328125,12148736
2026-01-14 04:09:00+00:00,95391.875,95391.875,95391.875,95391.875,9498624
2026-01-14 04:10:00+00:00,95347.0546875,95347.0546875,95347.0546875,95347.0546875,0
2026-01-14 04:11:00+00:00,95382.4296875,95382.4296875,95382.4296875,95382.4296875,12685312
2026-01-14 04:12:00+00:00,95375.34375,95375.34375,95375.34375,95375.34375,4947968
2026-01-14 04:13:00+00:00,95358.7265625,95358.7265625,95358.7265625,95358.7265625,55558144
2026-01-14 04:14:00+00:00,95389.5703125,95389.5703125,95389.5703125,95389.5703125,3481600
2026-01-14 04:15:00+00:00,95375.984375,95375.984375,95375.984375,95375.984375,0
2026-01-14 04:16:00+00:00,95393.0703125,95393.0703125,95393.0703125,95393.0703125,0
2026-01-14 04:17:00+00:00,95441.453125,95441.453125,95441.453125,95441.453125,2068480
2026-01-14 04:18:00+00:00,95427.0234375,95427.0234375,95427.0234375,95427.0234375,3162112
2026-01-14 04:19:00+00:00,95441.609375,95441.609375,95441.609375,95441.609375,152682496
2026-01-14 04:20:00+00:00,95439.328125,95439.328125,95439.328125,95439.328125,331776
2026-01-14 04:21:00+00:00,95384.5859375,95384.5859375,95384.5859375,95384.5859375,159744
2026-01-14 04:22:00+00:00,95382.9375,95382.9375,95382.9375,95382.9375,98754560
2026-01-14 04:23:00+00:00,95441.171875,95441.171875,95441.171875,95441.171875,0
2026-01-14 04:24:00+00:00,95422.7890625,95422.7890625,95422.7890625,95422.7890625,0
2026-01-14 04:25:00+00:00,95435.3359375,95435.3359375,95435.3359375,95435.3359375,117608448
2026-01-14 04:26:00+00:00,95452.03125,95452.03125,95452.03125,95452.03125,0
2026-01-14 04:27:00+00:00,95439.375,95439.375,95439.375,95439.375,221184
2026-01-14 04:28:00+00:00,95468.515625,95468.515625,95468.515625,95468.515625,0
2026-01-14 04:29:00+00:00,95468.90625,95468.90625,95468.90625,95468.90625,4243456
2026-01-14 04:30:00+00:00,95432.2421875,95432.2421875,95432.2421875,95432.2421875,0
2026-01-14 04:31:00+00:00,95384.5859375,95384.5859375,95384.5859375,95384.5859375,256794624
2026-01-14 04:33:00+00:00,95357.640625,95357.640625,95357.640625,95357.640625,0
2026-01-14 04:34:00+00:00,95392.328125,95392.328125,95392.328125,95392.328125,0
2026-01-14 04:35:00+00:00,95376.25,95376.25,95376.25,95376.25,5988352
2026-01-14 04:36:00+00:00,95391.765625,95391.765625,95391.765625,95391.765625,0
2026-01-14 04:37:00+00:00,95338.21875,95338.21875,95338.21875,95338.21875,126697472
2026-01-14 04:38:00+00:00,95324.328125,95324.328125,95324.328125,95324.328125,1146880
2026-01-14 04:39:00+00:00,95319.40625,95319.40625,95319.40625,95319.40625,0
2026-01-14 04:40:00+00:00,95310.765625,95310.765625,95310.765625,95310.765625,16269312
2026-01-14 04:41:00+00:00,95269.875,95269.875,95269.875,95269.875,0
2026-01-14 04:42:00+00:00,95262.0390625,95262.0390625,95262.0390625,95262.0390625,18395136
2026-01-14 04:43:00+00:00,95243.296875,95243.296875,95243.296875,95243.296875,17661952
2026-01-14 04:44:00+00:00,95230.15625,95230.15625,95230.15625,95230.15625,4435968
2026-01-14 04:45:00+00:00,95243.9609375,95243.9609375,95243.9609375,95243.9609375,0
2026-01-14 04:46:00+00:00,95252.328125,95252.328125,95252.328125,95252.328125,30756864
2026-01-14 04:47:00+00:00,95263.1015625,95263.1015625,95263.1015625,95263.1015625,0
2026-01-14 04:49:00+00:00,95273.4375,95273.4375,95273.4375,95273.4375,30343168
2026-01-14 04:50:00+00:00,95273.265625,95273.265625,95273.265625,95273.265625,4464640
2026-01-14 04:51:00+00:00,95247.9453125,95247.9453125,95247.9453125,95247.9453125,10899456
2026-01-14 04:52:00+00:00,95200.65625,95200.65625,95200.65625,95200.65625,13787136
2026-01-14 04:53:00+00:00,95200.359375,95200.359375,95200.359375,95200.359375,1097728
2026-01-14 04:54:00+00:00,95208.671875,95208.671875,95208.671875,95208.671875,0
2026-01-14 04:56:00+00:00,95219.3515625,95219.3515625,95219.3515625,95219.3515625,20762624
2026-01-14 04:57:00+00:00,95203.7890625,95203.7890625,95203.7890625,95203.7890625,1183744
2026-01-14 04:58:00+00:00,95182.9765625,95182.9765625,95182.9765625,95182.9765625,20180992
2026-01-14 04:59:00+00:00,95202.515625,95202.515625,95202.515625,95202.515625,1859584
2026-01-14 05:00:00+00:00,95191.1328125,95191.1328125,95191.1328125,95191.1328125,2842624
2026-01-14 05:01:00+00:00,95155.1796875,95155.1796875,95155.1796875,95155.1796875,0
2026-01-14 05:02:00+00:00,95115.9140625,95115.9140625,95115.9140625,95115.9140625,215113728
2026-01-14 05:03:00+00:00,95148.8046875,95148.8046875,95148.8046875,95148.8046875,0
2026-01-14 05:04:00+00:00,95124.3671875,95124.3671875,95124.3671875,95124.3671875,0
2026-01-14 05:05:00+00:00,95164.21875,95164.21875,95164.21875,95164.21875,0
2026-01-14 05:06:00+00:00,95139.8203125,95139.8203125,95139.8203125,95139.8203125,10928128
2026-01-14 05:07:00+00:00,95125.5703125,95125.5703125,95125.5703125,95125.5703125,0
2026-01-14 05:08:00+00:00,95141.390625,95141.390625,95141.390625,95141.390625,11640832
2026-01-14 05:09:00+00:00,95132.0703125,95132.0703125,95132.0703125,95132.0703125,3653632
2026-01-14 05:10:00+00:00,95101.359375,95101.359375,95101.359375,95101.359375,0
2026-01-14 05:11:00+00:00,95090.8046875,95090.8046875,95090.8046875,95090.8046875,0
2026-01-14 05:12:00+00:00,95127.0078125,95127.0078125,95127.0078125,95127.0078125,4374528
2026-01-14 05:13:00+00:00,95128.6953125,95128.6953125,95128.6953125,95128.6953125,0
2026-01-14 05:14:00+00:00,95132.5703125,95132.5703125,95132.5703125,95132.5703125,0
2026-01-14 05:15:00+00:00,95164.8984375,95164.8984375,95164.8984375,95164.8984375,1572864
2026-01-14 05:16:00+00:00,95174.421875,95174.421875,95174.421875,95174.421875,10047488
2026-01-14 05:17:00+00:00,95161.6015625,95161.6015625,95161.6015625,95161.6015625,544768
2026-01-14 05:18:00+00:00,95171.828125,95171.828125,95171.828125,95171.828125,0
2026-01-14 05:19:00+00:00,95168.4140625,95168.4140625,95168.4140625,95168.4140625,0
2026-01-14 05:20:00+00:00,95183.984375,95183.984375,95183.984375,95183.984375,0
2026-01-14 05:21:00+00:00,95204.1328125,95204.1328125,95204.1328125,95204.1328125,0
2026-01-14 05:22:00+00:00,95136.6484375,95136.6484375,95136.6484375,95136.6484375,0
2026-01-14 05:23:00+00:00,94984.453125,94984.453125,94984.453125,94984.453125,4804608
2026-01-14 05:24:00+00:00,94966.53125,94966.53125,94966.53125,94966.53125,34267136
2026-01-14 05:25:00+00:00,94967.0625,94967.0625,94967.0625,94967.0625,0
2026-01-14 05:26:00+00:00,94986.9296875,94986.9296875,94986.9296875,94986.9296875,0
2026-01-14 05:27:00+00:00,95004.2109375,95004.2109375,95004.2109375,95004.2109375,0
2026-01-14 05:28:00+00:00,94978.828125,94978.828125,94978.828125,94978.828125,0
2026-01-14 05:29:00+00:00,94934.296875,94934.296875,94934.296875,94934.296875,0
2026-01-14 05:30:00+00:00,94985.59375,94985.59375,94985.59375,94985.59375,0
2026-01-14 05:31:00+00:00,94976.6796875,94976.6796875,94976.6796875,94976.6796875,0
2026-01-14 05:32:00+00:00,95006.7265625,95006.7265625,95006.7265625,95006.7265625,0
2026-01-14 05:33:00+00:00,95015.265625,95015.265625,95015.265625,95015.265625,0
2026-01-14 05:34:00+00:00,95029.8671875,95029.8671875,95029.8671875,95029.8671875,188391424
2026-01-14 05:35:00+00:00,95050.3359375,95050.3359375,95050.3359375,95050.3359375,0
2026-01-14 05:36:00+00:00,95058.078125,95058.078125,95058.078125,95058.078125,0
2026-01-14 05:37:00+00:00,95064.59375,95064.59375,95064.59375,95064.59375,0
2026-01-14 05:38:00+00:00,95079.4921875,95079.4921875,95079.4921875,95079.4921875,19775488
2026-01-14 05:39:00+00:00,95183.6328125,95183.6328125,95183.6328125,95183.6328125,14794752
2026-01-14 05:40:00+00:00,95128.90625,95128.90625,95128.90625,95128.90625,0
2026-01-14 05:41:00+00:00,95136.4609375,95136.4609375,95136.4609375,95136.4609375,0
2026-01-14 05:42:00+00:00,95090.1953125,95090.1953125,95090.1953125,95090.1953125,1679360
2026-01-14 05:43:00+00:00,95073.3203125,95073.3203125,95073.3203125,95073.3203125,0
2026-01-14 05:44:00+00:00,95076.8125,95076.8125,95076.8125,95076.8125,0
2026-01-14 05:45:00+00:00,95003.25,95003.25,95003.25,95003.25,12992512
2026-01-14 05:46:00+00:00,95106.7265625,95106.7265625,95106.7265625,95106.7265625,28295168
2026-01-14 05:47:00+00:00,95032.6328125,95032.6328125,95032.6328125,95032.6328125,0
2026-01-14 05:48:00+00:00,94994.609375,94994.609375,94994.609375,94994.609375,0
2026-01-14 05:49:00+00:00,95017.859375,95017.859375,95017.859375,95017.859375,246206464
2026-01-14 05:50:00+00:00,94990.71875,94990.71875,94990.71875,94990.71875,0
2026-01-14 05:51:00+00:00,94981.2109375,94981.2109375,94981.2109375,94981.2109375,229998592
2026-01-14 05:52:00+00:00,94996.984375,94996.984375,94996.984375,94996.984375,0
2026-01-14 05:54:00+00:00,94966.84375,94966.84375,94966.84375,94966.84375,4517888
2026-01-14 05:55:00+00:00,94975.453125,94975.453125,94975.453125,94975.453125,0
2026-01-14 05:56:00+00:00,94986.8984375,94986.8984375,94986.8984375,94986.8984375,205484032
2026-01-14 05:57:00+00:00,94985.453125,94985.453125,94985.453125,94985.453125,2899968
2026-01-14 05:58:00+00:00,94990.3125,94990.3125,94990.3125,94990.3125,256606208
2026-01-14 05:59:00+00:00,94988.1640625,94988.1640625,94988.1640625,94988.1640625,1126400
2026-01-14 06:00:00+00:00,94970.9765625,94970.9765625,94970.9765625,94970.9765625,0
2026-01-14 06:01:00+00:00,94959.65625,94959.65625,94959.65625,94959.65625,0
2026-01-14 06:02:00+00:00,94883.5703125,94883.5703125,94883.5703125,94883.5703125,0
2026-01-14 06:03:00+00:00,94846.625,94846.625,94846.625,94846.625,218501120
2026-01-14 06:04:00+00:00,94846.1953125,94846.1953125,94846.1953125,94846.1953125,46510080
2026-01-14 06:05:00+00:00,94872.515625,94872.515625,94872.515625,94872.515625,3936256
2026-01-14 06:06:00+00:00,94853.9375,94853.9375,94853.9375,94853.9375,0
2026-01-14 06:07:00+00:00,94800.109375,94800.109375,94800.109375,94800.109375,226553856
2026-01-14 06:08:00+00:00,94742.4765625,94742.4765625,94742.4765625,94742.4765625,0
2026-01-14 06:09:00+00:00,94732.46875,94732.46875,94732.46875,94732.46875,5685248
2026-01-14 06:10:00+00:00,94763.9765625,94763.9765625,94763.9765625,94763.9765625,0
2026-01-14 06:11:00+00:00,94717.8984375,94717.8984375,94717.8984375,94717.8984375,1215668224
2026-01-14 06:12:00+00:00,94845.5703125,94845.5703125,94845.5703125,94845.5703125,27815936
2026-01-14 06:13:00+00:00,94843.4375,94843.4375,94843.4375,94843.4375,41832448
2026-01-14 06:14:00+00:00,94831.890625,94831.890625,94831.890625,94831.890625,12517376
2026-01-14 06:15:00+00:00,94823.1171875,94823.1171875,94823.1171875,94823.1171875,0
2026-01-14 06:16:00+00:00,94839.0,94839.0,94839.0,94839.0,0
2026-01-14 06:17:00+00:00,94796.453125,94796.453125,94796.453125,94796.453125,209657856
2026-01-14 06:18:00+00:00,94787.4296875,94787.4296875,94787.4296875,94787.4296875,0
2026-01-14 06:19:00+00:00,94747.796875,94747.796875,94747.796875,94747.796875,222957568
2026-01-14 06:20:00+00:00,94738.6796875,94738.6796875,94738.6796875,94738.6796875,77295616
2026-01-14 06:21:00+00:00,94733.6328125,94733.6328125,94733.6328125,94733.6328125,199389184
2026-01-14 06:22:00+00:00,94717.7265625,94717.7265625,94717.7265625,94717.7265625,44949504
2026-01-14 06:23:00+00:00,94726.609375,94726.609375,94726.609375,94726.609375,2494464
2026-01-14 06:24:00+00:00,94692.6015625,94692.6015625,94692.6015625,94692.6015625,0
2026-01-14 06:25:00+00:00,94658.625,94658.625,94658.625,94658.625,1134592
2026-01-14 06:26:00+00:00,94664.171875,94664.171875,94664.171875,94664.171875,218599424
2026-01-14 06:27:00+00:00,94682.4765625,94682.4765625,94682.4765625,94682.4765625,0
2026-01-14 06:28:00+00:00,94687.1796875,94687.1796875,94687.1796875,94687.1796875,255209472
2026-01-14 06:29:00+00:00,94662.421875,94662.421875,94662.421875,94662.421875,6696960
2026-01-14 06:30:00+00:00,94668.828125,94668.828125,94668.828125,94668.828125,0
2026-01-14 06:31:00+00:00,94706.3359375,94706.3359375,94706.3359375,94706.3359375,24215552
2026-01-14 06:32:00+00:00,94644.9453125,94644.9453125,94644.9453125,94644.9453125,0
2026-01-14 06:33:00+00:00,94660.3046875,94660.3046875,94660.3046875,94660.3046875,4276224
2026-01-14 06:34:00+00:00,94650.7421875,94650.7421875,94650.7421875,94650.7421875,0
2026-01-14 06:36:00+00:00,94583.046875,94583.046875,94583.046875,94583.046875,0
2026-01-14 06:37:00+00:00,94637.359375,94637.359375,94637.359375,94637.359375,306679808
2026-01-14 06:38:00+00:00,94699.40625,94699.40625,94699.40625,94699.40625,0
2026-01-14 06:39:00+00:00,94777.234375,94777.234375,94777.234375,94777.234375,0
2026-01-14 06:40:00+00:00,94753.625,94753.625,94753.625,94753.625,271867904
2026-01-14 06:41:00+00:00,94776.46875,94776.46875,94776.46875,94776.46875,0
2026-01-14 06:42:00+00:00,94802.8359375,94802.8359375,94802.8359375,94802.8359375,0
2026-01-14 06:43:00+00:00,94809.09375,94809.09375,94809.09375,94809.09375,0
2026-01-14 06:44:00+00:00,94838.8984375,94838.8984375,94838.8984375,94838.8984375,15339520
2026-01-14 06:45:00+00:00,94851.765625,94851.765625,94851.765625,94851.765625,0
2026-01-14 06:46:00+00:00,94918.453125,94918.453125,94918.453125,94918.453125,0
2026-01-14 06:47:00+00:00,94898.4453125,94898.4453125,94898.4453125,94898.4453125,22020096
2026-01-14 06:48:00+00:00,94901.1640625,94901.1640625,94901.1640625,94901.1640625,0
2026-01-14 06:49:00+00:00,94883.109375,94883.109375,94883.109375,94883.109375,97234944
2026-01-14 06:50:00+00:00,94884.84375,94884.84375,94884.84375,94884.84375,1056768
2026-01-14 06:51:00+00:00,94913.2421875,94913.2421875,94913.2421875,94913.2421875,4268032
2026-01-14 06:52:00+00:00,94897.9765625,94897.9765625,94897.9765625,94897.9765625,0
2026-01-14 06:53:00+00:00,94906.09375,94906.09375,94906.09375,94906.09375,58576896
2026-01-14 06:54:00+00:00,94922.796875,94922.796875,94922.796875,94922.796875,0
2026-01-14 06:55:00+00:00,94920.71875,94920.71875,94920.71875,94920.71875,236699648
2026-01-14 06:56:00+00:00,94954.71875,94954.71875,94954.71875,94954.71875,2539520
2026-01-14 06:57:00+00:00,94974.09375,94974.09375,94974.09375,94974.09375,151552
2026-01-14 06:58:00+00:00,94959.671875,94959.671875,94959.671875,94959.671875,20455424
2026-01-14 06:59:00+00:00,94976.859375,94976.859375,94976.859375,94976.859375,0
2026-01-14 07:00:00+00:00,94985.765625,94985.765625,94985.765625,94985.765625,0
2026-01-14 07:01:00+00:00,94972.9453125,94972.9453125,94972.9453125,94972.9453125,0
2026-01-14 07:02:00+00:00,94944.4921875,94944.4921875,94944.4921875,94944.4921875,0
2026-01-14 07:03:00+00:00,94937.046875,94937.046875,94937.046875,94937.046875,0
2026-01-14 07:04:00+00:00,94916.0625,94916.0625,94916.0625,94916.0625,0
2026-01-14 07:05:00+00:00,94982.6484375,94982.6484375,94982.6484375,94982.6484375,0
2026-01-14 07:06:00+00:00,95006.984375,95006.984375,95006.984375,95006.984375,880640
2026-01-14 07:07:00+00:00,95040.234375,95040.234375,95040.234375,95040.234375,0
2026-01-14 07:08:00+00:00,95052.453125,95052.453125,95052.453125,95052.453125,0
2026-01-14 07:09:00+00:00,95064.703125,95064.703125,95064.703125,95064.703125,8249344
2026-01-14 07:10:00+00:00,95038.9140625,95038.9140625,95038.9140625,95038.9140625,295845888
2026-01-14 07:11:00+00:00,95023.9296875,95023.9296875,95023.9296875,95023.9296875,7798784
2026-01-14 07:12:00+00:00,95066.125,95066.125,95066.125,95066.125,0
2026-01-14 07:13:00+00:00,95017.65625,95017.65625,95017.65625,95017.65625,0
2026-01-14 07:14:00+00:00,95009.296875,95009.296875,95009.296875,95009.296875,46968832
2026-01-14 07:15:00+00:00,94997.203125,94997.203125,94997.203125,94997.203125,5578752
2026-01-14 07:16:00+00:00,94977.078125,94977.078125,94977.078125,94977.078125,0
2026-01-14 07:17:00+00:00,95118.78125,95118.78125,95118.78125,95118.78125,13377536
2026-01-14 07:18:00+00:00,95044.265625,95044.265625,95044.265625,95044.265625,14217216
2026-01-14 07:19:00+00:00,95058.2109375,95058.2109375,95058.2109375,95058.2109375,518430720
2026-01-14 07:20:00+00:00,95060.453125,95060.453125,95060.453125,95060.453125,0
2026-01-14 07:21:00+00:00,95042.2578125,95042.2578125,95042.2578125,95042.2578125,0
2026-01-14 07:22:00+00:00,95017.234375,95017.234375,95017.234375,95017.234375,20901888
2026-01-14 07:23:00+00:00,95024.5078125,95024.5078125,95024.5078125,95024.5078125,0
2026-01-14 07:24:00+00:00,95005.8984375,95005.8984375,95005.8984375,95005.8984375,0
2026-01-14 07:25:00+00:00,95019.328125,95019.328125,95019.328125,95019.328125,0
2026-01-14 07:26:00+00:00,95016.125,95016.125,95016.125,95016.125,0
2026-01-14 07:27:00+00:00,94962.203125,94962.203125,94962.203125,94962.203125,0
2026-01-14 07:28:00+00:00,94938.9375,94938.9375,94938.9375,94938.9375,127455232
2026-01-14 07:29:00+00:00,94912.21875,94912.21875,94912.21875,94912.21875,2875392
2026-01-14 07:30:00+00:00,94908.359375,94908.359375,94908.359375,94908.359375,4497408
2026-01-14 07:31:00+00:00,94885.34375,94885.34375,94885.34375,94885.34375,0
2026-01-14 07:32:00+00:00,94846.390625,94846.390625,94846.390625,94846.390625,22024192
2026-01-14 07:33:00+00:00,94840.03125,94840.03125,94840.03125,94840.03125,1359872
2026-01-14 07:34:00+00:00,94854.7578125,94854.7578125,94854.7578125,94854.7578125,0
2026-01-14 07:35:00+00:00,94874.140625,94874.140625,94874.140625,94874.140625,1380352
2026-01-14 07:36:00+00:00,94913.40625,94913.40625,94913.40625,94913.40625,22224896
2026-01-14 07:37:00+00:00,94920.703125,94920.703125,94920.703125,94920.703125,370409472
2026-01-14 07:38:00+00:00,94920.53125,94920.53125,94920.53125,94920.53125,0
2026-01-14 07:39:00+00:00,94894.296875,94894.296875,94894.296875,94894.296875,4632576
2026-01-14 07:40:00+00:00,94867.9765625,94867.9765625,94867.9765625,94867.9765625,53940224
2026-01-14 07:41:00+00:00,94868.484375,94868.484375,94868.484375,94868.484375,6017024
2026-01-14 07:42:00+00:00,94980.4453125,94980.4453125,94980.4453125,94980.4453125,7155712
2026-01-14 07:43:00+00:00,94957.0234375,94957.0234375,94957.0234375,94957.0234375,62197760
2026-01-14 07:44:00+00:00,94968.703125,94968.703125,94968.703125,94968.703125,0
2026-01-14 07:45:00+00:00,94975.4453125,94975.4453125,94975.4453125,94975.4453125,14602240
2026-01-14 07:47:00+00:00,95063.3984375,95063.3984375,95063.3984375,95063.3984375,92467200
2026-01-14 07:49:00+00:00,95162.2734375,95162.2734375,95162.2734375,95162.2734375,0
2026-01-14 07:50:00+00:00,95157.0078125,95157.0078125,95157.0078125,95157.0078125,3162112
2026-01-14 07:51:00+00:00,95161.046875,95161.046875,95161.046875,95161.046875,0
2026-01-14 07:52:00+00:00,95157.140625,95157.140625,95157.140625,95157.140625,22511616
2026-01-14 07:53:00+00:00,95160.453125,95160.453125,95160.453125,95160.453125,0
2026-01-14 07:54:00+00:00,95162.9140625,95162.9140625,95162.9140625,95162.9140625,0
2026-01-14 07:55:00+00:00,95157.25,95157.25,95157.25,95157.25,12308480
2026-01-14 07:56:00+00:00,95164.2734375,95164.2734375,95164.2734375,95164.2734375,1187000320
2026-01-14 07:57:00+00:00,95158.140625,95158.140625,95158.140625,95158.140625,2932736
2026-01-14 07:58:00+00:00,95163.640625,95163.640625,95163.640625,95163.640625,185257984
2026-01-14 07:59:00+00:00,95176.1328125,95176.1328125,95176.1328125,95176.1328125,6111232
2026-01-14 08:00:00+00:00,95162.828125,95162.828125,95162.828125,95162.828125,335872
2026-01-14 08:01:00+00:00,95194.9296875,95194.9296875,95194.9296875,95194.9296875,144711680
2026-01-14 08:02:00+00:00,95189.53125,95189.53125,95189.53125,95189.53125,0
2026-01-14 08:03:00+00:00,95210.6953125,95210.6953125,95210.6953125,95210.6953125,5664768
2026-01-14 08:04:00+00:00,95192.671875,95192.671875,95192.671875,95192.671875,0
2026-01-14 08:05:00+00:00,95220.625,95220.625,95220.625,95220.625,0
2026-01-14 08:06:00+00:00,95215.65625,95215.65625,95215.65625,95215.65625,12783616
2026-01-14 08:07:00+00:00,95205.953125,95205.953125,95205.953125,95205.953125,32714752
2026-01-14 08:08:00+00:00,95231.53125,95231.53125,95231.53125,95231.53125,1736704
2026-01-14 08:09:00+00:00,95225.0859375,95225.0859375,95225.0859375,95225.0859375,323584
2026-01-14 08:10:00+00:00,95176.8203125,95176.8203125,95176.8203125,95176.8203125,42270720
2026-01-14 08:11:00+00:00,95194.2109375,95194.2109375,95194.2109375,95194.2109375,4853760
2026-01-14 08:12:00+00:00,95202.7421875,95202.7421875,95202.7421875,95202.7421875,0
2026-01-14 08:13:00+00:00,95231.328125,95231.328125,95231.328125,95231.328125,33701888
2026-01-14 08:14:00+00:00,95225.0859375,95225.0859375,95225.0859375,95225.0859375,1155072
2026-01-14 08:15:00+00:00,95222.8984375,95222.8984375,95222.8984375,95222.8984375,6025216
2026-01-14 08:16:00+00:00,95220.890625,95220.890625,95220.890625,95220.890625,2703360
2026-01-14 08:17:00+00:00,95223.0390625,95223.0390625,95223.0390625,95223.0390625,0
2026-01-14 08:18:00+00:00,95229.34375,95229.34375,95229.34375,95229.34375,0
2026-01-14 08:19:00+00:00,95215.3515625,95215.3515625,95215.3515625,95215.3515625,2506752
2026-01-14 08:20:00+00:00,95182.109375,95182.109375,95182.109375,95182.109375,0
2026-01-14 08:21:00+00:00,95191.765625,95191.765625,95191.765625,95191.765625,258048
2026-01-14 08:22:00+00:00,95213.234375,95213.234375,95213.234375,95213.234375,5779456
2026-01-14 08:23:00+00:00,95200.4296875,95200.4296875,95200.4296875,95200.4296875,0
2026-01-14 08:25:00+00:00,95199.0078125,95199.0078125,95199.0078125,95199.0078125,13328384
2026-01-14 08:26:00+00:00,95177.9296875,95177.9296875,95177.9296875,95177.9296875,0
2026-01-14 08:27:00+00:00,95162.8671875,95162.8671875,95162.8671875,95162.8671875,0
2026-01-14 08:28:00+00:00,95149.5234375,95149.5234375,95149.5234375,95149.5234375,0
2026-01-14 08:29:00+00:00,95144.9453125,95144.9453125,95144.9453125,95144.9453125,0
2026-01-14 08:30:00+00:00,95138.4609375,95138.4609375,95138.4609375,95138.4609375,0
2026-01-14 08:31:00+00:00,95114.078125,95114.078125,95114.078125,95114.078125,0
2026-01-14 08:32:00+00:00,95128.984375,95128.984375,95128.984375,95128.984375,0
2026-01-14 08:33:00+00:00,95132.9375,95132.9375,95132.9375,95132.9375,4546560
2026-01-14 08:34:00+00:00,95107.21875,95107.21875,95107.21875,95107.21875,0
2026-01-14 08:35:00+00:00,95098.1015625,95098.1015625,95098.1015625,95098.1015625,0
2026-01-14 08:36:00+00:00,95101.234375,95101.234375,95101.234375,95101.234375,700416
2026-01-14 08:37:00+00:00,95079.3046875,95079.3046875,95079.3046875,95079.3046875,0
2026-01-14 08:38:00+00:00,95024.5546875,95024.5546875,95024.5546875,95024.5546875,7155712
2026-01-14 08:39:00+00:00,94990.6640625,94990.6640625,94990.6640625,94990.6640625,0
2026-01-14 08:40:00+00:00,94971.8984375,94971.8984375,94971.8984375,94971.8984375,0
2026-01-14 08:41:00+00:00,94954.59375,94954.59375,94954.59375,94954.59375,0
2026-01-14 08:42:00+00:00,94951.8125,94951.8125,94951.8125,94951.8125,3477504
2026-01-14 08:43:00+00:00,94910.015625,94910.015625,94910.015625,94910.015625,0
2026-01-14 08:44:00+00:00,94906.8828125,94906.8828125,94906.8828125,94906.8828125,0
2026-01-14 08:45:00+00:00,94915.140625,94915.140625,94915.140625,94915.140625,1343488
2026-01-14 08:46:00+00:00,94929.4609375,94929.4609375,94929.4609375,94929.4609375,227692544
2026-01-14 08:47:00+00:00,94929.7265625,94929.7265625,94929.7265625,94929.7265625,0
2026-01-14 08:48:00+00:00,94917.078125,94917.078125,94917.078125,94917.078125,1011712
2026-01-14 08:49:00+00:00,94899.484375,94899.484375,94899.484375,94899.484375,0
2026-01-14 08:50:00+00:00,94901.3359375,94901.3359375,94901.3359375,94901.3359375,0
2026-01-14 08:51:00+00:00,94887.3515625,94887.3515625,94887.3515625,94887.3515625,0
2026-01-14 08:52:00+00:00,94885.1875,94885.1875,94885.1875,94885.1875,0
2026-01-14 08:53:00+00:00,94875.5546875,94875.5546875,94875.5546875,94875.5546875,0
2026-01-14 08:54:00+00:00,94891.109375,94891.109375,94891.109375,94891.109375,0
2026-01-14 08:55:00+00:00,94860.3125,94860.3125,94860.3125,94860.3125,38731776
2026-01-14 08:56:00+00:00,94872.8515625,94872.8515625,94872.8515625,94872.8515625,0
2026-01-14 08:57:00+00:00,94887.40625,94887.40625,94887.40625,94887.40625,3596288
2026-01-14 08:58:00+00:00,94881.1875,94881.1875,94881.1875,94881.1875,0
2026-01-14 08:59:00+00:00,94868.3046875,94868.3046875,94868.3046875,94868.3046875,2420736
2026-01-14 09:00:00+00:00,94852.8203125,94852.8203125,94852.8203125,94852.8203125,0
2026-01-14 09:01:00+00:00,94879.0390625,94879.0390625,94879.0390625,94879.0390625,0
2026-01-14 09:02:00+00:00,94866.8984375,94866.8984375,94866.8984375,94866.8984375,0
2026-01-14 09:03:00+00:00,94849.390625,94849.390625,94849.390625,94849.390625,0
2026-01-14 09:04:00+00:00,94855.9765625,94855.9765625,94855.9765625,94855.9765625,0
2026-01-14 09:05:00+00:00,94853.4609375,94853.4609375,94853.4609375,94853.4609375,0
2026-01-14 09:06:00+00:00,94865.265625,94865.265625,94865.265625,94865.265625,761856
2026-01-14 09:07:00+00:00,94922.109375,94922.109375,94922.109375,94922.109375,0
2026-01-14 09:08:00+00:00,94937.734375,94937.734375,94937.734375,94937.734375,0
2026-01-14 09:09:00+00:00,94948.6796875,94948.6796875,94948.6796875,94948.6796875,4386816
2026-01-14 09:10:00+00:00,94943.3515625,94943.3515625,94943.3515625,94943.3515625,0
2026-01-14 09:11:00+00:00,95005.296875,95005.296875,95005.296875,95005.296875,2490368
2026-01-14 09:12:00+00:00,95040.7890625,95040.7890625,95040.7890625,95040.7890625,0
2026-01-14 09:13:00+00:00,95013.5859375,95013.5859375,95013.5859375,95013.5859375,20926464
2026-01-14 09:14:00+00:00,95032.1328125,95032.1328125,95032.1328125,95032.1328125,21143552
2026-01-14 09:15:00+00:00,95051.640625,95051.640625,95051.640625,95051.640625,0
2026-01-14 09:16:00+00:00,95060.765625,95060.765625,95060.765625,95060.765625,0
2026-01-14 09:17:00+00:00,95073.3359375,95073.3359375,95073.3359375,95073.3359375,0
2026-01-14 09:18:00+00:00,95068.0390625,95068.0390625,95068.0390625,95068.0390625,18427904
2026-01-14 09:19:00+00:00,95068.9375,95068.9375,95068.9375,95068.9375,0
2026-01-14 09:20:00+00:00,95089.375,95089.375,95089.375,95089.375,0
2026-01-14 09:21:00+00:00,95094.21875,95094.21875,95094.21875,95094.21875,2588672
2026-01-14 09:22:00+00:00,95088.578125,95088.578125,95088.578125,95088.578125,0
2026-01-14 09:23:00+00:00,95086.578125,95086.578125,95086.578125,95086.578125,0
2026-01-14 09:24:00+00:00,95110.3515625,95110.3515625,95110.3515625,95110.3515625,66469888
2026-01-14 09:25:00+00:00,95131.5234375,95131.5234375,95131.5234375,95131.5234375,0
2026-01-14 09:26:00+00:00,95119.75,95119.75,95119.75,95119.75,0
2026-01-14 09:27:00+00:00,95112.0078125,95112.0078125,95112.0078125,95112.0078125,0
2026-01-14 09:28:00+00:00,95076.6328125,95076.6328125,95076.6328125,95076.6328125,0
2026-01-14 09:29:00+00:00,95023.328125,95023.328125,95023.328125,95023.328125,7380992
2026-01-14 09:30:00+00:00,95017.5859375,95017.5859375,95017.5859375,95017.5859375,0
2026-01-14 09:31:00+00:00,95011.4140625,95011.4140625,95011.4140625,95011.4140625,0
2026-01-14 09:32:00+00:00,95024.4296875,95024.4296875,95024.4296875,95024.4296875,0
2026-01-14 09:33:00+00:00,95029.0390625,95029.0390625,95029.0390625,95029.0390625,6213632
2026-01-14 09:34:00+00:00,95049.71875,95049.71875,95049.71875,95049.71875,0
2026-01-14 09:35:00+00:00,95074.21875,95074.21875,95074.21875,95074.21875,9019392
2026-01-14 09:36:00+00:00,95058.4375,95058.4375,95058.4375,95058.4375,0
2026-01-14 09:37:00+00:00,95023.09375,95023.09375,95023.09375,95023.09375,0
2026-01-14 09:38:00+00:00,94982.140625,94982.140625,94982.140625,94982.140625,16384
2026-01-14 09:39:00+00:00,94973.5234375,94973.5234375,94973.5234375,94973.5234375,2662400
2026-01-14 09:40:00+00:00,94971.421875,94971.421875,94971.421875,94971.421875,0
2026-01-14 09:41:00+00:00,94961.546875,94961.546875,94961.546875,94961.546875,0
2026-01-14 09:42:00+00:00,94960.0703125,94960.0703125,94960.0703125,94960.0703125,0
2026-01-14 09:43:00+00:00,94970.109375,94970.109375,94970.109375,94970.109375,0
2026-01-14 09:44:00+00:00,94965.4765625,94965.4765625,94965.4765625,94965.4765625,0
2026-01-14 09:45:00+00:00,94962.2578125,94962.2578125,94962.2578125,94962.2578125,0
2026-01-14 09:46:00+00:00,94975.1328125,94975.1328125,94975.1328125,94975.1328125,33079296
2026-01-14 09:47:00+00:00,94962.9921875,94962.9921875,94962.9921875,94962.9921875,0
2026-01-14 09:48:00+00:00,94975.0703125,94975.0703125,94975.0703125,94975.0703125,0
2026-01-14 09:49:00+00:00,94990.2578125,94990.2578125,94990.2578125,94990.2578125,0
2026-01-14 09:50:00+00:00,94988.546875,94988.546875,94988.546875,94988.546875,0
2026-01-14 09:51:00+00:00,95003.640625,95003.640625,95003.640625,95003.640625,5664768
2026-01-14 09:52:00+00:00,94964.609375,94964.609375,94964.609375,94964.609375,0
2026-01-14 09:53:00+00:00,94925.109375,94925.109375,94925.109375,94925.109375,0
2026-01-14 09:54:00+00:00,94978.6015625,94978.6015625,94978.6015625,94978.6015625,13418496
2026-01-14 09:55:00+00:00,94972.1015625,94972.1015625,94972.1015625,94972.1015625,0
2026-01-14 09:56:00+00:00,95021.90625,95021.90625,95021.90625,95021.90625,0
2026-01-14 09:57:00+00:00,95040.4921875,95040.4921875,95040.4921875,95040.4921875,0
2026-01-14 09:58:00+00:00,95040.40625,95040.40625,95040.40625,95040.40625,0
2026-01-14 09:59:00+00:00,95038.109375,95038.109375,95038.109375,95038.109375,688128
2026-01-14 10:00:00+00:00,95051.1640625,95051.1640625,95051.1640625,95051.1640625,0
2026-01-14 10:01:00+00:00,95046.171875,95046.171875,95046.171875,95046.171875,0
2026-01-14 10:02:00+00:00,95056.0390625,95056.0390625,95056.0390625,95056.0390625,2940928
2026-01-14 10:03:00+00:00,95058.8203125,95058.8203125,95058.8203125,95058.8203125,3321856
2026-01-14 10:04:00+00:00,95055.1796875,95055.1796875,95055.1796875,95055.1796875,0
2026-01-14 10:05:00+00:00,95046.9609375,95046.9609375,95046.9609375,95046.9609375,0
2026-01-14 10:07:00+00:00,95038.09375,95038.09375,95038.09375,95038.09375,0
2026-01-14 10:08:00+00:00,95038.5703125,95038.5703125,95038.5703125,95038.5703125,12603392
2026-01-14 10:09:00+00:00,95071.5703125,95071.5703125,95071.5703125,95071.5703125,3977216
2026-01-14 10:10:00+00:00,95076.515625,95076.515625,95076.515625,95076.515625,0
2026-01-14 10:11:00+00:00,95094.4296875,95094.4296875,95094.4296875,95094.4296875,0
2026-01-14 10:12:00+00:00,95111.765625,95111.765625,95111.765625,95111.765625,11227136
2026-01-14 10:13:00+00:00,95113.84375,95113.84375,95113.84375,95113.84375,0
2026-01-14 10:14:00+00:00,95125.0546875,95125.0546875,95125.0546875,95125.0546875,0
2026-01-14 10:15:00+00:00,95126.7421875,95126.7421875,95126.7421875,95126.7421875,0
2026-01-14 10:16:00+00:00,95148.78125,95148.78125,95148.78125,95148.78125,0
2026-01-14 10:17:00+00:00,95172.515625,95172.515625,95172.515625,95172.515625,0
2026-01-14 10:19:00+00:00,95213.5859375,95213.5859375,95213.5859375,95213.5859375,49577984
2026-01-14 10:20:00+00:00,95155.390625,95155.390625,95155.390625,95155.390625,4272128
2026-01-14 10:21:00+00:00,95042.1875,95042.1875,95042.1875,95042.1875,2605056
2026-01-14 10:22:00+00:00,95037.484375,95037.484375,95037.484375,95037.484375,0
2026-01-14 10:23:00+00:00,94996.4453125,94996.4453125,94996.4453125,94996.4453125,13848576
2026-01-14 10:24:00+00:00,94907.6484375,94907.6484375,94907.6484375,94907.6484375,7835648
2026-01-14 10:25:00+00:00,94924.28125,94924.28125,94924.28125,94924.28125,250822656
2026-01-14 10:26:00+00:00,94905.484375,94905.484375,94905.484375,94905.484375,1708032
2026-01-14 10:27:00+00:00,94901.8046875,94901.8046875,94901.8046875,94901.8046875,14708736
2026-01-14 10:28:00+00:00,94870.0546875,94870.0546875,94870.0546875,94870.0546875,41459712
2026-01-14 10:29:00+00:00,94903.9609375,94903.9609375,94903.9609375,94903.9609375,14090240
2026-01-14 10:30:00+00:00,94963.7578125,94963.7578125,94963.7578125,94963.7578125,5505024
2026-01-14 10:31:00+00:00,95038.6953125,95038.6953125,95038.6953125,95038.6953125,57737216
2026-01-14 10:32:00+00:00,95029.84375,95029.84375,95029.84375,95029.84375,0
2026-01-14 10:33:00+00:00,95045.375,95045.375,95045.375,95045.375,0
2026-01-14 10:34:00+00:00,95085.0859375,95085.0859375,95085.0859375,95085.0859375,112832512
2026-01-14 10:35:00+00:00,94981.25,94981.25,94981.25,94981.25,3649536
2026-01-14 10:36:00+00:00,94919.359375,94919.359375,94919.359375,94919.359375,8105984
2026-01-14 10:37:00+00:00,94930.328125,94930.328125,94930.328125,94930.328125,254849024
2026-01-14 10:38:00+00:00,94953.703125,94953.703125,94953.703125,94953.703125,0
2026-01-14 10:40:00+00:00,95074.625,95074.625,95074.625,95074.625,0
2026-01-14 10:41:00+00:00,95107.6484375,95107.6484375,95107.6484375,95107.6484375,0
2026-01-14 10:42:00+00:00,95088.4921875,95088.4921875,95088.4921875,95088.4921875,708608
2026-01-14 10:43:00+00:00,95068.8359375,95068.8359375,95068.8359375,95068.8359375,142209024
2026-01-14 10:44:00+00:00,95057.1015625,95057.1015625,95057.1015625,95057.1015625,87613440
2026-01-14 10:45:00+00:00,95056.1796875,95056.1796875,95056.1796875,95056.1796875,2383872
2026-01-14 10:47:00+00:00,95074.0078125,95074.0078125,95074.0078125,95074.0078125,96923648
2026-01-14 10:48:00+00:00,95074.984375,95074.984375,95074.984375,95074.984375,0
2026-01-14 10:49:00+00:00,95073.765625,95073.765625,95073.765625,95073.765625,0
2026-01-14 10:50:00+00:00,95070.09375,95070.09375,95070.09375,95070.09375,0
2026-01-14 10:51:00+00:00,95096.90625,95096.90625,95096.90625,95096.90625,11956224
2026-01-14 10:52:00+00:00,95123.3046875,95123.3046875,95123.3046875,95123.3046875,0
2026-01-14 10:53:00+00:00,95144.1796875,95144.1796875,95144.1796875,95144.1796875,44601344
2026-01-14 10:54:00+00:00,95136.8359375,95136.8359375,95136.8359375,95136.8359375,0
2026-01-14 10:55:00+00:00,95114.3671875,95114.3671875,95114.3671875,95114.3671875,12640256
2026-01-14 10:56:00+00:00,95094.5859375,95094.5859375,95094.5859375,95094.5859375,28205056
2026-01-14 10:57:00+00:00,95080.0390625,95080.0390625,95080.0390625,95080.0390625,3227648
2026-01-14 10:58:00+00:00,95070.0234375,95070.0234375,95070.0234375,95070.0234375,29769728
2026-01-14 10:59:00+00:00,95059.109375,95059.109375,95059.109375,95059.109375,0
2026-01-14 11:01:00+00:00,95042.125,95042.125,95042.125,95042.125,9732096
2026-01-14 11:02:00+00:00,94995.28125,94995.28125,94995.28125,94995.28125,0
2026-01-14 11:03:00+00:00,94958.6015625,94958.6015625,94958.6015625,94958.6015625,1622016
2026-01-14 11:04:00+00:00,94945.09375,94945.09375,94945.09375,94945.09375,0
2026-01-14 11:05:00+00:00,94949.4296875,94949.4296875,94949.4296875,94949.4296875,0
2026-01-14 11:06:00+00:00,94965.421875,94965.421875,94965.421875,94965.421875,0
2026-01-14 11:07:00+00:00,94989.71875,94989.71875,94989.71875,94989.71875,0
2026-01-14 11:08:00+00:00,94955.2265625,94955.2265625,94955.2265625,94955.2265625,8433664
2026-01-14 11:09:00+00:00,94956.953125,94956.953125,94956.953125,94956.953125,3039232
2026-01-14 11:10:00+00:00,94951.96875,94951.96875,94951.96875,94951.96875,251359232
2026-01-14 11:11:00+00:00,94891.0703125,94891.0703125,94891.0703125,94891.0703125,4517888
2026-01-14 11:12:00+00:00,94879.53125,94879.53125,94879.53125,94879.53125,9052160
2026-01-14 11:13:00+00:00,94863.1484375,94863.1484375,94863.1484375,94863.1484375,18534400
2026-01-14 11:14:00+00:00,94869.0,94869.0,94869.0,94869.0,0
2026-01-14 11:15:00+00:00,94868.0625,94868.0625,94868.0625,94868.0625,2461696
2026-01-14 11:16:00+00:00,94828.5703125,94828.5703125,94828.5703125,94828.5703125,13590528
2026-01-14 11:17:00+00:00,94838.2109375,94838.2109375,94838.2109375,94838.2109375,0
2026-01-14 11:18:00+00:00,94836.203125,94836.203125,94836.203125,94836.203125,2011136
2026-01-14 11:19:00+00:00,94840.84375,94840.84375,94840.84375,94840.84375,42446848
2026-01-14 11:20:00+00:00,94784.4453125,94784.4453125,94784.4453125,94784.4453125,1102127104
2026-01-14 11:21:00+00:00,94844.8984375,94844.8984375,94844.8984375,94844.8984375,7585792
2026-01-14 11:22:00+00:00,94883.484375,94883.484375,94883.484375,94883.484375,0
2026-01-14 11:23:00+00:00,94893.5703125,94893.5703125,94893.5703125,94893.5703125,0
2026-01-14 11:24:00+00:00,94906.3671875,94906.3671875,94906.3671875,94906.3671875,64917504
2026-01-14 11:25:00+00:00,94928.4765625,94928.4765625,94928.4765625,94928.4765625,50671616
2026-01-14 11:26:00+00:00,94936.1875,94936.1875,94936.1875,94936.1875,0
2026-01-14 11:28:00+00:00,94927.796875,94927.796875,94927.796875,94927.796875,0
2026-01-14 11:29:00+00:00,94928.7421875,94928.7421875,94928.7421875,94928.7421875,5222400
2026-01-14 11:30:00+00:00,94924.9453125,94924.9453125,94924.9453125,94924.9453125,3153920
2026-01-14 11:31:00+00:00,94923.4921875,94923.4921875,94923.4921875,94923.4921875,400859136
2026-01-14 11:32:00+00:00,94919.453125,94919.453125,94919.453125,94919.453125,1104498688
2026-01-14 11:33:00+00:00,94929.453125,94929.453125,94929.453125,94929.453125,0
2026-01-14 11:34:00+00:00,94932.96875,94932.96875,94932.96875,94932.96875,26288128
2026-01-14 11:35:00+00:00,94924.8671875,94924.8671875,94924.8671875,94924.8671875,8900608
2026-01-14 11:36:00+00:00,94917.5546875,94917.5546875,94917.5546875,94917.5546875,0
2026-01-14 11:37:00+00:00,94909.2890625,94909.2890625,94909.2890625,94909.2890625,8105984
2026-01-14 11:38:00+00:00,94866.6328125,94866.6328125,94866.6328125,94866.6328125,1499136
2026-01-14 11:39:00+00:00,94875.015625,94875.015625,94875.015625,94875.015625,901120
2026-01-14 11:40:00+00:00,94923.7890625,94923.7890625,94923.7890625,94923.7890625,0
2026-01-14 11:41:00+00:00,94912.828125,94912.828125,94912.828125,94912.828125,0
2026-01-14 11:42:00+00:00,94896.1875,94896.1875,94896.1875,94896.1875,0
2026-01-14 11:43:00+00:00,94878.0703125,94878.0703125,94878.0703125,94878.0703125,0
2026-01-14 11:44:00+00:00,94884.6171875,94884.6171875,94884.6171875,94884.6171875,0
2026-01-14 11:45:00+00:00,94875.453125,94875.453125,94875.453125,94875.453125,0
2026-01-14 11:46:00+00:00,94877.3515625,94877.3515625,94877.3515625,94877.3515625,0
2026-01-14 11:47:00+00:00,94856.8046875,94856.8046875,94856.8046875,94856.8046875,0
2026-01-14 11:48:00+00:00,94850.4296875,94850.4296875,94850.4296875,94850.4296875,876544
2026-01-14 11:49:00+00:00,94837.40625,94837.40625,94837.40625,94837.40625,0
2026-01-14 11:50:00+00:00,94820.9140625,94820.9140625,94820.9140625,94820.9140625,0
2026-01-14 11:51:00+00:00,94775.28125,94775.28125,94775.28125,94775.28125,17903616
2026-01-14 11:52:00+00:00,94737.0546875,94737.0546875,94737.0546875,94737.0546875,0
2026-01-14 11:53:00+00:00,94761.3515625,94761.3515625,94761.3515625,94761.3515625,0
2026-01-14 11:54:00+00:00,94748.375,94748.375,94748.375,94748.375,10911744
2026-01-14 11:55:00+00:00,94736.5390625,94736.5390625,94736.5390625,94736.5390625,0
2026-01-14 11:57:00+00:00,94747.2890625,94747.2890625,94747.2890625,94747.2890625,0
2026-01-14 11:58:00+00:00,94715.703125,94715.703125,94715.703125,94715.703125,294031360
2026-01-14 11:59:00+00:00,94706.0078125,94706.0078125,94706.0078125,94706.0078125,0
2026-01-14 12:00:00+00:00,94727.6953125,94727.6953125,94727.6953125,94727.6953125,8380416
2026-01-14 12:01:00+00:00,94737.578125,94737.578125,94737.578125,94737.578125,85962752
2026-01-14 12:02:00+00:00,94701.1328125,94701.1328125,94701.1328125,94701.1328125,1096470528
2026-01-14 12:03:00+00:00,94706.3984375,94706.3984375,94706.3984375,94706.3984375,11812864
2026-01-14 12:04:00+00:00,94725.203125,94725.203125,94725.203125,94725.203125,5619712
2026-01-14 12:05:00+00:00,94749.203125,94749.203125,94749.203125,94749.203125,3653632
2026-01-14 12:06:00+00:00,94801.8203125,94801.8203125,94801.8203125,94801.8203125,0
2026-01-14 12:07:00+00:00,94852.953125,94852.953125,94852.953125,94852.953125,0
2026-01-14 12:08:00+00:00,94870.953125,94870.953125,94870.953125,94870.953125,0
2026-01-14 12:09:00+00:00,94884.3359375,94884.3359375,94884.3359375,94884.3359375,0
2026-01-14 12:10:00+00:00,94841.65625,94841.65625,94841.65625,94841.65625,0
2026-01-14 12:11:00+00:00,94899.6875,94899.6875,94899.6875,94899.6875,72966144
2026-01-14 12:12:00+00:00,94918.6328125,94918.6328125,94918.6328125,94918.6328125,0
2026-01-14 12:13:00+00:00,94941.7421875,94941.7421875,94941.7421875,94941.7421875,0
2026-01-14 12:14:00+00:00,94953.0703125,94953.0703125,94953.0703125,94953.0703125,120774656
2026-01-14 12:15:00+00:00,94961.9921875,94961.9921875,94961.9921875,94961.9921875,2105344
2026-01-14 12:16:00+00:00,94954.6484375,94954.6484375,94954.6484375,94954.6484375,16306176
2026-01-14 12:17:00+00:00,94942.5703125,94942.5703125,94942.5703125,94942.5703125,2314240
2026-01-14 12:18:00+00:00,94936.8203125,94936.8203125,94936.8203125,94936.8203125,0
2026-01-14 12:19:00+00:00,94936.4609375,94936.4609375,94936.4609375,94936.4609375,2621440
2026-01-14 12:20:00+00:00,94942.03125,94942.03125,94942.03125,94942.03125,0
2026-01-14 12:21:00+00:00,94933.6875,94933.6875,94933.6875,94933.6875,0
2026-01-14 12:22:00+00:00,94956.9140625,94956.9140625,94956.9140625,94956.9140625,20148224
2026-01-14 12:23:00+00:00,94972.6171875,94972.6171875,94972.6171875,94972.6171875,12288000
2026-01-14 12:24:00+00:00,95043.21875,95043.21875,95043.21875,95043.21875,0
2026-01-14 12:25:00+00:00,95036.7734375,95036.7734375,95036.7734375,95036.7734375,0
2026-01-14 12:26:00+00:00,95040.0234375,95040.0234375,95040.0234375,95040.0234375,0
2026-01-14 12:27:00+00:00,95033.4140625,95033.4140625,95033.4140625,95033.4140625,1216512
2026-01-14 12:28:00+00:00,95021.40625,95021.40625,95021.40625,95021.40625,358662144
2026-01-14 12:29:00+00:00,95033.640625,95033.640625,95033.640625,95033.640625,0
2026-01-14 12:30:00+00:00,95027.4375,95027.4375,95027.4375,95027.4375,5517312
2026-01-14 12:31:00+00:00,95031.203125,95031.203125,95031.203125,95031.203125,23748608
2026-01-14 12:32:00+00:00,95046.6875,95046.6875,95046.6875,95046.6875,94789632
2026-01-14 12:33:00+00:00,95032.7109375,95032.7109375,95032.7109375,95032.7109375,1986560
2026-01-14 12:34:00+00:00,95037.109375,95037.109375,95037.109375,95037.109375,80400384
2026-01-14 12:35:00+00:00,95056.6796875,95056.6796875,95056.6796875,95056.6796875,0
2026-01-14 12:36:00+00:00,95064.8515625,95064.8515625,95064.8515625,95064.8515625,1146880
2026-01-14 12:37:00+00:00,95102.671875,95102.671875,95102.671875,95102.671875,29298688
2026-01-14 12:38:00+00:00,95081.4453125,95081.4453125,95081.4453125,95081.4453125,0
2026-01-14 12:39:00+00:00,95071.3203125,95071.3203125,95071.3203125,95071.3203125,0
2026-01-14 12:40:00+00:00,95092.390625,95092.390625,95092.390625,95092.390625,82202624
2026-01-14 12:41:00+00:00,95087.125,95087.125,95087.125,95087.125,0
2026-01-14 12:42:00+00:00,95063.171875,95063.171875,95063.171875,95063.171875,0
2026-01-14 12:43:00+00:00,95052.890625,95052.890625,95052.890625,95052.890625,847872
2026-01-14 12:44:00+00:00,95016.1171875,95016.1171875,95016.1171875,95016.1171875,0
2026-01-14 12:45:00+00:00,95013.2265625,95013.2265625,95013.2265625,95013.2265625,1658880
2026-01-14 12:46:00+00:00,95014.25,95014.25,95014.25,95014.25,0
2026-01-14 12:47:00+00:00,95018.46875,95018.46875,95018.46875,95018.46875,7741440
2026-01-14 12:48:00+00:00,95023.1796875,95023.1796875,95023.1796875,95023.1796875,0
2026-01-14 12:49:00+00:00,95008.03125,95008.03125,95008.03125,95008.03125,99078144
2026-01-14 12:50:00+00:00,95013.9765625,95013.9765625,95013.9765625,95013.9765625,1490944
2026-01-14 12:52:00+00:00,95016.125,95016.125,95016.125,95016.125,0
2026-01-14 12:53:00+00:00,95014.0078125,95014.0078125,95014.0078125,95014.0078125,0
2026-01-14 12:54:00+00:00,95011.046875,95011.046875,95011.046875,95011.046875,19615744
2026-01-14 12:55:00+00:00,95021.59375,95021.59375,95021.59375,95021.59375,0
2026-01-14 12:56:00+00:00,95030.5703125,95030.5703125,95030.5703125,95030.5703125,0
2026-01-14 12:57:00+00:00,95030.9296875,95030.9296875,95030.9296875,95030.9296875,0
2026-01-14 12:58:00+00:00,95029.65625,95029.65625,95029.65625,95029.65625,4734976
2026-01-14 12:59:00+00:00,95031.6484375,95031.6484375,95031.6484375,95031.6484375,0
2026-01-14 13:00:00+00:00,95028.859375,95028.859375,95028.859375,95028.859375,0
2026-01-14 13:01:00+00:00,95024.078125,95024.078125,95024.078125,95024.078125,13230080
2026-01-14 13:02:00+00:00,95008.3359375,95008.3359375,95008.3359375,95008.3359375,0
2026-01-14 13:03:00+00:00,95000.65625,95000.65625,95000.65625,95000.65625,2867200
2026-01-14 13:04:00+00:00,94968.1953125,94968.1953125,94968.1953125,94968.1953125,0
2026-01-14 13:05:00+00:00,94919.03125,94919.03125,94919.03125,94919.03125,0
2026-01-14 13:06:00+00:00,94903.171875,94903.171875,94903.171875,94903.171875,0
2026-01-14 13:07:00+00:00,94943.4765625,94943.4765625,94943.4765625,94943.4765625,0
2026-01-14 13:08:00+00:00,95011.7265625,95011.7265625,95011.7265625,95011.7265625,13639680
2026-01-14 13:09:00+00:00,94996.1484375,94996.1484375,94996.1484375,94996.1484375,18526208
2026-01-14 13:10:00+00:00,95001.1015625,95001.1015625,95001.1015625,95001.1015625,11198464
2026-01-14 13:11:00+00:00,94992.9921875,94992.9921875,94992.9921875,94992.9921875,12943360
2026-01-14 13:12:00+00:00,94983.1484375,94983.1484375,94983.1484375,94983.1484375,0
2026-01-14 13:13:00+00:00,94986.171875,94986.171875,94986.171875,94986.171875,1515520
2026-01-14 13:14:00+00:00,94976.40625,94976.40625,94976.40625,94976.40625,0
2026-01-14 13:15:00+00:00,94922.03125,94922.03125,94922.03125,94922.03125,31019008
2026-01-14 13:16:00+00:00,94925.7578125,94925.7578125,94925.7578125,94925.7578125,0
2026-01-14 13:17:00+00:00,94940.3125,94940.3125,94940.3125,94940.3125,6647808
2026-01-14 13:18:00+00:00,94967.6875,94967.6875,94967.6875,94967.6875,0
2026-01-14 13:19:00+00:00,94992.234375,94992.234375,94992.234375,94992.234375,74010624
2026-01-14 13:20:00+00:00,94988.984375,94988.984375,94988.984375,94988.984375,0
2026-01-14 13:21:00+00:00,95067.546875,95067.546875,95067.546875,95067.546875,3530752
2026-01-14 13:22:00+00:00,95095.703125,95095.703125,95095.703125,95095.703125,0
2026-01-14 13:23:00+00:00,95159.796875,95159.796875,95159.796875,95159.796875,13135872
2026-01-14 13:24:00+00:00,95183.5625,95183.5625,95183.5625,95183.5625,7593984
2026-01-14 13:25:00+00:00,95146.828125,95146.828125,95146.828125,95146.828125,318988288
2026-01-14 13:26:00+00:00,95102.234375,95102.234375,95102.234375,95102.234375,10600448
2026-01-14 13:27:00+00:00,95101.2578125,95101.2578125,95101.2578125,95101.2578125,0
2026-01-14 13:28:00+00:00,95124.765625,95124.765625,95124.765625,95124.765625,26484736
2026-01-14 13:29:00+00:00,95169.0078125,95169.0078125,95169.0078125,95169.0078125,6811648
2026-01-14 13:30:00+00:00,95141.6015625,95141.6015625,95141.6015625,95141.6015625,0
2026-01-14 13:31:00+00:00,95079.9765625,95079.9765625,95079.9765625,95079.9765625,0
2026-01-14 13:32:00+00:00,95068.6953125,95068.6953125,95068.6953125,95068.6953125,0
2026-01-14 13:33:00+00:00,95058.0390625,95058.0390625,95058.0390625,95058.0390625,0
2026-01-14 13:35:00+00:00,95034.2109375,95034.2109375,95034.2109375,95034.2109375,0
2026-01-14 13:36:00+00:00,95039.9296875,95039.9296875,95039.9296875,95039.9296875,0
2026-01-14 13:38:00+00:00,95067.1484375,95067.1484375,95067.1484375,95067.1484375,0
2026-01-14 13:39:00+00:00,95057.8515625,95057.8515625,95057.8515625,95057.8515625,0
2026-01-14 13:40:00+00:00,95038.5859375,95038.5859375,95038.5859375,95038.5859375,0
2026-01-14 13:41:00+00:00,95050.328125,95050.328125,95050.328125,95050.328125,0
2026-01-14 13:42:00+00:00,95033.4375,95033.4375,95033.4375,95033.4375,0
2026-01-14 13:43:00+00:00,95044.5546875,95044.5546875,95044.5546875,95044.5546875,0
2026-01-14 13:44:00+00:00,95064.359375,95064.359375,95064.359375,95064.359375,1581056
2026-01-14 13:45:00+00:00,95036.8359375,95036.8359375,95036.8359375,95036.8359375,0
2026-01-14 13:46:00+00:00,95035.2109375,95035.2109375,95035.2109375,95035.2109375,0
2026-01-14 13:47:00+00:00,95004.296875,95004.296875,95004.296875,95004.296875,0
2026-01-14 13:48:00+00:00,94984.4296875,94984.4296875,94984.4296875,94984.4296875,0
2026-01-14 13:49:00+00:00,94934.8203125,94934.8203125,94934.8203125,94934.8203125,0
2026-01-14 13:50:00+00:00,94928.8671875,94928.8671875,94928.8671875,94928.8671875,0
2026-01-14 13:51:00+00:00,94905.046875,94905.046875,94905.046875,94905.046875,0
2026-01-14 13:52:00+00:00,94866.671875,94866.671875,94866.671875,94866.671875,65900544
2026-01-14 13:53:00+00:00,94861.1015625,94861.1015625,94861.1015625,94861.1015625,0
2026-01-14 13:54:00+00:00,94884.2109375,94884.2109375,94884.2109375,94884.2109375,0
2026-01-14 13:55:00+00:00,94882.8515625,94882.8515625,94882.8515625,94882.8515625,0
2026-01-14 13:56:00+00:00,94882.8515625,94882.8515625,94882.8515625,94882.8515625,0
2026-01-14 13:57:00+00:00,94888.0703125,94888.0703125,94888.0703125,94888.0703125,3444736
2026-01-14 13:58:00+00:00,94889.75,94889.75,94889.75,94889.75,0
2026-01-14 13:59:00+00:00,94937.046875,94937.046875,94937.046875,94937.046875,0
2026-01-14 14:00:00+00:00,94958.4921875,94958.4921875,94958.4921875,94958.4921875,5627904
2026-01-14 14:01:00+00:00,94951.84375,94951.84375,94951.84375,94951.84375,0
2026-01-14 14:02:00+00:00,94968.9765625,94968.9765625,94968.9765625,94968.9765625,26402816
2026-01-14 14:03:00+00:00,95084.1328125,95084.1328125,95084.1328125,95084.1328125,0
2026-01-14 14:04:00+00:00,95101.9296875,95101.9296875,95101.9296875,95101.9296875,0
2026-01-14 14:06:00+00:00,95226.1171875,95226.1171875,95226.1171875,95226.1171875,0
2026-01-14 14:07:00+00:00,95194.546875,95194.546875,95194.546875,95194.546875,0
2026-01-14 14:08:00+00:00,95261.671875,95261.671875,95261.671875,95261.671875,16015360
2026-01-14 14:09:00+00:00,95271.0703125,95271.0703125,95271.0703125,95271.0703125,0
2026-01-14 14:10:00+00:00,95287.375,95287.375,95287.375,95287.375,119468032
2026-01-14 14:12:00+00:00,95412.9765625,95412.9765625,95412.9765625,95412.9765625,24023040
2026-01-14 14:13:00+00:00,95439.71875,95439.71875,95439.71875,95439.71875,124358656
2026-01-14 14:14:00+00:00,95425.2109375,95425.2109375,95425.2109375,95425.2109375,12480512
2026-01-14 14:15:00+00:00,95436.8046875,95436.8046875,95436.8046875,95436.8046875,3268608
2026-01-14 14:16:00+00:00,95422.1875,95422.1875,95422.1875,95422.1875,44298240
2026-01-14 14:17:00+00:00,95569.71875,95569.71875,95569.71875,95569.71875,11976704
2026-01-14 14:18:00+00:00,95557.796875,95557.796875,95557.796875,95557.796875,16265216
2026-01-14 14:19:00+00:00,95575.3125,95575.3125,95575.3125,95575.3125,116269056
2026-01-14 14:20:00+00:00,95557.8984375,95557.8984375,95557.8984375,95557.8984375,258048
2026-01-14 14:21:00+00:00,95603.015625,95603.015625,95603.015625,95603.015625,14958592
2026-01-14 14:22:00+00:00,95647.0703125,95647.0703125,95647.0703125,95647.0703125,13914112
2026-01-14 14:23:00+00:00,95622.5078125,95622.5078125,95622.5078125,95622.5078125,13045760
2026-01-14 14:24:00+00:00,95693.5859375,95693.5859375,95693.5859375,95693.5859375,4878336
2026-01-14 14:25:00+00:00,95751.5859375,95751.5859375,95751.5859375,95751.5859375,100847616
2026-01-14 14:26:00+00:00,95734.6328125,95734.6328125,95734.6328125,95734.6328125,11251712
2026-01-14 14:27:00+00:00,95614.4453125,95614.4453125,95614.4453125,95614.4453125,3477504
2026-01-14 14:28:00+00:00,95564.9765625,95564.9765625,95564.9765625,95564.9765625,46710784
2026-01-14 14:29:00+00:00,95592.8359375,95592.8359375,95592.8359375,95592.8359375,0
2026-01-14 14:30:00+00:00,95617.6328125,95617.6328125,95617.6328125,95617.6328125,1896448
2026-01-14 14:31:00+00:00,95600.328125,95600.328125,95600.328125,95600.328125,16158720
2026-01-14 14:32:00+00:00,95459.96875,95459.96875,95459.96875,95459.96875,0
2026-01-14 14:33:00+00:00,95352.71875,95352.71875,95352.71875,95352.71875,0
2026-01-14 14:34:00+00:00,95446.0234375,95446.0234375,95446.0234375,95446.0234375,315105280
2026-01-14 14:35:00+00:00,95516.171875,95516.171875,95516.171875,95516.171875,1054171136
2026-01-14 14:36:00+00:00,95435.0703125,95435.0703125,95435.0703125,95435.0703125,0
2026-01-14 14:37:00+00:00,95480.6953125,95480.6953125,95480.6953125,95480.6953125,42266624
2026-01-14 14:38:00+00:00,95623.7109375,95623.7109375,95623.7109375,95623.7109375,0
2026-01-14 14:39:00+00:00,95822.6015625,95822.6015625,95822.6015625,95822.6015625,7925760
2026-01-14 14:40:00+00:00,95784.0390625,95784.0390625,95784.0390625,95784.0390625,0
2026-01-14 14:41:00+00:00,95874.5625,95874.5625,95874.5625,95874.5625,4689920
2026-01-14 14:43:00+00:00,95912.890625,95912.890625,95912.890625,95912.890625,180228096
2026-01-14 14:44:00+00:00,95913.4921875,95913.4921875,95913.4921875,95913.4921875,31727616
2026-01-14 14:45:00+00:00,95828.78125,95828.78125,95828.78125,95828.78125,21942272
2026-01-14 14:46:00+00:00,95896.0390625,95896.0390625,95896.0390625,95896.0390625,296976384
2026-01-14 14:47:00+00:00,96204.5234375,96204.5234375,96204.5234375,96204.5234375,19406848
2026-01-14 14:48:00+00:00,96354.8671875,96354.8671875,96354.8671875,96354.8671875,105242624
2026-01-14 14:49:00+00:00,96493.546875,96493.546875,96493.546875,96493.546875,0
2026-01-14 14:50:00+00:00,96510.4765625,96510.4765625,96510.4765625,96510.4765625,0
2026-01-14 14:51:00+00:00,96466.703125,96466.703125,96466.703125,96466.703125,61718528
2026-01-14 14:52:00+00:00,96553.8828125,96553.8828125,96553.8828125,96553.8828125,149876736
2026-01-14 14:53:00+00:00,96543.3359375,96543.3359375,96543.3359375,96543.3359375,32968704
2026-01-14 14:54:00+00:00,96625.2109375,96625.2109375,96625.2109375,96625.2109375,13479936
2026-01-14 14:55:00+00:00,96734.7109375,96734.7109375,96734.7109375,96734.7109375,328511488
2026-01-14 14:56:00+00:00,96692.53125,96692.53125,96692.53125,96692.53125,31711232
2026-01-14 14:57:00+00:00,96654.171875,96654.171875,96654.171875,96654.171875,26578944
2026-01-14 14:58:00+00:00,96472.75,96472.75,96472.75,96472.75,702210048
2026-01-14 14:59:00+00:00,96460.421875,96460.421875,96460.421875,96460.421875,29237248
2026-01-14 15:00:00+00:00,96450.109375,96450.109375,96450.109375,96450.109375,41361408
2026-01-14 15:01:00+00:00,96444.3046875,96444.3046875,96444.3046875,96444.3046875,48566272
2026-01-14 15:02:00+00:00,96388.2109375,96388.2109375,96388.2109375,96388.2109375,0
2026-01-14 15:03:00+00:00,96237.953125,96237.953125,96237.953125,96237.953125,13574144
2026-01-14 15:04:00+00:00,96232.4453125,96232.4453125,96232.4453125,96232.4453125,41730048
2026-01-14 15:05:00+00:00,96306.984375,96306.984375,96306.984375,96306.984375,76054528
2026-01-14 15:06:00+00:00,96397.6953125,96397.6953125,96397.6953125,96397.6953125,58998784
2026-01-14 15:07:00+00:00,96569.96875,96569.96875,96569.96875,96569.96875,0
2026-01-14 15:08:00+00:00,96391.5234375,96391.5234375,96391.5234375,96391.5234375,151285760
2026-01-14 15:09:00+00:00,96428.9765625,96428.9765625,96428.9765625,96428.9765625,6381568
2026-01-14 15:10:00+00:00,96432.7890625,96432.7890625,96432.7890625,96432.7890625,290594816
2026-01-14 15:11:00+00:00,96575.1640625,96575.1640625,96575.1640625,96575.1640625,9433088
2026-01-14 15:12:00+00:00,96761.046875,96761.046875,96761.046875,96761.046875,3706880
2026-01-14 15:13:00+00:00,96916.4375,96916.4375,96916.4375,96916.4375,0
2026-01-14 15:14:00+00:00,96984.578125,96984.578125,96984.578125,96984.578125,59781120
2026-01-14 15:15:00+00:00,96946.0625,96946.0625,96946.0625,96946.0625,39198720
2026-01-14 15:16:00+00:00,96904.4375,96904.4375,96904.4375,96904.4375,270610432
2026-01-14 15:17:00+00:00,96853.5390625,96853.5390625,96853.5390625,96853.5390625,26202112
2026-01-14 15:18:00+00:00,96883.609375,96883.609375,96883.609375,96883.609375,37122048
2026-01-14 15:19:00+00:00,96810.96875,96810.96875,96810.96875,96810.96875,237092864
2026-01-14 15:20:00+00:00,96854.7265625,96854.7265625,96854.7265625,96854.7265625,23773184
2026-01-14 15:21:00+00:00,96847.640625,96847.640625,96847.640625,96847.640625,24965120
2026-01-14 15:23:00+00:00,96872.5546875,96872.5546875,96872.5546875,96872.5546875,232980480
2026-01-14 15:24:00+00:00,96810.9140625,96810.9140625,96810.9140625,96810.9140625,4632576
2026-01-14 15:25:00+00:00,96881.078125,96881.078125,96881.078125,96881.078125,199540736
2026-01-14 15:26:00+00:00,96885.7734375,96885.7734375,96885.7734375,96885.7734375,29925376
2026-01-14 15:27:00+00:00,96924.3359375,96924.3359375,96924.3359375,96924.3359375,5611520
2026-01-14 15:28:00+00:00,96871.25,96871.25,96871.25,96871.25,290734080
2026-01-14 15:29:00+00:00,96847.484375,96847.484375,96847.484375,96847.484375,15376384
2026-01-14 15:30:00+00:00,96746.7109375,96746.7109375,96746.7109375,96746.7109375,24989696
2026-01-14 15:31:00+00:00,96721.6953125,96721.6953125,96721.6953125,96721.6953125,421535744
2026-01-14 15:32:00+00:00,96668.4921875,96668.4921875,96668.4921875,96668.4921875,23867392
2026-01-14 15:33:00+00:00,96674.0234375,96674.0234375,96674.0234375,96674.0234375,43073536
2026-01-14 15:34:00+00:00,96749.1328125,96749.1328125,96749.1328125,96749.1328125,0
2026-01-14 15:35:00+00:00,96850.84375,96850.84375,96850.84375,96850.84375,0
2026-01-14 15:36:00+00:00,96850.90625,96850.90625,96850.90625,96850.90625,11292672
2026-01-14 15:37:00+00:00,96752.578125,96752.578125,96752.578125,96752.578125,263180288
2026-01-14 15:38:00+00:00,96594.578125,96594.578125,96594.578125,96594.578125,0
2026-01-14 15:39:00+00:00,96439.7890625,96439.7890625,96439.7890625,96439.7890625,16936960
2026-01-14 15:40:00+00:00,96442.625,96442.625,96442.625,96442.625,0
2026-01-14 15:41:00+00:00,96464.203125,96464.203125,96464.203125,96464.203125,4046848
2026-01-14 15:42:00+00:00,96351.5625,96351.5625,96351.5625,96351.5625,4046848
2026-01-14 15:43:00+00:00,96390.1640625,96390.1640625,96390.1640625,96390.1640625,42409984
2026-01-14 15:44:00+00:00,96348.8671875,96348.8671875,96348.8671875,96348.8671875,5287936
2026-01-14 15:45:00+00:00,96410.0625,96410.0625,96410.0625,96410.0625,7639040
2026-01-14 15:46:00+00:00,96396.8203125,96396.8203125,96396.8203125,96396.8203125,8916992
2026-01-14 15:47:00+00:00,96479.6640625,96479.6640625,96479.6640625,96479.6640625,0
2026-01-14 15:48:00+00:00,96549.9921875,96549.9921875,96549.9921875,96549.9921875,17743872
2026-01-14 15:49:00+00:00,96576.2421875,96576.2421875,96576.2421875,96576.2421875,6889472
2026-01-14 15:50:00+00:00,96610.1328125,96610.1328125,96610.1328125,96610.1328125,6938624
2026-01-14 15:51:00+00:00,96603.2578125,96603.2578125,96603.2578125,96603.2578125,7196672
2026-01-14 15:52:00+00:00,96538.1015625,96538.1015625,96538.1015625,96538.1015625,76324864
2026-01-14 15:53:00+00:00,96513.4765625,96513.4765625,96513.4765625,96513.4765625,2928640
2026-01-14 15:54:00+00:00,96651.0,96651.0,96651.0,96651.0,7770112
2026-01-14 15:55:00+00:00,96728.671875,96728.671875,96728.671875,96728.671875,146964480
2026-01-14 15:56:00+00:00,96791.1640625,96791.1640625,96791.1640625,96791.1640625,0
2026-01-14 15:57:00+00:00,96746.6328125,96746.6328125,96746.6328125,96746.6328125,0
2026-01-14 15:58:00+00:00,96745.9296875,96745.9296875,96745.9296875,96745.9296875,127991808
2026-01-14 15:59:00+00:00,96710.59375,96710.59375,96710.59375,96710.59375,0
2026-01-14 16:00:00+00:00,96699.578125,96699.578125,96699.578125,96699.578125,7815168
2026-01-14 16:01:00+00:00,96768.484375,96768.484375,96768.484375,96768.484375,0
2026-01-14 16:02:00+00:00,96785.2421875,96785.2421875,96785.2421875,96785.2421875,20475904
2026-01-14 16:03:00+00:00,96902.484375,96902.484375,96902.484375,96902.484375,0
2026-01-14 16:04:00+00:00,97002.390625,97002.390625,97002.390625,97002.390625,0
2026-01-14 16:05:00+00:00,96971.9140625,96971.9140625,96971.9140625,96971.9140625,0
2026-01-14 16:06:00+00:00,96953.2890625,96953.2890625,96953.2890625,96953.2890625,24326144
2026-01-14 16:08:00+00:00,96925.9609375,96925.9609375,96925.9609375,96925.9609375,0
2026-01-14 16:09:00+00:00,97033.8671875,97033.8671875,97033.8671875,97033.8671875,0
2026-01-14 16:10:00+00:00,97233.75,97233.75,97233.75,97233.75,153825280
2026-01-14 16:11:00+00:00,97293.65625,97293.65625,97293.65625,97293.65625,36290560
2026-01-14 16:13:00+00:00,97379.78125,97379.78125,97379.78125,97379.78125,185556992
2026-01-14 16:14:00+00:00,97463.875,97463.875,97463.875,97463.875,28262400
2026-01-14 16:15:00+00:00,97364.6171875,97364.6171875,97364.6171875,97364.6171875,16084992
2026-01-14 16:16:00+00:00,97440.4609375,97440.4609375,97440.4609375,97440.4609375,23613440
2026-01-14 16:17:00+00:00,97312.328125,97312.328125,97312.328125,97312.328125,8052736
2026-01-14 16:18:00+00:00,97219.7109375,97219.7109375,97219.7109375,97219.7109375,0
2026-01-14 16:19:00+00:00,97192.5,97192.5,97192.5,97192.5,0
2026-01-14 16:20:00+00:00,97227.0859375,97227.0859375,97227.0859375,97227.0859375,0
2026-01-14 16:21:00+00:00,97315.0703125,97315.0703125,97315.0703125,97315.0703125,0
2026-01-14 16:22:00+00:00,97339.4296875,97339.4296875,97339.4296875,97339.4296875,153563136
2026-01-14 16:23:00+00:00,97275.6015625,97275.6015625,97275.6015625,97275.6015625,16961536
2026-01-14 16:24:00+00:00,97181.6484375,97181.6484375,97181.6484375,97181.6484375,5242880
2026-01-14 16:25:00+00:00,97163.21875,97163.21875,97163.21875,97163.21875,71811072
2026-01-14 16:26:00+00:00,97202.890625,97202.890625,97202.890625,97202.890625,0
2026-01-14 16:27:00+00:00,97226.2890625,97226.2890625,97226.2890625,97226.2890625,9474048
2026-01-14 16:28:00+00:00,97231.6171875,97231.6171875,97231.6171875,97231.6171875,1465782272
2026-01-14 16:29:00+00:00,97233.1953125,97233.1953125,97233.1953125,97233.1953125,81539072
2026-01-14 16:30:00+00:00,97243.7734375,97243.7734375,97243.7734375,97243.7734375,4313088
2026-01-14 16:31:00+00:00,97256.1953125,97256.1953125,97256.1953125,97256.1953125,296337408
2026-01-14 16:32:00+00:00,97433.6875,97433.6875,97433.6875,97433.6875,9302016
2026-01-14 16:33:00+00:00,97399.5859375,97399.5859375,97399.5859375,97399.5859375,0
2026-01-14 16:34:00+00:00,97361.953125,97361.953125,97361.953125,97361.953125,103243776
2026-01-14 16:35:00+00:00,97164.328125,97164.328125,97164.328125,97164.328125,17596416
2026-01-14 16:36:00+00:00,97020.0546875,97020.0546875,97020.0546875,97020.0546875,0
2026-01-14 16:37:00+00:00,97142.2109375,97142.2109375,97142.2109375,97142.2109375,129310720
2026-01-14 16:38:00+00:00,97238.2421875,97238.2421875,97238.2421875,97238.2421875,0
2026-01-14 16:39:00+00:00,97312.359375,97312.359375,97312.359375,97312.359375,0
2026-01-14 16:40:00+00:00,97473.9921875,97473.9921875,97473.9921875,97473.9921875,21147648
2026-01-14 16:41:00+00:00,97461.84375,97461.84375,97461.84375,97461.84375,1027104768
2026-01-14 16:42:00+00:00,97462.515625,97462.515625,97462.515625,97462.515625,28258304
2026-01-14 16:43:00+00:00,97467.2421875,97467.2421875,97467.2421875,97467.2421875,0
2026-01-14 16:44:00+00:00,97498.265625,97498.265625,97498.265625,97498.265625,22126592
2026-01-14 16:45:00+00:00,97457.3046875,97457.3046875,97457.3046875,97457.3046875,37212160
2026-01-14 16:46:00+00:00,97514.734375,97514.734375,97514.734375,97514.734375,228769792
2026-01-14 16:47:00+00:00,97471.203125,97471.203125,97471.203125,97471.203125,0
2026-01-14 16:49:00+00:00,97566.859375,97566.859375,97566.859375,97566.859375,159547392
2026-01-14 16:50:00+00:00,97477.1953125,97477.1953125,97477.1953125,97477.1953125,2691072
2026-01-14 16:51:00+00:00,97464.828125,97464.828125,97464.828125,97464.828125,29794304
2026-01-14 16:52:00+00:00,97437.1796875,97437.1796875,97437.1796875,97437.1796875,25210880
2026-01-14 16:53:00+00:00,97448.859375,97448.859375,97448.859375,97448.859375,0
2026-01-14 16:54:00+00:00,97475.6796875,97475.6796875,97475.6796875,97475.6796875,31817728
2026-01-14 16:55:00+00:00,97445.21875,97445.21875,97445.21875,97445.21875,274710528
2026-01-14 16:56:00+00:00,97331.9375,97331.9375,97331.9375,97331.9375,28430336
2026-01-14 16:57:00+00:00,97220.5859375,97220.5859375,97220.5859375,97220.5859375,5578752
2026-01-14 16:58:00+00:00,97153.671875,97153.671875,97153.671875,97153.671875,0
2026-01-14 16:59:00+00:00,97212.4921875,97212.4921875,97212.4921875,97212.4921875,438272
2026-01-14 17:00:00+00:00,97245.53125,97245.53125,97245.53125,97245.53125,27250688
2026-01-14 17:02:00+00:00,97252.890625,97252.890625,97252.890625,97252.890625,0
2026-01-14 17:03:00+00:00,97343.9765625,97343.9765625,97343.9765625,97343.9765625,9830400
2026-01-14 17:04:00+00:00,97458.1015625,97458.1015625,97458.1015625,97458.1015625,162754560
2026-01-14 17:05:00+00:00,97375.8203125,97375.8203125,97375.8203125,97375.8203125,16044032
2026-01-14 17:06:00+00:00,97480.75,97480.75,97480.75,97480.75,12025856
2026-01-14 17:07:00+00:00,97514.125,97514.125,97514.125,97514.125,102608896
2026-01-14 17:08:00+00:00,97560.0390625,97560.0390625,97560.0390625,97560.0390625,10534912
2026-01-14 17:09:00+00:00,97560.0390625,97560.0390625,97560.0390625,97560.0390625,0
2026-01-14 17:10:00+00:00,97614.7265625,97614.7265625,97614.7265625,97614.7265625,27701248
2026-01-14 17:11:00+00:00,97604.46875,97604.46875,97604.46875,97604.46875,0
2026-01-14 17:12:00+00:00,97656.9609375,97656.9609375,97656.9609375,97656.9609375,15290368
2026-01-14 17:13:00+00:00,97625.953125,97625.953125,97625.953125,97625.953125,295845888
2026-01-14 17:14:00+00:00,97703.515625,97703.515625,97703.515625,97703.515625,28577792
2026-01-14 17:15:00+00:00,97671.90625,97671.90625,97671.90625,97671.90625,18825216
2026-01-14 17:16:00+00:00,97695.9296875,97695.9296875,97695.9296875,97695.9296875,465952768
2026-01-14 17:17:00+00:00,97694.5234375,97694.5234375,97694.5234375,97694.5234375,11010048
2026-01-14 17:18:00+00:00,97747.125,97747.125,97747.125,97747.125,18870272
2026-01-14 17:19:00+00:00,97586.109375,97586.109375,97586.109375,97586.109375,132890624
2026-01-14 17:20:00+00:00,97643.5703125,97643.5703125,97643.5703125,97643.5703125,21307392
2026-01-14 17:21:00+00:00,97667.2265625,97667.2265625,97667.2265625,97667.2265625,16969728
2026-01-14 17:22:00+00:00,97614.34375,97614.34375,97614.34375,97614.34375,153153536
2026-01-14 17:23:00+00:00,97641.546875,97641.546875,97641.546875,97641.546875,0
2026-01-14 17:24:00+00:00,97646.71875,97646.71875,97646.71875,97646.71875,0
2026-01-14 17:25:00+00:00,97606.796875,97606.796875,97606.796875,97606.796875,68677632
2026-01-14 17:26:00+00:00,97617.5859375,97617.5859375,97617.5859375,97617.5859375,115310592
2026-01-14 17:27:00+00:00,97659.421875,97659.421875,97659.421875,97659.421875,9785344
2026-01-14 17:28:00+00:00,97690.9453125,97690.9453125,97690.9453125,97690.9453125,74637312
2026-01-14 17:29:00+00:00,97626.546875,97626.546875,97626.546875,97626.546875,0
2026-01-14 17:30:00+00:00,97581.5703125,97581.5703125,97581.5703125,97581.5703125,28303360
2026-01-14 17:31:00+00:00,97438.7265625,97438.7265625,97438.7265625,97438.7265625,0
2026-01-14 17:32:00+00:00,97451.453125,97451.453125,97451.453125,97451.453125,3248128
2026-01-14 17:33:00+00:00,97370.8359375,97370.8359375,97370.8359375,97370.8359375,6914048
2026-01-14 17:34:00+00:00,97256.25,97256.25,97256.25,97256.25,73023488
2026-01-14 17:35:00+00:00,97106.7578125,97106.7578125,97106.7578125,97106.7578125,16392192
2026-01-14 17:36:00+00:00,96967.125,96967.125,96967.125,96967.125,17551360
2026-01-14 17:37:00+00:00,96953.3515625,96953.3515625,96953.3515625,96953.3515625,159674368
2026-01-14 17:39:00+00:00,96918.484375,96918.484375,96918.484375,96918.484375,45334528
2026-01-14 17:40:00+00:00,96894.046875,96894.046875,96894.046875,96894.046875,158576640
2026-01-14 17:42:00+00:00,97077.5390625,97077.5390625,97077.5390625,97077.5390625,40222720
2026-01-14 17:43:00+00:00,97077.5390625,97077.5390625,97077.5390625,97077.5390625,0
2026-01-14 17:44:00+00:00,97176.53125,97176.53125,97176.53125,97176.53125,0
2026-01-14 17:45:00+00:00,97195.59375,97195.59375,97195.59375,97195.59375,44806144
2026-01-14 17:46:00+00:00,97189.359375,97189.359375,97189.359375,97189.359375,277512192
2026-01-14 17:47:00+00:00,97314.6328125,97314.6328125,97314.6328125,97314.6328125,9719808
2026-01-14 17:48:00+00:00,97331.3203125,97331.3203125,97331.3203125,97331.3203125,12341248
2026-01-14 17:49:00+00:00,97416.71875,97416.71875,97416.71875,97416.71875,54931456
2026-01-14 17:50:00+00:00,97360.46875,97360.46875,97360.46875,97360.46875,20111360
2026-01-14 17:51:00+00:00,97148.609375,97148.609375,97148.609375,97148.609375,0
2026-01-14 17:52:00+00:00,97062.4609375,97062.4609375,97062.4609375,97062.4609375,429776896
2026-01-14 17:53:00+00:00,96978.5625,96978.5625,96978.5625,96978.5625,0
2026-01-14 17:55:00+00:00,96967.6640625,96967.6640625,96967.6640625,96967.6640625,135131136
2026-01-14 17:56:00+00:00,96928.3203125,96928.3203125,96928.3203125,96928.3203125,108494848
2026-01-14 17:57:00+00:00,97027.5625,97027.5625,97027.5625,97027.5625,11874304
2026-01-14 17:58:00+00:00,97012.3125,97012.3125,97012.3125,97012.3125,158920704
2026-01-14 17:59:00+00:00,96941.90625,96941.90625,96941.90625,96941.90625,0
2026-01-14 18:00:00+00:00,96953.8359375,96953.8359375,96953.8359375,96953.8359375,44576768
2026-01-14 18:01:00+00:00,96872.4296875,96872.4296875,96872.4296875,96872.4296875,0
2026-01-14 18:02:00+00:00,96931.4296875,96931.4296875,96931.4296875,96931.4296875,0
2026-01-14 18:03:00+00:00,97015.2421875,97015.2421875,97015.2421875,97015.2421875,7696384
2026-01-14 18:04:00+00:00,96891.4765625,96891.4765625,96891.4765625,96891.4765625,56619008
2026-01-14 18:06:00+00:00,97028.3046875,97028.3046875,97028.3046875,97028.3046875,0
2026-01-14 18:07:00+00:00,97085.6171875,97085.6171875,97085.6171875,97085.6171875,18079744
2026-01-14 18:08:00+00:00,97086.8515625,97086.8515625,97086.8515625,97086.8515625,3280896
2026-01-14 18:09:00+00:00,97032.4921875,97032.4921875,97032.4921875,97032.4921875,8531968
2026-01-14 18:10:00+00:00,97066.671875,97066.671875,97066.671875,97066.671875,40529920
2026-01-14 18:11:00+00:00,97018.8515625,97018.8515625,97018.8515625,97018.8515625,7852032
2026-01-14 18:12:00+00:00,96942.7109375,96942.7109375,96942.7109375,96942.7109375,4313088
2026-01-14 18:14:00+00:00,96720.921875,96720.921875,96720.921875,96720.921875,55664640
2026-01-14 18:15:00+00:00,96761.140625,96761.140625,96761.140625,96761.140625,0
2026-01-14 18:16:00+00:00,96710.1953125,96710.1953125,96710.1953125,96710.1953125,0
2026-01-14 18:17:00+00:00,96749.265625,96749.265625,96749.265625,96749.265625,39653376
2026-01-14 18:18:00+00:00,96780.6953125,96780.6953125,96780.6953125,96780.6953125,5136384
2026-01-14 18:19:00+00:00,96825.6640625,96825.6640625,96825.6640625,96825.6640625,0
2026-01-14 18:20:00+00:00,96854.375,96854.375,96854.375,96854.375,11898880
2026-01-14 18:21:00+00:00,96859.9296875,96859.9296875,96859.9296875,96859.9296875,0
2026-01-14 18:23:00+00:00,96864.4296875,96864.4296875,96864.4296875,96864.4296875,0
2026-01-14 18:24:00+00:00,96892.7578125,96892.7578125,96892.7578125,96892.7578125,0
2026-01-14 18:25:00+00:00,96957.265625,96957.265625,96957.265625,96957.265625,50933760
2026-01-14 18:26:00+00:00,96982.609375,96982.609375,96982.609375,96982.609375,1002336256
2026-01-14 18:27:00+00:00,96983.6015625,96983.6015625,96983.6015625,96983.6015625,29618176
2026-01-14 18:28:00+00:00,96970.8671875,96970.8671875,96970.8671875,96970.8671875,282513408
2026-01-14 18:29:00+00:00,96973.7265625,96973.7265625,96973.7265625,96973.7265625,2031616
2026-01-14 18:30:00+00:00,97050.6796875,97050.6796875,97050.6796875,97050.6796875,7000064
2026-01-14 18:31:00+00:00,96995.203125,96995.203125,96995.203125,96995.203125,0
2026-01-14 18:32:00+00:00,96947.1328125,96947.1328125,96947.1328125,96947.1328125,0
2026-01-14 18:33:00+00:00,96771.9140625,96771.9140625,96771.9140625,96771.9140625,0
2026-01-14 18:34:00+00:00,96556.4609375,96556.4609375,96556.4609375,96556.4609375,6111232
2026-01-14 18:35:00+00:00,96508.5234375,96508.5234375,96508.5234375,96508.5234375,0
2026-01-14 18:36:00+00:00,96456.125,96456.125,96456.125,96456.125,25579520
2026-01-14 18:37:00+00:00,96470.84375,96470.84375,96470.84375,96470.84375,0
2026-01-14 18:38:00+00:00,96420.4375,96420.4375,96420.4375,96420.4375,9424896
2026-01-14 18:39:00+00:00,96376.3203125,96376.3203125,96376.3203125,96376.3203125,6344704
2026-01-14 18:40:00+00:00,96330.5703125,96330.5703125,96330.5703125,96330.5703125,267067392
2026-01-14 18:41:00+00:00,96383.890625,96383.890625,96383.890625,96383.890625,23543808
2026-01-14 18:42:00+00:00,96425.4453125,96425.4453125,96425.4453125,96425.4453125,53776384
2026-01-14 18:43:00+00:00,96518.4609375,96518.4609375,96518.4609375,96518.4609375,100892672
2026-01-14 18:44:00+00:00,96461.8125,96461.8125,96461.8125,96461.8125,12636160
2026-01-14 18:45:00+00:00,96384.15625,96384.15625,96384.15625,96384.15625,0
2026-01-14 18:46:00+00:00,96295.0625,96295.0625,96295.0625,96295.0625,62959616
2026-01-14 18:47:00+00:00,96461.890625,96461.890625,96461.890625,96461.890625,14520320
2026-01-14 18:48:00+00:00,96555.734375,96555.734375,96555.734375,96555.734375,0
2026-01-14 18:49:00+00:00,96557.609375,96557.609375,96557.609375,96557.609375,54714368
2026-01-14 18:50:00+00:00,96667.8984375,96667.8984375,96667.8984375,96667.8984375,0
2026-01-14 18:51:00+00:00,96677.734375,96677.734375,96677.734375,96677.734375,2326528
2026-01-14 18:52:00+00:00,96738.8984375,96738.8984375,96738.8984375,96738.8984375,52015104
2026-01-14 18:53:00+00:00,96791.7421875,96791.7421875,96791.7421875,96791.7421875,0
2026-01-14 18:54:00+00:00,96758.75,96758.75,96758.75,96758.75,18542592
2026-01-14 18:55:00+00:00,96772.859375,96772.859375,96772.859375,96772.859375,0
2026-01-14 18:56:00+00:00,96853.140625,96853.140625,96853.140625,96853.140625,294072320
2026-01-14 18:57:00+00:00,96816.3984375,96816.3984375,96816.3984375,96816.3984375,3661824
2026-01-14 18:58:00+00:00,96844.9296875,96844.9296875,96844.9296875,96844.9296875,40001536
2026-01-14 18:59:00+00:00,96835.984375,96835.984375,96835.984375,96835.984375,2150400
2026-01-14 19:00:00+00:00,96801.8359375,96801.8359375,96801.8359375,96801.8359375,0
2026-01-14 19:01:00+00:00,96747.1171875,96747.1171875,96747.1171875,96747.1171875,0
2026-01-14 19:02:00+00:00,96721.109375,96721.109375,96721.109375,96721.109375,0
2026-01-14 19:03:00+00:00,96694.8359375,96694.8359375,96694.8359375,96694.8359375,0
2026-01-14 19:04:00+00:00,96713.3984375,96713.3984375,96713.3984375,96713.3984375,5345280
2026-01-14 19:05:00+00:00,96767.984375,96767.984375,96767.984375,96767.984375,0
2026-01-14 19:06:00+00:00,96716.765625,96716.765625,96716.765625,96716.765625,0
2026-01-14 19:07:00+00:00,96777.65625,96777.65625,96777.65625,96777.65625,285044736
2026-01-14 19:08:00+00:00,96753.65625,96753.65625,96753.65625,96753.65625,0
2026-01-14 19:09:00+00:00,96807.203125,96807.203125,96807.203125,96807.203125,52436992
2026-01-14 19:10:00+00:00,96895.109375,96895.109375,96895.109375,96895.109375,72318976
2026-01-14 19:11:00+00:00,96913.828125,96913.828125,96913.828125,96913.828125,0
2026-01-14 19:12:00+00:00,96880.4765625,96880.4765625,96880.4765625,96880.4765625,27971584
2026-01-14 19:13:00+00:00,96845.1328125,96845.1328125,96845.1328125,96845.1328125,68403200
2026-01-14 19:14:00+00:00,96839.328125,96839.328125,96839.328125,96839.328125,3145728
2026-01-14 19:15:00+00:00,96951.03125,96951.03125,96951.03125,96951.03125,4382720
2026-01-14 19:16:00+00:00,97006.5703125,97006.5703125,97006.5703125,97006.5703125,8962048
2026-01-14 19:17:00+00:00,97061.8046875,97061.8046875,97061.8046875,97061.8046875,0
2026-01-14 19:18:00+00:00,97066.953125,97066.953125,97066.953125,97066.953125,22646784
2026-01-14 19:19:00+00:00,97087.828125,97087.828125,97087.828125,97087.828125,89829376
2026-01-14 19:20:00+00:00,97123.984375,97123.984375,97123.984375,97123.984375,4194304
2026-01-14 19:21:00+00:00,97194.3125,97194.3125,97194.3125,97194.3125,544768
2026-01-14 19:22:00+00:00,97128.1484375,97128.1484375,97128.1484375,97128.1484375,94334976
2026-01-14 19:23:00+00:00,97202.03125,97202.03125,97202.03125,97202.03125,8732672
2026-01-14 19:24:00+00:00,97312.359375,97312.359375,97312.359375,97312.359375,3715072
2026-01-14 19:25:00+00:00,97314.3046875,97314.3046875,97314.3046875,97314.3046875,64901120
2026-01-14 19:26:00+00:00,97312.265625,97312.265625,97312.265625,97312.265625,16228352
2026-01-14 19:27:00+00:00,97312.59375,97312.59375,97312.59375,97312.59375,0
2026-01-14 19:28:00+00:00,97355.3203125,97355.3203125,97355.3203125,97355.3203125,399720448
2026-01-14 19:29:00+00:00,97369.0390625,97369.0390625,97369.0390625,97369.0390625,37765120
2026-01-14 19:30:00+00:00,97519.5234375,97519.5234375,97519.5234375,97519.5234375,20037632
2026-01-14 19:31:00+00:00,97368.9453125,97368.9453125,97368.9453125,97368.9453125,0
2026-01-14 19:32:00+00:00,97321.3046875,97321.3046875,97321.3046875,97321.3046875,18432000
2026-01-14 19:33:00+00:00,97305.0703125,97305.0703125,97305.0703125,97305.0703125,5185536
2026-01-14 19:35:00+00:00,97276.078125,97276.078125,97276.078125,97276.078125,84426752
2026-01-14 19:36:00+00:00,97209.9453125,97209.9453125,97209.9453125,97209.9453125,0
2026-01-14 19:37:00+00:00,97150.359375,97150.359375,97150.359375,97150.359375,54091776
2026-01-14 19:38:00+00:00,97127.9921875,97127.9921875,97127.9921875,97127.9921875,0
2026-01-14 19:39:00+00:00,97200.109375,97200.109375,97200.109375,97200.109375,0
2026-01-14 19:40:00+00:00,97291.5859375,97291.5859375,97291.5859375,97291.5859375,0
2026-01-14 19:41:00+00:00,97419.4609375,97419.4609375,97419.4609375,97419.4609375,14417920
2026-01-14 19:42:00+00:00,97379.4453125,97379.4453125,97379.4453125,97379.4453125,4915200
2026-01-14 19:43:00+00:00,97355.8671875,97355.8671875,97355.8671875,97355.8671875,338108416
2026-01-14 19:44:00+00:00,97368.03125,97368.03125,97368.03125,97368.03125,6152192
2026-01-14 19:45:00+00:00,97366.5546875,97366.5546875,97366.5546875,97366.5546875,0
2026-01-14 19:46:00+00:00,97357.59375,97357.59375,97357.59375,97357.59375,0
2026-01-14 19:47:00+00:00,97357.59375,97357.59375,97357.59375,97357.59375,0
2026-01-14 19:48:00+00:00,97357.59375,97357.59375,97357.59375,97357.59375,0
2026-01-14 19:49:00+00:00,97397.6015625,97397.6015625,97397.6015625,97397.6015625,0
2026-01-14 19:50:00+00:00,97430.0,97430.0,97430.0,97430.0,3342336
2026-01-14 19:51:00+00:00,97435.6171875,97435.6171875,97435.6171875,97435.6171875,466944
2026-01-14 19:52:00+00:00,97489.3984375,97489.3984375,97489.3984375,97489.3984375,12247040
2026-01-14 19:53:00+00:00,97357.9140625,97357.9140625,97357.9140625,97357.9140625,0
2026-01-14 19:54:00+00:00,97275.828125,97275.828125,97275.828125,97275.828125,0
2026-01-14 19:55:00+00:00,97292.5703125,97292.5703125,97292.5703125,97292.5703125,0
2026-01-14 19:56:00+00:00,97222.65625,97222.65625,97222.65625,97222.65625,0
2026-01-14 19:57:00+00:00,97228.2421875,97228.2421875,97228.2421875,97228.2421875,0
2026-01-14 19:58:00+00:00,97274.1875,97274.1875,97274.1875,97274.1875,0
2026-01-14 20:00:00+00:00,97244.59375,97244.59375,97244.59375,97244.59375,0
2026-01-14 20:01:00+00:00,97248.3984375,97248.3984375,97248.3984375,97248.3984375,40898560
2026-01-14 20:02:00+00:00,97221.5078125,97221.5078125,97221.5078125,97221.5078125,763568128
2026-01-14 20:03:00+00:00,97296.5078125,97296.5078125,97296.5078125,97296.5078125,70721536
2026-01-14 20:04:00+00:00,97279.296875,97279.296875,97279.296875,97279.296875,268263424
2026-01-14 20:05:00+00:00,97309.1484375,97309.1484375,97309.1484375,97309.1484375,9527296
2026-01-14 20:06:00+00:00,97418.7578125,97418.7578125,97418.7578125,97418.7578125,11190272
2026-01-14 20:07:00+00:00,97519.0,97519.0,97519.0,97519.0,0
2026-01-14 20:08:00+00:00,97603.9296875,97603.9296875,97603.9296875,97603.9296875,28827648
2026-01-14 20:09:00+00:00,97607.5078125,97607.5078125,97607.5078125,97607.5078125,10866688
2026-01-14 20:10:00+00:00,97635.21875,97635.21875,97635.21875,97635.21875,0
2026-01-14 20:11:00+00:00,97682.0546875,97682.0546875,97682.0546875,97682.0546875,0
2026-01-14 20:12:00+00:00,97860.6015625,97860.6015625,97860.6015625,97860.6015625,1785856
2026-01-14 20:13:00+00:00,97586.671875,97586.671875,97586.671875,97586.671875,113201152
2026-01-14 20:14:00+00:00,97721.6875,97721.6875,97721.6875,97721.6875,12230656
2026-01-14 20:15:00+00:00,97645.265625,97645.265625,97645.265625,97645.265625,6496256
2026-01-14 20:16:00+00:00,97543.359375,97543.359375,97543.359375,97543.359375,8810496
2026-01-14 20:17:00+00:00,97459.6015625,97459.6015625,97459.6015625,97459.6015625,0
2026-01-14 20:18:00+00:00,97451.1953125,97451.1953125,97451.1953125,97451.1953125,8519680
2026-01-14 20:19:00+00:00,97533.7734375,97533.7734375,97533.7734375,97533.7734375,349585408
2026-01-14 20:20:00+00:00,97572.1875,97572.1875,97572.1875,97572.1875,3031040
2026-01-14 20:21:00+00:00,97499.3828125,97499.3828125,97499.3828125,97499.3828125,0
2026-01-14 20:22:00+00:00,97538.0859375,97538.0859375,97538.0859375,97538.0859375,0
2026-01-14 20:23:00+00:00,97583.796875,97583.796875,97583.796875,97583.796875,3059712
2026-01-14 20:24:00+00:00,97592.9296875,97592.9296875,97592.9296875,97592.9296875,0
2026-01-14 20:25:00+00:00,97551.875,97551.875,97551.875,97551.875,9367552
2026-01-14 20:26:00+00:00,97382.0078125,97382.0078125,97382.0078125,97382.0078125,0
2026-01-14 20:27:00+00:00,97449.65625,97449.65625,97449.65625,97449.65625,1200128
2026-01-14 20:28:00+00:00,97405.859375,97405.859375,97405.859375,97405.859375,0
2026-01-14 20:29:00+00:00,97304.4375,97304.4375,97304.4375,97304.4375,0
2026-01-14 20:30:00+00:00,97349.6015625,97349.6015625,97349.6015625,97349.6015625,692224
2026-01-14 20:31:00+00:00,97384.484375,97384.484375,97384.484375,97384.484375,0
2026-01-14 20:32:00+00:00,97444.3203125,97444.3203125,97444.3203125,97444.3203125,0
2026-01-14 20:33:00+00:00,97447.953125,97447.953125,97447.953125,97447.953125,0
2026-01-14 20:34:00+00:00,97538.3046875,97538.3046875,97538.3046875,97538.3046875,216809472
2026-01-14 20:35:00+00:00,97501.640625,97501.640625,97501.640625,97501.640625,92975104
2026-01-14 20:36:00+00:00,97473.203125,97473.203125,97473.203125,97473.203125,0
2026-01-14 20:37:00+00:00,97489.2734375,97489.2734375,97489.2734375,97489.2734375,0
2026-01-14 20:38:00+00:00,97501.5,97501.5,97501.5,97501.5,0
2026-01-14 20:39:00+00:00,97612.7109375,97612.7109375,97612.7109375,97612.7109375,0
2026-01-14 20:40:00+00:00,97735.1171875,97735.1171875,97735.1171875,97735.1171875,0
2026-01-14 20:41:00+00:00,97676.3984375,97676.3984375,97676.3984375,97676.3984375,648347648
2026-01-14 20:42:00+00:00,97645.25,97645.25,97645.25,97645.25,287789056
2026-01-14 20:43:00+00:00,97624.5,97624.5,97624.5,97624.5,3969024
2026-01-14 20:44:00+00:00,97592.96875,97592.96875,97592.96875,97592.96875,0
2026-01-14 20:45:00+00:00,97576.9296875,97576.9296875,97576.9296875,97576.9296875,0
2026-01-14 20:46:00+00:00,97540.140625,97540.140625,97540.140625,97540.140625,0
2026-01-14 20:47:00+00:00,97555.34375,97555.34375,97555.34375,97555.34375,0
2026-01-14 20:48:00+00:00,97569.4765625,97569.4765625,97569.4765625,97569.4765625,6631424
2026-01-14 20:49:00+00:00,97501.9296875,97501.9296875,97501.9296875,97501.9296875,106872832
2026-01-14 20:50:00+00:00,97476.4921875,97476.4921875,97476.4921875,97476.4921875,0
2026-01-14 20:51:00+00:00,97448.03125,97448.03125,97448.03125,97448.03125,0
2026-01-14 20:52:00+00:00,97438.921875,97438.921875,97438.921875,97438.921875,778240
2026-01-14 20:53:00+00:00,97463.7578125,97463.7578125,97463.7578125,97463.7578125,0
2026-01-14 20:54:00+00:00,97522.4609375,97522.4609375,97522.4609375,97522.4609375,1904640
2026-01-14 20:55:00+00:00,97535.1015625,97535.1015625,97535.1015625,97535.1015625,0
2026-01-14 20:56:00+00:00,97535.890625,97535.890625,97535.890625,97535.890625,298299392
2026-01-14 20:57:00+00:00,97521.9765625,97521.9765625,97521.9765625,97521.9765625,10829824
2026-01-14 20:58:00+00:00,97555.140625,97555.140625,97555.140625,97555.140625,0
2026-01-14 20:59:00+00:00,97585.109375,97585.109375,97585.109375,97585.109375,0
2026-01-14 21:00:00+00:00,97641.6953125,97641.6953125,97641.6953125,97641.6953125,11960320
2026-01-14 21:01:00+00:00,97525.171875,97525.171875,97525.171875,97525.171875,0
2026-01-14 21:02:00+00:00,97448.828125,97448.828125,97448.828125,97448.828125,0
2026-01-14 21:03:00+00:00,97481.4375,97481.4375,97481.4375,97481.4375,0
2026-01-14 21:04:00+00:00,97540.3359375,97540.3359375,97540.3359375,97540.3359375,221376512
2026-01-14 21:05:00+00:00,97545.3046875,97545.3046875,97545.3046875,97545.3046875,0
2026-01-14 21:06:00+00:00,97558.984375,97558.984375,97558.984375,97558.984375,265719808
2026-01-14 21:07:00+00:00,97565.3984375,97565.3984375,97565.3984375,97565.3984375,0
2026-01-14 21:08:00+00:00,97607.2890625,97607.2890625,97607.2890625,97607.2890625,0
2026-01-14 21:09:00+00:00,97550.4921875,97550.4921875,97550.4921875,97550.4921875,0
2026-01-14 21:10:00+00:00,97483.6015625,97483.6015625,97483.6015625,97483.6015625,11608064
2026-01-14 21:11:00+00:00,97485.5234375,97485.5234375,97485.5234375,97485.5234375,0
2026-01-14 21:12:00+00:00,97488.8984375,97488.8984375,97488.8984375,97488.8984375,0
2026-01-14 21:14:00+00:00,97502.890625,97502.890625,97502.890625,97502.890625,0
2026-01-14 21:15:00+00:00,97488.109375,97488.109375,97488.109375,97488.109375,288112640
2026-01-14 21:16:00+00:00,97484.9375,97484.9375,97484.9375,97484.9375,0
2026-01-14 21:17:00+00:00,97494.0390625,97494.0390625,97494.0390625,97494.0390625,0
2026-01-14 21:18:00+00:00,97536.453125,97536.453125,97536.453125,97536.453125,5967872
2026-01-14 21:19:00+00:00,97582.6015625,97582.6015625,97582.6015625,97582.6015625,0
2026-01-14 21:20:00+00:00,97527.625,97527.625,97527.625,97527.625,0
2026-01-14 21:21:00+00:00,97511.7890625,97511.7890625,97511.7890625,97511.7890625,0
2026-01-14 21:22:00+00:00,97514.46875,97514.46875,97514.46875,97514.46875,135856128
2026-01-14 21:23:00+00:00,97542.3984375,97542.3984375,97542.3984375,97542.3984375,0
2026-01-14 21:24:00+00:00,97579.2890625,97579.2890625,97579.2890625,97579.2890625,0
2026-01-14 21:25:00+00:00,97580.6015625,97580.6015625,97580.6015625,97580.6015625,0
2026-01-14 21:26:00+00:00,97524.9140625,97524.9140625,97524.9140625,97524.9140625,280694784
2026-01-14 21:27:00+00:00,97558.9765625,97558.9765625,97558.9765625,97558.9765625,0
2026-01-14 21:29:00+00:00,97591.5703125,97591.5703125,97591.5703125,97591.5703125,18997248
2026-01-14 21:30:00+00:00,97584.015625,97584.015625,97584.015625,97584.015625,293842944
2026-01-14 21:31:00+00:00,97614.7109375,97614.7109375,97614.7109375,97614.7109375,0
2026-01-14 21:32:00+00:00,97679.1953125,97679.1953125,97679.1953125,97679.1953125,0
2026-01-14 21:34:00+00:00,97679.9296875,97679.9296875,97679.9296875,97679.9296875,0
2026-01-14 21:35:00+00:00,97669.28125,97669.28125,97669.28125,97669.28125,0
2026-01-14 21:36:00+00:00,97669.1171875,97669.1171875,97669.1171875,97669.1171875,9461760
2026-01-14 21:37:00+00:00,97658.296875,97658.296875,97658.296875,97658.296875,253009920
2026-01-14 21:38:00+00:00,97626.0859375,97626.0859375,97626.0859375,97626.0859375,2093056
2026-01-14 21:39:00+00:00,97686.171875,97686.171875,97686.171875,97686.171875,0
2026-01-14 21:40:00+00:00,97658.203125,97658.203125,97658.203125,97658.203125,0
2026-01-14 21:41:00+00:00,97633.9921875,97633.9921875,97633.9921875,97633.9921875,284364800
2026-01-14 21:42:00+00:00,97597.4296875,97597.4296875,97597.4296875,97597.4296875,0
2026-01-14 21:43:00+00:00,97537.7109375,97537.7109375,97537.7109375,97537.7109375,165310464
2026-01-14 21:45:00+00:00,97519.3359375,97519.3359375,97519.3359375,97519.3359375,0
2026-01-14 21:46:00+00:00,97505.734375,97505.734375,97505.734375,97505.734375,110632960
2026-01-14 21:47:00+00:00,97514.921875,97514.921875,97514.921875,97514.921875,11157504
2026-01-14 21:48:00+00:00,97517.0234375,97517.0234375,97517.0234375,97517.0234375,0
2026-01-14 21:49:00+00:00,97530.3828125,97530.3828125,97530.3828125,97530.3828125,24014848
2026-01-14 21:50:00+00:00,97535.546875,97535.546875,97535.546875,97535.546875,0
2026-01-14 21:51:00+00:00,97594.015625,97594.015625,97594.015625,97594.015625,274145280
2026-01-14 21:52:00+00:00,97571.8828125,97571.8828125,97571.8828125,97571.8828125,0
2026-01-14 21:53:00+00:00,97584.296875,97584.296875,97584.296875,97584.296875,0
2026-01-14 21:54:00+00:00,97572.5234375,97572.5234375,97572.5234375,97572.5234375,20193280
2026-01-14 21:55:00+00:00,97486.96875,97486.96875,97486.96875,97486.96875,265187328
2026-01-14 21:56:00+00:00,97476.671875,97476.671875,97476.671875,97476.671875,0
2026-01-14 21:57:00+00:00,97409.546875,97409.546875,97409.546875,97409.546875,278544384
2026-01-14 21:58:00+00:00,97439.6171875,97439.6171875,97439.6171875,97439.6171875,0
2026-01-14 21:59:00+00:00,97443.15625,97443.15625,97443.15625,97443.15625,0
2026-01-14 22:00:00+00:00,97528.46875,97528.46875,97528.46875,97528.46875,280207360
2026-01-14 22:01:00+00:00,97514.0078125,97514.0078125,97514.0078125,97514.0078125,0
2026-01-14 22:02:00+00:00,97542.9453125,97542.9453125,97542.9453125,97542.9453125,51392512
2026-01-14 22:03:00+00:00,97498.75,97498.75,97498.75,97498.75,290799616
2026-01-14 22:04:00+00:00,97497.859375,97497.859375,97497.859375,97497.859375,0
2026-01-14 22:05:00+00:00,97443.453125,97443.453125,97443.453125,97443.453125,0
2026-01-14 22:06:00+00:00,97410.7890625,97410.7890625,97410.7890625,97410.7890625,57630720
2026-01-14 22:07:00+00:00,97400.8359375,97400.8359375,97400.8359375,97400.8359375,730365952
2026-01-14 22:08:00+00:00,97417.2578125,97417.2578125,97417.2578125,97417.2578125,0
2026-01-14 22:09:00+00:00,97418.6875,97418.6875,97418.6875,97418.6875,0
2026-01-14 22:10:00+00:00,97383.1328125,97383.1328125,97383.1328125,97383.1328125,0
2026-01-14 22:11:00+00:00,97418.890625,97418.890625,97418.890625,97418.890625,9056256
2026-01-14 22:12:00+00:00,97378.75,97378.75,97378.75,97378.75,0
2026-01-14 22:13:00+00:00,97391.71875,97391.71875,97391.71875,97391.71875,0
2026-01-14 22:14:00+00:00,97348.375,97348.375,97348.375,97348.375,0
2026-01-14 22:16:00+00:00,97359.234375,97359.234375,97359.234375,97359.234375,0
2026-01-14 22:17:00+00:00,97360.2421875,97360.2421875,97360.2421875,97360.2421875,64077824
2026-01-14 22:18:00+00:00,97387.2890625,97387.2890625,97387.2890625,97387.2890625,0
2026-01-14 22:19:00+00:00,97388.2578125,97388.2578125,97388.2578125,97388.2578125,0
2026-01-14 22:20:00+00:00,97398.984375,97398.984375,97398.984375,97398.984375,0
2026-01-14 22:21:00+00:00,97461.546875,97461.546875,97461.546875,97461.546875,0
2026-01-14 22:22:00+00:00,97439.2421875,97439.2421875,97439.2421875,97439.2421875,0
2026-01-14 22:23:00+00:00,97472.9296875,97472.9296875,97472.9296875,97472.9296875,0
2026-01-14 22:24:00+00:00,97458.5546875,97458.5546875,97458.5546875,97458.5546875,0
2026-01-14 22:25:00+00:00,97429.9609375,97429.9609375,97429.9609375,97429.9609375,0
2026-01-14 22:26:00+00:00,97398.1640625,97398.1640625,97398.1640625,97398.1640625,0
2026-01-14 22:27:00+00:00,97352.1484375,97352.1484375,97352.1484375,97352.1484375,257601536
2026-01-14 22:28:00+00:00,97354.0,97354.0,97354.0,97354.0,0
2026-01-14 22:29:00+00:00,97367.6640625,97367.6640625,97367.6640625,97367.6640625,256135168
2026-01-14 22:30:00+00:00,97350.7265625,97350.7265625,97350.7265625,97350.7265625,0
2026-01-14 22:31:00+00:00,97337.4765625,97337.4765625,97337.4765625,97337.4765625,0
2026-01-14 22:32:00+00:00,97336.703125,97336.703125,97336.703125,97336.703125,253022208
2026-01-14 22:33:00+00:00,97327.9453125,97327.9453125,97327.9453125,97327.9453125,4263936
2026-01-14 22:34:00+00:00,97207.8125,97207.8125,97207.8125,97207.8125,257388544
2026-01-14 22:35:00+00:00,97228.0390625,97228.0390625,97228.0390625,97228.0390625,0
2026-01-14 22:36:00+00:00,97186.9453125,97186.9453125,97186.9453125,97186.9453125,0
2026-01-14 22:37:00+00:00,97152.71875,97152.71875,97152.71875,97152.71875,0
2026-01-14 22:38:00+00:00,97191.65625,97191.65625,97191.65625,97191.65625,268713984
2026-01-14 22:39:00+00:00,97140.875,97140.875,97140.875,97140.875,5799936
2026-01-14 22:40:00+00:00,97097.8515625,97097.8515625,97097.8515625,97097.8515625,0
2026-01-14 22:42:00+00:00,96910.21875,96910.21875,96910.21875,96910.21875,1667072
2026-01-14 22:43:00+00:00,97028.640625,97028.640625,97028.640625,97028.640625,0
2026-01-14 22:44:00+00:00,97012.1796875,97012.1796875,97012.1796875,97012.1796875,147836928
2026-01-14 22:45:00+00:00,97042.4453125,97042.4453125,97042.4453125,97042.4453125,7942144
2026-01-14 22:46:00+00:00,97036.265625,97036.265625,97036.265625,97036.265625,66002944
2026-01-14 22:47:00+00:00,97149.0390625,97149.0390625,97149.0390625,97149.0390625,72364032
2026-01-14 22:48:00+00:00,97176.2890625,97176.2890625,97176.2890625,97176.2890625,0
2026-01-14 22:49:00+00:00,97240.7890625,97240.7890625,97240.7890625,97240.7890625,188841984
2026-01-14 22:50:00+00:00,97242.75,97242.75,97242.75,97242.75,0
2026-01-14 22:51:00+00:00,97221.3046875,97221.3046875,97221.3046875,97221.3046875,0
2026-01-14 22:52:00+00:00,97195.40625,97195.40625,97195.40625,97195.40625,0
2026-01-14 22:53:00+00:00,97108.8984375,97108.8984375,97108.8984375,97108.8984375,0
2026-01-14 22:54:00+00:00,97049.7890625,97049.7890625,97049.7890625,97049.7890625,0
2026-01-14 22:55:00+00:00,96996.46875,96996.46875,96996.46875,96996.46875,106754048
2026-01-14 22:56:00+00:00,96957.1640625,96957.1640625,96957.1640625,96957.1640625,476008448
2026-01-14 22:57:00+00:00,96832.3359375,96832.3359375,96832.3359375,96832.3359375,0
2026-01-14 22:58:00+00:00,96864.296875,96864.296875,96864.296875,96864.296875,0
2026-01-14 22:59:00+00:00,96915.5625,96915.5625,96915.5625,96915.5625,12931072
2026-01-14 23:00:00+00:00,96894.984375,96894.984375,96894.984375,96894.984375,0
2026-01-14 23:01:00+00:00,96973.5,96973.5,96973.5,96973.5,0
2026-01-14 23:02:00+00:00,97056.796875,97056.796875,97056.796875,97056.796875,255123456
2026-01-14 23:04:00+00:00,97083.9921875,97083.9921875,97083.9921875,97083.9921875,0
2026-01-14 23:05:00+00:00,97101.109375,97101.109375,97101.109375,97101.109375,0
2026-01-14 23:06:00+00:00,97116.5234375,97116.5234375,97116.5234375,97116.5234375,0
2026-01-14 23:07:00+00:00,97122.8203125,97122.8203125,97122.8203125,97122.8203125,0
2026-01-14 23:08:00+00:00,97177.734375,97177.734375,97177.734375,97177.734375,0
2026-01-14 23:09:00+00:00,97231.734375,97231.734375,97231.734375,97231.734375,257982464
2026-01-14 23:10:00+00:00,97228.1015625,97228.1015625,97228.1015625,97228.1015625,0
2026-01-14 23:11:00+00:00,97217.71875,97217.71875,97217.71875,97217.71875,104308736
2026-01-14 23:12:00+00:00,97183.265625,97183.265625,97183.265625,97183.265625,253034496
2026-01-14 23:13:00+00:00,97200.625,97200.625,97200.625,97200.625,12398592
2026-01-14 23:14:00+00:00,97253.1171875,97253.1171875,97253.1171875,97253.1171875,0
2026-01-14 23:15:00+00:00,97247.5625,97247.5625,97247.5625,97247.5625,0
2026-01-14 23:16:00+00:00,97324.4453125,97324.4453125,97324.4453125,97324.4453125,382033920
2026-01-14 23:17:00+00:00,97283.65625,97283.65625,97283.65625,97283.65625,0
2026-01-14 23:18:00+00:00,97245.75,97245.75,97245.75,97245.75,0
2026-01-14 23:19:00+00:00,97217.6328125,97217.6328125,97217.6328125,97217.6328125,0
2026-01-14 23:20:00+00:00,97183.1015625,97183.1015625,97183.1015625,97183.1015625,0
2026-01-14 23:21:00+00:00,97190.2265625,97190.2265625,97190.2265625,97190.2265625,563458048
2026-01-14 23:22:00+00:00,97183.578125,97183.578125,97183.578125,97183.578125,0
2026-01-14 23:24:00+00:00,97162.7421875,97162.7421875,97162.7421875,97162.7421875,252571648
2026-01-14 23:25:00+00:00,97149.78125,97149.78125,97149.78125,97149.78125,0
2026-01-14 23:26:00+00:00,97121.0234375,97121.0234375,97121.0234375,97121.0234375,0
2026-01-14 23:27:00+00:00,97113.6796875,97113.6796875,97113.6796875,97113.6796875,0
2026-01-14 23:28:00+00:00,97074.765625,97074.765625,97074.765625,97074.765625,0
2026-01-14 23:29:00+00:00,96991.78125,96991.78125,96991.78125,96991.78125,258158592
2026-01-14 23:30:00+00:00,97005.9140625,97005.9140625,97005.9140625,97005.9140625,0
2026-01-14 23:31:00+00:00,96981.6328125,96981.6328125,96981.6328125,96981.6328125,0
2026-01-14 23:32:00+00:00,96915.609375,96915.609375,96915.609375,96915.609375,0
2026-01-14 23:33:00+00:00,96898.6328125,96898.6328125,96898.6328125,96898.6328125,249921536
2026-01-14 23:34:00+00:00,96937.3359375,96937.3359375,96937.3359375,96937.3359375,0
2026-01-14 23:35:00+00:00,96944.0859375,96944.0859375,96944.0859375,96944.0859375,23142400
2026-01-14 23:36:00+00:00,97004.4609375,97004.4609375,97004.4609375,97004.4609375,0
2026-01-14 23:37:00+00:00,97007.0234375,97007.0234375,97007.0234375,97007.0234375,0
2026-01-14 23:38:00+00:00,97087.3359375,97087.3359375,97087.3359375,97087.3359375,0
2026-01-14 23:39:00+00:00,97072.8046875,97072.8046875,97072.8046875,97072.8046875,0
2026-01-14 23:41:00+00:00,97074.8515625,97074.8515625,97074.8515625,97074.8515625,229867520
2026-01-14 23:42:00+00:00,97062.1796875,97062.1796875,97062.1796875,97062.1796875,0
2026-01-14 23:43:00+00:00,97050.21875,97050.21875,97050.21875,97050.21875,0
2026-01-14 23:44:00+00:00,97018.640625,97018.640625,97018.640625,97018.640625,0
2026-01-14 23:45:00+00:00,97048.3828125,97048.3828125,97048.3828125,97048.3828125,313663488
2026-01-14 23:46:00+00:00,97000.546875,97000.546875,97000.546875,97000.546875,0
2026-01-14 23:47:00+00:00,97017.6171875,97017.6171875,97017.6171875,97017.6171875,434761728
2026-01-14 23:49:00+00:00,97021.296875,97021.296875,97021.296875,97021.296875,233062400
2026-01-14 23:51:00+00:00,97018.203125,97018.203125,97018.203125,97018.203125,0
2026-01-14 23:52:00+00:00,97056.8359375,97056.8359375,97056.8359375,97056.8359375,0
2026-01-14 23:53:00+00:00,97034.234375,97034.234375,97034.234375,97034.234375,0
2026-01-14 23:54:00+00:00,97018.9453125,97018.9453125,97018.9453125,97018.9453125,522809344
2026-01-14 23:55:00+00:00,97032.0625,97032.0625,97032.0625,97032.0625,0
2026-01-14 23:56:00+00:00,97016.671875,97016.671875,97016.671875,97016.671875,0
2026-01-14 23:57:00+00:00,97012.4921875,97012.4921875,97012.4921875,97012.4921875,0
2026-01-14 23:58:00+00:00,96932.2109375,96932.2109375,96932.2109375,96932.2109375,180350976
2026-01-15 00:00:00+00:00,96934.609375,96934.609375,96934.609375,96934.609375,0
2026-01-15 00:02:00+00:00,96885.6015625,96885.6015625,96885.6015625,96885.6015625,0
2026-01-15 00:03:00+00:00,96812.1640625,96812.1640625,96812.1640625,96812.1640625,0
2026-01-15 00:04:00+00:00,96792.203125,96792.203125,96792.203125,96792.203125,0
2026-01-15 00:05:00+00:00,96834.3828125,96834.3828125,96834.3828125,96834.3828125,241917952
2026-01-15 00:06:00+00:00,96781.9609375,96781.9609375,96781.9609375,96781.9609375,0
2026-01-15 00:07:00+00:00,96846.203125,96846.203125,96846.203125,96846.203125,0
2026-01-15 00:08:00+00:00,96886.5703125,96886.5703125,96886.5703125,96886.5703125,15740928
2026-01-15 00:09:00+00:00,96855.828125,96855.828125,96855.828125,96855.828125,0
2026-01-15 00:10:00+00:00,96822.3828125,96822.3828125,96822.3828125,96822.3828125,107192320
2026-01-15 00:11:00+00:00,96848.1015625,96848.1015625,96848.1015625,96848.1015625,0
2026-01-15 00:12:00+00:00,96814.9609375,96814.9609375,96814.9609375,96814.9609375,0
2026-01-15 00:13:00+00:00,96836.1875,96836.1875,96836.1875,96836.1875,306196480
2026-01-15 00:14:00+00:00,96937.8125,96937.8125,96937.8125,96937.8125,2949120
2026-01-15 00:15:00+00:00,96933.40625,96933.40625,96933.40625,96933.40625,0
2026-01-15 00:16:00+00:00,96973.4609375,96973.4609375,96973.4609375,96973.4609375,0
2026-01-15 00:17:00+00:00,96935.921875,96935.921875,96935.921875,96935.921875,242184192
2026-01-15 00:18:00+00:00,96949.5078125,96949.5078125,96949.5078125,96949.5078125,0
2026-01-15 00:19:00+00:00,96903.6640625,96903.6640625,96903.6640625,96903.6640625,0
2026-01-15 00:20:00+00:00,96808.1796875,96808.1796875,96808.1796875,96808.1796875,0
2026-01-15 00:21:00+00:00,96830.28125,96830.28125,96830.28125,96830.28125,218710016
2026-01-15 00:22:00+00:00,96815.828125,96815.828125,96815.828125,96815.828125,72744960
2026-01-15 00:23:00+00:00,96733.4921875,96733.4921875,96733.4921875,96733.4921875,0
2026-01-15 00:24:00+00:00,96761.0546875,96761.0546875,96761.0546875,96761.0546875,252051456
2026-01-15 00:25:00+00:00,96775.234375,96775.234375,96775.234375,96775.234375,31354880
2026-01-15 00:27:00+00:00,96763.2890625,96763.2890625,96763.2890625,96763.2890625,0
2026-01-15 00:28:00+00:00,96752.15625,96752.15625,96752.15625,96752.15625,280444928
2026-01-15 00:29:00+00:00,96711.3984375,96711.3984375,96711.3984375,96711.3984375,0
2026-01-15 00:30:00+00:00,96683.703125,96683.703125,96683.703125,96683.703125,0
2026-01-15 00:31:00+00:00,96711.1484375,96711.1484375,96711.1484375,96711.1484375,237838336
2026-01-15 00:32:00+00:00,96726.3515625,96726.3515625,96726.3515625,96726.3515625,0
2026-01-15 00:33:00+00:00,96618.4140625,96618.4140625,96618.4140625,96618.4140625,244137984
2026-01-15 00:34:00+00:00,96604.84375,96604.84375,96604.84375,96604.84375,0
2026-01-15 00:35:00+00:00,96578.3828125,96578.3828125,96578.3828125,96578.3828125,0
2026-01-15 00:36:00+00:00,96566.828125,96566.828125,96566.828125,96566.828125,4562944
2026-01-15 00:37:00+00:00,96553.421875,96553.421875,96553.421875,96553.421875,8650752
2026-01-15 00:38:00+00:00,96542.140625,96542.140625,96542.140625,96542.140625,0
2026-01-15 00:39:00+00:00,96527.703125,96527.703125,96527.703125,96527.703125,0
2026-01-15 00:40:00+00:00,96527.703125,96527.703125,96527.703125,96527.703125,0
2026-01-15 00:41:00+00:00,96601.2578125,96601.2578125,96601.2578125,96601.2578125,688033792
2026-01-15 00:42:00+00:00,96590.1953125,96590.1953125,96590.1953125,96590.1953125,7053312
2026-01-15 00:43:00+00:00,96535.546875,96535.546875,96535.546875,96535.546875,44556288
2026-01-15 00:44:00+00:00,96584.5625,96584.5625,96584.5625,96584.5625,0
2026-01-15 00:45:00+00:00,96598.2734375,96598.2734375,96598.2734375,96598.2734375,16699392
2026-01-15 00:46:00+00:00,96621.03125,96621.03125,96621.03125,96621.03125,298811392
2026-01-15 00:47:00+00:00,96568.2578125,96568.2578125,96568.2578125,96568.2578125,2101248
2026-01-15 00:48:00+00:00,96508.34375,96508.34375,96508.34375,96508.34375,0
2026-01-15 00:49:00+00:00,96563.9296875,96563.9296875,96563.9296875,96563.9296875,153952256
2026-01-15 00:50:00+00:00,96572.9375,96572.9375,96572.9375,96572.9375,239128576
2026-01-15 00:51:00+00:00,96564.3046875,96564.3046875,96564.3046875,96564.3046875,0
2026-01-15 00:52:00+00:00,96523.5546875,96523.5546875,96523.5546875,96523.5546875,0
2026-01-15 00:53:00+00:00,96536.0859375,96536.0859375,96536.0859375,96536.0859375,0
2026-01-15 00:54:00+00:00,96551.3125,96551.3125,96551.3125,96551.3125,0
2026-01-15 00:55:00+00:00,96517.8671875,96517.8671875,96517.8671875,96517.8671875,399548416
2026-01-15 00:56:00+00:00,96539.046875,96539.046875,96539.046875,96539.046875,0
2026-01-15 00:57:00+00:00,96514.5703125,96514.5703125,96514.5703125,96514.5703125,240947200
2026-01-15 00:58:00+00:00,96534.78125,96534.78125,96534.78125,96534.78125,0
2026-01-15 00:59:00+00:00,96573.6328125,96573.6328125,96573.6328125,96573.6328125,6483968
2026-01-15 01:00:00+00:00,96614.0703125,96614.0703125,96614.0703125,96614.0703125,1683456
2026-01-15 01:01:00+00:00,96765.953125,96765.953125,96765.953125,96765.953125,296062976
2026-01-15 01:02:00+00:00,96739.5546875,96739.5546875,96739.5546875,96739.5546875,15884288
2026-01-15 01:04:00+00:00,96825.390625,96825.390625,96825.390625,96825.390625,0
2026-01-15 01:05:00+00:00,96913.7265625,96913.7265625,96913.7265625,96913.7265625,0
2026-01-15 01:06:00+00:00,96928.6328125,96928.6328125,96928.6328125,96928.6328125,12152832
2026-01-15 01:07:00+00:00,96858.3359375,96858.3359375,96858.3359375,96858.3359375,223391744
2026-01-15 01:08:00+00:00,96859.6640625,96859.6640625,96859.6640625,96859.6640625,0
2026-01-15 01:09:00+00:00,96807.3046875,96807.3046875,96807.3046875,96807.3046875,0
2026-01-15 01:10:00+00:00,96789.8671875,96789.8671875,96789.8671875,96789.8671875,0
2026-01-15 01:11:00+00:00,96796.28125,96796.28125,96796.28125,96796.28125,1572864
2026-01-15 01:12:00+00:00,96823.203125,96823.203125,96823.203125,96823.203125,237199360
2026-01-15 01:13:00+00:00,96791.7734375,96791.7734375,96791.7734375,96791.7734375,0
2026-01-15 01:14:00+00:00,96806.4453125,96806.4453125,96806.4453125,96806.4453125,0
2026-01-15 01:15:00+00:00,96754.7578125,96754.7578125,96754.7578125,96754.7578125,254345216
2026-01-15 01:16:00+00:00,96733.9375,96733.9375,96733.9375,96733.9375,71938048
2026-01-15 01:17:00+00:00,96744.1015625,96744.1015625,96744.1015625,96744.1015625,26112000
2026-01-15 01:18:00+00:00,96732.7421875,96732.7421875,96732.7421875,96732.7421875,0
2026-01-15 01:19:00+00:00,96713.1171875,96713.1171875,96713.1171875,96713.1171875,0
2026-01-15 01:20:00+00:00,96716.6953125,96716.6953125,96716.6953125,96716.6953125,232030208
2026-01-15 01:21:00+00:00,96697.328125,96697.328125,96697.328125,96697.328125,0
2026-01-15 01:22:00+00:00,96585.09375,96585.09375,96585.09375,96585.09375,251891712
2026-01-15 01:23:00+00:00,96507.4375,96507.4375,96507.4375,96507.4375,0
2026-01-15 01:24:00+00:00,96529.7109375,96529.7109375,96529.7109375,96529.7109375,0
2026-01-15 01:25:00+00:00,96531.21875,96531.21875,96531.21875,96531.21875,8515584
2026-01-15 01:26:00+00:00,96620.09375,96620.09375,96620.09375,96620.09375,236064768
2026-01-15 01:27:00+00:00,96580.4609375,96580.4609375,96580.4609375,96580.4609375,0
2026-01-15 01:28:00+00:00,96591.375,96591.375,96591.375,96591.375,12922880
2026-01-15 01:29:00+00:00,96626.3359375,96626.3359375,96626.3359375,96626.3359375,233299968
2026-01-15 01:30:00+00:00,96528.8359375,96528.8359375,96528.8359375,96528.8359375,9695232
2026-01-15 01:31:00+00:00,96463.7421875,96463.7421875,96463.7421875,96463.7421875,243613696
2026-01-15 01:32:00+00:00,96372.59375,96372.59375,96372.59375,96372.59375,0
2026-01-15 01:33:00+00:00,96341.0546875,96341.0546875,96341.0546875,96341.0546875,233205760
2026-01-15 01:34:00+00:00,96310.796875,96310.796875,96310.796875,96310.796875,0
2026-01-15 01:35:00+00:00,96313.671875,96313.671875,96313.671875,96313.671875,235778048
2026-01-15 01:36:00+00:00,96336.3671875,96336.3671875,96336.3671875,96336.3671875,0
2026-01-15 01:37:00+00:00,96384.8984375,96384.8984375,96384.8984375,96384.8984375,0
2026-01-15 01:38:00+00:00,96454.5859375,96454.5859375,96454.5859375,96454.5859375,240046080
2026-01-15 01:39:00+00:00,96555.4921875,96555.4921875,96555.4921875,96555.4921875,2699264
2026-01-15 01:40:00+00:00,96499.1015625,96499.1015625,96499.1015625,96499.1015625,0
2026-01-15 01:41:00+00:00,96501.1484375,96501.1484375,96501.1484375,96501.1484375,0
2026-01-15 01:42:00+00:00,96455.8125,96455.8125,96455.8125,96455.8125,212807680
2026-01-15 01:43:00+00:00,96463.265625,96463.265625,96463.265625,96463.265625,0
2026-01-15 01:44:00+00:00,96464.8828125,96464.8828125,96464.8828125,96464.8828125,0
2026-01-15 01:45:00+00:00,96480.90625,96480.90625,96480.90625,96480.90625,0
2026-01-15 01:46:00+00:00,96483.7421875,96483.7421875,96483.7421875,96483.7421875,46915584
2026-01-15 01:47:00+00:00,96483.15625,96483.15625,96483.15625,96483.15625,11448320
2026-01-15 01:48:00+00:00,96455.4609375,96455.4609375,96455.4609375,96455.4609375,0
2026-01-15 01:49:00+00:00,96419.078125,96419.078125,96419.078125,96419.078125,0
2026-01-15 01:50:00+00:00,96422.546875,96422.546875,96422.546875,96422.546875,237400064
2026-01-15 01:51:00+00:00,96403.59375,96403.59375,96403.59375,96403.59375,0
2026-01-15 01:52:00+00:00,96439.3984375,96439.3984375,96439.3984375,96439.3984375,119672832
2026-01-15 01:53:00+00:00,96490.0859375,96490.0859375,96490.0859375,96490.0859375,226816000
2026-01-15 01:54:00+00:00,96536.2734375,96536.2734375,96536.2734375,96536.2734375,24608768
2026-01-15 01:55:00+00:00,96506.4296875,96506.4296875,96506.4296875,96506.4296875,16457728
2026-01-15 01:56:00+00:00,96428.1875,96428.1875,96428.1875,96428.1875,245501952
2026-01-15 01:57:00+00:00,96419.9921875,96419.9921875,96419.9921875,96419.9921875,0
2026-01-15 01:58:00+00:00,96429.84375,96429.84375,96429.84375,96429.84375,0
2026-01-15 01:59:00+00:00,96418.140625,96418.140625,96418.140625,96418.140625,0
2026-01-15 02:01:00+00:00,96434.84375,96434.84375,96434.84375,96434.84375,0
2026-01-15 02:02:00+00:00,96456.0078125,96456.0078125,96456.0078125,96456.0078125,20078592
2026-01-15 02:03:00+00:00,96463.59375,96463.59375,96463.59375,96463.59375,0
2026-01-15 02:04:00+00:00,96457.5,96457.5,96457.5,96457.5,0
2026-01-15 02:05:00+00:00,96456.046875,96456.046875,96456.046875,96456.046875,9097216
2026-01-15 02:06:00+00:00,96455.296875,96455.296875,96455.296875,96455.296875,246157312
2026-01-15 02:07:00+00:00,96509.796875,96509.796875,96509.796875,96509.796875,0
2026-01-15 02:08:00+00:00,96552.0859375,96552.0859375,96552.0859375,96552.0859375,2633728
2026-01-15 02:09:00+00:00,96568.15625,96568.15625,96568.15625,96568.15625,266240
2026-01-15 02:11:00+00:00,96526.515625,96526.515625,96526.515625,96526.515625,0
2026-01-15 02:12:00+00:00,96445.59375,96445.59375,96445.59375,96445.59375,0
2026-01-15 02:13:00+00:00,96426.0,96426.0,96426.0,96426.0,0
2026-01-15 02:14:00+00:00,96407.96875,96407.96875,96407.96875,96407.96875,239820800
2026-01-15 02:15:00+00:00,96370.140625,96370.140625,96370.140625,96370.140625,0
2026-01-15 02:16:00+00:00,96385.921875,96385.921875,96385.921875,96385.921875,25030656
2026-01-15 02:17:00+00:00,96474.234375,96474.234375,96474.234375,96474.234375,11517952
2026-01-15 02:18:00+00:00,96499.1015625,96499.1015625,96499.1015625,96499.1015625,4272128
2026-01-15 02:20:00+00:00,96552.8828125,96552.8828125,96552.8828125,96552.8828125,8736768
2026-01-15 02:21:00+00:00,96510.9765625,96510.9765625,96510.9765625,96510.9765625,189689856
2026-01-15 02:22:00+00:00,96467.5,96467.5,96467.5,96467.5,0
2026-01-15 02:23:00+00:00,96489.296875,96489.296875,96489.296875,96489.296875,463241216
2026-01-15 02:24:00+00:00,96439.734375,96439.734375,96439.734375,96439.734375,0
2026-01-15 02:25:00+00:00,96454.4375,96454.4375,96454.4375,96454.4375,0
2026-01-15 02:26:00+00:00,96501.5078125,96501.5078125,96501.5078125,96501.5078125,248381440
2026-01-15 02:27:00+00:00,96498.375,96498.375,96498.375,96498.375,0
2026-01-15 02:28:00+00:00,96519.9765625,96519.9765625,96519.9765625,96519.9765625,66097152
2026-01-15 02:29:00+00:00,96492.8984375,96492.8984375,96492.8984375,96492.8984375,248532992
2026-01-15 02:30:00+00:00,96503.203125,96503.203125,96503.203125,96503.203125,0
2026-01-15 02:31:00+00:00,96512.7265625,96512.7265625,96512.7265625,96512.7265625,203321344
2026-01-15 02:32:00+00:00,96578.609375,96578.609375,96578.609375,96578.609375,243400704
2026-01-15 02:33:00+00:00,96557.046875,96557.046875,96557.046875,96557.046875,0
2026-01-15 02:34:00+00:00,96538.234375,96538.234375,96538.234375,96538.234375,0
2026-01-15 02:35:00+00:00,96390.7265625,96390.7265625,96390.7265625,96390.7265625,230477824
2026-01-15 02:36:00+00:00,96288.40625,96288.40625,96288.40625,96288.40625,0
2026-01-15 02:37:00+00:00,96182.671875,96182.671875,96182.671875,96182.671875,127643648
2026-01-15 02:38:00+00:00,96154.34375,96154.34375,96154.34375,96154.34375,13701120
2026-01-15 02:39:00+00:00,96245.46875,96245.46875,96245.46875,96245.46875,15273984
2026-01-15 02:40:00+00:00,96246.296875,96246.296875,96246.296875,96246.296875,0
2026-01-15 02:41:00+00:00,96311.015625,96311.015625,96311.015625,96311.015625,32489472
2026-01-15 02:42:00+00:00,96375.8125,96375.8125,96375.8125,96375.8125,0
2026-01-15 02:43:00+00:00,96353.3828125,96353.3828125,96353.3828125,96353.3828125,50151424
2026-01-15 02:44:00+00:00,96331.0078125,96331.0078125,96331.0078125,96331.0078125,4292608
2026-01-15 02:45:00+00:00,96300.890625,96300.890625,96300.890625,96300.890625,0
2026-01-15 02:46:00+00:00,96262.96875,96262.96875,96262.96875,96262.96875,258342912
2026-01-15 02:47:00+00:00,96253.6640625,96253.6640625,96253.6640625,96253.6640625,81920
2026-01-15 02:48:00+00:00,96168.40625,96168.40625,96168.40625,96168.40625,0
2026-01-15 02:49:00+00:00,96193.4609375,96193.4609375,96193.4609375,96193.4609375,79294464
2026-01-15 02:50:00+00:00,96242.3046875,96242.3046875,96242.3046875,96242.3046875,5177344
2026-01-15 02:51:00+00:00,96252.6796875,96252.6796875,96252.6796875,96252.6796875,0
2026-01-15 02:52:00+00:00,96214.21875,96214.21875,96214.21875,96214.21875,0
2026-01-15 02:53:00+00:00,96201.953125,96201.953125,96201.953125,96201.953125,0
2026-01-15 02:54:00+00:00,96167.453125,96167.453125,96167.453125,96167.453125,0
2026-01-15 02:55:00+00:00,96177.4609375,96177.4609375,96177.4609375,96177.4609375,89522176
2026-01-15 02:56:00+00:00,96185.9921875,96185.9921875,96185.9921875,96185.9921875,0
2026-01-15 02:57:00+00:00,96214.65625,96214.65625,96214.65625,96214.65625,251166720
2026-01-15 02:58:00+00:00,96258.4609375,96258.4609375,96258.4609375,96258.4609375,0
2026-01-15 02:59:00+00:00,96236.4921875,96236.4921875,96236.4921875,96236.4921875,225357824
2026-01-15 03:00:00+00:00,96292.828125,96292.828125,96292.828125,96292.828125,26730496
2026-01-15 03:01:00+00:00,96307.703125,96307.703125,96307.703125,96307.703125,143650816
2026-01-15 03:02:00+00:00,96324.0078125,96324.0078125,96324.0078125,96324.0078125,0
2026-01-15 03:03:00+00:00,96306.59375,96306.59375,96306.59375,96306.59375,238817280
2026-01-15 03:04:00+00:00,96288.9765625,96288.9765625,96288.9765625,96288.9765625,0
2026-01-15 03:05:00+00:00,96274.4140625,96274.4140625,96274.4140625,96274.4140625,84656128
2026-01-15 03:06:00+00:00,96341.265625,96341.265625,96341.265625,96341.265625,224165888
2026-01-15 03:08:00+00:00,96184.7421875,96184.7421875,96184.7421875,96184.7421875,38055936
2026-01-15 03:09:00+00:00,96186.921875,96186.921875,96186.921875,96186.921875,0
2026-01-15 03:10:00+00:00,96194.59375,96194.59375,96194.59375,96194.59375,190496768
2026-01-15 03:11:00+00:00,96208.125,96208.125,96208.125,96208.125,44433408
2026-01-15 03:12:00+00:00,96283.296875,96283.296875,96283.296875,96283.296875,5787648
2026-01-15 03:13:00+00:00,96291.296875,96291.296875,96291.296875,96291.296875,33800192
2026-01-15 03:14:00+00:00,96244.6640625,96244.6640625,96244.6640625,96244.6640625,0
2026-01-15 03:15:00+00:00,96259.375,96259.375,96259.375,96259.375,2641920
2026-01-15 03:16:00+00:00,96265.1328125,96265.1328125,96265.1328125,96265.1328125,0
2026-01-15 03:17:00+00:00,96290.5703125,96290.5703125,96290.5703125,96290.5703125,1449984
2026-01-15 03:18:00+00:00,96312.421875,96312.421875,96312.421875,96312.421875,243339264
2026-01-15 03:19:00+00:00,96189.953125,96189.953125,96189.953125,96189.953125,0
2026-01-15 03:20:00+00:00,96158.765625,96158.765625,96158.765625,96158.765625,0
2026-01-15 03:21:00+00:00,96164.9921875,96164.9921875,96164.9921875,96164.9921875,0
2026-01-15 03:22:00+00:00,96174.28125,96174.28125,96174.28125,96174.28125,543047680
2026-01-15 03:23:00+00:00,96203.015625,96203.015625,96203.015625,96203.015625,0
2026-01-15 03:24:00+00:00,96169.5234375,96169.5234375,96169.5234375,96169.5234375,6258688
2026-01-15 03:25:00+00:00,96179.4296875,96179.4296875,96179.4296875,96179.4296875,0
2026-01-15 03:26:00+00:00,96145.9453125,96145.9453125,96145.9453125,96145.9453125,0
2026-01-15 03:27:00+00:00,96097.671875,96097.671875,96097.671875,96097.671875,247582720
2026-01-15 03:28:00+00:00,95981.984375,95981.984375,95981.984375,95981.984375,28303360
2026-01-15 03:29:00+00:00,96036.015625,96036.015625,96036.015625,96036.015625,24440832
2026-01-15 03:30:00+00:00,95888.5546875,95888.5546875,95888.5546875,95888.5546875,7737344
2026-01-15 03:31:00+00:00,95978.6328125,95978.6328125,95978.6328125,95978.6328125,0
2026-01-15 03:32:00+00:00,96007.3984375,96007.3984375,96007.3984375,96007.3984375,0
2026-01-15 03:33:00+00:00,96021.6171875,96021.6171875,96021.6171875,96021.6171875,0
2026-01-15 03:34:00+00:00,96063.3125,96063.3125,96063.3125,96063.3125,16228352
2026-01-15 03:35:00+00:00,96024.046875,96024.046875,96024.046875,96024.046875,23154688
2026-01-15 03:36:00+00:00,96009.84375,96009.84375,96009.84375,96009.84375,0
2026-01-15 03:37:00+00:00,95988.28125,95988.28125,95988.28125,95988.28125,306651136
2026-01-15 03:38:00+00:00,95954.03125,95954.03125,95954.03125,95954.03125,0
2026-01-15 03:39:00+00:00,95815.671875,95815.671875,95815.671875,95815.671875,240738304
2026-01-15 03:41:00+00:00,95763.4375,95763.4375,95763.4375,95763.4375,0
2026-01-15 03:42:00+00:00,95841.984375,95841.984375,95841.984375,95841.984375,2985984
2026-01-15 03:43:00+00:00,95816.8203125,95816.8203125,95816.8203125,95816.8203125,561528832
2026-01-15 03:44:00+00:00,95880.28125,95880.28125,95880.28125,95880.28125,0
2026-01-15 03:45:00+00:00,95880.5,95880.5,95880.5,95880.5,0
2026-01-15 03:46:00+00:00,95826.390625,95826.390625,95826.390625,95826.390625,341774336
2026-01-15 03:47:00+00:00,95932.3359375,95932.3359375,95932.3359375,95932.3359375,635662336
2026-01-15 03:48:00+00:00,95946.3984375,95946.3984375,95946.3984375,95946.3984375,0
2026-01-15 03:49:00+00:00,95903.078125,95903.078125,95903.078125,95903.078125,304582656
2026-01-15 03:51:00+00:00,95903.4453125,95903.4453125,95903.4453125,95903.4453125,0
2026-01-15 03:52:00+00:00,95825.4375,95825.4375,95825.4375,95825.4375,35442688
2026-01-15 03:53:00+00:00,95866.1171875,95866.1171875,95866.1171875,95866.1171875,0
2026-01-15 03:54:00+00:00,95865.6875,95865.6875,95865.6875,95865.6875,13176832
2026-01-15 03:55:00+00:00,95872.53125,95872.53125,95872.53125,95872.53125,59518976
2026-01-15 03:56:00+00:00,95850.5703125,95850.5703125,95850.5703125,95850.5703125,0
2026-01-15 03:57:00+00:00,95875.9296875,95875.9296875,95875.9296875,95875.9296875,240549888
2026-01-15 03:58:00+00:00,95924.90625,95924.90625,95924.90625,95924.90625,239980544
2026-01-15 03:59:00+00:00,95963.015625,95963.015625,95963.015625,95963.015625,81035264
2026-01-15 04:00:00+00:00,95941.859375,95941.859375,95941.859375,95941.859375,0
2026-01-15 04:01:00+00:00,95930.7421875,95930.7421875,95930.7421875,95930.7421875,0
2026-01-15 04:02:00+00:00,95930.953125,95930.953125,95930.953125,95930.953125,0
2026-01-15 04:03:00+00:00,96003.2421875,96003.2421875,96003.2421875,96003.2421875,0
2026-01-15 04:04:00+00:00,96071.140625,96071.140625,96071.140625,96071.140625,0
2026-01-15 04:05:00+00:00,96075.390625,96075.390625,96075.390625,96075.390625,244568064
2026-01-15 04:06:00+00:00,96065.7109375,96065.7109375,96065.7109375,96065.7109375,0
2026-01-15 04:07:00+00:00,96004.1484375,96004.1484375,96004.1484375,96004.1484375,0
2026-01-15 04:08:00+00:00,96020.65625,96020.65625,96020.65625,96020.65625,0
2026-01-15 04:09:00+00:00,96016.046875,96016.046875,96016.046875,96016.046875,0
2026-01-15 04:10:00+00:00,96037.1953125,96037.1953125,96037.1953125,96037.1953125,188227584
2026-01-15 04:11:00+00:00,96067.359375,96067.359375,96067.359375,96067.359375,0
2026-01-15 04:12:00+00:00,96085.78125,96085.78125,96085.78125,96085.78125,0
2026-01-15 04:13:00+00:00,96035.9140625,96035.9140625,96035.9140625,96035.9140625,4096
2026-01-15 04:14:00+00:00,96042.8359375,96042.8359375,96042.8359375,96042.8359375,227770368
2026-01-15 04:15:00+00:00,96043.5234375,96043.5234375,96043.5234375,96043.5234375,0
2026-01-15 04:16:00+00:00,96031.6640625,96031.6640625,96031.6640625,96031.6640625,226816000
2026-01-15 04:17:00+00:00,96046.75,96046.75,96046.75,96046.75,798720
2026-01-15 04:18:00+00:00,95991.9140625,95991.9140625,95991.9140625,95991.9140625,618496
2026-01-15 04:19:00+00:00,96066.5,96066.5,96066.5,96066.5,0
2026-01-15 04:20:00+00:00,96069.484375,96069.484375,96069.484375,96069.484375,483983360
2026-01-15 04:21:00+00:00,96057.2734375,96057.2734375,96057.2734375,96057.2734375,3592192
2026-01-15 04:22:00+00:00,96052.359375,96052.359375,96052.359375,96052.359375,0
2026-01-15 04:23:00+00:00,96115.171875,96115.171875,96115.171875,96115.171875,251957248
2026-01-15 04:24:00+00:00,96188.0546875,96188.0546875,96188.0546875,96188.0546875,1425408
2026-01-15 04:25:00+00:00,96327.546875,96327.546875,96327.546875,96327.546875,5582848
2026-01-15 04:26:00+00:00,96267.0625,96267.0625,96267.0625,96267.0625,21692416
2026-01-15 04:27:00+00:00,96237.828125,96237.828125,96237.828125,96237.828125,8871936
2026-01-15 04:28:00+00:00,96262.8125,96262.8125,96262.8125,96262.8125,77094912
2026-01-15 04:29:00+00:00,96177.8046875,96177.8046875,96177.8046875,96177.8046875,0
2026-01-15 04:30:00+00:00,96210.390625,96210.390625,96210.390625,96210.390625,245182464
2026-01-15 04:31:00+00:00,96163.546875,96163.546875,96163.546875,96163.546875,0
2026-01-15 04:32:00+00:00,96247.34375,96247.34375,96247.34375,96247.34375,297037824
2026-01-15 04:33:00+00:00,96227.71875,96227.71875,96227.71875,96227.71875,4820992
2026-01-15 04:34:00+00:00,96232.234375,96232.234375,96232.234375,96232.234375,40292352
2026-01-15 04:35:00+00:00,96232.234375,96232.234375,96232.234375,96232.234375,0
2026-01-15 04:36:00+00:00,96227.140625,96227.140625,96227.140625,96227.140625,310841344
2026-01-15 04:37:00+00:00,96196.7734375,96196.7734375,96196.7734375,96196.7734375,0
2026-01-15 04:38:00+00:00,96202.78125,96202.78125,96202.78125,96202.78125,0
2026-01-15 04:39:00+00:00,96216.703125,96216.703125,96216.703125,96216.703125,38948864
2026-01-15 04:40:00+00:00,96223.984375,96223.984375,96223.984375,96223.984375,23203840
2026-01-15 04:41:00+00:00,96219.0078125,96219.0078125,96219.0078125,96219.0078125,0
2026-01-15 04:42:00+00:00,96217.4609375,96217.4609375,96217.4609375,96217.4609375,0
2026-01-15 04:43:00+00:00,96222.171875,96222.171875,96222.171875,96222.171875,22294528
2026-01-15 04:44:00+00:00,96233.265625,96233.265625,96233.265625,96233.265625,45056
2026-01-15 04:45:00+00:00,96203.21875,96203.21875,96203.21875,96203.21875,356352
2026-01-15 04:46:00+00:00,96210.8515625,96210.8515625,96210.8515625,96210.8515625,3735552
2026-01-15 04:47:00+00:00,96185.640625,96185.640625,96185.640625,96185.640625,0
2026-01-15 04:48:00+00:00,96185.921875,96185.921875,96185.921875,96185.921875,0
2026-01-15 04:49:00+00:00,96200.0234375,96200.0234375,96200.0234375,96200.0234375,249020416
2026-01-15 04:50:00+00:00,96211.3046875,96211.3046875,96211.3046875,96211.3046875,0
2026-01-15 04:51:00+00:00,96192.4296875,96192.4296875,96192.4296875,96192.4296875,9904128
2026-01-15 04:52:00+00:00,96206.5234375,96206.5234375,96206.5234375,96206.5234375,0
2026-01-15 04:53:00+00:00,96213.5703125,96213.5703125,96213.5703125,96213.5703125,242683904
2026-01-15 04:54:00+00:00,96218.7265625,96218.7265625,96218.7265625,96218.7265625,2535424
2026-01-15 04:55:00+00:00,96213.5859375,96213.5859375,96213.5859375,96213.5859375,33656832
2026-01-15 04:56:00+00:00,96225.609375,96225.609375,96225.609375,96225.609375,2125824
2026-01-15 04:57:00+00:00,96159.3046875,96159.3046875,96159.3046875,96159.3046875,0
2026-01-15 04:58:00+00:00,96133.59375,96133.59375,96133.59375,96133.59375,4136960
2026-01-15 04:59:00+00:00,96151.6796875,96151.6796875,96151.6796875,96151.6796875,0
2026-01-15 05:00:00+00:00,96243.6484375,96243.6484375,96243.6484375,96243.6484375,13840384
2026-01-15 05:01:00+00:00,96279.7890625,96279.7890625,96279.7890625,96279.7890625,0
2026-01-15 05:02:00+00:00,96376.140625,96376.140625,96376.140625,96376.140625,4325376
2026-01-15 05:03:00+00:00,96426.6640625,96426.6640625,96426.6640625,96426.6640625,253440000
2026-01-15 05:04:00+00:00,96320.109375,96320.109375,96320.109375,96320.109375,54865920
2026-01-15 05:05:00+00:00,96351.1953125,96351.1953125,96351.1953125,96351.1953125,0
2026-01-15 05:06:00+00:00,96350.859375,96350.859375,96350.859375,96350.859375,20471808
2026-01-15 05:07:00+00:00,96356.90625,96356.90625,96356.90625,96356.90625,13897728
2026-01-15 05:08:00+00:00,96344.4140625,96344.4140625,96344.4140625,96344.4140625,3477504
2026-01-15 05:09:00+00:00,96317.5234375,96317.5234375,96317.5234375,96317.5234375,0
2026-01-15 05:10:00+00:00,96333.9609375,96333.9609375,96333.9609375,96333.9609375,66461696
2026-01-15 05:11:00+00:00,96334.109375,96334.109375,96334.109375,96334.109375,0
2026-01-15 05:12:00+00:00,96307.796875,96307.796875,96307.796875,96307.796875,0
2026-01-15 05:13:00+00:00,96304.6171875,96304.6171875,96304.6171875,96304.6171875,3604480
2026-01-15 05:14:00+00:00,96279.296875,96279.296875,96279.296875,96279.296875,0
2026-01-15 05:15:00+00:00,96280.8984375,96280.8984375,96280.8984375,96280.8984375,8192000
2026-01-15 05:16:00+00:00,96270.6640625,96270.6640625,96270.6640625,96270.6640625,0
2026-01-15 05:17:00+00:00,96296.234375,96296.234375,96296.234375,96296.234375,7647232
2026-01-15 05:18:00+00:00,96293.03125,96293.03125,96293.03125,96293.03125,6045696
2026-01-15 05:19:00+00:00,96315.8046875,96315.8046875,96315.8046875,96315.8046875,68448256
2026-01-15 05:20:00+00:00,96365.4765625,96365.4765625,96365.4765625,96365.4765625,425984
2026-01-15 05:21:00+00:00,96324.90625,96324.90625,96324.90625,96324.90625,1454080
2026-01-15 05:22:00+00:00,96333.953125,96333.953125,96333.953125,96333.953125,21032960
2026-01-15 05:23:00+00:00,96323.625,96323.625,96323.625,96323.625,0
2026-01-15 05:24:00+00:00,96287.2734375,96287.2734375,96287.2734375,96287.2734375,18866176
2026-01-15 05:25:00+00:00,96297.8125,96297.8125,96297.8125,96297.8125,0
2026-01-15 05:26:00+00:00,96292.6328125,96292.6328125,96292.6328125,96292.6328125,0
2026-01-15 05:27:00+00:00,96278.3828125,96278.3828125,96278.3828125,96278.3828125,0
2026-01-15 05:28:00+00:00,96278.203125,96278.203125,96278.203125,96278.203125,0
2026-01-15 05:29:00+00:00,96272.21875,96272.21875,96272.21875,96272.21875,275095552
2026-01-15 05:30:00+00:00,96239.328125,96239.328125,96239.328125,96239.328125,3203072
2026-01-15 05:31:00+00:00,96268.671875,96268.671875,96268.671875,96268.671875,0
2026-01-15 05:33:00+00:00,96282.8828125,96282.8828125,96282.8828125,96282.8828125,0
2026-01-15 05:34:00+00:00,96283.0703125,96283.0703125,96283.0703125,96283.0703125,0
2026-01-15 05:36:00+00:00,96237.453125,96237.453125,96237.453125,96237.453125,232042496
2026-01-15 05:37:00+00:00,96257.5859375,96257.5859375,96257.5859375,96257.5859375,0
2026-01-15 05:38:00+00:00,96307.8828125,96307.8828125,96307.8828125,96307.8828125,9867264
2026-01-15 05:39:00+00:00,96354.6484375,96354.6484375,96354.6484375,96354.6484375,0
2026-01-15 05:40:00+00:00,96339.4921875,96339.4921875,96339.4921875,96339.4921875,0
2026-01-15 05:41:00+00:00,96330.2265625,96330.2265625,96330.2265625,96330.2265625,1896448
2026-01-15 05:42:00+00:00,96346.0078125,96346.0078125,96346.0078125,96346.0078125,2637824
2026-01-15 05:43:00+00:00,96377.625,96377.625,96377.625,96377.625,0
2026-01-15 05:44:00+00:00,96400.40625,96400.40625,96400.40625,96400.40625,0
2026-01-15 05:45:00+00:00,96407.3828125,96407.3828125,96407.3828125,96407.3828125,243163136
2026-01-15 05:46:00+00:00,96425.828125,96425.828125,96425.828125,96425.828125,0
2026-01-15 05:47:00+00:00,96426.4140625,96426.4140625,96426.4140625,96426.4140625,2150400
2026-01-15 05:48:00+00:00,96429.125,96429.125,96429.125,96429.125,9867264
2026-01-15 05:49:00+00:00,96468.2890625,96468.2890625,96468.2890625,96468.2890625,23142400
2026-01-15 05:51:00+00:00,96440.4609375,96440.4609375,96440.4609375,96440.4609375,0
2026-01-15 05:52:00+00:00,96419.7109375,96419.7109375,96419.7109375,96419.7109375,250757120
2026-01-15 05:54:00+00:00,96421.40625,96421.40625,96421.40625,96421.40625,47546368
2026-01-15 05:55:00+00:00,96404.7265625,96404.7265625,96404.7265625,96404.7265625,0
2026-01-15 05:57:00+00:00,96388.1953125,96388.1953125,96388.1953125,96388.1953125,184320
2026-01-15 05:58:00+00:00,96393.328125,96393.328125,96393.328125,96393.328125,28831744
2026-01-15 05:59:00+00:00,96392.03125,96392.03125,96392.03125,96392.03125,8273920
2026-01-15 06:01:00+00:00,96406.0390625,96406.0390625,96406.0390625,96406.0390625,0
2026-01-15 06:03:00+00:00,96401.4296875,96401.4296875,96401.4296875,96401.4296875,0
2026-01-15 06:04:00+00:00,96460.0703125,96460.0703125,96460.0703125,96460.0703125,0
2026-01-15 06:06:00+00:00,96474.015625,96474.015625,96474.015625,96474.015625,0
2026-01-15 06:07:00+00:00,96440.1640625,96440.1640625,96440.1640625,96440.1640625,77381632
2026-01-15 06:08:00+00:00,96412.4609375,96412.4609375,96412.4609375,96412.4609375,0
2026-01-15 06:09:00+00:00,96391.828125,96391.828125,96391.828125,96391.828125,0
2026-01-15 06:10:00+00:00,96388.5234375,96388.5234375,96388.5234375,96388.5234375,0
2026-01-15 06:11:00+00:00,96377.15625,96377.15625,96377.15625,96377.15625,0
2026-01-15 06:12:00+00:00,96403.4140625,96403.4140625,96403.4140625,96403.4140625,0
2026-01-15 06:13:00+00:00,96404.5234375,96404.5234375,96404.5234375,96404.5234375,156585984
2026-01-15 06:14:00+00:00,96391.359375,96391.359375,96391.359375,96391.359375,4644864
2026-01-15 06:15:00+00:00,96420.703125,96420.703125,96420.703125,96420.703125,0
2026-01-15 06:16:00+00:00,96434.9453125,96434.9453125,96434.9453125,96434.9453125,0
2026-01-15 06:17:00+00:00,96488.6875,96488.6875,96488.6875,96488.6875,6463488
2026-01-15 06:18:00+00:00,96501.078125,96501.078125,96501.078125,96501.078125,0
2026-01-15 06:19:00+00:00,96492.34375,96492.34375,96492.34375,96492.34375,10108928
2026-01-15 06:20:00+00:00,96529.1015625,96529.1015625,96529.1015625,96529.1015625,10858496
2026-01-15 06:21:00+00:00,96510.359375,96510.359375,96510.359375,96510.359375,0
2026-01-15 06:22:00+00:00,96472.3984375,96472.3984375,96472.3984375,96472.3984375,0
2026-01-15 06:23:00+00:00,96469.3828125,96469.3828125,96469.3828125,96469.3828125,0
2026-01-15 06:24:00+00:00,96521.53125,96521.53125,96521.53125,96521.53125,252907520
2026-01-15 06:25:00+00:00,96509.25,96509.25,96509.25,96509.25,36958208
2026-01-15 06:26:00+00:00,96504.875,96504.875,96504.875,96504.875,0
2026-01-15 06:27:00+00:00,96479.34375,96479.34375,96479.34375,96479.34375,598016
2026-01-15 06:28:00+00:00,96491.875,96491.875,96491.875,96491.875,0
2026-01-15 06:30:00+00:00,96473.421875,96473.421875,96473.421875,96473.421875,5939200
2026-01-15 06:31:00+00:00,96474.703125,96474.703125,96474.703125,96474.703125,227086336
2026-01-15 06:32:00+00:00,96438.328125,96438.328125,96438.328125,96438.328125,0
2026-01-15 06:34:00+00:00,96366.2734375,96366.2734375,96366.2734375,96366.2734375,0
2026-01-15 06:35:00+00:00,96324.328125,96324.328125,96324.328125,96324.328125,2211840
2026-01-15 06:36:00+00:00,96241.7265625,96241.7265625,96241.7265625,96241.7265625,233615360
2026-01-15 06:37:00+00:00,96253.40625,96253.40625,96253.40625,96253.40625,28905472
2026-01-15 06:38:00+00:00,96227.1328125,96227.1328125,96227.1328125,96227.1328125,1957888
2026-01-15 06:39:00+00:00,96247.5859375,96247.5859375,96247.5859375,96247.5859375,0
2026-01-15 06:40:00+00:00,96229.1171875,96229.1171875,96229.1171875,96229.1171875,1421312
2026-01-15 06:41:00+00:00,96232.453125,96232.453125,96232.453125,96232.453125,0
2026-01-15 06:42:00+00:00,96240.4453125,96240.4453125,96240.4453125,96240.4453125,778240
2026-01-15 06:43:00+00:00,96236.3828125,96236.3828125,96236.3828125,96236.3828125,181317632
2026-01-15 06:44:00+00:00,96188.203125,96188.203125,96188.203125,96188.203125,234151936
2026-01-15 06:45:00+00:00,96205.6171875,96205.6171875,96205.6171875,96205.6171875,0
2026-01-15 06:46:00+00:00,96161.8046875,96161.8046875,96161.8046875,96161.8046875,0
2026-01-15 06:47:00+00:00,96181.1953125,96181.1953125,96181.1953125,96181.1953125,835096576
2026-01-15 06:48:00+00:00,96261.34375,96261.34375,96261.34375,96261.34375,13541376
2026-01-15 06:49:00+00:00,96239.3046875,96239.3046875,96239.3046875,96239.3046875,0
2026-01-15 06:50:00+00:00,96265.203125,96265.203125,96265.203125,96265.203125,1941504
2026-01-15 06:51:00+00:00,96292.203125,96292.203125,96292.203125,96292.203125,4435968
2026-01-15 06:52:00+00:00,96267.6328125,96267.6328125,96267.6328125,96267.6328125,5292032
2026-01-15 06:53:00+00:00,96256.4375,96256.4375,96256.4375,96256.4375,0
2026-01-15 06:54:00+00:00,96257.375,96257.375,96257.375,96257.375,0
2026-01-15 06:55:00+00:00,96259.609375,96259.609375,96259.609375,96259.609375,0
2026-01-15 06:57:00+00:00,96254.328125,96254.328125,96254.328125,96254.328125,0
2026-01-15 06:58:00+00:00,96298.046875,96298.046875,96298.046875,96298.046875,0
2026-01-15 06:59:00+00:00,96281.8203125,96281.8203125,96281.8203125,96281.8203125,0
2026-01-15 07:00:00+00:00,96275.9765625,96275.9765625,96275.9765625,96275.9765625,231059456
2026-01-15 07:01:00+00:00,96222.328125,96222.328125,96222.328125,96222.328125,0
2026-01-15 07:02:00+00:00,96211.6484375,96211.6484375,96211.6484375,96211.6484375,0
2026-01-15 07:03:00+00:00,96193.765625,96193.765625,96193.765625,96193.765625,216510464
2026-01-15 07:04:00+00:00,96222.2421875,96222.2421875,96222.2421875,96222.2421875,20733952
2026-01-15 07:05:00+00:00,96261.3828125,96261.3828125,96261.3828125,96261.3828125,0
2026-01-15 07:06:00+00:00,96269.9921875,96269.9921875,96269.9921875,96269.9921875,0
2026-01-15 07:08:00+00:00,96216.9140625,96216.9140625,96216.9140625,96216.9140625,0
2026-01-15 07:09:00+00:00,96244.8203125,96244.8203125,96244.8203125,96244.8203125,0
2026-01-15 07:10:00+00:00,96256.984375,96256.984375,96256.984375,96256.984375,311996416
2026-01-15 07:11:00+00:00,96266.96875,96266.96875,96266.96875,96266.96875,5906432
2026-01-15 07:12:00+00:00,96249.484375,96249.484375,96249.484375,96249.484375,0
2026-01-15 07:13:00+00:00,96248.3984375,96248.3984375,96248.3984375,96248.3984375,70127616
2026-01-15 07:14:00+00:00,96245.25,96245.25,96245.25,96245.25,0
2026-01-15 07:15:00+00:00,96219.3828125,96219.3828125,96219.3828125,96219.3828125,0
2026-01-15 07:16:00+00:00,96241.375,96241.375,96241.375,96241.375,123559936
2026-01-15 07:17:00+00:00,96276.78125,96276.78125,96276.78125,96276.78125,0
2026-01-15 07:18:00+00:00,96344.0546875,96344.0546875,96344.0546875,96344.0546875,0
2026-01-15 07:19:00+00:00,96335.2109375,96335.2109375,96335.2109375,96335.2109375,0
2026-01-15 07:20:00+00:00,96325.046875,96325.046875,96325.046875,96325.046875,0
2026-01-15 07:21:00+00:00,96337.8984375,96337.8984375,96337.8984375,96337.8984375,860160
2026-01-15 07:22:00+00:00,96353.7421875,96353.7421875,96353.7421875,96353.7421875,0
2026-01-15 07:23:00+00:00,96356.6328125,96356.6328125,96356.6328125,96356.6328125,215912448
2026-01-15 07:24:00+00:00,96421.2578125,96421.2578125,96421.2578125,96421.2578125,6488064
2026-01-15 07:25:00+00:00,96455.0859375,96455.0859375,96455.0859375,96455.0859375,0
2026-01-15 07:26:00+00:00,96414.2109375,96414.2109375,96414.2109375,96414.2109375,3784704
2026-01-15 07:27:00+00:00,96422.9921875,96422.9921875,96422.9921875,96422.9921875,1814528
2026-01-15 07:28:00+00:00,96440.1953125,96440.1953125,96440.1953125,96440.1953125,201760768
2026-01-15 07:29:00+00:00,96442.8203125,96442.8203125,96442.8203125,96442.8203125,0
2026-01-15 07:30:00+00:00,96451.3046875,96451.3046875,96451.3046875,96451.3046875,69369856
2026-01-15 07:31:00+00:00,96441.09375,96441.09375,96441.09375,96441.09375,0
2026-01-15 07:32:00+00:00,96498.609375,96498.609375,96498.609375,96498.609375,0
2026-01-15 07:33:00+00:00,96533.71875,96533.71875,96533.71875,96533.71875,0
2026-01-15 07:34:00+00:00,96509.2109375,96509.2109375,96509.2109375,96509.2109375,0
2026-01-15 07:35:00+00:00,96514.8203125,96514.8203125,96514.8203125,96514.8203125,0
2026-01-15 07:36:00+00:00,96485.984375,96485.984375,96485.984375,96485.984375,0
2026-01-15 07:37:00+00:00,96495.140625,96495.140625,96495.140625,96495.140625,0
2026-01-15 07:38:00+00:00,96487.59375,96487.59375,96487.59375,96487.59375,1867776
2026-01-15 07:39:00+00:00,96524.1015625,96524.1015625,96524.1015625,96524.1015625,0
2026-01-15 07:40:00+00:00,96536.7734375,96536.7734375,96536.7734375,96536.7734375,0
2026-01-15 07:41:00+00:00,96592.453125,96592.453125,96592.453125,96592.453125,22687744
2026-01-15 07:42:00+00:00,96651.6484375,96651.6484375,96651.6484375,96651.6484375,4382720
2026-01-15 07:43:00+00:00,96591.28125,96591.28125,96591.28125,96591.28125,0
2026-01-15 07:44:00+00:00,96586.859375,96586.859375,96586.859375,96586.859375,0
2026-01-15 07:45:00+00:00,96591.0078125,96591.0078125,96591.0078125,96591.0078125,7450624
2026-01-15 07:46:00+00:00,96621.65625,96621.65625,96621.65625,96621.65625,0
2026-01-15 07:47:00+00:00,96642.203125,96642.203125,96642.203125,96642.203125,0
2026-01-15 07:48:00+00:00,96572.515625,96572.515625,96572.515625,96572.515625,0
2026-01-15 07:49:00+00:00,96571.1015625,96571.1015625,96571.1015625,96571.1015625,0
2026-01-15 07:50:00+00:00,96544.28125,96544.28125,96544.28125,96544.28125,6201344
2026-01-15 07:51:00+00:00,96535.96875,96535.96875,96535.96875,96535.96875,0
2026-01-15 07:52:00+00:00,96524.390625,96524.390625,96524.390625,96524.390625,0
2026-01-15 07:53:00+00:00,96527.953125,96527.953125,96527.953125,96527.953125,0
2026-01-15 07:54:00+00:00,96516.3359375,96516.3359375,96516.3359375,96516.3359375,22757376
2026-01-15 07:55:00+00:00,96528.6875,96528.6875,96528.6875,96528.6875,0
2026-01-15 07:56:00+00:00,96523.8203125,96523.8203125,96523.8203125,96523.8203125,0
2026-01-15 07:57:00+00:00,96522.9375,96522.9375,96522.9375,96522.9375,6287360
2026-01-15 07:58:00+00:00,96517.4140625,96517.4140625,96517.4140625,96517.4140625,0
2026-01-15 07:59:00+00:00,96516.46875,96516.46875,96516.46875,96516.46875,0
2026-01-15 08:00:00+00:00,96560.265625,96560.265625,96560.265625,96560.265625,5922816
2026-01-15 08:01:00+00:00,96553.078125,96553.078125,96553.078125,96553.078125,92475392
2026-01-15 08:02:00+00:00,96486.5625,96486.5625,96486.5625,96486.5625,0
2026-01-15 08:03:00+00:00,96456.9921875,96456.9921875,96456.9921875,96456.9921875,3485696
2026-01-15 08:04:00+00:00,96455.8125,96455.8125,96455.8125,96455.8125,12722176
2026-01-15 08:05:00+00:00,96535.8828125,96535.8828125,96535.8828125,96535.8828125,0
2026-01-15 08:06:00+00:00,96560.1171875,96560.1171875,96560.1171875,96560.1171875,8085504
2026-01-15 08:07:00+00:00,96542.234375,96542.234375,96542.234375,96542.234375,0
2026-01-15 08:08:00+00:00,96543.6484375,96543.6484375,96543.6484375,96543.6484375,0
2026-01-15 08:09:00+00:00,96494.6015625,96494.6015625,96494.6015625,96494.6015625,2625536
2026-01-15 08:10:00+00:00,96499.21875,96499.21875,96499.21875,96499.21875,359841792
2026-01-15 08:11:00+00:00,96453.71875,96453.71875,96453.71875,96453.71875,74940416
2026-01-15 08:12:00+00:00,96438.09375,96438.09375,96438.09375,96438.09375,102400
2026-01-15 08:13:00+00:00,96417.171875,96417.171875,96417.171875,96417.171875,0
2026-01-15 08:14:00+00:00,96451.484375,96451.484375,96451.484375,96451.484375,2441216
2026-01-15 08:15:00+00:00,96446.484375,96446.484375,96446.484375,96446.484375,0
2026-01-15 08:16:00+00:00,96440.65625,96440.65625,96440.65625,96440.65625,39358464
2026-01-15 08:17:00+00:00,96433.5703125,96433.5703125,96433.5703125,96433.5703125,2158592
2026-01-15 08:18:00+00:00,96423.4453125,96423.4453125,96423.4453125,96423.4453125,741376
2026-01-15 08:19:00+00:00,96420.7109375,96420.7109375,96420.7109375,96420.7109375,0
2026-01-15 08:20:00+00:00,96411.4296875,96411.4296875,96411.4296875,96411.4296875,0
2026-01-15 08:21:00+00:00,96446.4765625,96446.4765625,96446.4765625,96446.4765625,5836800
2026-01-15 08:23:00+00:00,96527.1015625,96527.1015625,96527.1015625,96527.1015625,246378496
2026-01-15 08:24:00+00:00,96524.0625,96524.0625,96524.0625,96524.0625,9039872
2026-01-15 08:25:00+00:00,96514.703125,96514.703125,96514.703125,96514.703125,26382336
2026-01-15 08:26:00+00:00,96507.828125,96507.828125,96507.828125,96507.828125,6307840
2026-01-15 08:27:00+00:00,96473.125,96473.125,96473.125,96473.125,7393280
2026-01-15 08:28:00+00:00,96441.2421875,96441.2421875,96441.2421875,96441.2421875,51916800
2026-01-15 08:29:00+00:00,96393.375,96393.375,96393.375,96393.375,4751360
2026-01-15 08:30:00+00:00,96351.171875,96351.171875,96351.171875,96351.171875,0
2026-01-15 08:31:00+00:00,96351.34375,96351.34375,96351.34375,96351.34375,0
2026-01-15 08:32:00+00:00,96324.21875,96324.21875,96324.21875,96324.21875,6971392
2026-01-15 08:33:00+00:00,96312.8203125,96312.8203125,96312.8203125,96312.8203125,0
2026-01-15 08:34:00+00:00,96309.9296875,96309.9296875,96309.9296875,96309.9296875,94191616
2026-01-15 08:35:00+00:00,96319.2890625,96319.2890625,96319.2890625,96319.2890625,2654208
2026-01-15 08:36:00+00:00,96315.1875,96315.1875,96315.1875,96315.1875,0
2026-01-15 08:37:00+00:00,96325.78125,96325.78125,96325.78125,96325.78125,2863104
2026-01-15 08:38:00+00:00,96327.3046875,96327.3046875,96327.3046875,96327.3046875,0
2026-01-15 08:39:00+00:00,96316.1484375,96316.1484375,96316.1484375,96316.1484375,0
2026-01-15 08:40:00+00:00,96347.7890625,96347.7890625,96347.7890625,96347.7890625,250748928
2026-01-15 08:42:00+00:00,96367.84375,96367.84375,96367.84375,96367.84375,4599808
2026-01-15 08:43:00+00:00,96372.78125,96372.78125,96372.78125,96372.78125,0
2026-01-15 08:44:00+00:00,96362.8046875,96362.8046875,96362.8046875,96362.8046875,0
2026-01-15 08:46:00+00:00,96409.3515625,96409.3515625,96409.3515625,96409.3515625,20598784
2026-01-15 08:47:00+00:00,96434.703125,96434.703125,96434.703125,96434.703125,7172096
2026-01-15 08:48:00+00:00,96467.9296875,96467.9296875,96467.9296875,96467.9296875,8138752
2026-01-15 08:49:00+00:00,96489.7578125,96489.7578125,96489.7578125,96489.7578125,16728064
2026-01-15 08:50:00+00:00,96526.0078125,96526.0078125,96526.0078125,96526.0078125,19546112
2026-01-15 08:51:00+00:00,96570.25,96570.25,96570.25,96570.25,1015808
2026-01-15 08:52:00+00:00,96558.6328125,96558.6328125,96558.6328125,96558.6328125,67616768
2026-01-15 08:53:00+00:00,96564.4375,96564.4375,96564.4375,96564.4375,4390912
2026-01-15 08:54:00+00:00,96529.3125,96529.3125,96529.3125,96529.3125,0
2026-01-15 08:56:00+00:00,96570.609375,96570.609375,96570.609375,96570.609375,0
2026-01-15 08:57:00+00:00,96608.125,96608.125,96608.125,96608.125,13385728
2026-01-15 08:58:00+00:00,96618.5546875,96618.5546875,96618.5546875,96618.5546875,218562560
2026-01-15 08:59:00+00:00,96614.46875,96614.46875,96614.46875,96614.46875,47296512
2026-01-15 09:00:00+00:00,96617.703125,96617.703125,96617.703125,96617.703125,9715712
2026-01-15 09:01:00+00:00,96595.2578125,96595.2578125,96595.2578125,96595.2578125,0
2026-01-15 09:02:00+00:00,96593.3125,96593.3125,96593.3125,96593.3125,6488064
2026-01-15 09:03:00+00:00,96576.0703125,96576.0703125,96576.0703125,96576.0703125,0
2026-01-15 09:04:00+00:00,96572.1875,96572.1875,96572.1875,96572.1875,2093056
2026-01-15 09:05:00+00:00,96555.796875,96555.796875,96555.796875,96555.796875,0
2026-01-15 09:06:00+00:00,96598.3046875,96598.3046875,96598.3046875,96598.3046875,1101824
2026-01-15 09:07:00+00:00,96570.0859375,96570.0859375,96570.0859375,96570.0859375,0
2026-01-15 09:08:00+00:00,96594.1875,96594.1875,96594.1875,96594.1875,0
2026-01-15 09:09:00+00:00,96609.0625,96609.0625,96609.0625,96609.0625,14057472
2026-01-15 09:10:00+00:00,96651.1796875,96651.1796875,96651.1796875,96651.1796875,0
2026-01-15 09:11:00+00:00,96624.984375,96624.984375,96624.984375,96624.984375,0
2026-01-15 09:12:00+00:00,96591.984375,96591.984375,96591.984375,96591.984375,696320
2026-01-15 09:13:00+00:00,96599.0078125,96599.0078125,96599.0078125,96599.0078125,0
2026-01-15 09:14:00+00:00,96589.21875,96589.21875,96589.21875,96589.21875,0
2026-01-15 09:15:00+00:00,96578.7890625,96578.7890625,96578.7890625,96578.7890625,14311424
2026-01-15 09:16:00+00:00,96545.96875,96545.96875,96545.96875,96545.96875,20979712
2026-01-15 09:17:00+00:00,96573.484375,96573.484375,96573.484375,96573.484375,3739648
2026-01-15 09:18:00+00:00,96600.78125,96600.78125,96600.78125,96600.78125,22405120
2026-01-15 09:19:00+00:00,96594.5703125,96594.5703125,96594.5703125,96594.5703125,41533440
2026-01-15 09:20:00+00:00,96600.34375,96600.34375,96600.34375,96600.34375,0
2026-01-15 09:21:00+00:00,96616.3828125,96616.3828125,96616.3828125,96616.3828125,8097792
2026-01-15 09:22:00+00:00,96619.8046875,96619.8046875,96619.8046875,96619.8046875,21315584
2026-01-15 09:23:00+00:00,96637.75,96637.75,96637.75,96637.75,5210112
2026-01-15 09:24:00+00:00,96601.03125,96601.03125,96601.03125,96601.03125,434176
2026-01-15 09:25:00+00:00,96632.53125,96632.53125,96632.53125,96632.53125,19935232
2026-01-15 09:26:00+00:00,96674.0703125,96674.0703125,96674.0703125,96674.0703125,4841472
2026-01-15 09:27:00+00:00,96751.3359375,96751.3359375,96751.3359375,96751.3359375,4157440
2026-01-15 09:28:00+00:00,96761.2109375,96761.2109375,96761.2109375,96761.2109375,0
2026-01-15 09:29:00+00:00,96779.1015625,96779.1015625,96779.1015625,96779.1015625,8134656
2026-01-15 09:30:00+00:00,96745.7734375,96745.7734375,96745.7734375,96745.7734375,0
2026-01-15 09:31:00+00:00,96748.7265625,96748.7265625,96748.7265625,96748.7265625,94806016
2026-01-15 09:32:00+00:00,96681.109375,96681.109375,96681.109375,96681.109375,0
2026-01-15 09:34:00+00:00,96752.03125,96752.03125,96752.03125,96752.03125,251400192
2026-01-15 09:35:00+00:00,96778.03125,96778.03125,96778.03125,96778.03125,843776
2026-01-15 09:36:00+00:00,96788.8984375,96788.8984375,96788.8984375,96788.8984375,0
2026-01-15 09:37:00+00:00,96794.9296875,96794.9296875,96794.9296875,96794.9296875,1122304
2026-01-15 09:39:00+00:00,96863.15625,96863.15625,96863.15625,96863.15625,5197824
2026-01-15 09:40:00+00:00,96942.3203125,96942.3203125,96942.3203125,96942.3203125,0
2026-01-15 09:41:00+00:00,96934.109375,96934.109375,96934.109375,96934.109375,14278656
2026-01-15 09:42:00+00:00,96950.75,96950.75,96950.75,96950.75,10256384
2026-01-15 09:43:00+00:00,97026.265625,97026.265625,97026.265625,97026.265625,126386176
2026-01-15 09:44:00+00:00,97054.375,97054.375,97054.375,97054.375,16142336
2026-01-15 09:45:00+00:00,97043.2265625,97043.2265625,97043.2265625,97043.2265625,12812288
2026-01-15 09:46:00+00:00,97021.765625,97021.765625,97021.765625,97021.765625,113008640
2026-01-15 09:47:00+00:00,97003.9296875,97003.9296875,97003.9296875,97003.9296875,5103616
2026-01-15 09:48:00+00:00,96999.515625,96999.515625,96999.515625,96999.515625,6397952
2026-01-15 09:49:00+00:00,96986.5,96986.5,96986.5,96986.5,35860480
2026-01-15 09:50:00+00:00,96986.90625,96986.90625,96986.90625,96986.90625,14675968
2026-01-15 09:52:00+00:00,97076.765625,97076.765625,97076.765625,97076.765625,332357632
2026-01-15 09:53:00+00:00,97071.9375,97071.9375,97071.9375,97071.9375,7720960
2026-01-15 09:54:00+00:00,97068.0078125,97068.0078125,97068.0078125,97068.0078125,811008
2026-01-15 09:55:00+00:00,97096.046875,97096.046875,97096.046875,97096.046875,69320704
2026-01-15 09:56:00+00:00,97150.171875,97150.171875,97150.171875,97150.171875,16502784
2026-01-15 09:57:00+00:00,97106.6015625,97106.6015625,97106.6015625,97106.6015625,5419008
2026-01-15 09:58:00+00:00,97039.421875,97039.421875,97039.421875,97039.421875,170119168
2026-01-15 09:59:00+00:00,97046.734375,97046.734375,97046.734375,97046.734375,1785856
2026-01-15 10:00:00+00:00,96994.9921875,96994.9921875,96994.9921875,96994.9921875,0
2026-01-15 10:01:00+00:00,97013.7109375,97013.7109375,97013.7109375,97013.7109375,0
2026-01-15 10:02:00+00:00,96997.4609375,96997.4609375,96997.4609375,96997.4609375,16089088
2026-01-15 10:03:00+00:00,96997.8359375,96997.8359375,96997.8359375,96997.8359375,0
2026-01-15 10:04:00+00:00,96942.4609375,96942.4609375,96942.4609375,96942.4609375,0
2026-01-15 10:05:00+00:00,96920.71875,96920.71875,96920.71875,96920.71875,0
2026-01-15 10:06:00+00:00,96893.375,96893.375,96893.375,96893.375,8941568
2026-01-15 10:07:00+00:00,96953.453125,96953.453125,96953.453125,96953.453125,0
2026-01-15 10:08:00+00:00,96936.15625,96936.15625,96936.15625,96936.15625,21270528
2026-01-15 10:09:00+00:00,96909.5703125,96909.5703125,96909.5703125,96909.5703125,0
2026-01-15 10:10:00+00:00,96883.9375,96883.9375,96883.9375,96883.9375,195452928
2026-01-15 10:11:00+00:00,96881.9921875,96881.9921875,96881.9921875,96881.9921875,6443008
2026-01-15 10:12:00+00:00,96847.609375,96847.609375,96847.609375,96847.609375,0
2026-01-15 10:13:00+00:00,96852.328125,96852.328125,96852.328125,96852.328125,18649088
2026-01-15 10:14:00+00:00,96834.0390625,96834.0390625,96834.0390625,96834.0390625,0
2026-01-15 10:15:00+00:00,96831.4609375,96831.4609375,96831.4609375,96831.4609375,0
2026-01-15 10:16:00+00:00,96830.6796875,96830.6796875,96830.6796875,96830.6796875,0
2026-01-15 10:17:00+00:00,96824.0859375,96824.0859375,96824.0859375,96824.0859375,970752
2026-01-15 10:18:00+00:00,96795.1171875,96795.1171875,96795.1171875,96795.1171875,0
2026-01-15 10:19:00+00:00,96788.734375,96788.734375,96788.734375,96788.734375,222969856
2026-01-15 10:20:00+00:00,96803.6640625,96803.6640625,96803.6640625,96803.6640625,0
2026-01-15 10:21:00+00:00,96815.8046875,96815.8046875,96815.8046875,96815.8046875,13316096
2026-01-15 10:22:00+00:00,96809.3828125,96809.3828125,96809.3828125,96809.3828125,0
2026-01-15 10:23:00+00:00,96840.0546875,96840.0546875,96840.0546875,96840.0546875,17137664
2026-01-15 10:24:00+00:00,96887.984375,96887.984375,96887.984375,96887.984375,0
2026-01-15 10:25:00+00:00,96867.125,96867.125,96867.125,96867.125,0
2026-01-15 10:26:00+00:00,96867.6328125,96867.6328125,96867.6328125,96867.6328125,0
2026-01-15 10:27:00+00:00,96837.7265625,96837.7265625,96837.7265625,96837.7265625,0
2026-01-15 10:28:00+00:00,96825.03125,96825.03125,96825.03125,96825.03125,0
2026-01-15 10:29:00+00:00,96789.5546875,96789.5546875,96789.5546875,96789.5546875,1933312
2026-01-15 10:30:00+00:00,96773.4921875,96773.4921875,96773.4921875,96773.4921875,0
2026-01-15 10:31:00+00:00,96732.1171875,96732.1171875,96732.1171875,96732.1171875,178130944
2026-01-15 10:32:00+00:00,96784.734375,96784.734375,96784.734375,96784.734375,0
2026-01-15 10:33:00+00:00,96743.640625,96743.640625,96743.640625,96743.640625,774144
2026-01-15 10:34:00+00:00,96742.3671875,96742.3671875,96742.3671875,96742.3671875,0
2026-01-15 10:35:00+00:00,96791.75,96791.75,96791.75,96791.75,1830912
2026-01-15 10:36:00+00:00,96779.953125,96779.953125,96779.953125,96779.953125,0
2026-01-15 10:37:00+00:00,96765.4921875,96765.4921875,96765.4921875,96765.4921875,0
2026-01-15 10:38:00+00:00,96736.78125,96736.78125,96736.78125,96736.78125,0
2026-01-15 10:39:00+00:00,96743.21875,96743.21875,96743.21875,96743.21875,2576384
2026-01-15 10:40:00+00:00,96753.4921875,96753.4921875,96753.4921875,96753.4921875,0
2026-01-15 10:41:00+00:00,96740.2890625,96740.2890625,96740.2890625,96740.2890625,0
2026-01-15 10:42:00+00:00,96732.46875,96732.46875,96732.46875,96732.46875,11796480
2026-01-15 10:43:00+00:00,96720.890625,96720.890625,96720.890625,96720.890625,0
2026-01-15 10:44:00+00:00,96731.640625,96731.640625,96731.640625,96731.640625,0
2026-01-15 10:45:00+00:00,96744.3046875,96744.3046875,96744.3046875,96744.3046875,0
2026-01-15 10:46:00+00:00,96739.3984375,96739.3984375,96739.3984375,96739.3984375,0
2026-01-15 10:47:00+00:00,96746.0,96746.0,96746.0,96746.0,1761280
2026-01-15 10:48:00+00:00,96753.296875,96753.296875,96753.296875,96753.296875,1896448
2026-01-15 10:49:00+00:00,96815.7109375,96815.7109375,96815.7109375,96815.7109375,0
2026-01-15 10:50:00+00:00,96785.5234375,96785.5234375,96785.5234375,96785.5234375,19865600
2026-01-15 10:51:00+00:00,96782.5703125,96782.5703125,96782.5703125,96782.5703125,3280896
2026-01-15 10:52:00+00:00,96800.6015625,96800.6015625,96800.6015625,96800.6015625,0
2026-01-15 10:53:00+00:00,96816.3359375,96816.3359375,96816.3359375,96816.3359375,4182016
2026-01-15 10:54:00+00:00,96801.203125,96801.203125,96801.203125,96801.203125,0
2026-01-15 10:55:00+00:00,96816.03125,96816.03125,96816.03125,96816.03125,0
2026-01-15 10:57:00+00:00,96779.125,96779.125,96779.125,96779.125,12288
2026-01-15 10:58:00+00:00,96780.6328125,96780.6328125,96780.6328125,96780.6328125,0
2026-01-15 10:59:00+00:00,96792.0546875,96792.0546875,96792.0546875,96792.0546875,12288000
2026-01-15 11:00:00+00:00,96788.5,96788.5,96788.5,96788.5,0
2026-01-15 11:01:00+00:00,96772.171875,96772.171875,96772.171875,96772.171875,0
2026-01-15 11:02:00+00:00,96795.703125,96795.703125,96795.703125,96795.703125,22822912
2026-01-15 11:03:00+00:00,96803.828125,96803.828125,96803.828125,96803.828125,0
2026-01-15 11:04:00+00:00,96798.2421875,96798.2421875,96798.2421875,96798.2421875,30085120
2026-01-15 11:05:00+00:00,96774.765625,96774.765625,96774.765625,96774.765625,0
2026-01-15 11:07:00+00:00,96768.1328125,96768.1328125,96768.1328125,96768.1328125,0
2026-01-15 11:08:00+00:00,96716.8671875,96716.8671875,96716.8671875,96716.8671875,0
2026-01-15 11:09:00+00:00,96733.21875,96733.21875,96733.21875,96733.21875,1654784
2026-01-15 11:10:00+00:00,96722.8203125,96722.8203125,96722.8203125,96722.8203125,0
2026-01-15 11:12:00+00:00,96693.4921875,96693.4921875,96693.4921875,96693.4921875,0
2026-01-15 11:13:00+00:00,96714.171875,96714.171875,96714.171875,96714.171875,0
2026-01-15 11:14:00+00:00,96720.640625,96720.640625,96720.640625,96720.640625,12161024
2026-01-15 11:15:00+00:00,96716.96875,96716.96875,96716.96875,96716.96875,0
2026-01-15 11:16:00+00:00,96714.796875,96714.796875,96714.796875,96714.796875,0
2026-01-15 11:17:00+00:00,96704.3515625,96704.3515625,96704.3515625,96704.3515625,0
2026-01-15 11:18:00+00:00,96704.265625,96704.265625,96704.265625,96704.265625,0
2026-01-15 11:19:00+00:00,96692.1484375,96692.1484375,96692.1484375,96692.1484375,343089152
2026-01-15 11:20:00+00:00,96744.96875,96744.96875,96744.96875,96744.96875,5320704
2026-01-15 11:21:00+00:00,96800.53125,96800.53125,96800.53125,96800.53125,8044544
2026-01-15 11:22:00+00:00,96775.9765625,96775.9765625,96775.9765625,96775.9765625,0
2026-01-15 11:23:00+00:00,96796.015625,96796.015625,96796.015625,96796.015625,0
2026-01-15 11:24:00+00:00,96790.6484375,96790.6484375,96790.6484375,96790.6484375,643072
2026-01-15 11:25:00+00:00,96774.21875,96774.21875,96774.21875,96774.21875,0
2026-01-15 11:26:00+00:00,96772.6875,96772.6875,96772.6875,96772.6875,4145152
2026-01-15 11:27:00+00:00,96781.734375,96781.734375,96781.734375,96781.734375,2342912
2026-01-15 11:28:00+00:00,96770.4609375,96770.4609375,96770.4609375,96770.4609375,53780480
2026-01-15 11:29:00+00:00,96782.546875,96782.546875,96782.546875,96782.546875,0
2026-01-15 11:30:00+00:00,96792.4375,96792.4375,96792.4375,96792.4375,4419584
2026-01-15 11:31:00+00:00,96845.3203125,96845.3203125,96845.3203125,96845.3203125,17936384
2026-01-15 11:33:00+00:00,96845.8359375,96845.8359375,96845.8359375,96845.8359375,0
2026-01-15 11:34:00+00:00,96764.40625,96764.40625,96764.40625,96764.40625,14884864
2026-01-15 11:35:00+00:00,96710.4921875,96710.4921875,96710.4921875,96710.4921875,0
2026-01-15 11:36:00+00:00,96698.7890625,96698.7890625,96698.7890625,96698.7890625,2826240
2026-01-15 11:37:00+00:00,96688.6484375,96688.6484375,96688.6484375,96688.6484375,13557760
2026-01-15 11:38:00+00:00,96694.1171875,96694.1171875,96694.1171875,96694.1171875,4308992
2026-01-15 11:39:00+00:00,96660.8359375,96660.8359375,96660.8359375,96660.8359375,655360
2026-01-15 11:40:00+00:00,96656.9765625,96656.9765625,96656.9765625,96656.9765625,1736704
2026-01-15 11:41:00+00:00,96654.640625,96654.640625,96654.640625,96654.640625,0
2026-01-15 11:43:00+00:00,96655.5,96655.5,96655.5,96655.5,0
2026-01-15 11:44:00+00:00,96643.484375,96643.484375,96643.484375,96643.484375,9015296
2026-01-15 11:45:00+00:00,96653.1640625,96653.1640625,96653.1640625,96653.1640625,69632
2026-01-15 11:46:00+00:00,96665.4140625,96665.4140625,96665.4140625,96665.4140625,206479360
2026-01-15 11:47:00+00:00,96646.5625,96646.5625,96646.5625,96646.5625,61853696
2026-01-15 11:48:00+00:00,96628.53125,96628.53125,96628.53125,96628.53125,0
2026-01-15 11:49:00+00:00,96578.5234375,96578.5234375,96578.5234375,96578.5234375,0
2026-01-15 11:50:00+00:00,96577.515625,96577.515625,96577.515625,96577.515625,7614464
2026-01-15 11:51:00+00:00,96570.375,96570.375,96570.375,96570.375,0
2026-01-15 11:52:00+00:00,96582.125,96582.125,96582.125,96582.125,195534848
2026-01-15 11:53:00+00:00,96587.9296875,96587.9296875,96587.9296875,96587.9296875,2646016
2026-01-15 11:54:00+00:00,96583.390625,96583.390625,96583.390625,96583.390625,466944
2026-01-15 11:55:00+00:00,96563.796875,96563.796875,96563.796875,96563.796875,85585920
2026-01-15 11:56:00+00:00,96560.34375,96560.34375,96560.34375,96560.34375,0
2026-01-15 11:57:00+00:00,96558.1796875,96558.1796875,96558.1796875,96558.1796875,0
2026-01-15 11:58:00+00:00,96606.4375,96606.4375,96606.4375,96606.4375,17874944
2026-01-15 11:59:00+00:00,96587.4453125,96587.4453125,96587.4453125,96587.4453125,0
2026-01-15 12:00:00+00:00,96551.375,96551.375,96551.375,96551.375,0
2026-01-15 12:01:00+00:00,96517.484375,96517.484375,96517.484375,96517.484375,0
2026-01-15 12:02:00+00:00,96534.90625,96534.90625,96534.90625,96534.90625,4251648
2026-01-15 12:03:00+00:00,96577.1796875,96577.1796875,96577.1796875,96577.1796875,0
2026-01-15 12:04:00+00:00,96599.0234375,96599.0234375,96599.0234375,96599.0234375,0
2026-01-15 12:05:00+00:00,96629.890625,96629.890625,96629.890625,96629.890625,0
2026-01-15 12:06:00+00:00,96618.0859375,96618.0859375,96618.0859375,96618.0859375,47542272
2026-01-15 12:07:00+00:00,96622.5078125,96622.5078125,96622.5078125,96622.5078125,0
2026-01-15 12:08:00+00:00,96614.78125,96614.78125,96614.78125,96614.78125,1179648
2026-01-15 12:09:00+00:00,96613.8046875,96613.8046875,96613.8046875,96613.8046875,1609728
2026-01-15 12:10:00+00:00,96627.78125,96627.78125,96627.78125,96627.78125,0
2026-01-15 12:11:00+00:00,96637.890625,96637.890625,96637.890625,96637.890625,0
2026-01-15 12:12:00+00:00,96658.0078125,96658.0078125,96658.0078125,96658.0078125,1490944
2026-01-15 12:13:00+00:00,96655.5,96655.5,96655.5,96655.5,0
2026-01-15 12:14:00+00:00,96651.3125,96651.3125,96651.3125,96651.3125,0
2026-01-15 12:15:00+00:00,96648.0234375,96648.0234375,96648.0234375,96648.0234375,4653056
2026-01-15 12:16:00+00:00,96662.875,96662.875,96662.875,96662.875,0
2026-01-15 12:17:00+00:00,96648.53125,96648.53125,96648.53125,96648.53125,0
2026-01-15 12:18:00+00:00,96650.90625,96650.90625,96650.90625,96650.90625,0
2026-01-15 12:19:00+00:00,96621.4453125,96621.4453125,96621.4453125,96621.4453125,270626816
2026-01-15 12:20:00+00:00,96589.8125,96589.8125,96589.8125,96589.8125,0
2026-01-15 12:21:00+00:00,96599.1171875,96599.1171875,96599.1171875,96599.1171875,4272128
2026-01-15 12:22:00+00:00,96574.21875,96574.21875,96574.21875,96574.21875,29151232
2026-01-15 12:23:00+00:00,96531.7890625,96531.7890625,96531.7890625,96531.7890625,0
2026-01-15 12:24:00+00:00,96586.4375,96586.4375,96586.4375,96586.4375,9015296
2026-01-15 12:25:00+00:00,96572.8359375,96572.8359375,96572.8359375,96572.8359375,0
2026-01-15 12:26:00+00:00,96603.25,96603.25,96603.25,96603.25,716800
2026-01-15 12:27:00+00:00,96598.578125,96598.578125,96598.578125,96598.578125,0
2026-01-15 12:28:00+00:00,96615.0546875,96615.0546875,96615.0546875,96615.0546875,15544320
2026-01-15 12:29:00+00:00,96600.15625,96600.15625,96600.15625,96600.15625,0
2026-01-15 12:30:00+00:00,96601.140625,96601.140625,96601.140625,96601.140625,2498560
2026-01-15 12:31:00+00:00,96594.3515625,96594.3515625,96594.3515625,96594.3515625,0
2026-01-15 12:33:00+00:00,96612.8203125,96612.8203125,96612.8203125,96612.8203125,0
2026-01-15 12:34:00+00:00,96596.09375,96596.09375,96596.09375,96596.09375,0
2026-01-15 12:35:00+00:00,96640.015625,96640.015625,96640.015625,96640.015625,7159808
2026-01-15 12:36:00+00:00,96623.625,96623.625,96623.625,96623.625,0
2026-01-15 12:37:00+00:00,96628.4375,96628.4375,96628.4375,96628.4375,0
2026-01-15 12:38:00+00:00,96623.7578125,96623.7578125,96623.7578125,96623.7578125,0
2026-01-15 12:40:00+00:00,96622.71875,96622.71875,96622.71875,96622.71875,0
2026-01-15 12:41:00+00:00,96624.46875,96624.46875,96624.46875,96624.46875,409600
2026-01-15 12:42:00+00:00,96640.4453125,96640.4453125,96640.4453125,96640.4453125,0
2026-01-15 12:43:00+00:00,96646.4453125,96646.4453125,96646.4453125,96646.4453125,127213568
2026-01-15 12:44:00+00:00,96703.5390625,96703.5390625,96703.5390625,96703.5390625,0
2026-01-15 12:45:00+00:00,96722.6015625,96722.6015625,96722.6015625,96722.6015625,7618560
2026-01-15 12:46:00+00:00,96733.6640625,96733.6640625,96733.6640625,96733.6640625,0
2026-01-15 12:47:00+00:00,96741.8359375,96741.8359375,96741.8359375,96741.8359375,7647232
2026-01-15 12:48:00+00:00,96744.1484375,96744.1484375,96744.1484375,96744.1484375,6590464
2026-01-15 12:49:00+00:00,96755.1875,96755.1875,96755.1875,96755.1875,69664768
2026-01-15 12:51:00+00:00,96757.84375,96757.84375,96757.84375,96757.84375,2465792
2026-01-15 12:52:00+00:00,96795.3828125,96795.3828125,96795.3828125,96795.3828125,21831680
2026-01-15 12:53:00+00:00,96797.5859375,96797.5859375,96797.5859375,96797.5859375,5062656
2026-01-15 12:54:00+00:00,96854.3828125,96854.3828125,96854.3828125,96854.3828125,5062656
2026-01-15 12:55:00+00:00,96917.5703125,96917.5703125,96917.5703125,96917.5703125,0
2026-01-15 12:56:00+00:00,96861.3125,96861.3125,96861.3125,96861.3125,0
2026-01-15 12:57:00+00:00,96881.3203125,96881.3203125,96881.3203125,96881.3203125,8818688
2026-01-15 12:58:00+00:00,96913.8828125,96913.8828125,96913.8828125,96913.8828125,108298240
2026-01-15 12:59:00+00:00,96940.3046875,96940.3046875,96940.3046875,96940.3046875,13959168
2026-01-15 13:00:00+00:00,96946.40625,96946.40625,96946.40625,96946.40625,5935104
2026-01-15 13:01:00+00:00,96957.265625,96957.265625,96957.265625,96957.265625,0
2026-01-15 13:02:00+00:00,96939.078125,96939.078125,96939.078125,96939.078125,0
2026-01-15 13:04:00+00:00,96874.671875,96874.671875,96874.671875,96874.671875,7372800
2026-01-15 13:05:00+00:00,96879.625,96879.625,96879.625,96879.625,22368256
2026-01-15 13:06:00+00:00,96881.9765625,96881.9765625,96881.9765625,96881.9765625,7520256
2026-01-15 13:07:00+00:00,96852.8828125,96852.8828125,96852.8828125,96852.8828125,33857536
2026-01-15 13:08:00+00:00,96867.484375,96867.484375,96867.484375,96867.484375,1306624
2026-01-15 13:09:00+00:00,96855.7265625,96855.7265625,96855.7265625,96855.7265625,3911680
2026-01-15 13:10:00+00:00,96843.0703125,96843.0703125,96843.0703125,96843.0703125,0
2026-01-15 13:11:00+00:00,96851.6328125,96851.6328125,96851.6328125,96851.6328125,1040384
2026-01-15 13:12:00+00:00,96841.3828125,96841.3828125,96841.3828125,96841.3828125,4681728
2026-01-15 13:13:00+00:00,96839.8359375,96839.8359375,96839.8359375,96839.8359375,308158464
2026-01-15 13:14:00+00:00,96823.4921875,96823.4921875,96823.4921875,96823.4921875,3317760
2026-01-15 13:15:00+00:00,96836.8671875,96836.8671875,96836.8671875,96836.8671875,0
2026-01-15 13:17:00+00:00,96914.90625,96914.90625,96914.90625,96914.90625,16449536
2026-01-15 13:18:00+00:00,96902.953125,96902.953125,96902.953125,96902.953125,4083712
2026-01-15 13:19:00+00:00,96890.8828125,96890.8828125,96890.8828125,96890.8828125,8556544
2026-01-15 13:20:00+00:00,96907.734375,96907.734375,96907.734375,96907.734375,3481600
2026-01-15 13:22:00+00:00,96877.640625,96877.640625,96877.640625,96877.640625,0
2026-01-15 13:23:00+00:00,96875.375,96875.375,96875.375,96875.375,0
2026-01-15 13:24:00+00:00,96868.515625,96868.515625,96868.515625,96868.515625,0
2026-01-15 13:26:00+00:00,96876.8359375,96876.8359375,96876.8359375,96876.8359375,30302208
2026-01-15 13:28:00+00:00,96938.0390625,96938.0390625,96938.0390625,96938.0390625,0
2026-01-15 13:29:00+00:00,96900.453125,96900.453125,96900.453125,96900.453125,434176
2026-01-15 13:30:00+00:00,96904.1484375,96904.1484375,96904.1484375,96904.1484375,0
2026-01-15 13:31:00+00:00,96840.96875,96840.96875,96840.96875,96840.96875,28610560
2026-01-15 13:32:00+00:00,96675.3359375,96675.3359375,96675.3359375,96675.3359375,17481728
2026-01-15 13:33:00+00:00,96670.8359375,96670.8359375,96670.8359375,96670.8359375,0
2026-01-15 13:34:00+00:00,96669.640625,96669.640625,96669.640625,96669.640625,37572608
2026-01-15 13:35:00+00:00,96611.4453125,96611.4453125,96611.4453125,96611.4453125,0
2026-01-15 13:36:00+00:00,96619.3046875,96619.3046875,96619.3046875,96619.3046875,1658880
2026-01-15 13:37:00+00:00,96684.2109375,96684.2109375,96684.2109375,96684.2109375,13283328
2026-01-15 13:38:00+00:00,96688.8359375,96688.8359375,96688.8359375,96688.8359375,0
2026-01-15 13:39:00+00:00,96711.1015625,96711.1015625,96711.1015625,96711.1015625,0
2026-01-15 13:40:00+00:00,96690.484375,96690.484375,96690.484375,96690.484375,23035904
2026-01-15 13:41:00+00:00,96700.484375,96700.484375,96700.484375,96700.484375,3735552
2026-01-15 13:42:00+00:00,96696.03125,96696.03125,96696.03125,96696.03125,10866688
2026-01-15 13:43:00+00:00,96712.0,96712.0,96712.0,96712.0,136294400
2026-01-15 13:44:00+00:00,96751.734375,96751.734375,96751.734375,96751.734375,4026368
2026-01-15 13:45:00+00:00,96742.484375,96742.484375,96742.484375,96742.484375,2138112
2026-01-15 13:46:00+00:00,96762.5625,96762.5625,96762.5625,96762.5625,164253696
2026-01-15 13:47:00+00:00,96820.0703125,96820.0703125,96820.0703125,96820.0703125,2695168
2026-01-15 13:48:00+00:00,96851.6484375,96851.6484375,96851.6484375,96851.6484375,1150976
2026-01-15 13:49:00+00:00,96955.3515625,96955.3515625,96955.3515625,96955.3515625,0
2026-01-15 13:50:00+00:00,96963.1875,96963.1875,96963.1875,96963.1875,9584640
2026-01-15 13:51:00+00:00,96965.6953125,96965.6953125,96965.6953125,96965.6953125,9826304
2026-01-15 13:52:00+00:00,96944.4140625,96944.4140625,96944.4140625,96944.4140625,1609728
2026-01-15 13:53:00+00:00,96908.09375,96908.09375,96908.09375,96908.09375,9183232
2026-01-15 13:54:00+00:00,96847.4375,96847.4375,96847.4375,96847.4375,4759552
2026-01-15 13:55:00+00:00,96868.703125,96868.703125,96868.703125,96868.703125,0
2026-01-15 13:56:00+00:00,96876.703125,96876.703125,96876.703125,96876.703125,8065024
2026-01-15 13:57:00+00:00,96864.6875,96864.6875,96864.6875,96864.6875,417792
2026-01-15 13:58:00+00:00,96847.3828125,96847.3828125,96847.3828125,96847.3828125,50573312
2026-01-15 13:59:00+00:00,96817.375,96817.375,96817.375,96817.375,0
2026-01-15 14:00:00+00:00,96811.3046875,96811.3046875,96811.3046875,96811.3046875,13447168
2026-01-15 14:01:00+00:00,96834.78125,96834.78125,96834.78125,96834.78125,0
2026-01-15 14:02:00+00:00,96832.2890625,96832.2890625,96832.2890625,96832.2890625,49168384
2026-01-15 14:03:00+00:00,96881.796875,96881.796875,96881.796875,96881.796875,0
2026-01-15 14:04:00+00:00,96931.8671875,96931.8671875,96931.8671875,96931.8671875,95100928
2026-01-15 14:05:00+00:00,96954.140625,96954.140625,96954.140625,96954.140625,2244608
2026-01-15 14:06:00+00:00,96968.2890625,96968.2890625,96968.2890625,96968.2890625,1732608
2026-01-15 14:07:00+00:00,96949.2109375,96949.2109375,96949.2109375,96949.2109375,0
2026-01-15 14:08:00+00:00,96950.5,96950.5,96950.5,96950.5,0
2026-01-15 14:09:00+00:00,96979.40625,96979.40625,96979.40625,96979.40625,2830336
2026-01-15 14:10:00+00:00,97021.3125,97021.3125,97021.3125,97021.3125,0
2026-01-15 14:11:00+00:00,97046.578125,97046.578125,97046.578125,97046.578125,184320
2026-01-15 14:12:00+00:00,97083.2890625,97083.2890625,97083.2890625,97083.2890625,0
2026-01-15 14:13:00+00:00,97048.5546875,97048.5546875,97048.5546875,97048.5546875,0
2026-01-15 14:14:00+00:00,97092.859375,97092.859375,97092.859375,97092.859375,3141632
2026-01-15 14:15:00+00:00,97097.1171875,97097.1171875,97097.1171875,97097.1171875,0
2026-01-15 14:16:00+00:00,97061.6640625,97061.6640625,97061.6640625,97061.6640625,0
2026-01-15 14:17:00+00:00,97047.5390625,97047.5390625,97047.5390625,97047.5390625,0
2026-01-15 14:18:00+00:00,96990.28125,96990.28125,96990.28125,96990.28125,0
2026-01-15 14:19:00+00:00,97010.625,97010.625,97010.625,97010.625,203436032
2026-01-15 14:20:00+00:00,96991.3359375,96991.3359375,96991.3359375,96991.3359375,0
2026-01-15 14:21:00+00:00,96949.140625,96949.140625,96949.140625,96949.140625,0
2026-01-15 14:22:00+00:00,96911.796875,96911.796875,96911.796875,96911.796875,0
2026-01-15 14:23:00+00:00,96865.8828125,96865.8828125,96865.8828125,96865.8828125,0
2026-01-15 14:24:00+00:00,96776.9921875,96776.9921875,96776.9921875,96776.9921875,0
2026-01-15 14:25:00+00:00,96764.40625,96764.40625,96764.40625,96764.40625,0
2026-01-15 14:26:00+00:00,96743.703125,96743.703125,96743.703125,96743.703125,3104768
2026-01-15 14:27:00+00:00,96810.0625,96810.0625,96810.0625,96810.0625,0
2026-01-15 14:28:00+00:00,96801.34375,96801.34375,96801.34375,96801.34375,0
2026-01-15 14:30:00+00:00,96748.4453125,96748.4453125,96748.4453125,96748.4453125,5451776
2026-01-15 14:31:00+00:00,96773.765625,96773.765625,96773.765625,96773.765625,0
2026-01-15 14:32:00+00:00,96727.65625,96727.65625,96727.65625,96727.65625,176128
2026-01-15 14:33:00+00:00,96619.109375,96619.109375,96619.109375,96619.109375,21999616
2026-01-15 14:34:00+00:00,96628.6171875,96628.6171875,96628.6171875,96628.6171875,217407488
2026-01-15 14:35:00+00:00,96522.3984375,96522.3984375,96522.3984375,96522.3984375,0
2026-01-15 14:36:00+00:00,96448.2265625,96448.2265625,96448.2265625,96448.2265625,21884928
2026-01-15 14:37:00+00:00,96306.515625,96306.515625,96306.515625,96306.515625,52236288
2026-01-15 14:38:00+00:00,96396.0546875,96396.0546875,96396.0546875,96396.0546875,2666496
2026-01-15 14:39:00+00:00,96181.40625,96181.40625,96181.40625,96181.40625,11010048
2026-01-15 14:40:00+00:00,96164.625,96164.625,96164.625,96164.625,0
2026-01-15 14:41:00+00:00,96104.625,96104.625,96104.625,96104.625,2719744
2026-01-15 14:42:00+00:00,96026.671875,96026.671875,96026.671875,96026.671875,0
2026-01-15 14:43:00+00:00,95985.2421875,95985.2421875,95985.2421875,95985.2421875,7565312
2026-01-15 14:44:00+00:00,95929.7578125,95929.7578125,95929.7578125,95929.7578125,0
2026-01-15 14:45:00+00:00,95816.2734375,95816.2734375,95816.2734375,95816.2734375,0
2026-01-15 14:46:00+00:00,95707.84375,95707.84375,95707.84375,95707.84375,62185472
2026-01-15 14:47:00+00:00,95627.9453125,95627.9453125,95627.9453125,95627.9453125,0
2026-01-15 14:48:00+00:00,95670.5078125,95670.5078125,95670.5078125,95670.5078125,0
2026-01-15 14:49:00+00:00,95797.1171875,95797.1171875,95797.1171875,95797.1171875,0
2026-01-15 14:50:00+00:00,95976.796875,95976.796875,95976.796875,95976.796875,622084096
2026-01-15 14:52:00+00:00,96011.625,96011.625,96011.625,96011.625,39157760
2026-01-15 14:53:00+00:00,95962.40625,95962.40625,95962.40625,95962.40625,3305472
2026-01-15 14:54:00+00:00,96130.4140625,96130.4140625,96130.4140625,96130.4140625,0
2026-01-15 14:55:00+00:00,96271.828125,96271.828125,96271.828125,96271.828125,0
2026-01-15 14:56:00+00:00,96273.734375,96273.734375,96273.734375,96273.734375,0
2026-01-15 14:57:00+00:00,96150.6171875,96150.6171875,96150.6171875,96150.6171875,0
2026-01-15 14:58:00+00:00,96043.9609375,96043.9609375,96043.9609375,96043.9609375,175706112
2026-01-15 14:59:00+00:00,96019.609375,96019.609375,96019.609375,96019.609375,0
2026-01-15 15:00:00+00:00,96027.8515625,96027.8515625,96027.8515625,96027.8515625,0
2026-01-15 15:01:00+00:00,96183.9296875,96183.9296875,96183.9296875,96183.9296875,0
2026-01-15 15:02:00+00:00,96206.9921875,96206.9921875,96206.9921875,96206.9921875,0
2026-01-15 15:03:00+00:00,96206.140625,96206.140625,96206.140625,96206.140625,0
2026-01-15 15:04:00+00:00,96122.875,96122.875,96122.875,96122.875,0
2026-01-15 15:05:00+00:00,96090.2421875,96090.2421875,96090.2421875,96090.2421875,0
2026-01-15 15:06:00+00:00,96093.40625,96093.40625,96093.40625,96093.40625,0
2026-01-15 15:08:00+00:00,95907.921875,95907.921875,95907.921875,95907.921875,31432704
2026-01-15 15:09:00+00:00,95972.8828125,95972.8828125,95972.8828125,95972.8828125,0
2026-01-15 15:10:00+00:00,96249.34375,96249.34375,96249.34375,96249.34375,0
2026-01-15 15:11:00+00:00,96211.265625,96211.265625,96211.265625,96211.265625,0
2026-01-15 15:12:00+00:00,96282.515625,96282.515625,96282.515625,96282.515625,0
2026-01-15 15:14:00+00:00,96226.09375,96226.09375,96226.09375,96226.09375,0
2026-01-15 15:15:00+00:00,96199.609375,96199.609375,96199.609375,96199.609375,0
2026-01-15 15:16:00+00:00,96198.140625,96198.140625,96198.140625,96198.140625,0
2026-01-15 15:17:00+00:00,96225.921875,96225.921875,96225.921875,96225.921875,0
2026-01-15 15:18:00+00:00,96331.9296875,96331.9296875,96331.9296875,96331.9296875,12541952
2026-01-15 15:19:00+00:00,96284.875,96284.875,96284.875,96284.875,0
2026-01-15 15:20:00+00:00,96290.984375,96290.984375,96290.984375,96290.984375,2170880
2026-01-15 15:21:00+00:00,96186.8125,96186.8125,96186.8125,96186.8125,0
2026-01-15 15:22:00+00:00,96145.90625,96145.90625,96145.90625,96145.90625,0
2026-01-15 15:23:00+00:00,96117.1015625,96117.1015625,96117.1015625,96117.1015625,0
2026-01-15 15:24:00+00:00,96036.3125,96036.3125,96036.3125,96036.3125,26939392
2026-01-15 15:25:00+00:00,96039.953125,96039.953125,96039.953125,96039.953125,186925056
2026-01-15 15:26:00+00:00,95841.8359375,95841.8359375,95841.8359375,95841.8359375,64430080
2026-01-15 15:27:00+00:00,95887.0859375,95887.0859375,95887.0859375,95887.0859375,16314368
2026-01-15 15:28:00+00:00,95977.2109375,95977.2109375,95977.2109375,95977.2109375,0
2026-01-15 15:29:00+00:00,95856.5234375,95856.5234375,95856.5234375,95856.5234375,0
2026-01-15 15:30:00+00:00,95822.90625,95822.90625,95822.90625,95822.90625,2985984
2026-01-15 15:31:00+00:00,95871.3046875,95871.3046875,95871.3046875,95871.3046875,0
2026-01-15 15:32:00+00:00,95896.71875,95896.71875,95896.71875,95896.71875,557056
2026-01-15 15:34:00+00:00,95935.234375,95935.234375,95935.234375,95935.234375,0
2026-01-15 15:35:00+00:00,95928.9140625,95928.9140625,95928.9140625,95928.9140625,0
2026-01-15 15:36:00+00:00,95956.1640625,95956.1640625,95956.1640625,95956.1640625,0
2026-01-15 15:37:00+00:00,95883.46875,95883.46875,95883.46875,95883.46875,102490112
2026-01-15 15:38:00+00:00,95811.984375,95811.984375,95811.984375,95811.984375,0
2026-01-15 15:39:00+00:00,95633.40625,95633.40625,95633.40625,95633.40625,6414336
2026-01-15 15:40:00+00:00,95632.1328125,95632.1328125,95632.1328125,95632.1328125,0
2026-01-15 15:41:00+00:00,95645.9453125,95645.9453125,95645.9453125,95645.9453125,0
2026-01-15 15:42:00+00:00,95706.8828125,95706.8828125,95706.8828125,95706.8828125,25391104
2026-01-15 15:43:00+00:00,95698.1953125,95698.1953125,95698.1953125,95698.1953125,30674944
2026-01-15 15:44:00+00:00,95863.3203125,95863.3203125,95863.3203125,95863.3203125,11292672
2026-01-15 15:45:00+00:00,95821.1171875,95821.1171875,95821.1171875,95821.1171875,13189120
2026-01-15 15:46:00+00:00,95904.1640625,95904.1640625,95904.1640625,95904.1640625,0
2026-01-15 15:47:00+00:00,95648.6640625,95648.6640625,95648.6640625,95648.6640625,8241152
2026-01-15 15:48:00+00:00,95633.25,95633.25,95633.25,95633.25,0
2026-01-15 15:49:00+00:00,95523.1953125,95523.1953125,95523.1953125,95523.1953125,163942400
2026-01-15 15:50:00+00:00,95416.09375,95416.09375,95416.09375,95416.09375,3358720
2026-01-15 15:51:00+00:00,95608.265625,95608.265625,95608.265625,95608.265625,0
2026-01-15 15:52:00+00:00,95559.4453125,95559.4453125,95559.4453125,95559.4453125,239288320
2026-01-15 15:53:00+00:00,95559.0625,95559.0625,95559.0625,95559.0625,0
2026-01-15 15:54:00+00:00,95640.9296875,95640.9296875,95640.9296875,95640.9296875,0
2026-01-15 15:55:00+00:00,95637.3125,95637.3125,95637.3125,95637.3125,0
2026-01-15 15:56:00+00:00,95689.2890625,95689.2890625,95689.2890625,95689.2890625,23265280
2026-01-15 15:57:00+00:00,95910.7890625,95910.7890625,95910.7890625,95910.7890625,0
2026-01-15 15:58:00+00:00,96198.9140625,96198.9140625,96198.9140625,96198.9140625,566853632
2026-01-15 15:59:00+00:00,96434.890625,96434.890625,96434.890625,96434.890625,59981824
2026-01-15 16:00:00+00:00,96649.9453125,96649.9453125,96649.9453125,96649.9453125,39178240
2026-01-15 16:01:00+00:00,96742.9921875,96742.9921875,96742.9921875,96742.9921875,0
2026-01-15 16:03:00+00:00,96402.9453125,96402.9453125,96402.9453125,96402.9453125,63066112
2026-01-15 16:05:00+00:00,96525.3359375,96525.3359375,96525.3359375,96525.3359375,133263360
2026-01-15 16:06:00+00:00,96388.8828125,96388.8828125,96388.8828125,96388.8828125,21327872
2026-01-15 16:07:00+00:00,96263.6171875,96263.6171875,96263.6171875,96263.6171875,0
2026-01-15 16:08:00+00:00,96273.828125,96273.828125,96273.828125,96273.828125,95887360
2026-01-15 16:09:00+00:00,96269.9609375,96269.9609375,96269.9609375,96269.9609375,1089536
2026-01-15 16:10:00+00:00,96269.1796875,96269.1796875,96269.1796875,96269.1796875,463851520
2026-01-15 16:11:00+00:00,96305.015625,96305.015625,96305.015625,96305.015625,0
2026-01-15 16:12:00+00:00,96366.1328125,96366.1328125,96366.1328125,96366.1328125,3260416
2026-01-15 16:13:00+00:00,96360.1015625,96360.1015625,96360.1015625,96360.1015625,0
2026-01-15 16:14:00+00:00,96321.09375,96321.09375,96321.09375,96321.09375,0
2026-01-15 16:15:00+00:00,96307.90625,96307.90625,96307.90625,96307.90625,0
2026-01-15 16:16:00+00:00,96375.25,96375.25,96375.25,96375.25,0
2026-01-15 16:17:00+00:00,96438.28125,96438.28125,96438.28125,96438.28125,0
2026-01-15 16:18:00+00:00,96427.75,96427.75,96427.75,96427.75,0
2026-01-15 16:19:00+00:00,96369.3515625,96369.3515625,96369.3515625,96369.3515625,92680192
2026-01-15 16:20:00+00:00,96382.8046875,96382.8046875,96382.8046875,96382.8046875,0
2026-01-15 16:21:00+00:00,96397.625,96397.625,96397.625,96397.625,0
2026-01-15 16:22:00+00:00,96429.4453125,96429.4453125,96429.4453125,96429.4453125,0
2026-01-15 16:24:00+00:00,96475.9453125,96475.9453125,96475.9453125,96475.9453125,0
2026-01-15 16:25:00+00:00,96505.71875,96505.71875,96505.71875,96505.71875,0
2026-01-15 16:26:00+00:00,96462.203125,96462.203125,96462.203125,96462.203125,0
2026-01-15 16:27:00+00:00,96459.3984375,96459.3984375,96459.3984375,96459.3984375,1138688
2026-01-15 16:28:00+00:00,96393.28125,96393.28125,96393.28125,96393.28125,73670656
2026-01-15 16:29:00+00:00,96314.5078125,96314.5078125,96314.5078125,96314.5078125,0
2026-01-15 16:30:00+00:00,96373.1640625,96373.1640625,96373.1640625,96373.1640625,290816
2026-01-15 16:31:00+00:00,96493.7890625,96493.7890625,96493.7890625,96493.7890625,117125120
2026-01-15 16:32:00+00:00,96449.9453125,96449.9453125,96449.9453125,96449.9453125,0
2026-01-15 16:33:00+00:00,96420.7578125,96420.7578125,96420.7578125,96420.7578125,0
2026-01-15 16:34:00+00:00,96405.1328125,96405.1328125,96405.1328125,96405.1328125,12107776
2026-01-15 16:35:00+00:00,96365.8046875,96365.8046875,96365.8046875,96365.8046875,0
2026-01-15 16:36:00+00:00,96340.2578125,96340.2578125,96340.2578125,96340.2578125,0
2026-01-15 16:37:00+00:00,96369.6640625,96369.6640625,96369.6640625,96369.6640625,0
2026-01-15 16:38:00+00:00,96457.8359375,96457.8359375,96457.8359375,96457.8359375,462848
2026-01-15 16:40:00+00:00,96475.046875,96475.046875,96475.046875,96475.046875,56676352
2026-01-15 16:41:00+00:00,96499.9296875,96499.9296875,96499.9296875,96499.9296875,0
2026-01-15 16:42:00+00:00,96617.65625,96617.65625,96617.65625,96617.65625,2318336
2026-01-15 16:43:00+00:00,96757.4453125,96757.4453125,96757.4453125,96757.4453125,0
2026-01-15 16:44:00+00:00,96754.4296875,96754.4296875,96754.4296875,96754.4296875,2174976
2026-01-15 16:45:00+00:00,96717.8828125,96717.8828125,96717.8828125,96717.8828125,0
2026-01-15 16:46:00+00:00,96671.3359375,96671.3359375,96671.3359375,96671.3359375,0
2026-01-15 16:47:00+00:00,96735.921875,96735.921875,96735.921875,96735.921875,0
2026-01-15 16:48:00+00:00,96644.7265625,96644.7265625,96644.7265625,96644.7265625,0
2026-01-15 16:49:00+00:00,96681.8046875,96681.8046875,96681.8046875,96681.8046875,70967296
2026-01-15 16:50:00+00:00,96663.65625,96663.65625,96663.65625,96663.65625,0
2026-01-15 16:51:00+00:00,96609.5078125,96609.5078125,96609.5078125,96609.5078125,0
2026-01-15 16:52:00+00:00,96554.7265625,96554.7265625,96554.7265625,96554.7265625,162590720
2026-01-15 16:53:00+00:00,96587.3515625,96587.3515625,96587.3515625,96587.3515625,0
2026-01-15 16:54:00+00:00,96587.3359375,96587.3359375,96587.3359375,96587.3359375,0
2026-01-15 16:55:00+00:00,96602.140625,96602.140625,96602.140625,96602.140625,0
2026-01-15 16:56:00+00:00,96641.390625,96641.390625,96641.390625,96641.390625,0
2026-01-15 16:57:00+00:00,96664.515625,96664.515625,96664.515625,96664.515625,0
2026-01-15 16:58:00+00:00,96737.2265625,96737.2265625,96737.2265625,96737.2265625,0
2026-01-15 16:59:00+00:00,96797.609375,96797.609375,96797.609375,96797.609375,0
2026-01-15 17:00:00+00:00,96696.2578125,96696.2578125,96696.2578125,96696.2578125,0
2026-01-15 17:01:00+00:00,96727.859375,96727.859375,96727.859375,96727.859375,0
2026-01-15 17:02:00+00:00,96754.4765625,96754.4765625,96754.4765625,96754.4765625,34848768
2026-01-15 17:03:00+00:00,96696.6640625,96696.6640625,96696.6640625,96696.6640625,0
2026-01-15 17:04:00+00:00,96636.140625,96636.140625,96636.140625,96636.140625,203186176
2026-01-15 17:05:00+00:00,96646.8046875,96646.8046875,96646.8046875,96646.8046875,0
2026-01-15 17:06:00+00:00,96675.8359375,96675.8359375,96675.8359375,96675.8359375,0
2026-01-15 17:07:00+00:00,96512.9765625,96512.9765625,96512.9765625,96512.9765625,0
2026-01-15 17:08:00+00:00,96513.578125,96513.578125,96513.578125,96513.578125,0
2026-01-15 17:09:00+00:00,96431.859375,96431.859375,96431.859375,96431.859375,1179648
2026-01-15 17:10:00+00:00,96464.2734375,96464.2734375,96464.2734375,96464.2734375,0
2026-01-15 17:11:00+00:00,96511.109375,96511.109375,96511.109375,96511.109375,0
2026-01-15 17:12:00+00:00,96534.609375,96534.609375,96534.609375,96534.609375,0
2026-01-15 17:13:00+00:00,96523.8828125,96523.8828125,96523.8828125,96523.8828125,0
2026-01-15 17:14:00+00:00,96527.2578125,96527.2578125,96527.2578125,96527.2578125,0
2026-01-15 17:15:00+00:00,96490.765625,96490.765625,96490.765625,96490.765625,0
2026-01-15 17:16:00+00:00,96407.2578125,96407.2578125,96407.2578125,96407.2578125,57786368
2026-01-15 17:17:00+00:00,96448.6328125,96448.6328125,96448.6328125,96448.6328125,75788288
2026-01-15 17:18:00+00:00,96504.078125,96504.078125,96504.078125,96504.078125,0
2026-01-15 17:19:00+00:00,96530.4921875,96530.4921875,96530.4921875,96530.4921875,19750912
2026-01-15 17:20:00+00:00,96502.0859375,96502.0859375,96502.0859375,96502.0859375,0
2026-01-15 17:21:00+00:00,96521.78125,96521.78125,96521.78125,96521.78125,0
2026-01-15 17:22:00+00:00,96537.046875,96537.046875,96537.046875,96537.046875,0
2026-01-15 17:23:00+00:00,96580.8828125,96580.8828125,96580.8828125,96580.8828125,0
2026-01-15 17:24:00+00:00,96573.7890625,96573.7890625,96573.7890625,96573.7890625,0
2026-01-15 17:25:00+00:00,96535.9609375,96535.9609375,96535.9609375,96535.9609375,0
2026-01-15 17:26:00+00:00,96566.921875,96566.921875,96566.921875,96566.921875,0
2026-01-15 17:27:00+00:00,96579.96875,96579.96875,96579.96875,96579.96875,0
2026-01-15 17:28:00+00:00,96604.0703125,96604.0703125,96604.0703125,96604.0703125,28000256
2026-01-15 17:29:00+00:00,96637.078125,96637.078125,96637.078125,96637.078125,471040
2026-01-15 17:30:00+00:00,96642.1875,96642.1875,96642.1875,96642.1875,0
2026-01-15 17:31:00+00:00,96665.65625,96665.65625,96665.65625,96665.65625,0
2026-01-15 17:32:00+00:00,96666.4375,96666.4375,96666.4375,96666.4375,0
2026-01-15 17:33:00+00:00,96677.8046875,96677.8046875,96677.8046875,96677.8046875,0
2026-01-15 17:34:00+00:00,96688.6484375,96688.6484375,96688.6484375,96688.6484375,0
2026-01-15 17:35:00+00:00,96726.8984375,96726.8984375,96726.8984375,96726.8984375,0
2026-01-15 17:36:00+00:00,96774.9296875,96774.9296875,96774.9296875,96774.9296875,0
2026-01-15 17:37:00+00:00,96756.4921875,96756.4921875,96756.4921875,96756.4921875,0
2026-01-15 17:38:00+00:00,96831.1953125,96831.1953125,96831.1953125,96831.1953125,3366912
2026-01-15 17:39:00+00:00,96804.7109375,96804.7109375,96804.7109375,96804.7109375,0
2026-01-15 17:40:00+00:00,96785.8125,96785.8125,96785.8125,96785.8125,0
2026-01-15 17:41:00+00:00,96840.53125,96840.53125,96840.53125,96840.53125,0
2026-01-15 17:42:00+00:00,96866.6015625,96866.6015625,96866.6015625,96866.6015625,0
2026-01-15 17:43:00+00:00,97015.3515625,97015.3515625,97015.3515625,97015.3515625,7585792
2026-01-15 17:44:00+00:00,96946.25,96946.25,96946.25,96946.25,20680704
2026-01-15 17:45:00+00:00,96919.8671875,96919.8671875,96919.8671875,96919.8671875,798720
2026-01-15 17:46:00+00:00,96936.2578125,96936.2578125,96936.2578125,96936.2578125,194523136
2026-01-15 17:47:00+00:00,96911.0703125,96911.0703125,96911.0703125,96911.0703125,0
2026-01-15 17:48:00+00:00,96936.546875,96936.546875,96936.546875,96936.546875,0
2026-01-15 17:49:00+00:00,96996.8359375,96996.8359375,96996.8359375,96996.8359375,152092672
2026-01-15 17:50:00+00:00,96823.859375,96823.859375,96823.859375,96823.859375,7991296
2026-01-15 17:51:00+00:00,96781.65625,96781.65625,96781.65625,96781.65625,0
2026-01-15 17:52:00+00:00,96792.546875,96792.546875,96792.546875,96792.546875,41570304
2026-01-15 17:53:00+00:00,96787.09375,96787.09375,96787.09375,96787.09375,42745856
2026-01-15 17:54:00+00:00,96664.4453125,96664.4453125,96664.4453125,96664.4453125,6316032
2026-01-15 17:55:00+00:00,96630.5,96630.5,96630.5,96630.5,0
2026-01-15 17:56:00+00:00,96565.1796875,96565.1796875,96565.1796875,96565.1796875,3223552
2026-01-15 17:57:00+00:00,96556.328125,96556.328125,96556.328125,96556.328125,5599232
2026-01-15 17:58:00+00:00,96573.84375,96573.84375,96573.84375,96573.84375,62812160
2026-01-15 17:59:00+00:00,96598.6328125,96598.6328125,96598.6328125,96598.6328125,9674752
2026-01-15 18:00:00+00:00,96548.8515625,96548.8515625,96548.8515625,96548.8515625,9052160
2026-01-15 18:01:00+00:00,96545.171875,96545.171875,96545.171875,96545.171875,0
2026-01-15 18:02:00+00:00,96519.421875,96519.421875,96519.421875,96519.421875,23289856
2026-01-15 18:03:00+00:00,96554.703125,96554.703125,96554.703125,96554.703125,307200
2026-01-15 18:04:00+00:00,96524.375,96524.375,96524.375,96524.375,0
2026-01-15 18:05:00+00:00,96546.5703125,96546.5703125,96546.5703125,96546.5703125,10915840
2026-01-15 18:06:00+00:00,96522.7890625,96522.7890625,96522.7890625,96522.7890625,0
2026-01-15 18:07:00+00:00,96550.078125,96550.078125,96550.078125,96550.078125,216784896
2026-01-15 18:08:00+00:00,96570.9765625,96570.9765625,96570.9765625,96570.9765625,585728
2026-01-15 18:09:00+00:00,96555.1015625,96555.1015625,96555.1015625,96555.1015625,0
2026-01-15 18:10:00+00:00,96531.625,96531.625,96531.625,96531.625,9003008
2026-01-15 18:11:00+00:00,96234.6171875,96234.6171875,96234.6171875,96234.6171875,14798848
2026-01-15 18:13:00+00:00,96127.078125,96127.078125,96127.078125,96127.078125,73723904
2026-01-15 18:14:00+00:00,96132.4375,96132.4375,96132.4375,96132.4375,8364032
2026-01-15 18:16:00+00:00,96223.078125,96223.078125,96223.078125,96223.078125,15839232
2026-01-15 18:17:00+00:00,96152.9453125,96152.9453125,96152.9453125,96152.9453125,0
2026-01-15 18:18:00+00:00,96125.5546875,96125.5546875,96125.5546875,96125.5546875,0
2026-01-15 18:19:00+00:00,96098.8671875,96098.8671875,96098.8671875,96098.8671875,0
2026-01-15 18:20:00+00:00,96063.15625,96063.15625,96063.15625,96063.15625,1748992
2026-01-15 18:21:00+00:00,96095.0859375,96095.0859375,96095.0859375,96095.0859375,4562944
2026-01-15 18:22:00+00:00,96079.0625,96079.0625,96079.0625,96079.0625,92360704
2026-01-15 18:23:00+00:00,96010.0234375,96010.0234375,96010.0234375,96010.0234375,2265088
2026-01-15 18:24:00+00:00,96053.921875,96053.921875,96053.921875,96053.921875,475136
2026-01-15 18:25:00+00:00,96074.171875,96074.171875,96074.171875,96074.171875,40341504
2026-01-15 18:26:00+00:00,96102.3671875,96102.3671875,96102.3671875,96102.3671875,17989632
2026-01-15 18:27:00+00:00,96098.6796875,96098.6796875,96098.6796875,96098.6796875,0
2026-01-15 18:28:00+00:00,96117.359375,96117.359375,96117.359375,96117.359375,69881856
2026-01-15 18:29:00+00:00,96133.265625,96133.265625,96133.265625,96133.265625,3031040
2026-01-15 18:30:00+00:00,96131.96875,96131.96875,96131.96875,96131.96875,3284992
2026-01-15 18:32:00+00:00,96111.1328125,96111.1328125,96111.1328125,96111.1328125,0
2026-01-15 18:33:00+00:00,96028.671875,96028.671875,96028.671875,96028.671875,0
2026-01-15 18:34:00+00:00,95964.34375,95964.34375,95964.34375,95964.34375,252682240
2026-01-15 18:35:00+00:00,95980.71875,95980.71875,95980.71875,95980.71875,12804096
2026-01-15 18:36:00+00:00,96022.796875,96022.796875,96022.796875,96022.796875,0
2026-01-15 18:37:00+00:00,95995.5390625,95995.5390625,95995.5390625,95995.5390625,110030848
2026-01-15 18:38:00+00:00,95951.21875,95951.21875,95951.21875,95951.21875,0
2026-01-15 18:39:00+00:00,95946.9609375,95946.9609375,95946.9609375,95946.9609375,0
2026-01-15 18:40:00+00:00,95900.015625,95900.015625,95900.015625,95900.015625,0
2026-01-15 18:41:00+00:00,95838.1171875,95838.1171875,95838.1171875,95838.1171875,0
2026-01-15 18:42:00+00:00,95815.328125,95815.328125,95815.328125,95815.328125,5926912
2026-01-15 18:43:00+00:00,95898.625,95898.625,95898.625,95898.625,0
2026-01-15 18:44:00+00:00,95890.984375,95890.984375,95890.984375,95890.984375,2568192
2026-01-15 18:45:00+00:00,95991.828125,95991.828125,95991.828125,95991.828125,0
2026-01-15 18:46:00+00:00,95963.203125,95963.203125,95963.203125,95963.203125,325763072
2026-01-15 18:47:00+00:00,95920.7890625,95920.7890625,95920.7890625,95920.7890625,0
2026-01-15 18:49:00+00:00,95872.234375,95872.234375,95872.234375,95872.234375,23220224
2026-01-15 18:50:00+00:00,95893.6328125,95893.6328125,95893.6328125,95893.6328125,89247744
2026-01-15 18:51:00+00:00,95828.421875,95828.421875,95828.421875,95828.421875,0
2026-01-15 18:52:00+00:00,95811.3046875,95811.3046875,95811.3046875,95811.3046875,0
2026-01-15 18:54:00+00:00,95832.6171875,95832.6171875,95832.6171875,95832.6171875,0
2026-01-15 18:55:00+00:00,95803.421875,95803.421875,95803.421875,95803.421875,112635904
2026-01-15 18:57:00+00:00,95889.453125,95889.453125,95889.453125,95889.453125,631513088
2026-01-15 18:58:00+00:00,95795.046875,95795.046875,95795.046875,95795.046875,0
2026-01-15 18:59:00+00:00,95793.5625,95793.5625,95793.5625,95793.5625,0
2026-01-15 19:00:00+00:00,95797.9609375,95797.9609375,95797.9609375,95797.9609375,610304
2026-01-15 19:01:00+00:00,95768.9296875,95768.9296875,95768.9296875,95768.9296875,0
2026-01-15 19:02:00+00:00,95664.234375,95664.234375,95664.234375,95664.234375,28184576
2026-01-15 19:03:00+00:00,95571.8125,95571.8125,95571.8125,95571.8125,38260736
2026-01-15 19:04:00+00:00,95609.875,95609.875,95609.875,95609.875,117493760
2026-01-15 19:05:00+00:00,95680.5078125,95680.5078125,95680.5078125,95680.5078125,5120000
2026-01-15 19:06:00+00:00,95733.3671875,95733.3671875,95733.3671875,95733.3671875,3588096
2026-01-15 19:08:00+00:00,95757.890625,95757.890625,95757.890625,95757.890625,189775872
2026-01-15 19:10:00+00:00,95784.59375,95784.59375,95784.59375,95784.59375,150097920
2026-01-15 19:11:00+00:00,95882.234375,95882.234375,95882.234375,95882.234375,14168064
2026-01-15 19:12:00+00:00,95835.0625,95835.0625,95835.0625,95835.0625,7888896
2026-01-15 19:13:00+00:00,95771.3125,95771.3125,95771.3125,95771.3125,94699520
2026-01-15 19:14:00+00:00,95792.578125,95792.578125,95792.578125,95792.578125,0
2026-01-15 19:16:00+00:00,95707.2578125,95707.2578125,95707.2578125,95707.2578125,291041280
2026-01-15 19:17:00+00:00,95733.96875,95733.96875,95733.96875,95733.96875,0
2026-01-15 19:18:00+00:00,95781.5546875,95781.5546875,95781.5546875,95781.5546875,0
2026-01-15 19:19:00+00:00,95821.15625,95821.15625,95821.15625,95821.15625,45109248
2026-01-15 19:20:00+00:00,95835.1796875,95835.1796875,95835.1796875,95835.1796875,0
2026-01-15 19:21:00+00:00,95738.234375,95738.234375,95738.234375,95738.234375,0
2026-01-15 19:22:00+00:00,95761.6875,95761.6875,95761.6875,95761.6875,0
2026-01-15 19:23:00+00:00,95762.4453125,95762.4453125,95762.4453125,95762.4453125,0
2026-01-15 19:24:00+00:00,95633.875,95633.875,95633.875,95633.875,0
2026-01-15 19:25:00+00:00,95553.15625,95553.15625,95553.15625,95553.15625,0
2026-01-15 19:26:00+00:00,95583.78125,95583.78125,95583.78125,95583.78125,0
2026-01-15 19:27:00+00:00,95461.7265625,95461.7265625,95461.7265625,95461.7265625,7098368
2026-01-15 19:28:00+00:00,95501.6484375,95501.6484375,95501.6484375,95501.6484375,0
2026-01-15 19:29:00+00:00,95467.6484375,95467.6484375,95467.6484375,95467.6484375,0
2026-01-15 19:30:00+00:00,95467.78125,95467.78125,95467.78125,95467.78125,0
2026-01-15 19:31:00+00:00,95438.3046875,95438.3046875,95438.3046875,95438.3046875,0
2026-01-15 19:32:00+00:00,95284.75,95284.75,95284.75,95284.75,21958656
2026-01-15 19:33:00+00:00,95351.4375,95351.4375,95351.4375,95351.4375,16261120
2026-01-15 19:34:00+00:00,95481.1015625,95481.1015625,95481.1015625,95481.1015625,90398720
2026-01-15 19:35:00+00:00,95513.578125,95513.578125,95513.578125,95513.578125,0
2026-01-15 19:36:00+00:00,95424.890625,95424.890625,95424.890625,95424.890625,0
2026-01-15 19:37:00+00:00,95408.2421875,95408.2421875,95408.2421875,95408.2421875,0
2026-01-15 19:38:00+00:00,95388.9765625,95388.9765625,95388.9765625,95388.9765625,20340736
2026-01-15 19:39:00+00:00,95371.4765625,95371.4765625,95371.4765625,95371.4765625,5410816
2026-01-15 19:40:00+00:00,95351.796875,95351.796875,95351.796875,95351.796875,279511040
2026-01-15 19:41:00+00:00,95354.953125,95354.953125,95354.953125,95354.953125,0
2026-01-15 19:42:00+00:00,95335.765625,95335.765625,95335.765625,95335.765625,0
2026-01-15 19:43:00+00:00,95303.6484375,95303.6484375,95303.6484375,95303.6484375,0
2026-01-15 19:44:00+00:00,95309.828125,95309.828125,95309.828125,95309.828125,2306048
2026-01-15 19:45:00+00:00,95349.9453125,95349.9453125,95349.9453125,95349.9453125,4034560
2026-01-15 19:46:00+00:00,95369.6875,95369.6875,95369.6875,95369.6875,0
2026-01-15 19:47:00+00:00,95409.9609375,95409.9609375,95409.9609375,95409.9609375,0
2026-01-15 19:48:00+00:00,95426.765625,95426.765625,95426.765625,95426.765625,27672576
2026-01-15 19:49:00+00:00,95476.7421875,95476.7421875,95476.7421875,95476.7421875,6828032
2026-01-15 19:50:00+00:00,95529.0390625,95529.0390625,95529.0390625,95529.0390625,18751488
2026-01-15 19:51:00+00:00,95593.421875,95593.421875,95593.421875,95593.421875,2969600
2026-01-15 19:52:00+00:00,95595.265625,95595.265625,95595.265625,95595.265625,18612224
2026-01-15 19:53:00+00:00,95554.1484375,95554.1484375,95554.1484375,95554.1484375,1806336
2026-01-15 19:54:00+00:00,95544.1328125,95544.1328125,95544.1328125,95544.1328125,0
2026-01-15 19:55:00+00:00,95530.109375,95530.109375,95530.109375,95530.109375,0
2026-01-15 19:56:00+00:00,95491.1484375,95491.1484375,95491.1484375,95491.1484375,0
2026-01-15 19:57:00+00:00,95473.21875,95473.21875,95473.21875,95473.21875,0
2026-01-15 19:58:00+00:00,95433.90625,95433.90625,95433.90625,95433.90625,263909376
2026-01-15 19:59:00+00:00,95411.0859375,95411.0859375,95411.0859375,95411.0859375,0
2026-01-15 20:01:00+00:00,95423.5546875,95423.5546875,95423.5546875,95423.5546875,0
2026-01-15 20:02:00+00:00,95438.03125,95438.03125,95438.03125,95438.03125,17846272
2026-01-15 20:03:00+00:00,95507.703125,95507.703125,95507.703125,95507.703125,0
2026-01-15 20:04:00+00:00,95533.390625,95533.390625,95533.390625,95533.390625,0
2026-01-15 20:06:00+00:00,95607.8984375,95607.8984375,95607.8984375,95607.8984375,0
2026-01-15 20:08:00+00:00,95464.125,95464.125,95464.125,95464.125,0
2026-01-15 20:09:00+00:00,95511.359375,95511.359375,95511.359375,95511.359375,9633792
2026-01-15 20:10:00+00:00,95535.46875,95535.46875,95535.46875,95535.46875,293408768
2026-01-15 20:11:00+00:00,95450.671875,95450.671875,95450.671875,95450.671875,1871872
2026-01-15 20:12:00+00:00,95521.9765625,95521.9765625,95521.9765625,95521.9765625,0
2026-01-15 20:14:00+00:00,95521.4609375,95521.4609375,95521.4609375,95521.4609375,0
2026-01-15 20:15:00+00:00,95519.1875,95519.1875,95519.1875,95519.1875,0
2026-01-15 20:16:00+00:00,95519.6171875,95519.6171875,95519.6171875,95519.6171875,0
2026-01-15 20:17:00+00:00,95509.5703125,95509.5703125,95509.5703125,95509.5703125,0
2026-01-15 20:18:00+00:00,95504.8671875,95504.8671875,95504.8671875,95504.8671875,0
2026-01-15 20:19:00+00:00,95529.5859375,95529.5859375,95529.5859375,95529.5859375,0
2026-01-15 20:21:00+00:00,95381.2109375,95381.2109375,95381.2109375,95381.2109375,0
2026-01-15 20:22:00+00:00,95361.78125,95361.78125,95361.78125,95361.78125,0
2026-01-15 20:23:00+00:00,95405.0546875,95405.0546875,95405.0546875,95405.0546875,7364608
2026-01-15 20:24:00+00:00,95402.0390625,95402.0390625,95402.0390625,95402.0390625,0
2026-01-15 20:25:00+00:00,95373.109375,95373.109375,95373.109375,95373.109375,1105920
2026-01-15 20:26:00+00:00,95314.046875,95314.046875,95314.046875,95314.046875,0
2026-01-15 20:28:00+00:00,95297.4296875,95297.4296875,95297.4296875,95297.4296875,0
2026-01-15 20:30:00+00:00,95157.9453125,95157.9453125,95157.9453125,95157.9453125,12288
2026-01-15 20:31:00+00:00,95171.3359375,95171.3359375,95171.3359375,95171.3359375,0
2026-01-15 20:33:00+00:00,95123.125,95123.125,95123.125,95123.125,0
2026-01-15 20:35:00+00:00,95112.25,95112.25,95112.25,95112.25,644956160
2026-01-15 20:37:00+00:00,95324.40625,95324.40625,95324.40625,95324.40625,10022912
2026-01-15 20:38:00+00:00,95273.1484375,95273.1484375,95273.1484375,95273.1484375,0
2026-01-15 20:39:00+00:00,95280.71875,95280.71875,95280.71875,95280.71875,10170368
2026-01-15 20:40:00+00:00,95265.484375,95265.484375,95265.484375,95265.484375,0
2026-01-15 20:41:00+00:00,95259.390625,95259.390625,95259.390625,95259.390625,0
2026-01-15 20:42:00+00:00,95279.09375,95279.09375,95279.09375,95279.09375,1036288
2026-01-15 20:43:00+00:00,95287.546875,95287.546875,95287.546875,95287.546875,0
2026-01-15 20:44:00+00:00,95254.8046875,95254.8046875,95254.8046875,95254.8046875,0
2026-01-15 20:45:00+00:00,95232.875,95232.875,95232.875,95232.875,1437696
2026-01-15 20:46:00+00:00,95248.1328125,95248.1328125,95248.1328125,95248.1328125,0
2026-01-15 20:47:00+00:00,95243.015625,95243.015625,95243.015625,95243.015625,0
2026-01-15 20:48:00+00:00,95230.7890625,95230.7890625,95230.7890625,95230.7890625,0
2026-01-15 20:49:00+00:00,95201.6171875,95201.6171875,95201.6171875,95201.6171875,0
2026-01-15 20:50:00+00:00,95123.65625,95123.65625,95123.65625,95123.65625,0
2026-01-15 20:51:00+00:00,95133.40625,95133.40625,95133.40625,95133.40625,3485696
2026-01-15 20:52:00+00:00,95182.703125,95182.703125,95182.703125,95182.703125,0
2026-01-15 20:53:00+00:00,95200.296875,95200.296875,95200.296875,95200.296875,602112
2026-01-15 20:54:00+00:00,95254.296875,95254.296875,95254.296875,95254.296875,1941504
2026-01-15 20:55:00+00:00,95249.328125,95249.328125,95249.328125,95249.328125,65536
2026-01-15 20:56:00+00:00,95248.40625,95248.40625,95248.40625,95248.40625,0
2026-01-15 20:57:00+00:00,95230.75,95230.75,95230.75,95230.75,4120576
2026-01-15 20:58:00+00:00,95213.71875,95213.71875,95213.71875,95213.71875,0
2026-01-15 20:59:00+00:00,95143.53125,95143.53125,95143.53125,95143.53125,0
2026-01-15 21:00:00+00:00,95177.4765625,95177.4765625,95177.4765625,95177.4765625,19513344
2026-01-15 21:01:00+00:00,95166.8515625,95166.8515625,95166.8515625,95166.8515625,0
2026-01-15 21:02:00+00:00,95309.2734375,95309.2734375,95309.2734375,95309.2734375,0
2026-01-15 21:03:00+00:00,95399.375,95399.375,95399.375,95399.375,3211264
2026-01-15 21:04:00+00:00,95364.5625,95364.5625,95364.5625,95364.5625,0
2026-01-15 21:06:00+00:00,95324.1015625,95324.1015625,95324.1015625,95324.1015625,2011136
2026-01-15 21:07:00+00:00,95301.984375,95301.984375,95301.984375,95301.984375,0
2026-01-15 21:08:00+00:00,95294.6015625,95294.6015625,95294.6015625,95294.6015625,0
2026-01-15 21:09:00+00:00,95287.1640625,95287.1640625,95287.1640625,95287.1640625,0
2026-01-15 21:10:00+00:00,95278.640625,95278.640625,95278.640625,95278.640625,91488256
2026-01-15 21:11:00+00:00,95275.4765625,95275.4765625,95275.4765625,95275.4765625,0
2026-01-15 21:12:00+00:00,95285.625,95285.625,95285.625,95285.625,5902336
2026-01-15 21:13:00+00:00,95289.78125,95289.78125,95289.78125,95289.78125,219295744
2026-01-15 21:14:00+00:00,95287.546875,95287.546875,95287.546875,95287.546875,0
2026-01-15 21:15:00+00:00,95284.8984375,95284.8984375,95284.8984375,95284.8984375,0
2026-01-15 21:16:00+00:00,95298.53125,95298.53125,95298.53125,95298.53125,0
2026-01-15 21:17:00+00:00,95303.6875,95303.6875,95303.6875,95303.6875,628969472
2026-01-15 21:18:00+00:00,95342.3203125,95342.3203125,95342.3203125,95342.3203125,0
2026-01-15 21:19:00+00:00,95327.6953125,95327.6953125,95327.6953125,95327.6953125,0
2026-01-15 21:20:00+00:00,95315.4765625,95315.4765625,95315.4765625,95315.4765625,1384448
2026-01-15 21:21:00+00:00,95338.9140625,95338.9140625,95338.9140625,95338.9140625,0
2026-01-15 21:22:00+00:00,95361.96875,95361.96875,95361.96875,95361.96875,0
2026-01-15 21:23:00+00:00,95398.125,95398.125,95398.125,95398.125,3993600
2026-01-15 21:24:00+00:00,95376.6328125,95376.6328125,95376.6328125,95376.6328125,0
2026-01-15 21:25:00+00:00,95369.4296875,95369.4296875,95369.4296875,95369.4296875,35516416
2026-01-15 21:26:00+00:00,95378.078125,95378.078125,95378.078125,95378.078125,0
2026-01-15 21:27:00+00:00,95389.9140625,95389.9140625,95389.9140625,95389.9140625,24727552
2026-01-15 21:28:00+00:00,95390.046875,95390.046875,95390.046875,95390.046875,0
2026-01-15 21:29:00+00:00,95394.4921875,95394.4921875,95394.4921875,95394.4921875,58093568
2026-01-15 21:30:00+00:00,95399.7265625,95399.7265625,95399.7265625,95399.7265625,0
2026-01-15 21:31:00+00:00,95367.5390625,95367.5390625,95367.5390625,95367.5390625,1236992
2026-01-15 21:32:00+00:00,95398.0703125,95398.0703125,95398.0703125,95398.0703125,0
2026-01-15 21:33:00+00:00,95405.09375,95405.09375,95405.09375,95405.09375,0
2026-01-15 21:34:00+00:00,95413.4453125,95413.4453125,95413.4453125,95413.4453125,0
2026-01-15 21:35:00+00:00,95408.9765625,95408.9765625,95408.9765625,95408.9765625,0
2026-01-15 21:36:00+00:00,95423.1796875,95423.1796875,95423.1796875,95423.1796875,0
2026-01-15 21:37:00+00:00,95431.8046875,95431.8046875,95431.8046875,95431.8046875,0
2026-01-15 21:38:00+00:00,95436.1796875,95436.1796875,95436.1796875,95436.1796875,5357568
2026-01-15 21:39:00+00:00,95442.609375,95442.609375,95442.609375,95442.609375,0
2026-01-15 21:40:00+00:00,95459.6484375,95459.6484375,95459.6484375,95459.6484375,0
2026-01-15 21:41:00+00:00,95431.8046875,95431.8046875,95431.8046875,95431.8046875,0
2026-01-15 21:42:00+00:00,95385.8671875,95385.8671875,95385.8671875,95385.8671875,0
2026-01-15 21:43:00+00:00,95390.3125,95390.3125,95390.3125,95390.3125,0
2026-01-15 21:44:00+00:00,95432.1015625,95432.1015625,95432.1015625,95432.1015625,5525504
2026-01-15 21:45:00+00:00,95452.2890625,95452.2890625,95452.2890625,95452.2890625,2412544
2026-01-15 21:46:00+00:00,95479.6171875,95479.6171875,95479.6171875,95479.6171875,0
2026-01-15 21:47:00+00:00,95519.9140625,95519.9140625,95519.9140625,95519.9140625,0
2026-01-15 21:49:00+00:00,95549.953125,95549.953125,95549.953125,95549.953125,43315200
2026-01-15 21:50:00+00:00,95575.203125,95575.203125,95575.203125,95575.203125,5677056
2026-01-15 21:51:00+00:00,95573.890625,95573.890625,95573.890625,95573.890625,0
2026-01-15 21:52:00+00:00,95561.640625,95561.640625,95561.640625,95561.640625,10985472
2026-01-15 21:53:00+00:00,95550.1171875,95550.1171875,95550.1171875,95550.1171875,6742016
2026-01-15 21:54:00+00:00,95559.234375,95559.234375,95559.234375,95559.234375,0
2026-01-15 21:55:00+00:00,95526.1640625,95526.1640625,95526.1640625,95526.1640625,0
2026-01-15 21:56:00+00:00,95534.5,95534.5,95534.5,95534.5,0
2026-01-15 21:57:00+00:00,95533.0234375,95533.0234375,95533.0234375,95533.0234375,0
2026-01-15 21:58:00+00:00,95533.78125,95533.78125,95533.78125,95533.78125,72962048
2026-01-15 21:59:00+00:00,95548.5234375,95548.5234375,95548.5234375,95548.5234375,0
2026-01-15 22:00:00+00:00,95553.2109375,95553.2109375,95553.2109375,95553.2109375,0
2026-01-15 22:01:00+00:00,95552.34375,95552.34375,95552.34375,95552.34375,0
2026-01-15 22:02:00+00:00,95531.2421875,95531.2421875,95531.2421875,95531.2421875,4743168
2026-01-15 22:03:00+00:00,95519.5546875,95519.5546875,95519.5546875,95519.5546875,0
2026-01-15 22:04:00+00:00,95549.3046875,95549.3046875,95549.3046875,95549.3046875,183951360
2026-01-15 22:05:00+00:00,95625.6640625,95625.6640625,95625.6640625,95625.6640625,7434240
2026-01-15 22:06:00+00:00,95625.90625,95625.90625,95625.90625,95625.90625,0
2026-01-15 22:07:00+00:00,95638.921875,95638.921875,95638.921875,95638.921875,0
2026-01-15 22:08:00+00:00,95665.4765625,95665.4765625,95665.4765625,95665.4765625,1228800
2026-01-15 22:09:00+00:00,95674.6953125,95674.6953125,95674.6953125,95674.6953125,0
2026-01-15 22:10:00+00:00,95684.8671875,95684.8671875,95684.8671875,95684.8671875,4808704
2026-01-15 22:11:00+00:00,95677.796875,95677.796875,95677.796875,95677.796875,0
2026-01-15 22:12:00+00:00,95655.765625,95655.765625,95655.765625,95655.765625,0
2026-01-15 22:13:00+00:00,95608.75,95608.75,95608.75,95608.75,0
2026-01-15 22:14:00+00:00,95491.828125,95491.828125,95491.828125,95491.828125,0
2026-01-15 22:15:00+00:00,95530.4609375,95530.4609375,95530.4609375,95530.4609375,4788224
2026-01-15 22:16:00+00:00,95472.9921875,95472.9921875,95472.9921875,95472.9921875,0
2026-01-15 22:17:00+00:00,95482.9140625,95482.9140625,95482.9140625,95482.9140625,0
2026-01-15 22:18:00+00:00,95485.84375,95485.84375,95485.84375,95485.84375,0
2026-01-15 22:19:00+00:00,95511.328125,95511.328125,95511.328125,95511.328125,0
2026-01-15 22:20:00+00:00,95538.3203125,95538.3203125,95538.3203125,95538.3203125,0
2026-01-15 22:22:00+00:00,95576.4921875,95576.4921875,95576.4921875,95576.4921875,0
2026-01-15 22:23:00+00:00,95566.6875,95566.6875,95566.6875,95566.6875,0
2026-01-15 22:24:00+00:00,95566.2734375,95566.2734375,95566.2734375,95566.2734375,0
2026-01-15 22:25:00+00:00,95596.21875,95596.21875,95596.21875,95596.21875,671744
2026-01-15 22:26:00+00:00,95623.9921875,95623.9921875,95623.9921875,95623.9921875,75329536
2026-01-15 22:27:00+00:00,95626.515625,95626.515625,95626.515625,95626.515625,0
2026-01-15 22:28:00+00:00,95654.09375,95654.09375,95654.09375,95654.09375,0
2026-01-15 22:29:00+00:00,95688.421875,95688.421875,95688.421875,95688.421875,0
2026-01-15 22:30:00+00:00,95685.6171875,95685.6171875,95685.6171875,95685.6171875,0
2026-01-15 22:31:00+00:00,95705.796875,95705.796875,95705.796875,95705.796875,0
2026-01-15 22:32:00+00:00,95701.8828125,95701.8828125,95701.8828125,95701.8828125,0
2026-01-15 22:34:00+00:00,95784.0390625,95784.0390625,95784.0390625,95784.0390625,140382208
2026-01-15 22:35:00+00:00,95778.8203125,95778.8203125,95778.8203125,95778.8203125,0
2026-01-15 22:36:00+00:00,95731.4921875,95731.4921875,95731.4921875,95731.4921875,6074368
2026-01-15 22:37:00+00:00,95688.734375,95688.734375,95688.734375,95688.734375,0
2026-01-15 22:39:00+00:00,95701.578125,95701.578125,95701.578125,95701.578125,0
2026-01-15 22:40:00+00:00,95736.875,95736.875,95736.875,95736.875,100274176
2026-01-15 22:41:00+00:00,95735.484375,95735.484375,95735.484375,95735.484375,0
2026-01-15 22:42:00+00:00,95759.1015625,95759.1015625,95759.1015625,95759.1015625,0
2026-01-15 22:43:00+00:00,95707.6328125,95707.6328125,95707.6328125,95707.6328125,0
2026-01-15 22:44:00+00:00,95632.609375,95632.609375,95632.609375,95632.609375,0
2026-01-15 22:45:00+00:00,95632.59375,95632.59375,95632.59375,95632.59375,0
2026-01-15 22:47:00+00:00,95652.875,95652.875,95652.875,95652.875,0
2026-01-15 22:48:00+00:00,95606.703125,95606.703125,95606.703125,95606.703125,19861504
2026-01-15 22:49:00+00:00,95606.96875,95606.96875,95606.96875,95606.96875,0
2026-01-15 22:50:00+00:00,95628.140625,95628.140625,95628.140625,95628.140625,0
2026-01-15 22:51:00+00:00,95633.0390625,95633.0390625,95633.0390625,95633.0390625,0
2026-01-15 22:52:00+00:00,95612.7109375,95612.7109375,95612.7109375,95612.7109375,5603328
2026-01-15 22:53:00+00:00,95575.9765625,95575.9765625,95575.9765625,95575.9765625,0
2026-01-15 22:54:00+00:00,95564.59375,95564.59375,95564.59375,95564.59375,0
2026-01-15 22:55:00+00:00,95589.796875,95589.796875,95589.796875,95589.796875,0
2026-01-15 22:56:00+00:00,95567.0390625,95567.0390625,95567.0390625,95567.0390625,0
2026-01-15 22:57:00+00:00,95531.9375,95531.9375,95531.9375,95531.9375,0
2026-01-15 22:59:00+00:00,95522.6484375,95522.6484375,95522.6484375,95522.6484375,0
2026-01-15 23:00:00+00:00,95571.3046875,95571.3046875,95571.3046875,95571.3046875,5435392
2026-01-15 23:02:00+00:00,95503.375,95503.375,95503.375,95503.375,0
2026-01-15 23:04:00+00:00,95507.984375,95507.984375,95507.984375,95507.984375,0
2026-01-15 23:05:00+00:00,95468.78125,95468.78125,95468.78125,95468.78125,0
2026-01-15 23:06:00+00:00,95436.625,95436.625,95436.625,95436.625,2076672
2026-01-15 23:07:00+00:00,95424.953125,95424.953125,95424.953125,95424.953125,0
2026-01-15 23:09:00+00:00,95415.9140625,95415.9140625,95415.9140625,95415.9140625,0
2026-01-15 23:10:00+00:00,95413.96875,95413.96875,95413.96875,95413.96875,1110016
2026-01-15 23:11:00+00:00,95453.3671875,95453.3671875,95453.3671875,95453.3671875,3989504
2026-01-15 23:12:00+00:00,95465.1640625,95465.1640625,95465.1640625,95465.1640625,0
2026-01-15 23:13:00+00:00,95469.1328125,95469.1328125,95469.1328125,95469.1328125,0
2026-01-15 23:14:00+00:00,95466.125,95466.125,95466.125,95466.125,0
2026-01-15 23:15:00+00:00,95555.1796875,95555.1796875,95555.1796875,95555.1796875,0
2026-01-15 23:16:00+00:00,95549.203125,95549.203125,95549.203125,95549.203125,0
2026-01-15 23:17:00+00:00,95636.6328125,95636.6328125,95636.6328125,95636.6328125,3723264
2026-01-15 23:18:00+00:00,95619.6953125,95619.6953125,95619.6953125,95619.6953125,0
2026-01-15 23:19:00+00:00,95639.4609375,95639.4609375,95639.4609375,95639.4609375,71999488
2026-01-15 23:20:00+00:00,95642.5859375,95642.5859375,95642.5859375,95642.5859375,0
2026-01-15 23:21:00+00:00,95646.8359375,95646.8359375,95646.8359375,95646.8359375,20480000
2026-01-15 23:22:00+00:00,95607.6875,95607.6875,95607.6875,95607.6875,0
2026-01-15 23:23:00+00:00,95632.4296875,95632.4296875,95632.4296875,95632.4296875,0
2026-01-15 23:24:00+00:00,95647.5390625,95647.5390625,95647.5390625,95647.5390625,7376896
2026-01-15 23:25:00+00:00,95656.5234375,95656.5234375,95656.5234375,95656.5234375,43347968
2026-01-15 23:26:00+00:00,95663.1953125,95663.1953125,95663.1953125,95663.1953125,4886528
2026-01-15 23:27:00+00:00,95662.2265625,95662.2265625,95662.2265625,95662.2265625,0
2026-01-15 23:28:00+00:00,95655.1875,95655.1875,95655.1875,95655.1875,173527040
2026-01-15 23:29:00+00:00,95652.9609375,95652.9609375,95652.9609375,95652.9609375,16150528
2026-01-15 23:30:00+00:00,95593.484375,95593.484375,95593.484375,95593.484375,0
2026-01-15 23:31:00+00:00,95493.0,95493.0,95493.0,95493.0,0
2026-01-15 23:32:00+00:00,95482.2890625,95482.2890625,95482.2890625,95482.2890625,0
2026-01-15 23:33:00+00:00,95472.8828125,95472.8828125,95472.8828125,95472.8828125,0
2026-01-15 23:34:00+00:00,95487.1328125,95487.1328125,95487.1328125,95487.1328125,0
2026-01-15 23:35:00+00:00,95468.375,95468.375,95468.375,95468.375,638976
2026-01-15 23:36:00+00:00,95459.3125,95459.3125,95459.3125,95459.3125,0
2026-01-15 23:37:00+00:00,95459.4609375,95459.4609375,95459.4609375,95459.4609375,0
2026-01-15 23:38:00+00:00,95464.90625,95464.90625,95464.90625,95464.90625,0
2026-01-15 23:39:00+00:00,95496.9921875,95496.9921875,95496.9921875,95496.9921875,4608000
2026-01-15 23:40:00+00:00,95503.375,95503.375,95503.375,95503.375,111599616
2026-01-15 23:41:00+00:00,95488.703125,95488.703125,95488.703125,95488.703125,608206848
2026-01-15 23:42:00+00:00,95481.7265625,95481.7265625,95481.7265625,95481.7265625,0
2026-01-15 23:43:00+00:00,95487.1015625,95487.1015625,95487.1015625,95487.1015625,182894592
2026-01-15 23:44:00+00:00,95491.09375,95491.09375,95491.09375,95491.09375,0
2026-01-15 23:45:00+00:00,95491.375,95491.375,95491.375,95491.375,0
2026-01-15 23:47:00+00:00,95513.0234375,95513.0234375,95513.0234375,95513.0234375,0
2026-01-15 23:48:00+00:00,95551.890625,95551.890625,95551.890625,95551.890625,0
2026-01-15 23:49:00+00:00,95550.0078125,95550.0078125,95550.0078125,95550.0078125,0
2026-01-15 23:50:00+00:00,95573.375,95573.375,95573.375,95573.375,1191936
2026-01-15 23:51:00+00:00,95574.4765625,95574.4765625,95574.4765625,95574.4765625,0
2026-01-15 23:52:00+00:00,95554.546875,95554.546875,95554.546875,95554.546875,0
2026-01-15 23:53:00+00:00,95573.9296875,95573.9296875,95573.9296875,95573.9296875,0
2026-01-15 23:54:00+00:00,95551.90625,95551.90625,95551.90625,95551.90625,0
2026-01-15 23:55:00+00:00,95577.4375,95577.4375,95577.4375,95577.4375,0
2026-01-15 23:56:00+00:00,95577.0390625,95577.0390625,95577.0390625,95577.0390625,0
2026-01-15 23:57:00+00:00,95563.875,95563.875,95563.875,95563.875,122880
2026-01-15 23:58:00+00:00,95546.2578125,95546.2578125,95546.2578125,95546.2578125,0
2026-01-16 00:00:00+00:00,95562.78125,95562.78125,95562.78125,95562.78125,0
2026-01-16 00:01:00+00:00,95548.1015625,95548.1015625,95548.1015625,95548.1015625,0
2026-01-16 00:02:00+00:00,95615.5625,95615.5625,95615.5625,95615.5625,13332480
2026-01-16 00:03:00+00:00,95632.9296875,95632.9296875,95632.9296875,95632.9296875,0
2026-01-16 00:04:00+00:00,95642.8515625,95642.8515625,95642.8515625,95642.8515625,0
2026-01-16 00:05:00+00:00,95645.515625,95645.515625,95645.515625,95645.515625,0
2026-01-16 00:06:00+00:00,95655.484375,95655.484375,95655.484375,95655.484375,0
2026-01-16 00:07:00+00:00,95677.765625,95677.765625,95677.765625,95677.765625,0
2026-01-16 00:08:00+00:00,95657.7890625,95657.7890625,95657.7890625,95657.7890625,0
2026-01-16 00:09:00+00:00,95655.3203125,95655.3203125,95655.3203125,95655.3203125,5865472
2026-01-16 00:10:00+00:00,95623.8671875,95623.8671875,95623.8671875,95623.8671875,65888256
2026-01-16 00:12:00+00:00,95645.34375,95645.34375,95645.34375,95645.34375,0
2026-01-16 00:14:00+00:00,95622.140625,95622.140625,95622.140625,95622.140625,0
2026-01-16 00:15:00+00:00,95626.125,95626.125,95626.125,95626.125,0
2026-01-16 00:17:00+00:00,95704.75,95704.75,95704.75,95704.75,0
2026-01-16 00:18:00+00:00,95705.3359375,95705.3359375,95705.3359375,95705.3359375,7065600
2026-01-16 00:19:00+00:00,95723.2890625,95723.2890625,95723.2890625,95723.2890625,0
2026-01-16 00:20:00+00:00,95721.1640625,95721.1640625,95721.1640625,95721.1640625,0
2026-01-16 00:21:00+00:00,95714.78125,95714.78125,95714.78125,95714.78125,22392832
2026-01-16 00:22:00+00:00,95694.4375,95694.4375,95694.4375,95694.4375,105439232
2026-01-16 00:23:00+00:00,95722.296875,95722.296875,95722.296875,95722.296875,4087808
2026-01-16 00:24:00+00:00,95707.0078125,95707.0078125,95707.0078125,95707.0078125,0
2026-01-16 00:26:00+00:00,95626.9609375,95626.9609375,95626.9609375,95626.9609375,0
2026-01-16 00:27:00+00:00,95629.328125,95629.328125,95629.328125,95629.328125,0
2026-01-16 00:28:00+00:00,95640.390625,95640.390625,95640.390625,95640.390625,83959808
2026-01-16 00:29:00+00:00,95657.40625,95657.40625,95657.40625,95657.40625,0
2026-01-16 00:30:00+00:00,95652.1640625,95652.1640625,95652.1640625,95652.1640625,9715712
2026-01-16 00:32:00+00:00,95674.5859375,95674.5859375,95674.5859375,95674.5859375,0
2026-01-16 00:34:00+00:00,95697.296875,95697.296875,95697.296875,95697.296875,0
2026-01-16 00:35:00+00:00,95750.2578125,95750.2578125,95750.2578125,95750.2578125,0
2026-01-16 00:36:00+00:00,95735.0625,95735.0625,95735.0625,95735.0625,0
2026-01-16 00:37:00+00:00,95746.1875,95746.1875,95746.1875,95746.1875,0
2026-01-16 00:39:00+00:00,95733.1328125,95733.1328125,95733.1328125,95733.1328125,0
2026-01-16 00:40:00+00:00,95734.3046875,95734.3046875,95734.3046875,95734.3046875,0
2026-01-16 00:41:00+00:00,95759.5625,95759.5625,95759.5625,95759.5625,0
2026-01-16 00:42:00+00:00,95724.859375,95724.859375,95724.859375,95724.859375,0
2026-01-16 00:43:00+00:00,95733.3359375,95733.3359375,95733.3359375,95733.3359375,0
2026-01-16 00:44:00+00:00,95754.3203125,95754.3203125,95754.3203125,95754.3203125,5693440
2026-01-16 00:45:00+00:00,95754.1640625,95754.1640625,95754.1640625,95754.1640625,0
2026-01-16 00:46:00+00:00,95742.265625,95742.265625,95742.265625,95742.265625,9801728
2026-01-16 00:47:00+00:00,95706.4609375,95706.4609375,95706.4609375,95706.4609375,0
2026-01-16 00:48:00+00:00,95737.5,95737.5,95737.5,95737.5,0
2026-01-16 00:49:00+00:00,95731.125,95731.125,95731.125,95731.125,0
2026-01-16 00:50:00+00:00,95725.4296875,95725.4296875,95725.4296875,95725.4296875,0
2026-01-16 00:51:00+00:00,95699.9296875,95699.9296875,95699.9296875,95699.9296875,1912832
2026-01-16 00:52:00+00:00,95663.828125,95663.828125,95663.828125,95663.828125,0
2026-01-16 00:53:00+00:00,95654.3671875,95654.3671875,95654.3671875,95654.3671875,0
2026-01-16 00:54:00+00:00,95673.5703125,95673.5703125,95673.5703125,95673.5703125,0
2026-01-16 00:55:00+00:00,95664.84375,95664.84375,95664.84375,95664.84375,0
2026-01-16 00:56:00+00:00,95611.53125,95611.53125,95611.53125,95611.53125,1921024
2026-01-16 00:57:00+00:00,95592.921875,95592.921875,95592.921875,95592.921875,1998848
2026-01-16 00:58:00+00:00,95606.1953125,95606.1953125,95606.1953125,95606.1953125,0
2026-01-16 00:59:00+00:00,95574.8046875,95574.8046875,95574.8046875,95574.8046875,0
2026-01-16 01:00:00+00:00,95574.0,95574.0,95574.0,95574.0,2375680
2026-01-16 01:01:00+00:00,95589.4453125,95589.4453125,95589.4453125,95589.4453125,0
2026-01-16 01:02:00+00:00,95577.234375,95577.234375,95577.234375,95577.234375,0
2026-01-16 01:03:00+00:00,95562.875,95562.875,95562.875,95562.875,0
2026-01-16 01:04:00+00:00,95557.3125,95557.3125,95557.3125,95557.3125,0
2026-01-16 01:06:00+00:00,95496.8203125,95496.8203125,95496.8203125,95496.8203125,0
2026-01-16 01:07:00+00:00,95490.6484375,95490.6484375,95490.6484375,95490.6484375,0
2026-01-16 01:08:00+00:00,95502.40625,95502.40625,95502.40625,95502.40625,3452928
2026-01-16 01:09:00+00:00,95493.4609375,95493.4609375,95493.4609375,95493.4609375,0
2026-01-16 01:10:00+00:00,95467.796875,95467.796875,95467.796875,95467.796875,0
2026-01-16 01:11:00+00:00,95445.6328125,95445.6328125,95445.6328125,95445.6328125,0
2026-01-16 01:12:00+00:00,95425.015625,95425.015625,95425.015625,95425.015625,6938624
2026-01-16 01:13:00+00:00,95419.078125,95419.078125,95419.078125,95419.078125,0
2026-01-16 01:14:00+00:00,95418.8203125,95418.8203125,95418.8203125,95418.8203125,4964352
2026-01-16 01:15:00+00:00,95422.96875,95422.96875,95422.96875,95422.96875,0
2026-01-16 01:17:00+00:00,95460.3125,95460.3125,95460.3125,95460.3125,74452992
2026-01-16 01:18:00+00:00,95485.671875,95485.671875,95485.671875,95485.671875,0
2026-01-16 01:19:00+00:00,95482.171875,95482.171875,95482.171875,95482.171875,17743872
2026-01-16 01:20:00+00:00,95482.5234375,95482.5234375,95482.5234375,95482.5234375,17969152
2026-01-16 01:21:00+00:00,95471.1875,95471.1875,95471.1875,95471.1875,0
2026-01-16 01:22:00+00:00,95460.1328125,95460.1328125,95460.1328125,95460.1328125,165859328
2026-01-16 01:23:00+00:00,95460.84375,95460.84375,95460.84375,95460.84375,0
2026-01-16 01:24:00+00:00,95472.9609375,95472.9609375,95472.9609375,95472.9609375,7684096
2026-01-16 01:25:00+00:00,95514.4140625,95514.4140625,95514.4140625,95514.4140625,35590144
2026-01-16 01:26:00+00:00,95516.5859375,95516.5859375,95516.5859375,95516.5859375,0
2026-01-16 01:27:00+00:00,95506.453125,95506.453125,95506.453125,95506.453125,0
2026-01-16 01:28:00+00:00,95524.2421875,95524.2421875,95524.2421875,95524.2421875,0
2026-01-16 01:29:00+00:00,95537.0625,95537.0625,95537.0625,95537.0625,1003520
2026-01-16 01:30:00+00:00,95582.46875,95582.46875,95582.46875,95582.46875,0
2026-01-16 01:31:00+00:00,95689.640625,95689.640625,95689.640625,95689.640625,0
2026-01-16 01:32:00+00:00,95734.1796875,95734.1796875,95734.1796875,95734.1796875,17186816
2026-01-16 01:33:00+00:00,95733.25,95733.25,95733.25,95733.25,0
2026-01-16 01:34:00+00:00,95736.3984375,95736.3984375,95736.3984375,95736.3984375,0
2026-01-16 01:35:00+00:00,95724.0,95724.0,95724.0,95724.0,466944
2026-01-16 01:36:00+00:00,95701.8515625,95701.8515625,95701.8515625,95701.8515625,2330624
2026-01-16 01:37:00+00:00,95682.8671875,95682.8671875,95682.8671875,95682.8671875,0
2026-01-16 01:38:00+00:00,95666.125,95666.125,95666.125,95666.125,0
2026-01-16 01:39:00+00:00,95650.71875,95650.71875,95650.71875,95650.71875,0
2026-01-16 01:40:00+00:00,95671.3984375,95671.3984375,95671.3984375,95671.3984375,0
2026-01-16 01:41:00+00:00,95654.7578125,95654.7578125,95654.7578125,95654.7578125,0
2026-01-16 01:42:00+00:00,95662.5546875,95662.5546875,95662.5546875,95662.5546875,0
2026-01-16 01:43:00+00:00,95635.5078125,95635.5078125,95635.5078125,95635.5078125,124256256
2026-01-16 01:44:00+00:00,95624.8046875,95624.8046875,95624.8046875,95624.8046875,0
2026-01-16 01:45:00+00:00,95609.3359375,95609.3359375,95609.3359375,95609.3359375,19361792
2026-01-16 01:46:00+00:00,95619.953125,95619.953125,95619.953125,95619.953125,26378240
2026-01-16 01:47:00+00:00,95676.7265625,95676.7265625,95676.7265625,95676.7265625,0
2026-01-16 01:48:00+00:00,95684.78125,95684.78125,95684.78125,95684.78125,0
2026-01-16 01:49:00+00:00,95676.484375,95676.484375,95676.484375,95676.484375,0
2026-01-16 01:50:00+00:00,95697.90625,95697.90625,95697.90625,95697.90625,27611136
2026-01-16 01:51:00+00:00,95706.9296875,95706.9296875,95706.9296875,95706.9296875,0
2026-01-16 01:52:00+00:00,95719.7890625,95719.7890625,95719.7890625,95719.7890625,0
2026-01-16 01:53:00+00:00,95681.40625,95681.40625,95681.40625,95681.40625,0
2026-01-16 01:54:00+00:00,95670.46875,95670.46875,95670.46875,95670.46875,20475904
2026-01-16 01:55:00+00:00,95653.234375,95653.234375,95653.234375,95653.234375,0
2026-01-16 01:56:00+00:00,95673.4765625,95673.4765625,95673.4765625,95673.4765625,34144256
2026-01-16 01:57:00+00:00,95670.953125,95670.953125,95670.953125,95670.953125,0
2026-01-16 01:58:00+00:00,95663.4765625,95663.4765625,95663.4765625,95663.4765625,141967360
2026-01-16 01:59:00+00:00,95617.4609375,95617.4609375,95617.4609375,95617.4609375,25075712
2026-01-16 02:00:00+00:00,95628.453125,95628.453125,95628.453125,95628.453125,0
2026-01-16 02:01:00+00:00,95568.578125,95568.578125,95568.578125,95568.578125,0
2026-01-16 02:02:00+00:00,95556.1796875,95556.1796875,95556.1796875,95556.1796875,0
2026-01-16 02:03:00+00:00,95521.25,95521.25,95521.25,95521.25,0
2026-01-16 02:04:00+00:00,95504.2421875,95504.2421875,95504.2421875,95504.2421875,37588992
2026-01-16 02:05:00+00:00,95441.234375,95441.234375,95441.234375,95441.234375,15011840
2026-01-16 02:06:00+00:00,95446.2421875,95446.2421875,95446.2421875,95446.2421875,2736128
2026-01-16 02:07:00+00:00,95482.3359375,95482.3359375,95482.3359375,95482.3359375,39612416
2026-01-16 02:08:00+00:00,95453.6640625,95453.6640625,95453.6640625,95453.6640625,745472
2026-01-16 02:09:00+00:00,95453.046875,95453.046875,95453.046875,95453.046875,4083712
2026-01-16 02:11:00+00:00,95463.6875,95463.6875,95463.6875,95463.6875,24170496
2026-01-16 02:12:00+00:00,95463.34375,95463.34375,95463.34375,95463.34375,0
2026-01-16 02:13:00+00:00,95437.8515625,95437.8515625,95437.8515625,95437.8515625,0
2026-01-16 02:14:00+00:00,95430.1875,95430.1875,95430.1875,95430.1875,479232
2026-01-16 02:15:00+00:00,95438.703125,95438.703125,95438.703125,95438.703125,0
2026-01-16 02:16:00+00:00,95368.6171875,95368.6171875,95368.6171875,95368.6171875,180023296
2026-01-16 02:17:00+00:00,95421.9765625,95421.9765625,95421.9765625,95421.9765625,2367488
2026-01-16 02:18:00+00:00,95401.921875,95401.921875,95401.921875,95401.921875,0
2026-01-16 02:19:00+00:00,95396.7421875,95396.7421875,95396.7421875,95396.7421875,0
2026-01-16 02:20:00+00:00,95416.2578125,95416.2578125,95416.2578125,95416.2578125,3014656
2026-01-16 02:21:00+00:00,95377.6640625,95377.6640625,95377.6640625,95377.6640625,0
2026-01-16 02:22:00+00:00,95404.7734375,95404.7734375,95404.7734375,95404.7734375,55037952
2026-01-16 02:23:00+00:00,95418.0859375,95418.0859375,95418.0859375,95418.0859375,22056960
2026-01-16 02:24:00+00:00,95427.328125,95427.328125,95427.328125,95427.328125,0
2026-01-16 02:25:00+00:00,95439.796875,95439.796875,95439.796875,95439.796875,113614848
2026-01-16 02:26:00+00:00,95468.40625,95468.40625,95468.40625,95468.40625,0
2026-01-16 02:27:00+00:00,95482.8828125,95482.8828125,95482.8828125,95482.8828125,13733888
2026-01-16 02:28:00+00:00,95524.3125,95524.3125,95524.3125,95524.3125,0
2026-01-16 02:29:00+00:00,95605.578125,95605.578125,95605.578125,95605.578125,19333120
2026-01-16 02:30:00+00:00,95636.4375,95636.4375,95636.4375,95636.4375,0
2026-01-16 02:31:00+00:00,95602.6953125,95602.6953125,95602.6953125,95602.6953125,31637504
2026-01-16 02:32:00+00:00,95589.5546875,95589.5546875,95589.5546875,95589.5546875,3047424
2026-01-16 02:33:00+00:00,95602.984375,95602.984375,95602.984375,95602.984375,0
2026-01-16 02:34:00+00:00,95594.828125,95594.828125,95594.828125,95594.828125,0
2026-01-16 02:35:00+00:00,95570.2109375,95570.2109375,95570.2109375,95570.2109375,1212416
2026-01-16 02:36:00+00:00,95597.6484375,95597.6484375,95597.6484375,95597.6484375,0
2026-01-16 02:37:00+00:00,95571.3671875,95571.3671875,95571.3671875,95571.3671875,4653056
2026-01-16 02:38:00+00:00,95559.7109375,95559.7109375,95559.7109375,95559.7109375,0
2026-01-16 02:39:00+00:00,95521.734375,95521.734375,95521.734375,95521.734375,0
2026-01-16 02:40:00+00:00,95497.625,95497.625,95497.625,95497.625,0
2026-01-16 02:41:00+00:00,95508.1875,95508.1875,95508.1875,95508.1875,0
2026-01-16 02:42:00+00:00,95503.46875,95503.46875,95503.46875,95503.46875,0
2026-01-16 02:43:00+00:00,95430.78125,95430.78125,95430.78125,95430.78125,0
2026-01-16 02:44:00+00:00,95444.4453125,95444.4453125,95444.4453125,95444.4453125,0
2026-01-16 02:45:00+00:00,95440.4296875,95440.4296875,95440.4296875,95440.4296875,0
2026-01-16 02:46:00+00:00,95456.2734375,95456.2734375,95456.2734375,95456.2734375,135299072
2026-01-16 02:47:00+00:00,95463.96875,95463.96875,95463.96875,95463.96875,0
2026-01-16 02:48:00+00:00,95465.890625,95465.890625,95465.890625,95465.890625,0
2026-01-16 02:49:00+00:00,95481.5703125,95481.5703125,95481.5703125,95481.5703125,0
2026-01-16 02:50:00+00:00,95487.125,95487.125,95487.125,95487.125,0
2026-01-16 02:51:00+00:00,95500.2109375,95500.2109375,95500.2109375,95500.2109375,0
2026-01-16 02:52:00+00:00,95485.5703125,95485.5703125,95485.5703125,95485.5703125,102625280
2026-01-16 02:53:00+00:00,95485.15625,95485.15625,95485.15625,95485.15625,0
2026-01-16 02:54:00+00:00,95487.1796875,95487.1796875,95487.1796875,95487.1796875,0
2026-01-16 02:55:00+00:00,95487.2734375,95487.2734375,95487.2734375,95487.2734375,0
2026-01-16 02:56:00+00:00,95477.359375,95477.359375,95477.359375,95477.359375,57081856
2026-01-16 02:57:00+00:00,95489.046875,95489.046875,95489.046875,95489.046875,0
2026-01-16 02:58:00+00:00,95481.625,95481.625,95481.625,95481.625,4423680
2026-01-16 02:59:00+00:00,95477.90625,95477.90625,95477.90625,95477.90625,0
2026-01-16 03:00:00+00:00,95466.359375,95466.359375,95466.359375,95466.359375,1773568
2026-01-16 03:01:00+00:00,95506.71875,95506.71875,95506.71875,95506.71875,0
2026-01-16 03:02:00+00:00,95497.765625,95497.765625,95497.765625,95497.765625,0
2026-01-16 03:03:00+00:00,95477.171875,95477.171875,95477.171875,95477.171875,3452928
2026-01-16 03:04:00+00:00,95484.78125,95484.78125,95484.78125,95484.78125,0
2026-01-16 03:05:00+00:00,95478.9609375,95478.9609375,95478.9609375,95478.9609375,3112960
2026-01-16 03:06:00+00:00,95469.6328125,95469.6328125,95469.6328125,95469.6328125,0
2026-01-16 03:07:00+00:00,95480.6328125,95480.6328125,95480.6328125,95480.6328125,0
2026-01-16 03:08:00+00:00,95497.84375,95497.84375,95497.84375,95497.84375,0
2026-01-16 03:09:00+00:00,95517.140625,95517.140625,95517.140625,95517.140625,0
2026-01-16 03:10:00+00:00,95520.2734375,95520.2734375,95520.2734375,95520.2734375,0
2026-01-16 03:11:00+00:00,95517.1015625,95517.1015625,95517.1015625,95517.1015625,2723840
2026-01-16 03:12:00+00:00,95529.0078125,95529.0078125,95529.0078125,95529.0078125,0
2026-01-16 03:13:00+00:00,95538.328125,95538.328125,95538.328125,95538.328125,0
2026-01-16 03:14:00+00:00,95537.375,95537.375,95537.375,95537.375,0
2026-01-16 03:15:00+00:00,95540.3203125,95540.3203125,95540.3203125,95540.3203125,0
2026-01-16 03:16:00+00:00,95467.59375,95467.59375,95467.59375,95467.59375,0
2026-01-16 03:17:00+00:00,95480.7890625,95480.7890625,95480.7890625,95480.7890625,0
2026-01-16 03:18:00+00:00,95476.890625,95476.890625,95476.890625,95476.890625,0
2026-01-16 03:19:00+00:00,95498.046875,95498.046875,95498.046875,95498.046875,0
2026-01-16 03:20:00+00:00,95500.125,95500.125,95500.125,95500.125,0
2026-01-16 03:21:00+00:00,95495.03125,95495.03125,95495.03125,95495.03125,696320
2026-01-16 03:22:00+00:00,95463.8359375,95463.8359375,95463.8359375,95463.8359375,0
2026-01-16 03:23:00+00:00,95500.375,95500.375,95500.375,95500.375,0
2026-01-16 03:24:00+00:00,95501.296875,95501.296875,95501.296875,95501.296875,0
2026-01-16 03:25:00+00:00,95514.09375,95514.09375,95514.09375,95514.09375,0
2026-01-16 03:26:00+00:00,95503.1328125,95503.1328125,95503.1328125,95503.1328125,0
2026-01-16 03:27:00+00:00,95465.296875,95465.296875,95465.296875,95465.296875,4296704
2026-01-16 03:28:00+00:00,95474.453125,95474.453125,95474.453125,95474.453125,0
2026-01-16 03:29:00+00:00,95474.8125,95474.8125,95474.8125,95474.8125,0
2026-01-16 03:30:00+00:00,95460.25,95460.25,95460.25,95460.25,0
2026-01-16 03:31:00+00:00,95449.625,95449.625,95449.625,95449.625,0
2026-01-16 03:32:00+00:00,95407.4375,95407.4375,95407.4375,95407.4375,0
2026-01-16 03:33:00+00:00,95389.1796875,95389.1796875,95389.1796875,95389.1796875,0
2026-01-16 03:34:00+00:00,95406.390625,95406.390625,95406.390625,95406.390625,0
2026-01-16 03:35:00+00:00,95410.5234375,95410.5234375,95410.5234375,95410.5234375,0
2026-01-16 03:36:00+00:00,95394.890625,95394.890625,95394.890625,95394.890625,0
2026-01-16 03:37:00+00:00,95403.359375,95403.359375,95403.359375,95403.359375,162381824
2026-01-16 03:38:00+00:00,95427.2890625,95427.2890625,95427.2890625,95427.2890625,0
2026-01-16 03:39:00+00:00,95403.9453125,95403.9453125,95403.9453125,95403.9453125,0
2026-01-16 03:40:00+00:00,95385.3671875,95385.3671875,95385.3671875,95385.3671875,0
2026-01-16 03:41:00+00:00,95402.71875,95402.71875,95402.71875,95402.71875,0
2026-01-16 03:42:00+00:00,95400.9609375,95400.9609375,95400.9609375,95400.9609375,0
2026-01-16 03:43:00+00:00,95403.8671875,95403.8671875,95403.8671875,95403.8671875,0
2026-01-16 03:44:00+00:00,95413.5703125,95413.5703125,95413.5703125,95413.5703125,0
2026-01-16 03:45:00+00:00,95404.0078125,95404.0078125,95404.0078125,95404.0078125,0
2026-01-16 03:46:00+00:00,95392.265625,95392.265625,95392.265625,95392.265625,0
2026-01-16 03:47:00+00:00,95398.03125,95398.03125,95398.03125,95398.03125,0
2026-01-16 03:48:00+00:00,95393.9375,95393.9375,95393.9375,95393.9375,11005952
2026-01-16 03:49:00+00:00,95391.5,95391.5,95391.5,95391.5,24371200
2026-01-16 03:50:00+00:00,95366.546875,95366.546875,95366.546875,95366.546875,4714496
2026-01-16 03:51:00+00:00,95365.8828125,95365.8828125,95365.8828125,95365.8828125,0
2026-01-16 03:52:00+00:00,95354.328125,95354.328125,95354.328125,95354.328125,0
2026-01-16 03:53:00+00:00,95346.0859375,95346.0859375,95346.0859375,95346.0859375,0
2026-01-16 03:54:00+00:00,95339.1796875,95339.1796875,95339.1796875,95339.1796875,0
2026-01-16 03:55:00+00:00,95358.7421875,95358.7421875,95358.7421875,95358.7421875,0
2026-01-16 03:56:00+00:00,95363.7890625,95363.7890625,95363.7890625,95363.7890625,0
2026-01-16 03:57:00+00:00,95297.765625,95297.765625,95297.765625,95297.765625,20295680
2026-01-16 03:58:00+00:00,95329.4921875,95329.4921875,95329.4921875,95329.4921875,55177216
2026-01-16 03:59:00+00:00,95325.96875,95325.96875,95325.96875,95325.96875,0
2026-01-16 04:00:00+00:00,95306.4375,95306.4375,95306.4375,95306.4375,196608
2026-01-16 04:01:00+00:00,95305.984375,95305.984375,95305.984375,95305.984375,0
2026-01-16 04:02:00+00:00,95309.96875,95309.96875,95309.96875,95309.96875,0
2026-01-16 04:03:00+00:00,95306.9296875,95306.9296875,95306.9296875,95306.9296875,0
2026-01-16 04:04:00+00:00,95304.828125,95304.828125,95304.828125,95304.828125,0
2026-01-16 04:05:00+00:00,95329.40625,95329.40625,95329.40625,95329.40625,0
2026-01-16 04:06:00+00:00,95335.0078125,95335.0078125,95335.0078125,95335.0078125,4870144
2026-01-16 04:07:00+00:00,95321.890625,95321.890625,95321.890625,95321.890625,12337152
2026-01-16 04:08:00+00:00,95335.265625,95335.265625,95335.265625,95335.265625,5795840
2026-01-16 04:09:00+00:00,95344.9140625,95344.9140625,95344.9140625,95344.9140625,0
2026-01-16 04:10:00+00:00,95332.953125,95332.953125,95332.953125,95332.953125,0
2026-01-16 04:11:00+00:00,95349.21875,95349.21875,95349.21875,95349.21875,0
2026-01-16 04:13:00+00:00,95388.3828125,95388.3828125,95388.3828125,95388.3828125,0
2026-01-16 04:14:00+00:00,95393.734375,95393.734375,95393.734375,95393.734375,0
2026-01-16 04:16:00+00:00,95406.3203125,95406.3203125,95406.3203125,95406.3203125,107958272
2026-01-16 04:17:00+00:00,95470.640625,95470.640625,95470.640625,95470.640625,4837376
2026-01-16 04:18:00+00:00,95494.171875,95494.171875,95494.171875,95494.171875,221184
2026-01-16 04:19:00+00:00,95513.1171875,95513.1171875,95513.1171875,95513.1171875,0
2026-01-16 04:20:00+00:00,95505.0,95505.0,95505.0,95505.0,7553024
2026-01-16 04:21:00+00:00,95471.3671875,95471.3671875,95471.3671875,95471.3671875,0
2026-01-16 04:22:00+00:00,95418.984375,95418.984375,95418.984375,95418.984375,0
2026-01-16 04:23:00+00:00,95432.5078125,95432.5078125,95432.5078125,95432.5078125,0
2026-01-16 04:24:00+00:00,95456.4609375,95456.4609375,95456.4609375,95456.4609375,331776
2026-01-16 04:25:00+00:00,95488.296875,95488.296875,95488.296875,95488.296875,74813440
2026-01-16 04:27:00+00:00,95516.9921875,95516.9921875,95516.9921875,95516.9921875,579522560
2026-01-16 04:28:00+00:00,95520.359375,95520.359375,95520.359375,95520.359375,0
2026-01-16 04:30:00+00:00,95375.65625,95375.65625,95375.65625,95375.65625,0
2026-01-16 04:31:00+00:00,95386.234375,95386.234375,95386.234375,95386.234375,0
2026-01-16 04:32:00+00:00,95343.5078125,95343.5078125,95343.5078125,95343.5078125,15679488
2026-01-16 04:33:00+00:00,95343.5078125,95343.5078125,95343.5078125,95343.5078125,0
2026-01-16 04:34:00+00:00,95309.96875,95309.96875,95309.96875,95309.96875,0
2026-01-16 04:36:00+00:00,95258.703125,95258.703125,95258.703125,95258.703125,20357120
2026-01-16 04:37:00+00:00,95269.34375,95269.34375,95269.34375,95269.34375,22638592
2026-01-16 04:38:00+00:00,95263.84375,95263.84375,95263.84375,95263.84375,4866048
2026-01-16 04:39:00+00:00,95220.1953125,95220.1953125,95220.1953125,95220.1953125,0
2026-01-16 04:40:00+00:00,95239.34375,95239.34375,95239.34375,95239.34375,100454400
2026-01-16 04:41:00+00:00,95134.15625,95134.15625,95134.15625,95134.15625,6012928
2026-01-16 04:42:00+00:00,95213.484375,95213.484375,95213.484375,95213.484375,0
2026-01-16 04:43:00+00:00,95220.9453125,95220.9453125,95220.9453125,95220.9453125,88276992
2026-01-16 04:44:00+00:00,95213.6328125,95213.6328125,95213.6328125,95213.6328125,11558912
2026-01-16 04:45:00+00:00,95198.125,95198.125,95198.125,95198.125,0
2026-01-16 04:46:00+00:00,95248.453125,95248.453125,95248.453125,95248.453125,181047296
2026-01-16 04:47:00+00:00,95226.1640625,95226.1640625,95226.1640625,95226.1640625,126976
2026-01-16 04:48:00+00:00,95228.8671875,95228.8671875,95228.8671875,95228.8671875,0
2026-01-16 04:49:00+00:00,95193.984375,95193.984375,95193.984375,95193.984375,29384704
2026-01-16 04:50:00+00:00,95199.78125,95199.78125,95199.78125,95199.78125,196608
2026-01-16 04:51:00+00:00,95183.6953125,95183.6953125,95183.6953125,95183.6953125,0
2026-01-16 04:52:00+00:00,95167.203125,95167.203125,95167.203125,95167.203125,19058688
2026-01-16 04:54:00+00:00,95135.9296875,95135.9296875,95135.9296875,95135.9296875,8204288
2026-01-16 04:55:00+00:00,95150.5390625,95150.5390625,95150.5390625,95150.5390625,92688384
2026-01-16 04:56:00+00:00,95150.0078125,95150.0078125,95150.0078125,95150.0078125,4804608
2026-01-16 04:57:00+00:00,95135.9921875,95135.9921875,95135.9921875,95135.9921875,1880064
2026-01-16 04:59:00+00:00,95125.375,95125.375,95125.375,95125.375,36245504
2026-01-16 05:00:00+00:00,95222.0703125,95222.0703125,95222.0703125,95222.0703125,8978432
2026-01-16 05:01:00+00:00,95272.2890625,95272.2890625,95272.2890625,95272.2890625,0
2026-01-16 05:02:00+00:00,95345.0859375,95345.0859375,95345.0859375,95345.0859375,0
2026-01-16 05:03:00+00:00,95341.0390625,95341.0390625,95341.0390625,95341.0390625,0
2026-01-16 05:04:00+00:00,95312.7890625,95312.7890625,95312.7890625,95312.7890625,0
2026-01-16 05:05:00+00:00,95275.6484375,95275.6484375,95275.6484375,95275.6484375,11227136
2026-01-16 05:06:00+00:00,95253.8046875,95253.8046875,95253.8046875,95253.8046875,0
2026-01-16 05:07:00+00:00,95244.484375,95244.484375,95244.484375,95244.484375,14331904
2026-01-16 05:08:00+00:00,95302.921875,95302.921875,95302.921875,95302.921875,3043328
2026-01-16 05:10:00+00:00,95347.8828125,95347.8828125,95347.8828125,95347.8828125,35512320
2026-01-16 05:11:00+00:00,95371.6796875,95371.6796875,95371.6796875,95371.6796875,0
2026-01-16 05:13:00+00:00,95394.3828125,95394.3828125,95394.3828125,95394.3828125,0
2026-01-16 05:14:00+00:00,95385.8984375,95385.8984375,95385.8984375,95385.8984375,1163264
2026-01-16 05:15:00+00:00,95376.953125,95376.953125,95376.953125,95376.953125,0
2026-01-16 05:16:00+00:00,95375.375,95375.375,95375.375,95375.375,0
2026-01-16 05:18:00+00:00,95394.28125,95394.28125,95394.28125,95394.28125,0
2026-01-16 05:19:00+00:00,95334.6171875,95334.6171875,95334.6171875,95334.6171875,35766272
2026-01-16 05:21:00+00:00,95310.59375,95310.59375,95310.59375,95310.59375,0
2026-01-16 05:22:00+00:00,95306.625,95306.625,95306.625,95306.625,235122688
2026-01-16 05:23:00+00:00,95269.2265625,95269.2265625,95269.2265625,95269.2265625,3305472
2026-01-16 05:24:00+00:00,95274.296875,95274.296875,95274.296875,95274.296875,1445888
2026-01-16 05:25:00+00:00,95262.8046875,95262.8046875,95262.8046875,95262.8046875,30535680
2026-01-16 05:26:00+00:00,95242.9765625,95242.9765625,95242.9765625,95242.9765625,1814528
2026-01-16 05:27:00+00:00,95256.9921875,95256.9921875,95256.9921875,95256.9921875,4079616
2026-01-16 05:28:00+00:00,95251.1953125,95251.1953125,95251.1953125,95251.1953125,80437248
2026-01-16 05:29:00+00:00,95262.4609375,95262.4609375,95262.4609375,95262.4609375,6438912
2026-01-16 05:31:00+00:00,95272.734375,95272.734375,95272.734375,95272.734375,94474240
2026-01-16 05:32:00+00:00,95273.734375,95273.734375,95273.734375,95273.734375,2260992
2026-01-16 05:33:00+00:00,95332.890625,95332.890625,95332.890625,95332.890625,3334144
2026-01-16 05:34:00+00:00,95313.921875,95313.921875,95313.921875,95313.921875,52412416
2026-01-16 05:35:00+00:00,95315.5,95315.5,95315.5,95315.5,6283264
2026-01-16 05:36:00+00:00,95347.4609375,95347.4609375,95347.4609375,95347.4609375,0
2026-01-16 05:37:00+00:00,95357.2734375,95357.2734375,95357.2734375,95357.2734375,0
2026-01-16 05:39:00+00:00,95412.5546875,95412.5546875,95412.5546875,95412.5546875,23040000
2026-01-16 05:40:00+00:00,95426.390625,95426.390625,95426.390625,95426.390625,0
2026-01-16 05:41:00+00:00,95457.390625,95457.390625,95457.390625,95457.390625,8515584
2026-01-16 05:42:00+00:00,95480.34375,95480.34375,95480.34375,95480.34375,1531904
2026-01-16 05:43:00+00:00,95479.828125,95479.828125,95479.828125,95479.828125,4243456
2026-01-16 05:44:00+00:00,95572.6328125,95572.6328125,95572.6328125,95572.6328125,13541376
2026-01-16 05:45:00+00:00,95562.4453125,95562.4453125,95562.4453125,95562.4453125,8028160
2026-01-16 05:46:00+00:00,95543.1484375,95543.1484375,95543.1484375,95543.1484375,61100032
2026-01-16 05:48:00+00:00,95610.6171875,95610.6171875,95610.6171875,95610.6171875,5193728
2026-01-16 05:49:00+00:00,95581.2734375,95581.2734375,95581.2734375,95581.2734375,2764800
2026-01-16 05:50:00+00:00,95581.828125,95581.828125,95581.828125,95581.828125,0
2026-01-16 05:51:00+00:00,95569.0390625,95569.0390625,95569.0390625,95569.0390625,35614720
2026-01-16 05:52:00+00:00,95569.8828125,95569.8828125,95569.8828125,95569.8828125,50438144
2026-01-16 05:53:00+00:00,95569.609375,95569.609375,95569.609375,95569.609375,2007040
2026-01-16 05:54:00+00:00,95587.703125,95587.703125,95587.703125,95587.703125,2015232
2026-01-16 05:55:00+00:00,95568.1484375,95568.1484375,95568.1484375,95568.1484375,212652032
2026-01-16 05:56:00+00:00,95557.265625,95557.265625,95557.265625,95557.265625,8433664
2026-01-16 05:57:00+00:00,95603.7578125,95603.7578125,95603.7578125,95603.7578125,5468160
2026-01-16 05:58:00+00:00,95605.546875,95605.546875,95605.546875,95605.546875,0
2026-01-16 05:59:00+00:00,95612.265625,95612.265625,95612.265625,95612.265625,0
2026-01-16 06:00:00+00:00,95613.5703125,95613.5703125,95613.5703125,95613.5703125,22302720
2026-01-16 06:01:00+00:00,95643.0546875,95643.0546875,95643.0546875,95643.0546875,97226752
2026-01-16 06:02:00+00:00,95645.625,95645.625,95645.625,95645.625,8372224
2026-01-16 06:03:00+00:00,95652.6640625,95652.6640625,95652.6640625,95652.6640625,1286144
2026-01-16 06:04:00+00:00,95661.2109375,95661.2109375,95661.2109375,95661.2109375,475136
2026-01-16 06:05:00+00:00,95660.078125,95660.078125,95660.078125,95660.078125,0
2026-01-16 06:07:00+00:00,95759.96875,95759.96875,95759.96875,95759.96875,63025152
2026-01-16 06:08:00+00:00,95681.2578125,95681.2578125,95681.2578125,95681.2578125,4243456
2026-01-16 06:09:00+00:00,95644.0234375,95644.0234375,95644.0234375,95644.0234375,0
2026-01-16 06:10:00+00:00,95640.8125,95640.8125,95640.8125,95640.8125,0
2026-01-16 06:11:00+00:00,95587.46875,95587.46875,95587.46875,95587.46875,0
2026-01-16 06:13:00+00:00,95583.0859375,95583.0859375,95583.0859375,95583.0859375,254357504
2026-01-16 06:14:00+00:00,95564.6953125,95564.6953125,95564.6953125,95564.6953125,11444224
2026-01-16 06:15:00+00:00,95565.3046875,95565.3046875,95565.3046875,95565.3046875,0
2026-01-16 06:16:00+00:00,95560.359375,95560.359375,95560.359375,95560.359375,1286144
2026-01-16 06:17:00+00:00,95556.1953125,95556.1953125,95556.1953125,95556.1953125,2027520
2026-01-16 06:18:00+00:00,95559.859375,95559.859375,95559.859375,95559.859375,421888
2026-01-16 06:19:00+00:00,95561.8671875,95561.8671875,95561.8671875,95561.8671875,0
2026-01-16 06:20:00+00:00,95509.8984375,95509.8984375,95509.8984375,95509.8984375,0
2026-01-16 06:21:00+00:00,95514.25,95514.25,95514.25,95514.25,0
2026-01-16 06:22:00+00:00,95575.7265625,95575.7265625,95575.7265625,95575.7265625,21516288
2026-01-16 06:23:00+00:00,95618.953125,95618.953125,95618.953125,95618.953125,0
2026-01-16 06:24:00+00:00,95630.3671875,95630.3671875,95630.3671875,95630.3671875,0
2026-01-16 06:25:00+00:00,95631.0546875,95631.0546875,95631.0546875,95631.0546875,213962752
2026-01-16 06:26:00+00:00,95618.2421875,95618.2421875,95618.2421875,95618.2421875,86016
2026-01-16 06:27:00+00:00,95635.6640625,95635.6640625,95635.6640625,95635.6640625,0
2026-01-16 06:28:00+00:00,95636.0390625,95636.0390625,95636.0390625,95636.0390625,0
2026-01-16 06:29:00+00:00,95633.1953125,95633.1953125,95633.1953125,95633.1953125,10256384
2026-01-16 06:30:00+00:00,95619.46875,95619.46875,95619.46875,95619.46875,3018752
2026-01-16 06:31:00+00:00,95618.9375,95618.9375,95618.9375,95618.9375,152674304
2026-01-16 06:32:00+00:00,95620.1171875,95620.1171875,95620.1171875,95620.1171875,2019328
2026-01-16 06:33:00+00:00,95603.6796875,95603.6796875,95603.6796875,95603.6796875,0
2026-01-16 06:35:00+00:00,95627.03125,95627.03125,95627.03125,95627.03125,0
2026-01-16 06:36:00+00:00,95624.34375,95624.34375,95624.34375,95624.34375,0
2026-01-16 06:38:00+00:00,95611.796875,95611.796875,95611.796875,95611.796875,39673856
2026-01-16 06:39:00+00:00,95608.453125,95608.453125,95608.453125,95608.453125,0
2026-01-16 06:40:00+00:00,95611.3203125,95611.3203125,95611.3203125,95611.3203125,95186944
2026-01-16 06:41:00+00:00,95655.9609375,95655.9609375,95655.9609375,95655.9609375,0
2026-01-16 06:42:00+00:00,95662.625,95662.625,95662.625,95662.625,2220032
2026-01-16 06:43:00+00:00,95686.4296875,95686.4296875,95686.4296875,95686.4296875,0
2026-01-16 06:44:00+00:00,95678.234375,95678.234375,95678.234375,95678.234375,20951040
2026-01-16 06:45:00+00:00,95675.65625,95675.65625,95675.65625,95675.65625,598016
2026-01-16 06:46:00+00:00,95701.1875,95701.1875,95701.1875,95701.1875,0
2026-01-16 06:47:00+00:00,95695.2421875,95695.2421875,95695.2421875,95695.2421875,0
2026-01-16 06:48:00+00:00,95667.9453125,95667.9453125,95667.9453125,95667.9453125,0
2026-01-16 06:49:00+00:00,95681.3046875,95681.3046875,95681.3046875,95681.3046875,0
2026-01-16 06:50:00+00:00,95685.6171875,95685.6171875,95685.6171875,95685.6171875,0
2026-01-16 06:51:00+00:00,95679.1015625,95679.1015625,95679.1015625,95679.1015625,0
2026-01-16 06:52:00+00:00,95663.34375,95663.34375,95663.34375,95663.34375,46112768
2026-01-16 06:53:00+00:00,95665.9453125,95665.9453125,95665.9453125,95665.9453125,18153472
2026-01-16 06:54:00+00:00,95675.7890625,95675.7890625,95675.7890625,95675.7890625,2916352
2026-01-16 06:55:00+00:00,95667.65625,95667.65625,95667.65625,95667.65625,102084608
2026-01-16 06:56:00+00:00,95685.359375,95685.359375,95685.359375,95685.359375,0
2026-01-16 06:57:00+00:00,95714.015625,95714.015625,95714.015625,95714.015625,0
2026-01-16 06:58:00+00:00,95709.1796875,95709.1796875,95709.1796875,95709.1796875,0
2026-01-16 06:59:00+00:00,95710.625,95710.625,95710.625,95710.625,162353152
2026-01-16 07:00:00+00:00,95713.9140625,95713.9140625,95713.9140625,95713.9140625,0
2026-01-16 07:01:00+00:00,95713.1015625,95713.1015625,95713.1015625,95713.1015625,0
2026-01-16 07:02:00+00:00,95700.46875,95700.46875,95700.46875,95700.46875,0
2026-01-16 07:03:00+00:00,95689.0,95689.0,95689.0,95689.0,0
2026-01-16 07:04:00+00:00,95682.1875,95682.1875,95682.1875,95682.1875,0
2026-01-16 07:05:00+00:00,95692.7265625,95692.7265625,95692.7265625,95692.7265625,0
2026-01-16 07:06:00+00:00,95736.7734375,95736.7734375,95736.7734375,95736.7734375,6971392
2026-01-16 07:07:00+00:00,95689.140625,95689.140625,95689.140625,95689.140625,19324928
2026-01-16 07:08:00+00:00,95689.4453125,95689.4453125,95689.4453125,95689.4453125,2080768
2026-01-16 07:09:00+00:00,95686.8125,95686.8125,95686.8125,95686.8125,0
2026-01-16 07:11:00+00:00,95691.59375,95691.59375,95691.59375,95691.59375,19107840
2026-01-16 07:12:00+00:00,95688.6640625,95688.6640625,95688.6640625,95688.6640625,0
2026-01-16 07:13:00+00:00,95684.0390625,95684.0390625,95684.0390625,95684.0390625,1613824
2026-01-16 07:14:00+00:00,95686.2890625,95686.2890625,95686.2890625,95686.2890625,0
2026-01-16 07:15:00+00:00,95685.1640625,95685.1640625,95685.1640625,95685.1640625,0
2026-01-16 07:16:00+00:00,95667.1484375,95667.1484375,95667.1484375,95667.1484375,0
2026-01-16 07:17:00+00:00,95643.3828125,95643.3828125,95643.3828125,95643.3828125,0
2026-01-16 07:18:00+00:00,95636.3828125,95636.3828125,95636.3828125,95636.3828125,0
2026-01-16 07:20:00+00:00,95638.671875,95638.671875,95638.671875,95638.671875,0
2026-01-16 07:21:00+00:00,95649.3828125,95649.3828125,95649.3828125,95649.3828125,12255232
2026-01-16 07:22:00+00:00,95651.7734375,95651.7734375,95651.7734375,95651.7734375,0
2026-01-16 07:23:00+00:00,95640.625,95640.625,95640.625,95640.625,135008256
2026-01-16 07:25:00+00:00,95640.921875,95640.921875,95640.921875,95640.921875,0
2026-01-16 07:26:00+00:00,95631.6328125,95631.6328125,95631.6328125,95631.6328125,0
2026-01-16 07:27:00+00:00,95614.4375,95614.4375,95614.4375,95614.4375,0
2026-01-16 07:28:00+00:00,95597.328125,95597.328125,95597.328125,95597.328125,0
2026-01-16 07:29:00+00:00,95555.0859375,95555.0859375,95555.0859375,95555.0859375,181346304
2026-01-16 07:31:00+00:00,95482.0390625,95482.0390625,95482.0390625,95482.0390625,0
2026-01-16 07:33:00+00:00,95500.484375,95500.484375,95500.484375,95500.484375,0
2026-01-16 07:34:00+00:00,95510.328125,95510.328125,95510.328125,95510.328125,0
2026-01-16 07:35:00+00:00,95515.359375,95515.359375,95515.359375,95515.359375,13553664
2026-01-16 07:36:00+00:00,95502.4140625,95502.4140625,95502.4140625,95502.4140625,0
2026-01-16 07:37:00+00:00,95487.5390625,95487.5390625,95487.5390625,95487.5390625,0
2026-01-16 07:38:00+00:00,95475.9609375,95475.9609375,95475.9609375,95475.9609375,14929920
2026-01-16 07:39:00+00:00,95468.9296875,95468.9296875,95468.9296875,95468.9296875,0
2026-01-16 07:40:00+00:00,95459.3828125,95459.3828125,95459.3828125,95459.3828125,0
2026-01-16 07:41:00+00:00,95458.3046875,95458.3046875,95458.3046875,95458.3046875,0
2026-01-16 07:42:00+00:00,95459.4609375,95459.4609375,95459.4609375,95459.4609375,0
2026-01-16 07:43:00+00:00,95464.15625,95464.15625,95464.15625,95464.15625,119623680
2026-01-16 07:44:00+00:00,95452.953125,95452.953125,95452.953125,95452.953125,0
2026-01-16 07:45:00+00:00,95460.734375,95460.734375,95460.734375,95460.734375,155922432
2026-01-16 07:46:00+00:00,95479.890625,95479.890625,95479.890625,95479.890625,0
2026-01-16 07:47:00+00:00,95505.7421875,95505.7421875,95505.7421875,95505.7421875,592244736
2026-01-16 07:48:00+00:00,95513.15625,95513.15625,95513.15625,95513.15625,0
2026-01-16 07:49:00+00:00,95508.6484375,95508.6484375,95508.6484375,95508.6484375,103317504
2026-01-16 07:50:00+00:00,95524.2421875,95524.2421875,95524.2421875,95524.2421875,0
2026-01-16 07:51:00+00:00,95545.8203125,95545.8203125,95545.8203125,95545.8203125,1925120
2026-01-16 07:52:00+00:00,95539.40625,95539.40625,95539.40625,95539.40625,5103616
2026-01-16 07:53:00+00:00,95543.421875,95543.421875,95543.421875,95543.421875,0
2026-01-16 07:54:00+00:00,95552.8984375,95552.8984375,95552.8984375,95552.8984375,0
2026-01-16 07:55:00+00:00,95565.9921875,95565.9921875,95565.9921875,95565.9921875,0
2026-01-16 07:56:00+00:00,95614.34375,95614.34375,95614.34375,95614.34375,590168064
2026-01-16 07:57:00+00:00,95613.6484375,95613.6484375,95613.6484375,95613.6484375,0
2026-01-16 07:58:00+00:00,95618.3203125,95618.3203125,95618.3203125,95618.3203125,0
2026-01-16 07:59:00+00:00,95633.5390625,95633.5390625,95633.5390625,95633.5390625,0
2026-01-16 08:00:00+00:00,95630.6875,95630.6875,95630.6875,95630.6875,0
2026-01-16 08:01:00+00:00,95603.1015625,95603.1015625,95603.1015625,95603.1015625,0
2026-01-16 08:02:00+00:00,95615.203125,95615.203125,95615.203125,95615.203125,54620160
2026-01-16 08:03:00+00:00,95605.375,95605.375,95605.375,95605.375,2957312
2026-01-16 08:04:00+00:00,95592.5703125,95592.5703125,95592.5703125,95592.5703125,0
2026-01-16 08:05:00+00:00,95574.125,95574.125,95574.125,95574.125,950272
2026-01-16 08:06:00+00:00,95541.15625,95541.15625,95541.15625,95541.15625,0
2026-01-16 08:07:00+00:00,95559.7265625,95559.7265625,95559.7265625,95559.7265625,0
2026-01-16 08:08:00+00:00,95589.46875,95589.46875,95589.46875,95589.46875,3735552
2026-01-16 08:09:00+00:00,95594.5703125,95594.5703125,95594.5703125,95594.5703125,0
2026-01-16 08:10:00+00:00,95598.09375,95598.09375,95598.09375,95598.09375,0
2026-01-16 08:11:00+00:00,95630.453125,95630.453125,95630.453125,95630.453125,0
2026-01-16 08:12:00+00:00,95677.625,95677.625,95677.625,95677.625,0
2026-01-16 08:13:00+00:00,95667.546875,95667.546875,95667.546875,95667.546875,0
2026-01-16 08:14:00+00:00,95679.3671875,95679.3671875,95679.3671875,95679.3671875,0
2026-01-16 08:15:00+00:00,95673.9765625,95673.9765625,95673.9765625,95673.9765625,0
2026-01-16 08:16:00+00:00,95678.609375,95678.609375,95678.609375,95678.609375,0
2026-01-16 08:17:00+00:00,95656.9375,95656.9375,95656.9375,95656.9375,0
2026-01-16 08:18:00+00:00,95658.578125,95658.578125,95658.578125,95658.578125,0
2026-01-16 08:19:00+00:00,95685.9765625,95685.9765625,95685.9765625,95685.9765625,313364480
2026-01-16 08:20:00+00:00,95699.1328125,95699.1328125,95699.1328125,95699.1328125,0
2026-01-16 08:21:00+00:00,95715.3828125,95715.3828125,95715.3828125,95715.3828125,0
2026-01-16 08:22:00+00:00,95685.5078125,95685.5078125,95685.5078125,95685.5078125,0
2026-01-16 08:23:00+00:00,95691.984375,95691.984375,95691.984375,95691.984375,0
2026-01-16 08:24:00+00:00,95686.046875,95686.046875,95686.046875,95686.046875,5718016
2026-01-16 08:25:00+00:00,95680.3046875,95680.3046875,95680.3046875,95680.3046875,138706944
2026-01-16 08:26:00+00:00,95688.4609375,95688.4609375,95688.4609375,95688.4609375,0
2026-01-16 08:27:00+00:00,95708.3046875,95708.3046875,95708.3046875,95708.3046875,0
2026-01-16 08:28:00+00:00,95713.421875,95713.421875,95713.421875,95713.421875,0
2026-01-16 08:29:00+00:00,95719.8671875,95719.8671875,95719.8671875,95719.8671875,0
2026-01-16 08:30:00+00:00,95773.5859375,95773.5859375,95773.5859375,95773.5859375,13959168
2026-01-16 08:31:00+00:00,95801.890625,95801.890625,95801.890625,95801.890625,31952896
2026-01-16 08:32:00+00:00,95738.859375,95738.859375,95738.859375,95738.859375,1908736
2026-01-16 08:33:00+00:00,95731.4921875,95731.4921875,95731.4921875,95731.4921875,606208
2026-01-16 08:34:00+00:00,95739.7890625,95739.7890625,95739.7890625,95739.7890625,20504576
2026-01-16 08:35:00+00:00,95728.78125,95728.78125,95728.78125,95728.78125,0
2026-01-16 08:36:00+00:00,95654.8984375,95654.8984375,95654.8984375,95654.8984375,0
2026-01-16 08:37:00+00:00,95642.890625,95642.890625,95642.890625,95642.890625,0
2026-01-16 08:38:00+00:00,95639.65625,95639.65625,95639.65625,95639.65625,7680000
2026-01-16 08:39:00+00:00,95661.9140625,95661.9140625,95661.9140625,95661.9140625,520192
2026-01-16 08:40:00+00:00,95671.625,95671.625,95671.625,95671.625,22609920
2026-01-16 08:41:00+00:00,95681.90625,95681.90625,95681.90625,95681.90625,0
2026-01-16 08:42:00+00:00,95693.5234375,95693.5234375,95693.5234375,95693.5234375,0
2026-01-16 08:43:00+00:00,95701.609375,95701.609375,95701.609375,95701.609375,0
2026-01-16 08:44:00+00:00,95739.3984375,95739.3984375,95739.3984375,95739.3984375,860160
2026-01-16 08:45:00+00:00,95758.171875,95758.171875,95758.171875,95758.171875,970752
2026-01-16 08:46:00+00:00,95694.3671875,95694.3671875,95694.3671875,95694.3671875,0
2026-01-16 08:47:00+00:00,95666.8984375,95666.8984375,95666.8984375,95666.8984375,0
2026-01-16 08:48:00+00:00,95665.40625,95665.40625,95665.40625,95665.40625,0
2026-01-16 08:49:00+00:00,95726.6484375,95726.6484375,95726.6484375,95726.6484375,138588160
2026-01-16 08:50:00+00:00,95688.6875,95688.6875,95688.6875,95688.6875,0
2026-01-16 08:51:00+00:00,95721.28125,95721.28125,95721.28125,95721.28125,4624384
2026-01-16 08:52:00+00:00,95723.1875,95723.1875,95723.1875,95723.1875,16142336
2026-01-16 08:53:00+00:00,95683.09375,95683.09375,95683.09375,95683.09375,0
2026-01-16 08:54:00+00:00,95686.28125,95686.28125,95686.28125,95686.28125,659456
2026-01-16 08:55:00+00:00,95720.125,95720.125,95720.125,95720.125,0
2026-01-16 08:57:00+00:00,95680.703125,95680.703125,95680.703125,95680.703125,0
2026-01-16 08:59:00+00:00,95643.59375,95643.59375,95643.59375,95643.59375,0
2026-01-16 09:01:00+00:00,95634.2265625,95634.2265625,95634.2265625,95634.2265625,0
2026-01-16 09:02:00+00:00,95647.328125,95647.328125,95647.328125,95647.328125,8257536
2026-01-16 09:03:00+00:00,95672.5078125,95672.5078125,95672.5078125,95672.5078125,0
2026-01-16 09:04:00+00:00,95674.4609375,95674.4609375,95674.4609375,95674.4609375,0
2026-01-16 09:05:00+00:00,95662.875,95662.875,95662.875,95662.875,15212544
2026-01-16 09:06:00+00:00,95680.1640625,95680.1640625,95680.1640625,95680.1640625,0
2026-01-16 09:07:00+00:00,95703.78125,95703.78125,95703.78125,95703.78125,89034752
2026-01-16 09:08:00+00:00,95708.3203125,95708.3203125,95708.3203125,95708.3203125,3018752
2026-01-16 09:09:00+00:00,95699.6328125,95699.6328125,95699.6328125,95699.6328125,0
2026-01-16 09:11:00+00:00,95703.890625,95703.890625,95703.890625,95703.890625,0
2026-01-16 09:13:00+00:00,95668.0625,95668.0625,95668.0625,95668.0625,0
2026-01-16 09:14:00+00:00,95672.3671875,95672.3671875,95672.3671875,95672.3671875,0
2026-01-16 09:15:00+00:00,95664.453125,95664.453125,95664.453125,95664.453125,0
2026-01-16 09:17:00+00:00,95557.2421875,95557.2421875,95557.2421875,95557.2421875,0
2026-01-16 09:18:00+00:00,95573.453125,95573.453125,95573.453125,95573.453125,0
2026-01-16 09:19:00+00:00,95562.4765625,95562.4765625,95562.4765625,95562.4765625,0
2026-01-16 09:20:00+00:00,95566.5,95566.5,95566.5,95566.5,0
2026-01-16 09:21:00+00:00,95557.09375,95557.09375,95557.09375,95557.09375,19230720
2026-01-16 09:22:00+00:00,95567.234375,95567.234375,95567.234375,95567.234375,0
2026-01-16 09:23:00+00:00,95568.8203125,95568.8203125,95568.8203125,95568.8203125,638976
2026-01-16 09:24:00+00:00,95572.453125,95572.453125,95572.453125,95572.453125,1482752
2026-01-16 09:25:00+00:00,95578.5078125,95578.5078125,95578.5078125,95578.5078125,0
2026-01-16 09:26:00+00:00,95584.2109375,95584.2109375,95584.2109375,95584.2109375,0
2026-01-16 09:27:00+00:00,95582.609375,95582.609375,95582.609375,95582.609375,0
2026-01-16 09:28:00+00:00,95594.9609375,95594.9609375,95594.9609375,95594.9609375,0
2026-01-16 09:29:00+00:00,95615.4140625,95615.4140625,95615.4140625,95615.4140625,0
2026-01-16 09:31:00+00:00,95643.46875,95643.46875,95643.46875,95643.46875,0
2026-01-16 09:32:00+00:00,95629.296875,95629.296875,95629.296875,95629.296875,126513152
2026-01-16 09:33:00+00:00,95625.0546875,95625.0546875,95625.0546875,95625.0546875,0
2026-01-16 09:34:00+00:00,95616.140625,95616.140625,95616.140625,95616.140625,0
2026-01-16 09:35:00+00:00,95612.7578125,95612.7578125,95612.7578125,95612.7578125,0
2026-01-16 09:36:00+00:00,95618.125,95618.125,95618.125,95618.125,0
2026-01-16 09:37:00+00:00,95626.6171875,95626.6171875,95626.6171875,95626.6171875,0
2026-01-16 09:38:00+00:00,95611.8046875,95611.8046875,95611.8046875,95611.8046875,0
2026-01-16 09:39:00+00:00,95629.125,95629.125,95629.125,95629.125,0
2026-01-16 09:40:00+00:00,95626.9765625,95626.9765625,95626.9765625,95626.9765625,0
2026-01-16 09:41:00+00:00,95622.0703125,95622.0703125,95622.0703125,95622.0703125,0
2026-01-16 09:42:00+00:00,95628.828125,95628.828125,95628.828125,95628.828125,0
2026-01-16 09:43:00+00:00,95630.2578125,95630.2578125,95630.2578125,95630.2578125,0
2026-01-16 09:44:00+00:00,95636.59375,95636.59375,95636.59375,95636.59375,0
2026-01-16 09:45:00+00:00,95618.046875,95618.046875,95618.046875,95618.046875,0
2026-01-16 09:46:00+00:00,95618.0390625,95618.0390625,95618.0390625,95618.0390625,0
2026-01-16 09:47:00+00:00,95584.3984375,95584.3984375,95584.3984375,95584.3984375,0
2026-01-16 09:48:00+00:00,95590.3671875,95590.3671875,95590.3671875,95590.3671875,8257536
2026-01-16 09:49:00+00:00,95574.9765625,95574.9765625,95574.9765625,95574.9765625,0
2026-01-16 09:50:00+00:00,95562.46875,95562.46875,95562.46875,95562.46875,0
2026-01-16 09:51:00+00:00,95567.09375,95567.09375,95567.09375,95567.09375,0
2026-01-16 09:52:00+00:00,95577.1875,95577.1875,95577.1875,95577.1875,0
2026-01-16 09:53:00+00:00,95601.609375,95601.609375,95601.609375,95601.609375,2134016
2026-01-16 09:54:00+00:00,95614.078125,95614.078125,95614.078125,95614.078125,0
2026-01-16 09:55:00+00:00,95592.03125,95592.03125,95592.03125,95592.03125,0
2026-01-16 09:57:00+00:00,95598.7421875,95598.7421875,95598.7421875,95598.7421875,0
2026-01-16 09:59:00+00:00,95577.734375,95577.734375,95577.734375,95577.734375,0
2026-01-16 10:00:00+00:00,95573.9296875,95573.9296875,95573.9296875,95573.9296875,0
2026-01-16 10:01:00+00:00,95587.84375,95587.84375,95587.84375,95587.84375,0
2026-01-16 10:02:00+00:00,95570.1953125,95570.1953125,95570.1953125,95570.1953125,0
2026-01-16 10:03:00+00:00,95549.8046875,95549.8046875,95549.8046875,95549.8046875,0
2026-01-16 10:04:00+00:00,95506.1484375,95506.1484375,95506.1484375,95506.1484375,0
2026-01-16 10:06:00+00:00,95513.15625,95513.15625,95513.15625,95513.15625,0
2026-01-16 10:07:00+00:00,95459.3046875,95459.3046875,95459.3046875,95459.3046875,0
2026-01-16 10:08:00+00:00,95473.8359375,95473.8359375,95473.8359375,95473.8359375,0
2026-01-16 10:09:00+00:00,95475.6875,95475.6875,95475.6875,95475.6875,0
2026-01-16 10:10:00+00:00,95486.625,95486.625,95486.625,95486.625,0
2026-01-16 10:11:00+00:00,95485.4140625,95485.4140625,95485.4140625,95485.4140625,0
2026-01-16 10:13:00+00:00,95518.375,95518.375,95518.375,95518.375,0
2026-01-16 10:15:00+00:00,95519.5078125,95519.5078125,95519.5078125,95519.5078125,1474560
2026-01-16 10:16:00+00:00,95478.6640625,95478.6640625,95478.6640625,95478.6640625,168751104
2026-01-16 10:18:00+00:00,95409.203125,95409.203125,95409.203125,95409.203125,413696
2026-01-16 10:19:00+00:00,95409.234375,95409.234375,95409.234375,95409.234375,13082624
2026-01-16 10:21:00+00:00,95434.3203125,95434.3203125,95434.3203125,95434.3203125,1626112
2026-01-16 10:22:00+00:00,95432.6640625,95432.6640625,95432.6640625,95432.6640625,0
2026-01-16 10:23:00+00:00,95432.6640625,95432.6640625,95432.6640625,95432.6640625,0
2026-01-16 10:24:00+00:00,95385.5546875,95385.5546875,95385.5546875,95385.5546875,0
2026-01-16 10:25:00+00:00,95376.8984375,95376.8984375,95376.8984375,95376.8984375,0
2026-01-16 10:26:00+00:00,95393.1875,95393.1875,95393.1875,95393.1875,0
2026-01-16 10:28:00+00:00,95393.359375,95393.359375,95393.359375,95393.359375,0
2026-01-16 10:29:00+00:00,95398.9375,95398.9375,95398.9375,95398.9375,0
2026-01-16 10:30:00+00:00,95386.6953125,95386.6953125,95386.6953125,95386.6953125,368640
2026-01-16 10:31:00+00:00,95373.078125,95373.078125,95373.078125,95373.078125,0
2026-01-16 10:32:00+00:00,95379.0546875,95379.0546875,95379.0546875,95379.0546875,0
2026-01-16 10:33:00+00:00,95372.703125,95372.703125,95372.703125,95372.703125,0
2026-01-16 10:34:00+00:00,95360.5625,95360.5625,95360.5625,95360.5625,1564672
2026-01-16 10:35:00+00:00,95346.015625,95346.015625,95346.015625,95346.015625,8007680
2026-01-16 10:36:00+00:00,95350.6171875,95350.6171875,95350.6171875,95350.6171875,0
2026-01-16 10:37:00+00:00,95362.3515625,95362.3515625,95362.3515625,95362.3515625,14266368
2026-01-16 10:38:00+00:00,95322.8828125,95322.8828125,95322.8828125,95322.8828125,1994752
2026-01-16 10:39:00+00:00,95331.703125,95331.703125,95331.703125,95331.703125,704512
2026-01-16 10:40:00+00:00,95293.59375,95293.59375,95293.59375,95293.59375,0
2026-01-16 10:41:00+00:00,95284.4453125,95284.4453125,95284.4453125,95284.4453125,0
2026-01-16 10:42:00+00:00,95286.59375,95286.59375,95286.59375,95286.59375,3739648
2026-01-16 10:43:00+00:00,95280.71875,95280.71875,95280.71875,95280.71875,0
2026-01-16 10:44:00+00:00,95268.9296875,95268.9296875,95268.9296875,95268.9296875,22511616
2026-01-16 10:45:00+00:00,95320.4921875,95320.4921875,95320.4921875,95320.4921875,2117632
2026-01-16 10:46:00+00:00,95351.375,95351.375,95351.375,95351.375,181379072
2026-01-16 10:47:00+00:00,95366.078125,95366.078125,95366.078125,95366.078125,1527808
2026-01-16 10:48:00+00:00,95364.421875,95364.421875,95364.421875,95364.421875,3223552
2026-01-16 10:49:00+00:00,95374.0,95374.0,95374.0,95374.0,1957888
2026-01-16 10:50:00+00:00,95362.3125,95362.3125,95362.3125,95362.3125,1368064
2026-01-16 10:51:00+00:00,95322.984375,95322.984375,95322.984375,95322.984375,2879488
2026-01-16 10:52:00+00:00,95280.734375,95280.734375,95280.734375,95280.734375,76595200
2026-01-16 10:53:00+00:00,95293.53125,95293.53125,95293.53125,95293.53125,2637824
2026-01-16 10:54:00+00:00,95291.8046875,95291.8046875,95291.8046875,95291.8046875,0
2026-01-16 10:55:00+00:00,95279.3984375,95279.3984375,95279.3984375,95279.3984375,80576512
2026-01-16 10:56:00+00:00,95292.890625,95292.890625,95292.890625,95292.890625,5173248
2026-01-16 10:57:00+00:00,95295.78125,95295.78125,95295.78125,95295.78125,307200
2026-01-16 10:58:00+00:00,95295.78125,95295.78125,95295.78125,95295.78125,0
2026-01-16 10:59:00+00:00,95272.90625,95272.90625,95272.90625,95272.90625,0
2026-01-16 11:00:00+00:00,95273.109375,95273.109375,95273.109375,95273.109375,9621504
2026-01-16 11:01:00+00:00,95267.7890625,95267.7890625,95267.7890625,95267.7890625,0
2026-01-16 11:02:00+00:00,95266.0859375,95266.0859375,95266.0859375,95266.0859375,537350144
2026-01-16 11:03:00+00:00,95236.3671875,95236.3671875,95236.3671875,95236.3671875,0
2026-01-16 11:04:00+00:00,95226.6796875,95226.6796875,95226.6796875,95226.6796875,18411520
2026-01-16 11:05:00+00:00,95229.578125,95229.578125,95229.578125,95229.578125,2125824
2026-01-16 11:06:00+00:00,95249.828125,95249.828125,95249.828125,95249.828125,0
2026-01-16 11:07:00+00:00,95270.3984375,95270.3984375,95270.3984375,95270.3984375,8916992
2026-01-16 11:08:00+00:00,95279.328125,95279.328125,95279.328125,95279.328125,2453504
2026-01-16 11:09:00+00:00,95293.03125,95293.03125,95293.03125,95293.03125,4542464
2026-01-16 11:10:00+00:00,95294.5859375,95294.5859375,95294.5859375,95294.5859375,0
2026-01-16 11:11:00+00:00,95305.8984375,95305.8984375,95305.8984375,95305.8984375,0
2026-01-16 11:12:00+00:00,95334.5625,95334.5625,95334.5625,95334.5625,2916352
2026-01-16 11:13:00+00:00,95303.0,95303.0,95303.0,95303.0,5824512
2026-01-16 11:14:00+00:00,95294.3125,95294.3125,95294.3125,95294.3125,0
2026-01-16 11:15:00+00:00,95276.3046875,95276.3046875,95276.3046875,95276.3046875,0
2026-01-16 11:16:00+00:00,95284.0859375,95284.0859375,95284.0859375,95284.0859375,14848000
2026-01-16 11:17:00+00:00,95254.078125,95254.078125,95254.078125,95254.078125,446464
2026-01-16 11:18:00+00:00,95231.625,95231.625,95231.625,95231.625,2957312
2026-01-16 11:19:00+00:00,95289.5625,95289.5625,95289.5625,95289.5625,0
2026-01-16 11:20:00+00:00,95323.6484375,95323.6484375,95323.6484375,95323.6484375,3055616
2026-01-16 11:21:00+00:00,95312.28125,95312.28125,95312.28125,95312.28125,389120
2026-01-16 11:22:00+00:00,95295.9765625,95295.9765625,95295.9765625,95295.9765625,63139840
2026-01-16 11:23:00+00:00,95326.46875,95326.46875,95326.46875,95326.46875,3715072
2026-01-16 11:24:00+00:00,95345.9375,95345.9375,95345.9375,95345.9375,2387968
2026-01-16 11:25:00+00:00,95335.7890625,95335.7890625,95335.7890625,95335.7890625,3977216
2026-01-16 11:26:00+00:00,95318.5703125,95318.5703125,95318.5703125,95318.5703125,0
2026-01-16 11:27:00+00:00,95322.625,95322.625,95322.625,95322.625,5255168
2026-01-16 11:28:00+00:00,95299.0703125,95299.0703125,95299.0703125,95299.0703125,171331584
2026-01-16 11:29:00+00:00,95298.0859375,95298.0859375,95298.0859375,95298.0859375,1781760
2026-01-16 11:31:00+00:00,95291.5,95291.5,95291.5,95291.5,0
2026-01-16 11:32:00+00:00,95300.390625,95300.390625,95300.390625,95300.390625,0
2026-01-16 11:33:00+00:00,95302.671875,95302.671875,95302.671875,95302.671875,0
2026-01-16 11:34:00+00:00,95319.625,95319.625,95319.625,95319.625,0
2026-01-16 11:35:00+00:00,95334.4140625,95334.4140625,95334.4140625,95334.4140625,0
2026-01-16 11:36:00+00:00,95354.265625,95354.265625,95354.265625,95354.265625,0
2026-01-16 11:37:00+00:00,95346.8359375,95346.8359375,95346.8359375,95346.8359375,0
2026-01-16 11:38:00+00:00,95349.171875,95349.171875,95349.171875,95349.171875,5656576
2026-01-16 11:39:00+00:00,95341.8359375,95341.8359375,95341.8359375,95341.8359375,0
2026-01-16 11:40:00+00:00,95339.3125,95339.3125,95339.3125,95339.3125,0
2026-01-16 11:41:00+00:00,95330.859375,95330.859375,95330.859375,95330.859375,0
2026-01-16 11:42:00+00:00,95319.2890625,95319.2890625,95319.2890625,95319.2890625,0
2026-01-16 11:43:00+00:00,95311.7265625,95311.7265625,95311.7265625,95311.7265625,0
2026-01-16 11:44:00+00:00,95309.65625,95309.65625,95309.65625,95309.65625,1323008
2026-01-16 11:45:00+00:00,95277.25,95277.25,95277.25,95277.25,0
2026-01-16 11:46:00+00:00,95287.859375,95287.859375,95287.859375,95287.859375,0
2026-01-16 11:47:00+00:00,95318.0546875,95318.0546875,95318.0546875,95318.0546875,4395008
2026-01-16 11:48:00+00:00,95347.6015625,95347.6015625,95347.6015625,95347.6015625,0
2026-01-16 11:49:00+00:00,95363.1171875,95363.1171875,95363.1171875,95363.1171875,89726976
2026-01-16 11:50:00+00:00,95386.6171875,95386.6171875,95386.6171875,95386.6171875,0
2026-01-16 11:51:00+00:00,95398.9765625,95398.9765625,95398.9765625,95398.9765625,0
2026-01-16 11:52:00+00:00,95421.484375,95421.484375,95421.484375,95421.484375,0
2026-01-16 11:53:00+00:00,95431.671875,95431.671875,95431.671875,95431.671875,0
2026-01-16 11:54:00+00:00,95430.828125,95430.828125,95430.828125,95430.828125,1650688
2026-01-16 11:55:00+00:00,95423.96875,95423.96875,95423.96875,95423.96875,0
2026-01-16 11:56:00+00:00,95375.8671875,95375.8671875,95375.8671875,95375.8671875,819200
2026-01-16 11:57:00+00:00,95396.890625,95396.890625,95396.890625,95396.890625,0
2026-01-16 11:58:00+00:00,95385.2734375,95385.2734375,95385.2734375,95385.2734375,0
2026-01-16 11:59:00+00:00,95389.3203125,95389.3203125,95389.3203125,95389.3203125,0
2026-01-16 12:00:00+00:00,95397.6015625,95397.6015625,95397.6015625,95397.6015625,0
2026-01-16 12:01:00+00:00,95382.96875,95382.96875,95382.96875,95382.96875,0
2026-01-16 12:02:00+00:00,95393.5703125,95393.5703125,95393.5703125,95393.5703125,0
2026-01-16 12:04:00+00:00,95417.9453125,95417.9453125,95417.9453125,95417.9453125,0
2026-01-16 12:05:00+00:00,95417.3203125,95417.3203125,95417.3203125,95417.3203125,0
2026-01-16 12:06:00+00:00,95426.9296875,95426.9296875,95426.9296875,95426.9296875,0
2026-01-16 12:07:00+00:00,95438.109375,95438.109375,95438.109375,95438.109375,0
2026-01-16 12:08:00+00:00,95424.5234375,95424.5234375,95424.5234375,95424.5234375,217088
2026-01-16 12:09:00+00:00,95430.03125,95430.03125,95430.03125,95430.03125,864256
2026-01-16 12:10:00+00:00,95433.5234375,95433.5234375,95433.5234375,95433.5234375,3653632
2026-01-16 12:11:00+00:00,95420.7890625,95420.7890625,95420.7890625,95420.7890625,0
2026-01-16 12:12:00+00:00,95435.046875,95435.046875,95435.046875,95435.046875,0
2026-01-16 12:13:00+00:00,95422.6953125,95422.6953125,95422.6953125,95422.6953125,0
2026-01-16 12:14:00+00:00,95412.734375,95412.734375,95412.734375,95412.734375,8970240
2026-01-16 12:15:00+00:00,95424.0390625,95424.0390625,95424.0390625,95424.0390625,0
2026-01-16 12:16:00+00:00,95450.28125,95450.28125,95450.28125,95450.28125,0
2026-01-16 12:17:00+00:00,95444.7578125,95444.7578125,95444.7578125,95444.7578125,0
2026-01-16 12:18:00+00:00,95473.1328125,95473.1328125,95473.1328125,95473.1328125,3637248
2026-01-16 12:19:00+00:00,95471.5390625,95471.5390625,95471.5390625,95471.5390625,0
2026-01-16 12:20:00+00:00,95463.9453125,95463.9453125,95463.9453125,95463.9453125,0
2026-01-16 12:21:00+00:00,95481.484375,95481.484375,95481.484375,95481.484375,0
2026-01-16 12:22:00+00:00,95440.625,95440.625,95440.625,95440.625,0
2026-01-16 12:23:00+00:00,95473.078125,95473.078125,95473.078125,95473.078125,2904064
2026-01-16 12:24:00+00:00,95486.96875,95486.96875,95486.96875,95486.96875,0
2026-01-16 12:25:00+00:00,95485.5859375,95485.5859375,95485.5859375,95485.5859375,5627904
2026-01-16 12:26:00+00:00,95491.1328125,95491.1328125,95491.1328125,95491.1328125,0
2026-01-16 12:27:00+00:00,95499.34375,95499.34375,95499.34375,95499.34375,2498560
2026-01-16 12:28:00+00:00,95511.6875,95511.6875,95511.6875,95511.6875,16633856
2026-01-16 12:29:00+00:00,95538.640625,95538.640625,95538.640625,95538.640625,831488
2026-01-16 12:30:00+00:00,95531.328125,95531.328125,95531.328125,95531.328125,892928
2026-01-16 12:31:00+00:00,95524.5390625,95524.5390625,95524.5390625,95524.5390625,19517440
2026-01-16 12:32:00+00:00,95465.390625,95465.390625,95465.390625,95465.390625,0
2026-01-16 12:33:00+00:00,95439.2421875,95439.2421875,95439.2421875,95439.2421875,0
2026-01-16 12:34:00+00:00,95426.90625,95426.90625,95426.90625,95426.90625,0
2026-01-16 12:35:00+00:00,95439.3125,95439.3125,95439.3125,95439.3125,2592768
2026-01-16 12:36:00+00:00,95405.921875,95405.921875,95405.921875,95405.921875,5697536
2026-01-16 12:37:00+00:00,95413.96875,95413.96875,95413.96875,95413.96875,12898304
2026-01-16 12:38:00+00:00,95417.4609375,95417.4609375,95417.4609375,95417.4609375,2134016
2026-01-16 12:40:00+00:00,95442.671875,95442.671875,95442.671875,95442.671875,6778880
2026-01-16 12:41:00+00:00,95445.703125,95445.703125,95445.703125,95445.703125,0
2026-01-16 12:42:00+00:00,95487.6484375,95487.6484375,95487.6484375,95487.6484375,28479488
2026-01-16 12:43:00+00:00,95464.34375,95464.34375,95464.34375,95464.34375,17846272
2026-01-16 12:44:00+00:00,95448.0078125,95448.0078125,95448.0078125,95448.0078125,0
2026-01-16 12:45:00+00:00,95469.359375,95469.359375,95469.359375,95469.359375,0
2026-01-16 12:46:00+00:00,95473.0625,95473.0625,95473.0625,95473.0625,0
2026-01-16 12:47:00+00:00,95452.1484375,95452.1484375,95452.1484375,95452.1484375,0
2026-01-16 12:48:00+00:00,95424.3515625,95424.3515625,95424.3515625,95424.3515625,0
2026-01-16 12:49:00+00:00,95394.7578125,95394.7578125,95394.7578125,95394.7578125,13824000
2026-01-16 12:50:00+00:00,95383.0703125,95383.0703125,95383.0703125,95383.0703125,0
2026-01-16 12:51:00+00:00,95327.4375,95327.4375,95327.4375,95327.4375,0
2026-01-16 12:52:00+00:00,95358.0859375,95358.0859375,95358.0859375,95358.0859375,0
2026-01-16 12:53:00+00:00,95357.2734375,95357.2734375,95357.2734375,95357.2734375,0
2026-01-16 12:54:00+00:00,95356.25,95356.25,95356.25,95356.25,33697792
2026-01-16 12:55:00+00:00,95355.4375,95355.4375,95355.4375,95355.4375,0
2026-01-16 12:56:00+00:00,95378.015625,95378.015625,95378.015625,95378.015625,0
2026-01-16 12:57:00+00:00,95406.9453125,95406.9453125,95406.9453125,95406.9453125,6873088
2026-01-16 12:58:00+00:00,95397.859375,95397.859375,95397.859375,95397.859375,0
2026-01-16 12:59:00+00:00,95409.296875,95409.296875,95409.296875,95409.296875,0
2026-01-16 13:00:00+00:00,95415.3125,95415.3125,95415.3125,95415.3125,0
2026-01-16 13:01:00+00:00,95415.625,95415.625,95415.625,95415.625,0
2026-01-16 13:02:00+00:00,95381.328125,95381.328125,95381.328125,95381.328125,0
2026-01-16 13:03:00+00:00,95404.453125,95404.453125,95404.453125,95404.453125,0
2026-01-16 13:04:00+00:00,95415.578125,95415.578125,95415.578125,95415.578125,0
2026-01-16 13:05:00+00:00,95406.6796875,95406.6796875,95406.6796875,95406.6796875,0
2026-01-16 13:06:00+00:00,95369.8515625,95369.8515625,95369.8515625,95369.8515625,12611584
2026-01-16 13:07:00+00:00,95368.921875,95368.921875,95368.921875,95368.921875,0
2026-01-16 13:08:00+00:00,95365.9375,95365.9375,95365.9375,95365.9375,131072
2026-01-16 13:09:00+00:00,95371.5234375,95371.5234375,95371.5234375,95371.5234375,0
2026-01-16 13:10:00+00:00,95403.7734375,95403.7734375,95403.7734375,95403.7734375,0
2026-01-16 13:11:00+00:00,95410.15625,95410.15625,95410.15625,95410.15625,2695168
2026-01-16 13:12:00+00:00,95424.296875,95424.296875,95424.296875,95424.296875,0
2026-01-16 13:13:00+00:00,95432.625,95432.625,95432.625,95432.625,16760832
2026-01-16 13:14:00+00:00,95464.4140625,95464.4140625,95464.4140625,95464.4140625,0
2026-01-16 13:15:00+00:00,95488.6484375,95488.6484375,95488.6484375,95488.6484375,2899968
2026-01-16 13:16:00+00:00,95498.5859375,95498.5859375,95498.5859375,95498.5859375,0
2026-01-16 13:17:00+00:00,95492.296875,95492.296875,95492.296875,95492.296875,0
2026-01-16 13:18:00+00:00,95496.5234375,95496.5234375,95496.5234375,95496.5234375,0
2026-01-16 13:19:00+00:00,95471.4375,95471.4375,95471.4375,95471.4375,0
2026-01-16 13:20:00+00:00,95467.71875,95467.71875,95467.71875,95467.71875,23687168
2026-01-16 13:21:00+00:00,95457.1015625,95457.1015625,95457.1015625,95457.1015625,0
2026-01-16 13:22:00+00:00,95501.875,95501.875,95501.875,95501.875,3448832
2026-01-16 13:23:00+00:00,95509.328125,95509.328125,95509.328125,95509.328125,1724416
2026-01-16 13:24:00+00:00,95508.6875,95508.6875,95508.6875,95508.6875,0
2026-01-16 13:25:00+00:00,95508.484375,95508.484375,95508.484375,95508.484375,0
2026-01-16 13:26:00+00:00,95520.1171875,95520.1171875,95520.1171875,95520.1171875,24936448
2026-01-16 13:27:00+00:00,95523.640625,95523.640625,95523.640625,95523.640625,0
2026-01-16 13:28:00+00:00,95515.4296875,95515.4296875,95515.4296875,95515.4296875,0
2026-01-16 13:29:00+00:00,95521.9453125,95521.9453125,95521.9453125,95521.9453125,0
2026-01-16 13:31:00+00:00,95494.453125,95494.453125,95494.453125,95494.453125,0
2026-01-16 13:32:00+00:00,95504.421875,95504.421875,95504.421875,95504.421875,18440192
2026-01-16 13:33:00+00:00,95472.46875,95472.46875,95472.46875,95472.46875,0
2026-01-16 13:34:00+00:00,95441.53125,95441.53125,95441.53125,95441.53125,0
2026-01-16 13:35:00+00:00,95417.515625,95417.515625,95417.515625,95417.515625,14721024
2026-01-16 13:36:00+00:00,95434.9453125,95434.9453125,95434.9453125,95434.9453125,0
2026-01-16 13:37:00+00:00,95410.765625,95410.765625,95410.765625,95410.765625,0
2026-01-16 13:38:00+00:00,95417.28125,95417.28125,95417.28125,95417.28125,0
2026-01-16 13:39:00+00:00,95384.3203125,95384.3203125,95384.3203125,95384.3203125,0
2026-01-16 13:40:00+00:00,95293.8828125,95293.8828125,95293.8828125,95293.8828125,0
2026-01-16 13:41:00+00:00,95278.5078125,95278.5078125,95278.5078125,95278.5078125,0
2026-01-16 13:42:00+00:00,95274.6953125,95274.6953125,95274.6953125,95274.6953125,667648
2026-01-16 13:43:00+00:00,95363.21875,95363.21875,95363.21875,95363.21875,27938816
2026-01-16 13:44:00+00:00,95384.3515625,95384.3515625,95384.3515625,95384.3515625,0
2026-01-16 13:45:00+00:00,95387.96875,95387.96875,95387.96875,95387.96875,21692416
2026-01-16 13:46:00+00:00,95404.890625,95404.890625,95404.890625,95404.890625,161837056
2026-01-16 13:47:00+00:00,95421.15625,95421.15625,95421.15625,95421.15625,0
2026-01-16 13:48:00+00:00,95400.8671875,95400.8671875,95400.8671875,95400.8671875,430080
2026-01-16 13:49:00+00:00,95447.40625,95447.40625,95447.40625,95447.40625,0
2026-01-16 13:50:00+00:00,95439.53125,95439.53125,95439.53125,95439.53125,0
2026-01-16 13:51:00+00:00,95428.9609375,95428.9609375,95428.9609375,95428.9609375,0
2026-01-16 13:52:00+00:00,95431.140625,95431.140625,95431.140625,95431.140625,0
2026-01-16 13:53:00+00:00,95394.484375,95394.484375,95394.484375,95394.484375,0
2026-01-16 13:54:00+00:00,95395.4765625,95395.4765625,95395.4765625,95395.4765625,0
2026-01-16 13:55:00+00:00,95400.671875,95400.671875,95400.671875,95400.671875,0
2026-01-16 13:56:00+00:00,95398.9296875,95398.9296875,95398.9296875,95398.9296875,0
2026-01-16 13:57:00+00:00,95399.5859375,95399.5859375,95399.5859375,95399.5859375,0
2026-01-16 13:58:00+00:00,95414.65625,95414.65625,95414.65625,95414.65625,5165056
2026-01-16 13:59:00+00:00,95418.40625,95418.40625,95418.40625,95418.40625,499712
2026-01-16 14:00:00+00:00,95412.2578125,95412.2578125,95412.2578125,95412.2578125,0
2026-01-16 14:01:00+00:00,95409.6796875,95409.6796875,95409.6796875,95409.6796875,0
2026-01-16 14:02:00+00:00,95426.1171875,95426.1171875,95426.1171875,95426.1171875,49709056
2026-01-16 14:03:00+00:00,95483.3828125,95483.3828125,95483.3828125,95483.3828125,0
2026-01-16 14:04:00+00:00,95428.6875,95428.6875,95428.6875,95428.6875,12505088
2026-01-16 14:05:00+00:00,95449.7109375,95449.7109375,95449.7109375,95449.7109375,0
2026-01-16 14:06:00+00:00,95444.0234375,95444.0234375,95444.0234375,95444.0234375,0
2026-01-16 14:07:00+00:00,95441.421875,95441.421875,95441.421875,95441.421875,3911680
2026-01-16 14:08:00+00:00,95407.1171875,95407.1171875,95407.1171875,95407.1171875,7409664
2026-01-16 14:09:00+00:00,95412.1015625,95412.1015625,95412.1015625,95412.1015625,0
2026-01-16 14:10:00+00:00,95417.390625,95417.390625,95417.390625,95417.390625,0
2026-01-16 14:11:00+00:00,95411.1015625,95411.1015625,95411.1015625,95411.1015625,0
2026-01-16 14:12:00+00:00,95403.4921875,95403.4921875,95403.4921875,95403.4921875,0
2026-01-16 14:13:00+00:00,95412.0078125,95412.0078125,95412.0078125,95412.0078125,0
2026-01-16 14:14:00+00:00,95402.34375,95402.34375,95402.34375,95402.34375,0
2026-01-16 14:15:00+00:00,95403.4140625,95403.4140625,95403.4140625,95403.4140625,0
2026-01-16 14:16:00+00:00,95399.6484375,95399.6484375,95399.6484375,95399.6484375,0
2026-01-16 14:17:00+00:00,95380.5390625,95380.5390625,95380.5390625,95380.5390625,0
2026-01-16 14:18:00+00:00,95350.953125,95350.953125,95350.953125,95350.953125,0
2026-01-16 14:20:00+00:00,95351.90625,95351.90625,95351.90625,95351.90625,0
2026-01-16 14:21:00+00:00,95387.515625,95387.515625,95387.515625,95387.515625,1540096
2026-01-16 14:22:00+00:00,95382.015625,95382.015625,95382.015625,95382.015625,0
2026-01-16 14:24:00+00:00,95348.2265625,95348.2265625,95348.2265625,95348.2265625,0
2026-01-16 14:25:00+00:00,95350.40625,95350.40625,95350.40625,95350.40625,0
2026-01-16 14:27:00+00:00,95447.125,95447.125,95447.125,95447.125,21843968
2026-01-16 14:28:00+00:00,95498.703125,95498.703125,95498.703125,95498.703125,0
2026-01-16 14:30:00+00:00,95635.9140625,95635.9140625,95635.9140625,95635.9140625,23306240
2026-01-16 14:31:00+00:00,95611.3515625,95611.3515625,95611.3515625,95611.3515625,52723712
2026-01-16 14:32:00+00:00,95483.390625,95483.390625,95483.390625,95483.390625,6078464
2026-01-16 14:33:00+00:00,95427.2578125,95427.2578125,95427.2578125,95427.2578125,0
2026-01-16 14:34:00+00:00,95564.7890625,95564.7890625,95564.7890625,95564.7890625,12292096
2026-01-16 14:35:00+00:00,95563.0703125,95563.0703125,95563.0703125,95563.0703125,0
2026-01-16 14:36:00+00:00,95480.265625,95480.265625,95480.265625,95480.265625,0
2026-01-16 14:37:00+00:00,95352.0078125,95352.0078125,95352.0078125,95352.0078125,0
2026-01-16 14:38:00+00:00,95314.1484375,95314.1484375,95314.1484375,95314.1484375,225280
2026-01-16 14:39:00+00:00,95426.609375,95426.609375,95426.609375,95426.609375,0
2026-01-16 14:40:00+00:00,95294.8828125,95294.8828125,95294.8828125,95294.8828125,0
2026-01-16 14:41:00+00:00,95293.953125,95293.953125,95293.953125,95293.953125,0
2026-01-16 14:42:00+00:00,95341.015625,95341.015625,95341.015625,95341.015625,0
2026-01-16 14:43:00+00:00,95252.9765625,95252.9765625,95252.9765625,95252.9765625,0
2026-01-16 14:44:00+00:00,95241.203125,95241.203125,95241.203125,95241.203125,0
2026-01-16 14:45:00+00:00,95221.1328125,95221.1328125,95221.1328125,95221.1328125,0
2026-01-16 14:46:00+00:00,95412.65625,95412.65625,95412.65625,95412.65625,0
2026-01-16 14:47:00+00:00,95349.9296875,95349.9296875,95349.9296875,95349.9296875,0
2026-01-16 14:48:00+00:00,95338.65625,95338.65625,95338.65625,95338.65625,0
2026-01-16 14:49:00+00:00,95374.34375,95374.34375,95374.34375,95374.34375,0
2026-01-16 14:50:00+00:00,95254.4921875,95254.4921875,95254.4921875,95254.4921875,0
2026-01-16 14:51:00+00:00,95239.65625,95239.65625,95239.65625,95239.65625,0
2026-01-16 14:52:00+00:00,95236.7578125,95236.7578125,95236.7578125,95236.7578125,0
2026-01-16 14:53:00+00:00,95249.59375,95249.59375,95249.59375,95249.59375,0
2026-01-16 14:54:00+00:00,95256.3671875,95256.3671875,95256.3671875,95256.3671875,0
2026-01-16 14:55:00+00:00,95272.984375,95272.984375,95272.984375,95272.984375,281468928
2026-01-16 14:56:00+00:00,95317.9296875,95317.9296875,95317.9296875,95317.9296875,0
2026-01-16 14:57:00+00:00,95274.2265625,95274.2265625,95274.2265625,95274.2265625,0
2026-01-16 14:58:00+00:00,95223.375,95223.375,95223.375,95223.375,0
2026-01-16 14:59:00+00:00,95169.609375,95169.609375,95169.609375,95169.609375,0
2026-01-16 15:00:00+00:00,95151.796875,95151.796875,95151.796875,95151.796875,0
2026-01-16 15:02:00+00:00,95100.796875,95100.796875,95100.796875,95100.796875,0
2026-01-16 15:03:00+00:00,95109.203125,95109.203125,95109.203125,95109.203125,0
2026-01-16 15:04:00+00:00,95175.546875,95175.546875,95175.546875,95175.546875,0
2026-01-16 15:05:00+00:00,95216.0703125,95216.0703125,95216.0703125,95216.0703125,17670144
2026-01-16 15:07:00+00:00,95324.078125,95324.078125,95324.078125,95324.078125,0
2026-01-16 15:08:00+00:00,95399.6171875,95399.6171875,95399.6171875,95399.6171875,7159808
2026-01-16 15:09:00+00:00,95536.4609375,95536.4609375,95536.4609375,95536.4609375,4440064
2026-01-16 15:10:00+00:00,95527.8046875,95527.8046875,95527.8046875,95527.8046875,6705152
2026-01-16 15:11:00+00:00,95541.5546875,95541.5546875,95541.5546875,95541.5546875,0
2026-01-16 15:12:00+00:00,95581.2890625,95581.2890625,95581.2890625,95581.2890625,3026944
2026-01-16 15:13:00+00:00,95509.5390625,95509.5390625,95509.5390625,95509.5390625,0
2026-01-16 15:14:00+00:00,95521.4921875,95521.4921875,95521.4921875,95521.4921875,0
2026-01-16 15:15:00+00:00,95505.828125,95505.828125,95505.828125,95505.828125,0
2026-01-16 15:16:00+00:00,95503.5234375,95503.5234375,95503.5234375,95503.5234375,0
2026-01-16 15:18:00+00:00,95427.5703125,95427.5703125,95427.5703125,95427.5703125,470028288
2026-01-16 15:20:00+00:00,94931.109375,94931.109375,94931.109375,94931.109375,0
2026-01-16 15:21:00+00:00,94961.0859375,94961.0859375,94961.0859375,94961.0859375,73830400
2026-01-16 15:23:00+00:00,94865.4296875,94865.4296875,94865.4296875,94865.4296875,0
2026-01-16 15:24:00+00:00,95056.6953125,95056.6953125,95056.6953125,95056.6953125,18763776
2026-01-16 15:25:00+00:00,94972.1015625,94972.1015625,94972.1015625,94972.1015625,70733824
2026-01-16 15:26:00+00:00,94924.640625,94924.640625,94924.640625,94924.640625,70963200
2026-01-16 15:27:00+00:00,94909.3046875,94909.3046875,94909.3046875,94909.3046875,0
2026-01-16 15:28:00+00:00,94986.921875,94986.921875,94986.921875,94986.921875,42082304
2026-01-16 15:29:00+00:00,94824.0625,94824.0625,94824.0625,94824.0625,13254656
2026-01-16 15:31:00+00:00,94749.4765625,94749.4765625,94749.4765625,94749.4765625,176521216
2026-01-16 15:32:00+00:00,94688.7265625,94688.7265625,94688.7265625,94688.7265625,0
2026-01-16 15:33:00+00:00,94641.0625,94641.0625,94641.0625,94641.0625,31375360
2026-01-16 15:34:00+00:00,94479.765625,94479.765625,94479.765625,94479.765625,0
2026-01-16 15:35:00+00:00,94469.9765625,94469.9765625,94469.9765625,94469.9765625,22634496
2026-01-16 15:36:00+00:00,94501.5234375,94501.5234375,94501.5234375,94501.5234375,8736768
2026-01-16 15:37:00+00:00,94456.75,94456.75,94456.75,94456.75,103174144
2026-01-16 15:38:00+00:00,94591.9296875,94591.9296875,94591.9296875,94591.9296875,15351808
2026-01-16 15:39:00+00:00,94693.578125,94693.578125,94693.578125,94693.578125,0
2026-01-16 15:40:00+00:00,94688.34375,94688.34375,94688.34375,94688.34375,0
2026-01-16 15:41:00+00:00,94550.6015625,94550.6015625,94550.6015625,94550.6015625,6582272
2026-01-16 15:42:00+00:00,94382.0390625,94382.0390625,94382.0390625,94382.0390625,0
2026-01-16 15:43:00+00:00,94410.515625,94410.515625,94410.515625,94410.515625,51834880
2026-01-16 15:44:00+00:00,94410.515625,94410.515625,94410.515625,94410.515625,0
2026-01-16 15:45:00+00:00,94470.8828125,94470.8828125,94470.8828125,94470.8828125,4669440
2026-01-16 15:46:00+00:00,94489.2734375,94489.2734375,94489.2734375,94489.2734375,0
2026-01-16 15:47:00+00:00,94381.46875,94381.46875,94381.46875,94381.46875,0
2026-01-16 15:48:00+00:00,94268.7734375,94268.7734375,94268.7734375,94268.7734375,0
2026-01-16 15:49:00+00:00,94317.8515625,94317.8515625,94317.8515625,94317.8515625,0
2026-01-16 15:50:00+00:00,94314.78125,94314.78125,94314.78125,94314.78125,62832640
2026-01-16 15:51:00+00:00,94455.5390625,94455.5390625,94455.5390625,94455.5390625,0
2026-01-16 15:52:00+00:00,94358.3515625,94358.3515625,94358.3515625,94358.3515625,79392768
2026-01-16 15:53:00+00:00,94402.0859375,94402.0859375,94402.0859375,94402.0859375,0
2026-01-16 15:54:00+00:00,94403.7109375,94403.7109375,94403.7109375,94403.7109375,5554176
2026-01-16 15:55:00+00:00,94476.1015625,94476.1015625,94476.1015625,94476.1015625,16191488
2026-01-16 15:56:00+00:00,94586.3828125,94586.3828125,94586.3828125,94586.3828125,1712128
2026-01-16 15:57:00+00:00,94587.671875,94587.671875,94587.671875,94587.671875,0
2026-01-16 15:58:00+00:00,94594.25,94594.25,94594.25,94594.25,0
2026-01-16 15:59:00+00:00,94605.625,94605.625,94605.625,94605.625,0
2026-01-16 16:00:00+00:00,94559.625,94559.625,94559.625,94559.625,13664256
2026-01-16 16:01:00+00:00,94541.84375,94541.84375,94541.84375,94541.84375,0
2026-01-16 16:02:00+00:00,94572.9140625,94572.9140625,94572.9140625,94572.9140625,0
2026-01-16 16:03:00+00:00,94527.5390625,94527.5390625,94527.5390625,94527.5390625,0
2026-01-16 16:04:00+00:00,94517.3515625,94517.3515625,94517.3515625,94517.3515625,0
2026-01-16 16:05:00+00:00,94536.765625,94536.765625,94536.765625,94536.765625,0
2026-01-16 16:06:00+00:00,94581.9140625,94581.9140625,94581.9140625,94581.9140625,0
2026-01-16 16:08:00+00:00,94783.890625,94783.890625,94783.890625,94783.890625,0
2026-01-16 16:10:00+00:00,94788.0,94788.0,94788.0,94788.0,0
2026-01-16 16:11:00+00:00,94755.140625,94755.140625,94755.140625,94755.140625,0
2026-01-16 16:12:00+00:00,94712.703125,94712.703125,94712.703125,94712.703125,0
2026-01-16 16:13:00+00:00,94651.4609375,94651.4609375,94651.4609375,94651.4609375,0
2026-01-16 16:14:00+00:00,94616.8671875,94616.8671875,94616.8671875,94616.8671875,1961984
2026-01-16 16:15:00+00:00,94700.3359375,94700.3359375,94700.3359375,94700.3359375,0
2026-01-16 16:16:00+00:00,94693.25,94693.25,94693.25,94693.25,0
2026-01-16 16:17:00+00:00,94604.5078125,94604.5078125,94604.5078125,94604.5078125,0
2026-01-16 16:18:00+00:00,94659.3359375,94659.3359375,94659.3359375,94659.3359375,0
2026-01-16 16:20:00+00:00,94730.25,94730.25,94730.25,94730.25,0
2026-01-16 16:21:00+00:00,94844.5703125,94844.5703125,94844.5703125,94844.5703125,13385728
2026-01-16 16:23:00+00:00,94870.0546875,94870.0546875,94870.0546875,94870.0546875,96411648
2026-01-16 16:24:00+00:00,94898.5234375,94898.5234375,94898.5234375,94898.5234375,0
2026-01-16 16:26:00+00:00,94879.1328125,94879.1328125,94879.1328125,94879.1328125,0
2026-01-16 16:28:00+00:00,94845.0859375,94845.0859375,94845.0859375,94845.0859375,0
2026-01-16 16:29:00+00:00,94879.890625,94879.890625,94879.890625,94879.890625,102400
2026-01-16 16:30:00+00:00,94833.546875,94833.546875,94833.546875,94833.546875,0
2026-01-16 16:31:00+00:00,94776.671875,94776.671875,94776.671875,94776.671875,0
2026-01-16 16:32:00+00:00,94800.78125,94800.78125,94800.78125,94800.78125,0
2026-01-16 16:34:00+00:00,94658.390625,94658.390625,94658.390625,94658.390625,0
2026-01-16 16:35:00+00:00,94662.8203125,94662.8203125,94662.8203125,94662.8203125,0
2026-01-16 16:36:00+00:00,94718.515625,94718.515625,94718.515625,94718.515625,1122304
2026-01-16 16:37:00+00:00,94804.3828125,94804.3828125,94804.3828125,94804.3828125,0
2026-01-16 16:38:00+00:00,94820.78125,94820.78125,94820.78125,94820.78125,0
2026-01-16 16:39:00+00:00,94800.5703125,94800.5703125,94800.5703125,94800.5703125,1802240
2026-01-16 16:40:00+00:00,94824.9765625,94824.9765625,94824.9765625,94824.9765625,0
2026-01-16 16:41:00+00:00,94869.546875,94869.546875,94869.546875,94869.546875,0
2026-01-16 16:42:00+00:00,94850.375,94850.375,94850.375,94850.375,0
2026-01-16 16:43:00+00:00,94866.5703125,94866.5703125,94866.5703125,94866.5703125,0
2026-01-16 16:44:00+00:00,94887.3203125,94887.3203125,94887.3203125,94887.3203125,2641920
2026-01-16 16:45:00+00:00,94858.8515625,94858.8515625,94858.8515625,94858.8515625,0
2026-01-16 16:46:00+00:00,94937.5,94937.5,94937.5,94937.5,0
2026-01-16 16:47:00+00:00,94913.3125,94913.3125,94913.3125,94913.3125,0
2026-01-16 16:48:00+00:00,94868.125,94868.125,94868.125,94868.125,0
2026-01-16 16:49:00+00:00,94892.0234375,94892.0234375,94892.0234375,94892.0234375,0
2026-01-16 16:50:00+00:00,94890.4921875,94890.4921875,94890.4921875,94890.4921875,0
2026-01-16 16:51:00+00:00,94908.0625,94908.0625,94908.0625,94908.0625,3731456
2026-01-16 16:52:00+00:00,94916.734375,94916.734375,94916.734375,94916.734375,0
2026-01-16 16:53:00+00:00,94928.546875,94928.546875,94928.546875,94928.546875,0
2026-01-16 16:54:00+00:00,94918.265625,94918.265625,94918.265625,94918.265625,6946816
2026-01-16 16:55:00+00:00,94865.7109375,94865.7109375,94865.7109375,94865.7109375,0
2026-01-16 16:56:00+00:00,94887.9453125,94887.9453125,94887.9453125,94887.9453125,0
2026-01-16 16:57:00+00:00,94772.4140625,94772.4140625,94772.4140625,94772.4140625,0
2026-01-16 16:58:00+00:00,94799.6953125,94799.6953125,94799.6953125,94799.6953125,0
2026-01-16 16:59:00+00:00,94795.359375,94795.359375,94795.359375,94795.359375,0
2026-01-16 17:00:00+00:00,94831.453125,94831.453125,94831.453125,94831.453125,0
2026-01-16 17:02:00+00:00,94752.46875,94752.46875,94752.46875,94752.46875,0
2026-01-16 17:03:00+00:00,94764.9765625,94764.9765625,94764.9765625,94764.9765625,0
2026-01-16 17:04:00+00:00,94751.6484375,94751.6484375,94751.6484375,94751.6484375,0
2026-01-16 17:05:00+00:00,94762.078125,94762.078125,94762.078125,94762.078125,0
2026-01-16 17:06:00+00:00,94773.6328125,94773.6328125,94773.6328125,94773.6328125,0
2026-01-16 17:07:00+00:00,94676.546875,94676.546875,94676.546875,94676.546875,0
2026-01-16 17:08:00+00:00,94697.453125,94697.453125,94697.453125,94697.453125,0
2026-01-16 17:09:00+00:00,94698.3046875,94698.3046875,94698.3046875,94698.3046875,0
2026-01-16 17:10:00+00:00,94732.5390625,94732.5390625,94732.5390625,94732.5390625,0
2026-01-16 17:11:00+00:00,94729.125,94729.125,94729.125,94729.125,0
2026-01-16 17:12:00+00:00,94716.2890625,94716.2890625,94716.2890625,94716.2890625,0
2026-01-16 17:13:00+00:00,94641.7109375,94641.7109375,94641.7109375,94641.7109375,0
2026-01-16 17:14:00+00:00,94623.0,94623.0,94623.0,94623.0,0
2026-01-16 17:15:00+00:00,94741.7421875,94741.7421875,94741.7421875,94741.7421875,1855488
2026-01-16 17:16:00+00:00,94761.0390625,94761.0390625,94761.0390625,94761.0390625,0
2026-01-16 17:17:00+00:00,94762.3046875,94762.3046875,94762.3046875,94762.3046875,0
2026-01-16 17:18:00+00:00,94788.703125,94788.703125,94788.703125,94788.703125,446464
2026-01-16 17:20:00+00:00,94793.3984375,94793.3984375,94793.3984375,94793.3984375,0
2026-01-16 17:22:00+00:00,94743.3984375,94743.3984375,94743.3984375,94743.3984375,0
2026-01-16 17:23:00+00:00,94748.578125,94748.578125,94748.578125,94748.578125,0
2026-01-16 17:24:00+00:00,94754.6953125,94754.6953125,94754.6953125,94754.6953125,0
2026-01-16 17:25:00+00:00,94662.1953125,94662.1953125,94662.1953125,94662.1953125,0
2026-01-16 17:26:00+00:00,94538.2265625,94538.2265625,94538.2265625,94538.2265625,0
2026-01-16 17:27:00+00:00,94600.59375,94600.59375,94600.59375,94600.59375,7127040
2026-01-16 17:28:00+00:00,94634.46875,94634.46875,94634.46875,94634.46875,0
2026-01-16 17:29:00+00:00,94696.4453125,94696.4453125,94696.4453125,94696.4453125,0
2026-01-16 17:31:00+00:00,94711.078125,94711.078125,94711.078125,94711.078125,0
2026-01-16 17:32:00+00:00,94759.1640625,94759.1640625,94759.1640625,94759.1640625,0
2026-01-16 17:33:00+00:00,94784.015625,94784.015625,94784.015625,94784.015625,0
2026-01-16 17:34:00+00:00,94792.734375,94792.734375,94792.734375,94792.734375,0
2026-01-16 17:35:00+00:00,94775.515625,94775.515625,94775.515625,94775.515625,0
2026-01-16 17:36:00+00:00,94749.65625,94749.65625,94749.65625,94749.65625,0
2026-01-16 17:37:00+00:00,94737.5859375,94737.5859375,94737.5859375,94737.5859375,0
2026-01-16 17:38:00+00:00,94825.8359375,94825.8359375,94825.8359375,94825.8359375,0
2026-01-16 17:39:00+00:00,94754.09375,94754.09375,94754.09375,94754.09375,0
2026-01-16 17:40:00+00:00,94779.7578125,94779.7578125,94779.7578125,94779.7578125,37998592
2026-01-16 17:41:00+00:00,94788.09375,94788.09375,94788.09375,94788.09375,0
2026-01-16 17:42:00+00:00,94828.6171875,94828.6171875,94828.6171875,94828.6171875,0
2026-01-16 17:43:00+00:00,94814.625,94814.625,94814.625,94814.625,0
2026-01-16 17:44:00+00:00,94848.828125,94848.828125,94848.828125,94848.828125,0
2026-01-16 17:45:00+00:00,94864.2109375,94864.2109375,94864.2109375,94864.2109375,0
2026-01-16 17:46:00+00:00,94876.7578125,94876.7578125,94876.7578125,94876.7578125,0
2026-01-16 17:47:00+00:00,94850.765625,94850.765625,94850.765625,94850.765625,0
2026-01-16 17:48:00+00:00,94843.40625,94843.40625,94843.40625,94843.40625,0
2026-01-16 17:49:00+00:00,94821.15625,94821.15625,94821.15625,94821.15625,0
2026-01-16 17:50:00+00:00,94828.84375,94828.84375,94828.84375,94828.84375,392433664
2026-01-16 17:51:00+00:00,94808.40625,94808.40625,94808.40625,94808.40625,0
2026-01-16 17:52:00+00:00,94814.5859375,94814.5859375,94814.5859375,94814.5859375,0
2026-01-16 17:53:00+00:00,94792.671875,94792.671875,94792.671875,94792.671875,0
2026-01-16 17:54:00+00:00,94765.4609375,94765.4609375,94765.4609375,94765.4609375,0
2026-01-16 17:55:00+00:00,94759.25,94759.25,94759.25,94759.25,0
2026-01-16 17:56:00+00:00,94784.640625,94784.640625,94784.640625,94784.640625,0
2026-01-16 17:57:00+00:00,94876.7421875,94876.7421875,94876.7421875,94876.7421875,0
2026-01-16 17:58:00+00:00,94870.0703125,94870.0703125,94870.0703125,94870.0703125,0
2026-01-16 17:59:00+00:00,94893.2578125,94893.2578125,94893.2578125,94893.2578125,0
2026-01-16 18:00:00+00:00,95032.8671875,95032.8671875,95032.8671875,95032.8671875,11259904
2026-01-16 18:01:00+00:00,95072.8828125,95072.8828125,95072.8828125,95072.8828125,0
2026-01-16 18:02:00+00:00,95043.0078125,95043.0078125,95043.0078125,95043.0078125,0
2026-01-16 18:03:00+00:00,95048.2578125,95048.2578125,95048.2578125,95048.2578125,5025792
2026-01-16 18:04:00+00:00,95082.8515625,95082.8515625,95082.8515625,95082.8515625,0
2026-01-16 18:05:00+00:00,95030.546875,95030.546875,95030.546875,95030.546875,4386816
2026-01-16 18:06:00+00:00,95073.078125,95073.078125,95073.078125,95073.078125,0
2026-01-16 18:07:00+00:00,95095.0234375,95095.0234375,95095.0234375,95095.0234375,127008768
2026-01-16 18:08:00+00:00,95076.4453125,95076.4453125,95076.4453125,95076.4453125,5894144
2026-01-16 18:09:00+00:00,95079.1484375,95079.1484375,95079.1484375,95079.1484375,0
2026-01-16 18:10:00+00:00,95074.3515625,95074.3515625,95074.3515625,95074.3515625,0
2026-01-16 18:12:00+00:00,95027.78125,95027.78125,95027.78125,95027.78125,0
2026-01-16 18:13:00+00:00,95045.75,95045.75,95045.75,95045.75,0
2026-01-16 18:14:00+00:00,95065.609375,95065.609375,95065.609375,95065.609375,0
2026-01-16 18:16:00+00:00,95033.3671875,95033.3671875,95033.3671875,95033.3671875,0
2026-01-16 18:17:00+00:00,95071.9921875,95071.9921875,95071.9921875,95071.9921875,0
2026-01-16 18:18:00+00:00,95125.609375,95125.609375,95125.609375,95125.609375,12849152
2026-01-16 18:19:00+00:00,95126.5625,95126.5625,95126.5625,95126.5625,0
2026-01-16 18:20:00+00:00,95087.8359375,95087.8359375,95087.8359375,95087.8359375,0
2026-01-16 18:21:00+00:00,95047.171875,95047.171875,95047.171875,95047.171875,0
2026-01-16 18:22:00+00:00,95012.7109375,95012.7109375,95012.7109375,95012.7109375,0
2026-01-16 18:23:00+00:00,95022.828125,95022.828125,95022.828125,95022.828125,0
2026-01-16 18:24:00+00:00,95053.3203125,95053.3203125,95053.3203125,95053.3203125,12644352
2026-01-16 18:25:00+00:00,95087.5546875,95087.5546875,95087.5546875,95087.5546875,0
2026-01-16 18:26:00+00:00,95113.734375,95113.734375,95113.734375,95113.734375,0
2026-01-16 18:27:00+00:00,95134.4765625,95134.4765625,95134.4765625,95134.4765625,0
2026-01-16 18:28:00+00:00,95140.84375,95140.84375,95140.84375,95140.84375,0
2026-01-16 18:29:00+00:00,95113.21875,95113.21875,95113.21875,95113.21875,0
2026-01-16 18:30:00+00:00,95151.3984375,95151.3984375,95151.3984375,95151.3984375,0
2026-01-16 18:31:00+00:00,95156.140625,95156.140625,95156.140625,95156.140625,0
2026-01-16 18:32:00+00:00,95139.2890625,95139.2890625,95139.2890625,95139.2890625,0
2026-01-16 18:33:00+00:00,95128.953125,95128.953125,95128.953125,95128.953125,0
2026-01-16 18:34:00+00:00,95117.4375,95117.4375,95117.4375,95117.4375,0
2026-01-16 18:35:00+00:00,95117.4375,95117.4375,95117.4375,95117.4375,0
2026-01-16 18:36:00+00:00,95117.4375,95117.4375,95117.4375,95117.4375,0
2026-01-16 18:37:00+00:00,95135.0546875,95135.0546875,95135.0546875,95135.0546875,0
2026-01-16 18:38:00+00:00,95118.4921875,95118.4921875,95118.4921875,95118.4921875,0
2026-01-16 18:39:00+00:00,95082.3046875,95082.3046875,95082.3046875,95082.3046875,0
2026-01-16 18:40:00+00:00,95087.8125,95087.8125,95087.8125,95087.8125,0
2026-01-16 18:41:00+00:00,95063.4140625,95063.4140625,95063.4140625,95063.4140625,0
2026-01-16 18:42:00+00:00,95083.3671875,95083.3671875,95083.3671875,95083.3671875,0
2026-01-16 18:43:00+00:00,95116.21875,95116.21875,95116.21875,95116.21875,0
2026-01-16 18:44:00+00:00,95089.875,95089.875,95089.875,95089.875,0
2026-01-16 18:45:00+00:00,95083.3203125,95083.3203125,95083.3203125,95083.3203125,0
2026-01-16 18:46:00+00:00,95114.234375,95114.234375,95114.234375,95114.234375,0
2026-01-16 18:47:00+00:00,95081.1640625,95081.1640625,95081.1640625,95081.1640625,0
2026-01-16 18:48:00+00:00,95087.7265625,95087.7265625,95087.7265625,95087.7265625,0
2026-01-16 18:49:00+00:00,95027.75,95027.75,95027.75,95027.75,0
2026-01-16 18:50:00+00:00,94963.34375,94963.34375,94963.34375,94963.34375,0
2026-01-16 18:51:00+00:00,94995.21875,94995.21875,94995.21875,94995.21875,0
2026-01-16 18:52:00+00:00,95014.5625,95014.5625,95014.5625,95014.5625,0
2026-01-16 18:53:00+00:00,95015.6015625,95015.6015625,95015.6015625,95015.6015625,0
2026-01-16 18:55:00+00:00,95037.5546875,95037.5546875,95037.5546875,95037.5546875,0
2026-01-16 18:56:00+00:00,95031.640625,95031.640625,95031.640625,95031.640625,188416
2026-01-16 18:58:00+00:00,95003.015625,95003.015625,95003.015625,95003.015625,33730560
2026-01-16 19:00:00+00:00,94955.8515625,94955.8515625,94955.8515625,94955.8515625,0
2026-01-16 19:01:00+00:00,94925.8671875,94925.8671875,94925.8671875,94925.8671875,0
2026-01-16 19:02:00+00:00,94946.09375,94946.09375,94946.09375,94946.09375,0
2026-01-16 19:03:00+00:00,94902.5703125,94902.5703125,94902.5703125,94902.5703125,0
2026-01-16 19:05:00+00:00,94921.5625,94921.5625,94921.5625,94921.5625,0
2026-01-16 19:07:00+00:00,94919.328125,94919.328125,94919.328125,94919.328125,0
2026-01-16 19:08:00+00:00,94924.65625,94924.65625,94924.65625,94924.65625,0
2026-01-16 19:10:00+00:00,94930.71875,94930.71875,94930.71875,94930.71875,0
2026-01-16 19:11:00+00:00,94942.5859375,94942.5859375,94942.5859375,94942.5859375,0
2026-01-16 19:12:00+00:00,94934.203125,94934.203125,94934.203125,94934.203125,2433024
2026-01-16 19:13:00+00:00,94947.0625,94947.0625,94947.0625,94947.0625,0
2026-01-16 19:15:00+00:00,94933.9375,94933.9375,94933.9375,94933.9375,0
2026-01-16 19:16:00+00:00,94924.75,94924.75,94924.75,94924.75,0
2026-01-16 19:17:00+00:00,94920.0234375,94920.0234375,94920.0234375,94920.0234375,0
2026-01-16 19:18:00+00:00,94855.890625,94855.890625,94855.890625,94855.890625,0
2026-01-16 19:19:00+00:00,94839.2109375,94839.2109375,94839.2109375,94839.2109375,0
2026-01-16 19:20:00+00:00,94891.0546875,94891.0546875,94891.0546875,94891.0546875,311296
2026-01-16 19:21:00+00:00,94856.65625,94856.65625,94856.65625,94856.65625,14336000
2026-01-16 19:22:00+00:00,94822.21875,94822.21875,94822.21875,94822.21875,0
2026-01-16 19:23:00+00:00,94852.03125,94852.03125,94852.03125,94852.03125,0
2026-01-16 19:24:00+00:00,94900.6875,94900.6875,94900.6875,94900.6875,0
2026-01-16 19:25:00+00:00,94875.25,94875.25,94875.25,94875.25,0
2026-01-16 19:26:00+00:00,94871.4765625,94871.4765625,94871.4765625,94871.4765625,0
2026-01-16 19:27:00+00:00,94868.4765625,94868.4765625,94868.4765625,94868.4765625,0
2026-01-16 19:28:00+00:00,94859.8046875,94859.8046875,94859.8046875,94859.8046875,0
2026-01-16 19:29:00+00:00,94829.65625,94829.65625,94829.65625,94829.65625,12288
2026-01-16 19:31:00+00:00,94865.5703125,94865.5703125,94865.5703125,94865.5703125,0
2026-01-16 19:32:00+00:00,94894.5,94894.5,94894.5,94894.5,0
2026-01-16 19:33:00+00:00,94952.765625,94952.765625,94952.765625,94952.765625,16941056
2026-01-16 19:34:00+00:00,94954.828125,94954.828125,94954.828125,94954.828125,0
2026-01-16 19:35:00+00:00,94944.3515625,94944.3515625,94944.3515625,94944.3515625,0
2026-01-16 19:36:00+00:00,94992.625,94992.625,94992.625,94992.625,421888
2026-01-16 19:37:00+00:00,94966.1171875,94966.1171875,94966.1171875,94966.1171875,0
2026-01-16 19:38:00+00:00,94971.4453125,94971.4453125,94971.4453125,94971.4453125,0
2026-01-16 19:39:00+00:00,94946.375,94946.375,94946.375,94946.375,0
2026-01-16 19:40:00+00:00,94928.546875,94928.546875,94928.546875,94928.546875,0
2026-01-16 19:41:00+00:00,94920.984375,94920.984375,94920.984375,94920.984375,0
2026-01-16 19:42:00+00:00,94901.7265625,94901.7265625,94901.7265625,94901.7265625,598016
2026-01-16 19:43:00+00:00,94898.9140625,94898.9140625,94898.9140625,94898.9140625,0
2026-01-16 19:44:00+00:00,94892.109375,94892.109375,94892.109375,94892.109375,651264
2026-01-16 19:45:00+00:00,94883.015625,94883.015625,94883.015625,94883.015625,0
2026-01-16 19:46:00+00:00,94887.171875,94887.171875,94887.171875,94887.171875,0
2026-01-16 19:47:00+00:00,94890.6015625,94890.6015625,94890.6015625,94890.6015625,0
2026-01-16 19:48:00+00:00,94902.125,94902.125,94902.125,94902.125,0
2026-01-16 19:49:00+00:00,94906.546875,94906.546875,94906.546875,94906.546875,0
2026-01-16 19:50:00+00:00,94919.71875,94919.71875,94919.71875,94919.71875,0
2026-01-16 19:51:00+00:00,94973.8046875,94973.8046875,94973.8046875,94973.8046875,0
2026-01-16 19:52:00+00:00,94931.0703125,94931.0703125,94931.0703125,94931.0703125,60811264
2026-01-16 19:53:00+00:00,94918.7578125,94918.7578125,94918.7578125,94918.7578125,0
2026-01-16 19:54:00+00:00,94949.7578125,94949.7578125,94949.7578125,94949.7578125,0
2026-01-16 19:55:00+00:00,94962.375,94962.375,94962.375,94962.375,0
2026-01-16 19:56:00+00:00,94909.578125,94909.578125,94909.578125,94909.578125,0
2026-01-16 19:57:00+00:00,94930.125,94930.125,94930.125,94930.125,573440
2026-01-16 19:58:00+00:00,94951.9921875,94951.9921875,94951.9921875,94951.9921875,0
2026-01-16 19:59:00+00:00,94964.3359375,94964.3359375,94964.3359375,94964.3359375,0
2026-01-16 20:00:00+00:00,94957.2890625,94957.2890625,94957.2890625,94957.2890625,0
2026-01-16 20:01:00+00:00,94920.5625,94920.5625,94920.5625,94920.5625,0
2026-01-16 20:02:00+00:00,94916.859375,94916.859375,94916.859375,94916.859375,0
2026-01-16 20:04:00+00:00,94869.2265625,94869.2265625,94869.2265625,94869.2265625,0
2026-01-16 20:05:00+00:00,94824.75,94824.75,94824.75,94824.75,802816
2026-01-16 20:06:00+00:00,94789.859375,94789.859375,94789.859375,94789.859375,0
2026-01-16 20:08:00+00:00,94711.5234375,94711.5234375,94711.5234375,94711.5234375,112912384
2026-01-16 20:09:00+00:00,94721.84375,94721.84375,94721.84375,94721.84375,0
2026-01-16 20:10:00+00:00,94681.234375,94681.234375,94681.234375,94681.234375,0
2026-01-16 20:11:00+00:00,94650.234375,94650.234375,94650.234375,94650.234375,4526080
2026-01-16 20:12:00+00:00,94676.1875,94676.1875,94676.1875,94676.1875,1677312
2026-01-16 20:13:00+00:00,94684.3203125,94684.3203125,94684.3203125,94684.3203125,0
2026-01-16 20:14:00+00:00,94820.7109375,94820.7109375,94820.7109375,94820.7109375,3864576
2026-01-16 20:15:00+00:00,94827.109375,94827.109375,94827.109375,94827.109375,6227968
2026-01-16 20:17:00+00:00,94840.6171875,94840.6171875,94840.6171875,94840.6171875,0
2026-01-16 20:19:00+00:00,94890.390625,94890.390625,94890.390625,94890.390625,38541312
2026-01-16 20:20:00+00:00,94931.9140625,94931.9140625,94931.9140625,94931.9140625,0
2026-01-16 20:21:00+00:00,94960.3359375,94960.3359375,94960.3359375,94960.3359375,0
2026-01-16 20:23:00+00:00,94989.03125,94989.03125,94989.03125,94989.03125,0
2026-01-16 20:24:00+00:00,94967.8671875,94967.8671875,94967.8671875,94967.8671875,0
2026-01-16 20:25:00+00:00,94970.046875,94970.046875,94970.046875,94970.046875,0
2026-01-16 20:27:00+00:00,94981.7265625,94981.7265625,94981.7265625,94981.7265625,0
2026-01-16 20:28:00+00:00,94992.5,94992.5,94992.5,94992.5,0
2026-01-16 20:29:00+00:00,95069.53125,95069.53125,95069.53125,95069.53125,0
2026-01-16 20:30:00+00:00,95077.6640625,95077.6640625,95077.6640625,95077.6640625,0
2026-01-16 20:31:00+00:00,95063.78125,95063.78125,95063.78125,95063.78125,0
2026-01-16 20:32:00+00:00,95097.0859375,95097.0859375,95097.0859375,95097.0859375,0
2026-01-16 20:33:00+00:00,95105.015625,95105.015625,95105.015625,95105.015625,0
2026-01-16 20:34:00+00:00,95106.5625,95106.5625,95106.5625,95106.5625,0
2026-01-16 20:35:00+00:00,95096.5078125,95096.5078125,95096.5078125,95096.5078125,0
2026-01-16 20:36:00+00:00,95090.9921875,95090.9921875,95090.9921875,95090.9921875,0
2026-01-16 20:37:00+00:00,95128.125,95128.125,95128.125,95128.125,0
2026-01-16 20:38:00+00:00,95147.5625,95147.5625,95147.5625,95147.5625,0
2026-01-16 20:39:00+00:00,95155.578125,95155.578125,95155.578125,95155.578125,0
2026-01-16 20:40:00+00:00,95118.0625,95118.0625,95118.0625,95118.0625,0
2026-01-16 20:41:00+00:00,95148.2265625,95148.2265625,95148.2265625,95148.2265625,0
2026-01-16 20:42:00+00:00,95141.765625,95141.765625,95141.765625,95141.765625,7649280
2026-01-16 20:43:00+00:00,95171.0390625,95171.0390625,95171.0390625,95171.0390625,0
2026-01-16 20:44:00+00:00,95178.875,95178.875,95178.875,95178.875,0
2026-01-16 20:45:00+00:00,95206.984375,95206.984375,95206.984375,95206.984375,23173120
2026-01-16 20:46:00+00:00,95189.21875,95189.21875,95189.21875,95189.21875,88780800
2026-01-16 20:47:00+00:00,95196.953125,95196.953125,95196.953125,95196.953125,14180352
2026-01-16 20:48:00+00:00,95203.609375,95203.609375,95203.609375,95203.609375,0
2026-01-16 20:49:00+00:00,95181.75,95181.75,95181.75,95181.75,0
2026-01-16 20:50:00+00:00,95180.8046875,95180.8046875,95180.8046875,95180.8046875,11710464
2026-01-16 20:51:00+00:00,95214.0546875,95214.0546875,95214.0546875,95214.0546875,985088
2026-01-16 20:52:00+00:00,95247.15625,95247.15625,95247.15625,95247.15625,0
2026-01-16 20:53:00+00:00,95254.2109375,95254.2109375,95254.2109375,95254.2109375,4335616
2026-01-16 20:54:00+00:00,95255.9296875,95255.9296875,95255.9296875,95255.9296875,0
2026-01-16 20:56:00+00:00,95333.34375,95333.34375,95333.34375,95333.34375,38752256
2026-01-16 20:57:00+00:00,95361.296875,95361.296875,95361.296875,95361.296875,35854336
2026-01-16 20:59:00+00:00,95399.2578125,95399.2578125,95399.2578125,95399.2578125,19290112
2026-01-16 21:01:00+00:00,95476.1171875,95476.1171875,95476.1171875,95476.1171875,28862464
2026-01-16 21:02:00+00:00,95442.953125,95442.953125,95442.953125,95442.953125,0
2026-01-16 21:03:00+00:00,95482.1640625,95482.1640625,95482.1640625,95482.1640625,17856512
2026-01-16 21:04:00+00:00,95490.5703125,95490.5703125,95490.5703125,95490.5703125,54843392
2026-01-16 21:05:00+00:00,95482.4375,95482.4375,95482.4375,95482.4375,332804096
2026-01-16 21:06:00+00:00,95500.203125,95500.203125,95500.203125,95500.203125,290816
2026-01-16 21:07:00+00:00,95494.265625,95494.265625,95494.265625,95494.265625,0
2026-01-16 21:08:00+00:00,95499.6328125,95499.6328125,95499.6328125,95499.6328125,0
2026-01-16 21:10:00+00:00,95510.09375,95510.09375,95510.09375,95510.09375,69738496
2026-01-16 21:11:00+00:00,95528.4609375,95528.4609375,95528.4609375,95528.4609375,4466688
2026-01-16 21:12:00+00:00,95476.796875,95476.796875,95476.796875,95476.796875,3088384
2026-01-16 21:13:00+00:00,95457.9375,95457.9375,95457.9375,95457.9375,0
2026-01-16 21:14:00+00:00,95435.40625,95435.40625,95435.40625,95435.40625,5416960
2026-01-16 21:16:00+00:00,95337.671875,95337.671875,95337.671875,95337.671875,29069312
2026-01-16 21:18:00+00:00,95372.15625,95372.15625,95372.15625,95372.15625,13942784
2026-01-16 21:20:00+00:00,95367.7265625,95367.7265625,95367.7265625,95367.7265625,0
2026-01-16 21:21:00+00:00,95377.140625,95377.140625,95377.140625,95377.140625,0
2026-01-16 21:22:00+00:00,95404.5625,95404.5625,95404.5625,95404.5625,47194112
2026-01-16 21:23:00+00:00,95391.3125,95391.3125,95391.3125,95391.3125,1751040
2026-01-16 21:24:00+00:00,95373.1953125,95373.1953125,95373.1953125,95373.1953125,0
2026-01-16 21:25:00+00:00,95363.3984375,95363.3984375,95363.3984375,95363.3984375,119781376
2026-01-16 21:26:00+00:00,95351.328125,95351.328125,95351.328125,95351.328125,0
2026-01-16 21:27:00+00:00,95350.390625,95350.390625,95350.390625,95350.390625,4284416
2026-01-16 21:28:00+00:00,95377.53125,95377.53125,95377.53125,95377.53125,0
2026-01-16 21:29:00+00:00,95381.3046875,95381.3046875,95381.3046875,95381.3046875,5167104
2026-01-16 21:31:00+00:00,95368.609375,95368.609375,95368.609375,95368.609375,6877184
2026-01-16 21:32:00+00:00,95372.5234375,95372.5234375,95372.5234375,95372.5234375,0
2026-01-16 21:33:00+00:00,95376.7109375,95376.7109375,95376.7109375,95376.7109375,0
2026-01-16 21:34:00+00:00,95419.421875,95419.421875,95419.421875,95419.421875,0
2026-01-16 21:35:00+00:00,95408.9921875,95408.9921875,95408.9921875,95408.9921875,0
2026-01-16 21:36:00+00:00,95382.390625,95382.390625,95382.390625,95382.390625,172032
2026-01-16 21:37:00+00:00,95366.2890625,95366.2890625,95366.2890625,95366.2890625,22069248
2026-01-16 21:38:00+00:00,95418.609375,95418.609375,95418.609375,95418.609375,2078720
2026-01-16 21:39:00+00:00,95441.5234375,95441.5234375,95441.5234375,95441.5234375,0
2026-01-16 21:40:00+00:00,95475.625,95475.625,95475.625,95475.625,0
2026-01-16 21:41:00+00:00,95504.34375,95504.34375,95504.34375,95504.34375,5001216
2026-01-16 21:42:00+00:00,95512.8515625,95512.8515625,95512.8515625,95512.8515625,12707840
2026-01-16 21:43:00+00:00,95494.875,95494.875,95494.875,95494.875,43284480
2026-01-16 21:44:00+00:00,95501.1953125,95501.1953125,95501.1953125,95501.1953125,3219456
2026-01-16 21:45:00+00:00,95501.0625,95501.0625,95501.0625,95501.0625,0
2026-01-16 21:46:00+00:00,95495.265625,95495.265625,95495.265625,95495.265625,98805760
2026-01-16 21:47:00+00:00,95477.234375,95477.234375,95477.234375,95477.234375,0
2026-01-16 21:48:00+00:00,95489.1015625,95489.1015625,95489.1015625,95489.1015625,1636352
2026-01-16 21:49:00+00:00,95493.1796875,95493.1796875,95493.1796875,95493.1796875,0
2026-01-16 21:50:00+00:00,95489.65625,95489.65625,95489.65625,95489.65625,0
2026-01-16 21:51:00+00:00,95522.625,95522.625,95522.625,95522.625,462848
2026-01-16 21:52:00+00:00,95516.15625,95516.15625,95516.15625,95516.15625,0
2026-01-16 21:53:00+00:00,95509.3359375,95509.3359375,95509.3359375,95509.3359375,0
2026-01-16 21:54:00+00:00,95482.3828125,95482.3828125,95482.3828125,95482.3828125,0
2026-01-16 21:55:00+00:00,95468.15625,95468.15625,95468.15625,95468.15625,0
2026-01-16 21:56:00+00:00,95437.2109375,95437.2109375,95437.2109375,95437.2109375,0
2026-01-16 21:57:00+00:00,95444.6875,95444.6875,95444.6875,95444.6875,0
2026-01-16 21:58:00+00:00,95461.09375,95461.09375,95461.09375,95461.09375,21542912
2026-01-16 21:59:00+00:00,95443.859375,95443.859375,95443.859375,95443.859375,0
2026-01-16 22:00:00+00:00,95478.6875,95478.6875,95478.6875,95478.6875,11833344
2026-01-16 22:01:00+00:00,95495.234375,95495.234375,95495.234375,95495.234375,0
2026-01-16 22:02:00+00:00,95474.2890625,95474.2890625,95474.2890625,95474.2890625,3555328
2026-01-16 22:04:00+00:00,95401.140625,95401.140625,95401.140625,95401.140625,7544832
2026-01-16 22:05:00+00:00,95419.9453125,95419.9453125,95419.9453125,95419.9453125,4794368
2026-01-16 22:06:00+00:00,95429.6875,95429.6875,95429.6875,95429.6875,0
2026-01-16 22:07:00+00:00,95431.203125,95431.203125,95431.203125,95431.203125,46067712
2026-01-16 22:08:00+00:00,95444.5,95444.5,95444.5,95444.5,10694656
2026-01-16 22:10:00+00:00,95424.6328125,95424.6328125,95424.6328125,95424.6328125,0
2026-01-16 22:11:00+00:00,95404.0,95404.0,95404.0,95404.0,13860864
2026-01-16 22:13:00+00:00,95387.8203125,95387.8203125,95387.8203125,95387.8203125,1183744
2026-01-16 22:14:00+00:00,95294.796875,95294.796875,95294.796875,95294.796875,0
2026-01-16 22:16:00+00:00,95312.3984375,95312.3984375,95312.3984375,95312.3984375,0
2026-01-16 22:17:00+00:00,95313.578125,95313.578125,95313.578125,95313.578125,0
2026-01-16 22:18:00+00:00,95350.9140625,95350.9140625,95350.9140625,95350.9140625,1042432
2026-01-16 22:19:00+00:00,95353.640625,95353.640625,95353.640625,95353.640625,0
2026-01-16 22:20:00+00:00,95321.4140625,95321.4140625,95321.4140625,95321.4140625,0
2026-01-16 22:22:00+00:00,95322.2890625,95322.2890625,95322.2890625,95322.2890625,2961408
2026-01-16 22:23:00+00:00,95345.9921875,95345.9921875,95345.9921875,95345.9921875,219136
2026-01-16 22:25:00+00:00,95374.1953125,95374.1953125,95374.1953125,95374.1953125,0
2026-01-16 22:26:00+00:00,95382.734375,95382.734375,95382.734375,95382.734375,7960576
2026-01-16 22:27:00+00:00,95406.859375,95406.859375,95406.859375,95406.859375,0
2026-01-16 22:28:00+00:00,95400.03125,95400.03125,95400.03125,95400.03125,122458112
2026-01-16 22:29:00+00:00,95401.3203125,95401.3203125,95401.3203125,95401.3203125,0
2026-01-16 22:30:00+00:00,95366.2421875,95366.2421875,95366.2421875,95366.2421875,1560576
2026-01-16 22:31:00+00:00,95327.796875,95327.796875,95327.796875,95327.796875,0
2026-01-16 22:32:00+00:00,95333.3359375,95333.3359375,95333.3359375,95333.3359375,0
2026-01-16 22:33:00+00:00,95340.4609375,95340.4609375,95340.4609375,95340.4609375,0
2026-01-16 22:34:00+00:00,95344.0546875,95344.0546875,95344.0546875,95344.0546875,53768192
2026-01-16 22:35:00+00:00,95344.40625,95344.40625,95344.40625,95344.40625,761856
2026-01-16 22:36:00+00:00,95326.78125,95326.78125,95326.78125,95326.78125,9717760
2026-01-16 22:37:00+00:00,95317.328125,95317.328125,95317.328125,95317.328125,743424
2026-01-16 22:38:00+00:00,95293.8046875,95293.8046875,95293.8046875,95293.8046875,0
2026-01-16 22:39:00+00:00,95311.1171875,95311.1171875,95311.1171875,95311.1171875,0
2026-01-16 22:40:00+00:00,95320.65625,95320.65625,95320.65625,95320.65625,0
2026-01-16 22:41:00+00:00,95337.03125,95337.03125,95337.03125,95337.03125,9154560
2026-01-16 22:42:00+00:00,95288.859375,95288.859375,95288.859375,95288.859375,0
2026-01-16 22:43:00+00:00,95241.1953125,95241.1953125,95241.1953125,95241.1953125,0
2026-01-16 22:44:00+00:00,95228.6796875,95228.6796875,95228.6796875,95228.6796875,0
2026-01-16 22:45:00+00:00,95344.65625,95344.65625,95344.65625,95344.65625,1007616
2026-01-16 22:46:00+00:00,95355.640625,95355.640625,95355.640625,95355.640625,0
2026-01-16 22:47:00+00:00,95310.234375,95310.234375,95310.234375,95310.234375,0
2026-01-16 22:48:00+00:00,95335.34375,95335.34375,95335.34375,95335.34375,15476736
2026-01-16 22:49:00+00:00,95362.640625,95362.640625,95362.640625,95362.640625,48736256
2026-01-16 22:50:00+00:00,95361.4140625,95361.4140625,95361.4140625,95361.4140625,0
2026-01-16 22:51:00+00:00,95427.0078125,95427.0078125,95427.0078125,95427.0078125,0
2026-01-16 22:52:00+00:00,95409.8828125,95409.8828125,95409.8828125,95409.8828125,0
2026-01-16 22:53:00+00:00,95397.65625,95397.65625,95397.65625,95397.65625,632832
2026-01-16 22:54:00+00:00,95392.875,95392.875,95392.875,95392.875,0
2026-01-16 22:55:00+00:00,95424.6953125,95424.6953125,95424.6953125,95424.6953125,0
2026-01-16 22:56:00+00:00,95431.84375,95431.84375,95431.84375,95431.84375,0
2026-01-16 22:57:00+00:00,95421.3359375,95421.3359375,95421.3359375,95421.3359375,1404928
2026-01-16 22:59:00+00:00,95441.125,95441.125,95441.125,95441.125,100757504
2026-01-16 23:00:00+00:00,95472.46875,95472.46875,95472.46875,95472.46875,0
2026-01-16 23:01:00+00:00,95442.5,95442.5,95442.5,95442.5,0
2026-01-16 23:02:00+00:00,95457.0625,95457.0625,95457.0625,95457.0625,0
2026-01-16 23:04:00+00:00,95421.671875,95421.671875,95421.671875,95421.671875,0
2026-01-16 23:05:00+00:00,95439.3828125,95439.3828125,95439.3828125,95439.3828125,0
2026-01-16 23:06:00+00:00,95440.484375,95440.484375,95440.484375,95440.484375,0
2026-01-16 23:07:00+00:00,95426.3515625,95426.3515625,95426.3515625,95426.3515625,0
2026-01-16 23:08:00+00:00,95418.078125,95418.078125,95418.078125,95418.078125,4184064
2026-01-16 23:09:00+00:00,95421.1875,95421.1875,95421.1875,95421.1875,0
2026-01-16 23:10:00+00:00,95399.7890625,95399.7890625,95399.7890625,95399.7890625,0
2026-01-16 23:11:00+00:00,95394.078125,95394.078125,95394.078125,95394.078125,0
2026-01-16 23:12:00+00:00,95408.125,95408.125,95408.125,95408.125,0
2026-01-16 23:14:00+00:00,95416.640625,95416.640625,95416.640625,95416.640625,0
2026-01-16 23:15:00+00:00,95449.8671875,95449.8671875,95449.8671875,95449.8671875,0
2026-01-16 23:17:00+00:00,95477.90625,95477.90625,95477.90625,95477.90625,0
2026-01-16 23:18:00+00:00,95477.3828125,95477.3828125,95477.3828125,95477.3828125,0
2026-01-16 23:20:00+00:00,95451.3671875,95451.3671875,95451.3671875,95451.3671875,0
2026-01-16 23:21:00+00:00,95449.140625,95449.140625,95449.140625,95449.140625,13508608
2026-01-16 23:22:00+00:00,95468.578125,95468.578125,95468.578125,95468.578125,0
2026-01-16 23:23:00+00:00,95473.609375,95473.609375,95473.609375,95473.609375,0
2026-01-16 23:24:00+00:00,95483.265625,95483.265625,95483.265625,95483.265625,15351808
2026-01-16 23:25:00+00:00,95484.8828125,95484.8828125,95484.8828125,95484.8828125,1171456
2026-01-16 23:26:00+00:00,95511.1015625,95511.1015625,95511.1015625,95511.1015625,0
2026-01-16 23:27:00+00:00,95516.5859375,95516.5859375,95516.5859375,95516.5859375,0
2026-01-16 23:28:00+00:00,95490.5234375,95490.5234375,95490.5234375,95490.5234375,33968128
2026-01-16 23:29:00+00:00,95507.28125,95507.28125,95507.28125,95507.28125,0
2026-01-16 23:30:00+00:00,95498.609375,95498.609375,95498.609375,95498.609375,8699904
2026-01-16 23:31:00+00:00,95502.4375,95502.4375,95502.4375,95502.4375,0
2026-01-16 23:32:00+00:00,95502.7890625,95502.7890625,95502.7890625,95502.7890625,0
2026-01-16 23:33:00+00:00,95506.4609375,95506.4609375,95506.4609375,95506.4609375,382976
2026-01-16 23:34:00+00:00,95522.984375,95522.984375,95522.984375,95522.984375,0
2026-01-16 23:35:00+00:00,95501.1328125,95501.1328125,95501.1328125,95501.1328125,12589056
2026-01-16 23:36:00+00:00,95459.734375,95459.734375,95459.734375,95459.734375,1464320
2026-01-16 23:37:00+00:00,95443.75,95443.75,95443.75,95443.75,4620288
2026-01-16 23:38:00+00:00,95447.8203125,95447.8203125,95447.8203125,95447.8203125,0
2026-01-16 23:39:00+00:00,95459.8203125,95459.8203125,95459.8203125,95459.8203125,0
2026-01-16 23:40:00+00:00,95457.0703125,95457.0703125,95457.0703125,95457.0703125,0
2026-01-16 23:41:00+00:00,95451.3671875,95451.3671875,95451.3671875,95451.3671875,0
2026-01-16 23:43:00+00:00,95467.9609375,95467.9609375,95467.9609375,95467.9609375,49192960
2026-01-16 23:44:00+00:00,95449.8984375,95449.8984375,95449.8984375,95449.8984375,0
2026-01-16 23:46:00+00:00,95438.625,95438.625,95438.625,95438.625,8771584
2026-01-16 23:47:00+00:00,95468.5546875,95468.5546875,95468.5546875,95468.5546875,0
2026-01-16 23:49:00+00:00,95490.515625,95490.515625,95490.515625,95490.515625,0
2026-01-16 23:50:00+00:00,95480.0,95480.0,95480.0,95480.0,0
2026-01-16 23:51:00+00:00,95494.9921875,95494.9921875,95494.9921875,95494.9921875,10668032
2026-01-16 23:52:00+00:00,95492.53125,95492.53125,95492.53125,95492.53125,0
2026-01-16 23:53:00+00:00,95489.359375,95489.359375,95489.359375,95489.359375,0
2026-01-16 23:55:00+00:00,95507.7421875,95507.7421875,95507.7421875,95507.7421875,0
2026-01-16 23:56:00+00:00,95515.3515625,95515.3515625,95515.3515625,95515.3515625,12490752
2026-01-16 23:57:00+00:00,95531.8515625,95531.8515625,95531.8515625,95531.8515625,0
2026-01-17 00:00:00+00:00,95514.765625,95514.765625,95514.765625,95514.765625,0
2026-01-17 00:01:00+00:00,95521.96875,95521.96875,95521.96875,95521.96875,0
2026-01-17 00:03:00+00:00,95497.09375,95497.09375,95497.09375,95497.09375,0
2026-01-17 00:04:00+00:00,95481.9921875,95481.9921875,95481.9921875,95481.9921875,0
2026-01-17 00:05:00+00:00,95492.796875,95492.796875,95492.796875,95492.796875,0
2026-01-17 00:07:00+00:00,95520.9765625,95520.9765625,95520.9765625,95520.9765625,0
2026-01-17 00:08:00+00:00,95512.8671875,95512.8671875,95512.8671875,95512.8671875,0
2026-01-17 00:09:00+00:00,95491.8984375,95491.8984375,95491.8984375,95491.8984375,0
2026-01-17 00:10:00+00:00,95488.171875,95488.171875,95488.171875,95488.171875,0
2026-01-17 00:11:00+00:00,95515.4375,95515.4375,95515.4375,95515.4375,0
2026-01-17 00:12:00+00:00,95521.4453125,95521.4453125,95521.4453125,95521.4453125,0
2026-01-17 00:14:00+00:00,95489.9453125,95489.9453125,95489.9453125,95489.9453125,4579328
2026-01-17 00:15:00+00:00,95495.4921875,95495.4921875,95495.4921875,95495.4921875,0
2026-01-17 00:16:00+00:00,95486.8671875,95486.8671875,95486.8671875,95486.8671875,0
2026-01-17 00:17:00+00:00,95523.9765625,95523.9765625,95523.9765625,95523.9765625,0
2026-01-17 00:18:00+00:00,95484.203125,95484.203125,95484.203125,95484.203125,0
2026-01-17 00:19:00+00:00,95498.1796875,95498.1796875,95498.1796875,95498.1796875,0
2026-01-17 00:20:00+00:00,95489.75,95489.75,95489.75,95489.75,0
2026-01-17 00:21:00+00:00,95491.7265625,95491.7265625,95491.7265625,95491.7265625,0
2026-01-17 00:22:00+00:00,95497.296875,95497.296875,95497.296875,95497.296875,0
2026-01-17 00:23:00+00:00,95483.3828125,95483.3828125,95483.3828125,95483.3828125,0
2026-01-17 00:24:00+00:00,95470.1484375,95470.1484375,95470.1484375,95470.1484375,1511424
2026-01-17 00:25:00+00:00,95459.625,95459.625,95459.625,95459.625,0
2026-01-17 00:26:00+00:00,95476.234375,95476.234375,95476.234375,95476.234375,7118848
2026-01-17 00:27:00+00:00,95477.9296875,95477.9296875,95477.9296875,95477.9296875,1091584
2026-01-17 00:28:00+00:00,95454.375,95454.375,95454.375,95454.375,17420288
2026-01-17 00:29:00+00:00,95451.78125,95451.78125,95451.78125,95451.78125,0
2026-01-17 00:30:00+00:00,95432.1796875,95432.1796875,95432.1796875,95432.1796875,1781760
2026-01-17 00:31:00+00:00,95424.3203125,95424.3203125,95424.3203125,95424.3203125,8855552
2026-01-17 00:32:00+00:00,95421.9609375,95421.9609375,95421.9609375,95421.9609375,0
2026-01-17 00:33:00+00:00,95415.8046875,95415.8046875,95415.8046875,95415.8046875,0
2026-01-17 00:34:00+00:00,95416.234375,95416.234375,95416.234375,95416.234375,0
2026-01-17 00:35:00+00:00,95403.6640625,95403.6640625,95403.6640625,95403.6640625,8253440
2026-01-17 00:36:00+00:00,95395.0234375,95395.0234375,95395.0234375,95395.0234375,0
2026-01-17 00:37:00+00:00,95402.6875,95402.6875,95402.6875,95402.6875,0
2026-01-17 00:38:00+00:00,95452.875,95452.875,95452.875,95452.875,3403776
2026-01-17 00:39:00+00:00,95454.5546875,95454.5546875,95454.5546875,95454.5546875,0
2026-01-17 00:40:00+00:00,95454.5546875,95454.5546875,95454.5546875,95454.5546875,0
2026-01-17 00:41:00+00:00,95423.1015625,95423.1015625,95423.1015625,95423.1015625,0
2026-01-17 00:42:00+00:00,95419.046875,95419.046875,95419.046875,95419.046875,0
2026-01-17 00:43:00+00:00,95449.21875,95449.21875,95449.21875,95449.21875,0
2026-01-17 00:44:00+00:00,95460.078125,95460.078125,95460.078125,95460.078125,7649280
2026-01-17 00:45:00+00:00,95453.8984375,95453.8984375,95453.8984375,95453.8984375,0
2026-01-17 00:46:00+00:00,95439.71875,95439.71875,95439.71875,95439.71875,0
2026-01-17 00:47:00+00:00,95450.9921875,95450.9921875,95450.9921875,95450.9921875,0
2026-01-17 00:48:00+00:00,95457.0,95457.0,95457.0,95457.0,0
2026-01-17 00:49:00+00:00,95466.8359375,95466.8359375,95466.8359375,95466.8359375,806912
2026-01-17 00:50:00+00:00,95469.5390625,95469.5390625,95469.5390625,95469.5390625,0
2026-01-17 00:51:00+00:00,95446.3203125,95446.3203125,95446.3203125,95446.3203125,9639936
2026-01-17 00:52:00+00:00,95444.1015625,95444.1015625,95444.1015625,95444.1015625,0
