datetime,close,high,low,open,volume
2025-12-17 01:00:00+00:00,87573.4140625,87607.1875,87536.7890625,87536.7890625,0
2025-12-17 01:05:00+00:00,87657.96875,87657.96875,87636.2265625,87636.2265625,0
2025-12-17 01:10:00+00:00,87650.2109375,87657.3046875,87648.734375,87657.3046875,0
2025-12-17 01:15:00+00:00,87888.8359375,87888.8359375,87603.9609375,87603.9609375,92487680
2025-12-17 01:20:00+00:00,87707.703125,87875.7109375,87707.703125,87875.7109375,0
2025-12-17 01:25:00+00:00,87732.9765625,87785.6796875,87732.9765625,87756.375,1261957120
2025-12-17 01:30:00+00:00,87754.9609375,87837.2734375,87754.9609375,87818.2265625,0
2025-12-17 01:35:00+00:00,87697.3203125,87701.9765625,87670.1015625,87670.1015625,59760640
2025-12-17 01:40:00+00:00,87598.4140625,87651.3828125,87598.4140625,87651.3828125,0
2025-12-17 01:45:00+00:00,87591.1875,87591.1875,87562.5625,87562.5625,0
2025-12-17 01:50:00+00:00,87554.34375,87622.6796875,87554.34375,87616.6328125,137707520
2025-12-17 01:55:00+00:00,87517.6875,87517.6875,87484.6640625,87484.6640625,0
2025-12-17 02:00:00+00:00,87531.6328125,87547.5234375,87530.6328125,87532.8984375,0
2025-12-17 02:05:00+00:00,87433.953125,87542.4296875,87433.953125,87542.4296875,185659392
2025-12-17 02:10:00+00:00,87308.6484375,87404.796875,87308.6484375,87404.796875,0
2025-12-17 02:15:00+00:00,87206.09375,87258.8671875,87200.109375,87258.8671875,984346624
2025-12-17 02:20:00+00:00,87266.0078125,87311.6796875,87262.734375,87262.734375,54145024
2025-12-17 02:25:00+00:00,87368.9921875,87368.9921875,87278.546875,87289.9140625,171728896
2025-12-17 02:30:00+00:00,87278.0234375,87335.359375,87278.0234375,87320.546875,0
2025-12-17 02:35:00+00:00,87318.203125,87346.0703125,87252.3125,87252.3125,0
2025-12-17 02:40:00+00:00,87383.5,87383.5,87340.6640625,87343.3515625,143044608
2025-12-17 02:45:00+00:00,87473.1953125,87473.1953125,87366.0859375,87366.0859375,0
2025-12-17 02:50:00+00:00,87449.046875,87560.7109375,87449.046875,87474.8984375,14950400
2025-12-17 02:55:00+00:00,87457.0234375,87461.15625,87432.9609375,87432.9609375,0
2025-12-17 03:00:00+00:00,87551.8828125,87551.8828125,87463.953125,87463.953125,0
2025-12-17 03:05:00+00:00,87578.96875,87580.171875,87541.6953125,87541.6953125,0
2025-12-17 03:10:00+00:00,87462.234375,87580.9765625,87462.234375,87580.9765625,0
2025-12-17 03:15:00+00:00,87426.4375,87449.8984375,87412.0390625,87449.4609375,0
2025-12-17 03:20:00+00:00,87418.375,87438.03125,87418.375,87420.984375,765911040
2025-12-17 03:25:00+00:00,87381.4140625,87426.3515625,87381.4140625,87415.546875,184774656
2025-12-17 03:30:00+00:00,87308.25,87350.9375,87308.25,87325.296875,0
2025-12-17 03:35:00+00:00,87193.8359375,87294.4921875,87193.8359375,87294.4921875,0
2025-12-17 03:40:00+00:00,87290.5,87290.5,87208.625,87209.140625,8658944
2025-12-17 03:45:00+00:00,87266.1328125,87267.21875,87251.09375,87251.09375,0
2025-12-17 03:50:00+00:00,87251.609375,87266.7578125,87251.609375,87265.171875,0
2025-12-17 03:55:00+00:00,87185.2109375,87250.5390625,87177.265625,87250.5390625,0
2025-12-17 04:00:00+00:00,87277.125,87277.125,87210.3828125,87210.3828125,57278464
2025-12-17 04:05:00+00:00,87349.5703125,87357.15625,87258.515625,87258.515625,0
2025-12-17 04:10:00+00:00,87323.4921875,87351.3203125,87320.0078125,87320.0078125,93908992
2025-12-17 04:15:00+00:00,87099.1796875,87310.7265625,87099.1796875,87310.7265625,0
2025-12-17 04:20:00+00:00,87045.8671875,87108.2578125,86991.6484375,87108.2578125,0
2025-12-17 04:25:00+00:00,87042.7734375,87127.2421875,87042.7734375,87063.2109375,1075896320
2025-12-17 04:30:00+00:00,87073.5625,87073.5625,87043.78125,87043.78125,94429184
2025-12-17 04:35:00+00:00,86900.28125,87019.6015625,86900.28125,87019.6015625,0
2025-12-17 04:40:00+00:00,86909.6796875,86943.4140625,86889.0,86889.0,11452416
2025-12-17 04:45:00+00:00,86795.5859375,86848.1484375,86788.4453125,86848.1484375,66383872
2025-12-17 04:50:00+00:00,86746.40625,86809.9921875,86746.40625,86799.7890625,0
2025-12-17 04:55:00+00:00,86777.421875,86802.4140625,86763.96875,86763.96875,0
2025-12-17 05:00:00+00:00,86430.5078125,86762.515625,86430.5078125,86762.515625,62054400
2025-12-17 05:05:00+00:00,86542.421875,86555.3125,86487.8828125,86487.8828125,0
2025-12-17 05:10:00+00:00,86656.34375,86676.5625,86611.6640625,86611.6640625,24698880
2025-12-17 05:15:00+00:00,86549.515625,86625.3671875,86549.515625,86609.640625,39317504
2025-12-17 05:20:00+00:00,86439.4921875,86547.1171875,86439.4921875,86547.1171875,116387840
2025-12-17 05:25:00+00:00,86292.5234375,86352.6484375,86229.78125,86352.6484375,0
2025-12-17 05:30:00+00:00,86430.5,86438.1328125,86330.640625,86414.4453125,146051072
2025-12-17 05:35:00+00:00,86279.7109375,86378.703125,86236.703125,86378.703125,102694912
2025-12-17 05:40:00+00:00,86441.9140625,86441.9140625,86325.1484375,86325.1484375,16355328
2025-12-17 05:45:00+00:00,86674.4296875,86674.4296875,86437.1640625,86466.6328125,0
2025-12-17 05:50:00+00:00,86617.875,86656.046875,86556.296875,86656.046875,34754560
2025-12-17 05:55:00+00:00,86602.9140625,86624.4609375,86602.9140625,86624.4609375,187047936
2025-12-17 06:00:00+00:00,86836.125,86836.125,86583.359375,86605.6484375,0
2025-12-17 06:05:00+00:00,86709.9296875,86839.8828125,86709.9296875,86839.8828125,0
2025-12-17 06:10:00+00:00,86855.4140625,86935.7421875,86831.4609375,86831.4609375,929210368
2025-12-17 06:15:00+00:00,86827.0625,86880.90625,86827.0625,86843.90625,188272640
2025-12-17 06:20:00+00:00,86821.8125,86903.3125,86821.8125,86858.15625,27570176
2025-12-17 06:25:00+00:00,86897.921875,86933.6328125,86878.765625,86933.6328125,0
2025-12-17 06:30:00+00:00,86891.265625,86902.4296875,86878.8984375,86878.8984375,70811648
2025-12-17 06:35:00+00:00,86839.21875,86870.046875,86821.4609375,86870.046875,0
2025-12-17 06:40:00+00:00,86774.1171875,86796.109375,86752.921875,86796.109375,0
2025-12-17 06:45:00+00:00,86727.4375,86779.46875,86727.4375,86767.703125,275537920
2025-12-17 06:50:00+00:00,86735.1796875,86749.1875,86735.1796875,86747.5078125,0
2025-12-17 06:55:00+00:00,86741.2734375,86747.8984375,86727.4140625,86731.734375,861712384
2025-12-17 07:00:00+00:00,86769.8046875,86769.8046875,86733.8203125,86743.6484375,0
2025-12-17 07:05:00+00:00,86795.1328125,86799.2734375,86772.5546875,86772.5546875,0
2025-12-17 07:10:00+00:00,86667.4296875,86789.828125,86663.2265625,86789.828125,0
2025-12-17 07:15:00+00:00,86631.828125,86651.859375,86631.828125,86639.703125,0
2025-12-17 07:20:00+00:00,86700.7109375,86700.7109375,86592.4453125,86592.4453125,0
2025-12-17 07:25:00+00:00,86706.9296875,86709.515625,86676.65625,86687.453125,0
2025-12-17 07:30:00+00:00,86810.0625,86828.7265625,86710.765625,86710.765625,0
2025-12-17 07:35:00+00:00,86980.1796875,87071.4921875,86980.1796875,86991.625,131166208
2025-12-17 07:40:00+00:00,87019.9296875,87019.9296875,87003.7109375,87003.7109375,0
2025-12-17 07:45:00+00:00,86924.46875,86990.25,86924.46875,86990.25,77852672
2025-12-17 07:50:00+00:00,86930.9921875,86936.2421875,86927.6796875,86932.6640625,0
2025-12-17 07:55:00+00:00,87032.375,87032.375,86939.7890625,86939.7890625,0
2025-12-17 08:00:00+00:00,86879.8359375,87024.109375,86879.8359375,87024.109375,0
2025-12-17 08:05:00+00:00,86858.1015625,86885.734375,86844.2578125,86844.2578125,0
2025-12-17 08:10:00+00:00,86809.9140625,86858.28125,86809.9140625,86817.1875,958156800
2025-12-17 08:15:00+00:00,86763.234375,86807.6171875,86760.359375,86807.6171875,120471552
2025-12-17 08:20:00+00:00,86642.1640625,86742.6328125,86635.5859375,86742.6328125,0
2025-12-17 08:25:00+00:00,86501.171875,86659.4375,86501.171875,86659.4375,0
2025-12-17 08:30:00+00:00,86398.7421875,86527.28125,86398.7421875,86504.578125,0
2025-12-17 08:35:00+00:00,86466.8671875,86466.8671875,86416.4609375,86428.6875,133771264
2025-12-17 08:40:00+00:00,86439.59375,86461.6015625,86439.59375,86453.8359375,182444032
2025-12-17 08:45:00+00:00,86422.8046875,86454.6484375,86390.890625,86454.6484375,0
2025-12-17 08:50:00+00:00,86379.640625,86414.96875,86379.640625,86405.9921875,59826176
2025-12-17 08:55:00+00:00,86348.0546875,86380.71875,86313.46875,86380.71875,0
2025-12-17 09:00:00+00:00,86424.7109375,86424.7109375,86365.984375,86365.984375,0
2025-12-17 09:05:00+00:00,86428.8984375,86428.8984375,86337.03125,86397.15625,345178112
2025-12-17 09:10:00+00:00,86434.0234375,86461.53125,86419.4609375,86461.53125,4698112
2025-12-17 09:15:00+00:00,86560.203125,86560.203125,86457.7734375,86457.7734375,0
2025-12-17 09:20:00+00:00,86357.28125,86554.6171875,86357.28125,86554.6171875,0
2025-12-17 09:25:00+00:00,86278.7421875,86424.1953125,86265.609375,86424.1953125,0
2025-12-17 09:30:00+00:00,86237.71875,86270.421875,86237.71875,86270.421875,0
2025-12-17 09:35:00+00:00,86337.546875,86337.546875,86299.2421875,86317.5,151371776
2025-12-17 09:40:00+00:00,86411.5,86411.5,86359.6796875,86359.6796875,0
2025-12-17 09:45:00+00:00,86420.46875,86421.046875,86404.2265625,86421.046875,107323392
2025-12-17 09:50:00+00:00,86418.5859375,86437.7890625,86418.5859375,86437.7890625,19951616
2025-12-17 09:55:00+00:00,86408.046875,86419.2265625,86408.046875,86419.2265625,0
2025-12-17 10:00:00+00:00,86341.8203125,86406.921875,86290.140625,86406.921875,0
2025-12-17 10:05:00+00:00,86393.953125,86393.953125,86349.4296875,86349.4296875,53780480
2025-12-17 10:10:00+00:00,86628.484375,86628.484375,86469.34375,86470.46875,0
2025-12-17 10:15:00+00:00,86526.671875,86667.734375,86526.0859375,86667.734375,95686656
2025-12-17 10:20:00+00:00,86681.9609375,86681.9609375,86566.03125,86566.03125,0
2025-12-17 10:25:00+00:00,86626.8203125,86700.6640625,86626.8203125,86669.1328125,26128384
2025-12-17 10:30:00+00:00,86631.046875,86631.046875,86497.078125,86576.8515625,140460032
2025-12-17 10:35:00+00:00,86671.1484375,86734.0078125,86671.1484375,86691.703125,90685440
2025-12-17 10:40:00+00:00,86691.8515625,86691.8515625,86660.21875,86660.21875,0
2025-12-17 10:45:00+00:00,86784.59375,86784.59375,86695.3203125,86695.3203125,0
2025-12-17 10:50:00+00:00,86659.71875,86729.7734375,86653.96875,86729.7734375,0
2025-12-17 10:55:00+00:00,86582.0234375,86611.046875,86554.8046875,86611.046875,0
2025-12-17 11:00:00+00:00,86601.4609375,86629.34375,86600.9921875,86600.9921875,7139328
2025-12-17 11:05:00+00:00,86644.15625,86644.15625,86566.7421875,86566.7421875,0
2025-12-17 11:10:00+00:00,86813.296875,86813.296875,86683.5,86709.3203125,0
2025-12-17 11:15:00+00:00,86831.53125,86831.53125,86826.4375,86826.4375,5652480
2025-12-17 11:20:00+00:00,86798.171875,86802.6875,86794.65625,86802.6875,159256576
2025-12-17 11:25:00+00:00,86782.0234375,86782.0234375,86772.75,86772.75,54331990016
2025-12-17 11:30:00+00:00,86776.6875,86790.7890625,86772.953125,86774.03125,0
2025-12-17 11:35:00+00:00,86854.9921875,86854.9921875,86805.7109375,86805.7109375,0
2025-12-17 11:40:00+00:00,86861.734375,86887.2421875,86859.7109375,86887.2421875,0
2025-12-17 11:45:00+00:00,86844.34375,86879.5078125,86844.28125,86864.1640625,48160768
2025-12-17 11:50:00+00:00,87000.5234375,87080.6953125,86847.828125,86847.828125,2859008
2025-12-17 11:55:00+00:00,86952.9765625,86974.2109375,86913.671875,86974.2109375,159526912
2025-12-17 12:00:00+00:00,87095.3515625,87095.3515625,86953.8359375,86953.8359375,0
2025-12-17 12:05:00+00:00,87165.5078125,87165.5078125,87106.1640625,87107.265625,0
2025-12-17 12:10:00+00:00,87100.546875,87151.6796875,87070.96875,87151.6796875,172556288
2025-12-17 12:15:00+00:00,87036.828125,87097.21875,87036.828125,87097.21875,0
2025-12-17 12:20:00+00:00,87004.25,87055.390625,87004.25,87055.390625,78200832
2025-12-17 12:25:00+00:00,86984.265625,87118.296875,86984.265625,87118.296875,0
2025-12-17 12:30:00+00:00,87044.2890625,87057.078125,87001.8359375,87057.078125,0
2025-12-17 12:35:00+00:00,87045.9609375,87053.34375,87038.3984375,87038.3984375,213217280
2025-12-17 12:40:00+00:00,86990.6484375,87040.7578125,86990.6484375,87028.59375,0
2025-12-17 12:45:00+00:00,86889.1328125,86889.1328125,86835.2734375,86839.5546875,0
2025-12-17 12:50:00+00:00,87038.59375,87038.59375,86893.53125,86893.53125,0
2025-12-17 12:55:00+00:00,86994.59375,87018.140625,86983.9140625,87018.140625,902561792
2025-12-17 13:00:00+00:00,86973.7265625,87051.09375,86973.7265625,86998.2265625,0
2025-12-17 13:05:00+00:00,87006.3203125,87169.921875,87006.3203125,87100.6640625,45404160
2025-12-17 13:10:00+00:00,87033.328125,87036.609375,86984.1796875,86984.1796875,58834944
2025-12-17 13:15:00+00:00,86832.21875,86873.078125,86832.21875,86873.078125,0
2025-12-17 13:20:00+00:00,86922.96875,86922.96875,86826.59375,86826.59375,0
2025-12-17 13:25:00+00:00,87046.6015625,87046.6015625,86957.296875,86957.296875,0
2025-12-17 13:30:00+00:00,87155.3125,87167.6015625,87051.921875,87051.921875,608264192
2025-12-17 13:35:00+00:00,87167.625,87248.8046875,87154.453125,87248.8046875,0
2025-12-17 13:40:00+00:00,87205.0703125,87205.0703125,87160.4921875,87160.4921875,0
2025-12-17 13:45:00+00:00,87676.1015625,87676.1015625,87346.0859375,87346.0859375,0
2025-12-17 13:50:00+00:00,87407.6328125,87546.7890625,87368.2578125,87546.7890625,0
2025-12-17 13:55:00+00:00,87636.28125,87636.28125,87495.2890625,87495.2890625,22171648
2025-12-17 14:00:00+00:00,87627.1953125,87675.703125,87595.859375,87618.9453125,0
2025-12-17 14:05:00+00:00,87579.5234375,87619.7890625,87494.1796875,87619.7890625,0
2025-12-17 14:10:00+00:00,87632.2578125,87642.515625,87579.8828125,87579.8828125,0
2025-12-17 14:15:00+00:00,87786.3515625,87786.3515625,87618.96875,87618.96875,0
2025-12-17 14:20:00+00:00,87791.46875,87809.921875,87757.609375,87809.921875,0
2025-12-17 14:25:00+00:00,87681.6015625,87754.0859375,87681.6015625,87734.25,931215360
2025-12-17 14:30:00+00:00,87644.3359375,87863.4765625,87644.3359375,87699.015625,0
2025-12-17 14:35:00+00:00,87513.4765625,87617.4296875,87434.3125,87582.8671875,0
2025-12-17 14:40:00+00:00,87420.4921875,87562.0,87420.4921875,87420.9375,0
2025-12-17 14:45:00+00:00,87241.40625,87445.671875,87194.9609375,87445.671875,95703040
2025-12-17 14:50:00+00:00,88877.3515625,88877.3515625,87424.328125,87424.328125,267956224
2025-12-17 14:55:00+00:00,89451.8046875,89451.8046875,89117.609375,89117.609375,0
2025-12-17 15:00:00+00:00,89704.8125,89704.8125,89524.5,89524.5,1325506560
2025-12-17 15:05:00+00:00,90016.40625,90197.6875,89887.046875,89887.046875,462225408
2025-12-17 15:10:00+00:00,90043.265625,90043.265625,89808.203125,89808.203125,781565952
2025-12-17 15:15:00+00:00,90038.5625,90234.7734375,90038.5625,90194.296875,352329728
2025-12-17 15:20:00+00:00,89915.0390625,89948.4921875,89859.46875,89894.7421875,75190272
2025-12-17 15:25:00+00:00,89834.9296875,89839.1484375,89661.0625,89839.1484375,339472384
2025-12-17 15:30:00+00:00,89888.515625,89959.875,89878.125,89878.125,211009536
2025-12-17 15:35:00+00:00,89453.5390625,89877.875,89453.5390625,89877.875,274665472
2025-12-17 15:40:00+00:00,88706.453125,89372.140625,88706.453125,89372.140625,0
2025-12-17 15:45:00+00:00,88357.3828125,88634.390625,88292.1015625,88634.390625,440623104
2025-12-17 15:50:00+00:00,87639.65625,88281.0703125,87639.65625,88281.0703125,0
2025-12-17 15:55:00+00:00,87302.0546875,87586.1875,87302.0546875,87586.1875,597848064
2025-12-17 16:00:00+00:00,87693.265625,87693.265625,87222.421875,87222.421875,0
2025-12-17 16:05:00+00:00,87545.3046875,87570.6328125,87399.515625,87399.515625,1132244992
2025-12-17 16:10:00+00:00,87333.9375,87588.2890625,87333.9375,87588.2890625,247562240
2025-12-17 16:15:00+00:00,86650.7734375,87033.515625,86650.7734375,87033.515625,202838016
2025-12-17 16:20:00+00:00,86370.5546875,86653.0703125,86370.5546875,86653.0703125,136781824
2025-12-17 16:25:00+00:00,86409.328125,86546.5546875,86360.3125,86360.3125,224575488
2025-12-17 16:30:00+00:00,86222.9609375,86317.3984375,86163.265625,86317.3984375,155430912
2025-12-17 16:35:00+00:00,86466.7890625,86574.65625,86248.40625,86518.046875,452403200
2025-12-17 16:40:00+00:00,86460.1796875,86460.1796875,86318.296875,86370.1796875,151629824
2025-12-17 16:45:00+00:00,86611.3359375,86688.3828125,86593.328125,86593.328125,0
2025-12-17 16:50:00+00:00,86749.734375,86749.734375,86489.015625,86720.2265625,23781376
2025-12-17 16:55:00+00:00,86909.4375,86909.4375,86728.6640625,86798.5703125,283213824
2025-12-17 17:00:00+00:00,86713.609375,86913.578125,86713.609375,86913.578125,0
2025-12-17 17:05:00+00:00,86579.9453125,86682.90625,86574.2734375,86574.2734375,84459520
2025-12-17 17:10:00+00:00,86717.2890625,86717.2890625,86530.28125,86530.28125,298237952
2025-12-17 17:15:00+00:00,86858.171875,86858.171875,86651.3515625,86651.3515625,137973760
2025-12-17 17:20:00+00:00,87004.671875,87042.3046875,86889.71875,86889.71875,68358144
2025-12-17 17:25:00+00:00,86952.296875,87041.5546875,86952.296875,87037.828125,110039040
2025-12-17 17:30:00+00:00,86812.5625,86872.4921875,86774.890625,86872.4921875,0
2025-12-17 17:35:00+00:00,86732.578125,86759.0234375,86732.578125,86759.0234375,0
2025-12-17 17:40:00+00:00,86499.8203125,86629.828125,86499.8203125,86629.828125,0
2025-12-17 17:45:00+00:00,86406.2734375,86406.2734375,86311.8984375,86339.3203125,2514944
2025-12-17 17:50:00+00:00,86440.828125,86526.140625,86440.828125,86472.4609375,237662208
2025-12-17 17:55:00+00:00,86422.5234375,86435.5390625,86333.15625,86333.15625,79794176
2025-12-17 18:00:00+00:00,86580.3046875,86623.2734375,86394.6875,86394.6875,0
2025-12-17 18:05:00+00:00,86785.1171875,86785.1171875,86641.4296875,86641.4296875,117596160
2025-12-17 18:10:00+00:00,86556.09375,86706.921875,86539.9140625,86706.921875,0
2025-12-17 18:15:00+00:00,86495.15625,86507.0859375,86441.3984375,86507.0859375,0
2025-12-17 18:20:00+00:00,86651.4921875,86651.4921875,86563.3203125,86563.3203125,0
2025-12-17 18:25:00+00:00,86437.9921875,86608.40625,86437.9921875,86608.40625,1132658688
2025-12-17 18:30:00+00:00,86500.640625,86500.640625,86455.328125,86455.328125,0
2025-12-17 18:35:00+00:00,86408.1484375,86459.828125,86371.765625,86459.828125,94797824
2025-12-17 18:40:00+00:00,85807.1015625,86379.109375,85807.1015625,86379.109375,0
2025-12-17 18:45:00+00:00,85820.3203125,85934.546875,85810.109375,85934.546875,1721032704
2025-12-17 18:50:00+00:00,85869.890625,85869.890625,85735.890625,85771.6953125,1210716160
2025-12-17 18:55:00+00:00,85754.4453125,85895.515625,85754.4453125,85895.515625,171917312
2025-12-17 19:00:00+00:00,85592.2109375,85793.1640625,85591.5,85793.1640625,0
2025-12-17 19:05:00+00:00,85386.3046875,85565.28125,85386.3046875,85563.6328125,497995776
2025-12-17 19:10:00+00:00,85430.8671875,85451.4296875,85344.1796875,85345.0390625,0
2025-12-17 19:15:00+00:00,85758.59375,85758.59375,85513.75,85516.71875,0
2025-12-17 19:20:00+00:00,85851.6015625,85851.6015625,85727.21875,85727.21875,1241317376
2025-12-17 19:25:00+00:00,85695.015625,85823.3515625,85695.015625,85823.3515625,137605120
2025-12-17 19:30:00+00:00,85531.7109375,85734.234375,85531.7109375,85681.015625,0
2025-12-17 19:35:00+00:00,85707.375,85707.375,85429.453125,85430.1953125,199303168
2025-12-17 19:40:00+00:00,85592.0078125,85788.6015625,85592.0078125,85788.6015625,0
2025-12-17 19:45:00+00:00,85883.0703125,85883.0703125,85737.3515625,85737.3515625,346443776
2025-12-17 19:50:00+00:00,86040.0703125,86040.0703125,85888.5625,85888.5625,38760448
2025-12-17 19:55:00+00:00,85976.78125,86112.2109375,85970.671875,86112.2109375,204972032
2025-12-17 20:00:00+00:00,85801.125,85986.8203125,85801.125,85986.8203125,0
2025-12-17 20:05:00+00:00,85702.421875,85713.3046875,85697.625,85697.625,0
2025-12-17 20:10:00+00:00,85663.2734375,85670.0859375,85635.21875,85670.0859375,0
2025-12-17 20:15:00+00:00,86067.609375,86067.609375,85731.4609375,85731.4609375,1098600448
2025-12-17 20:20:00+00:00,86140.265625,86156.578125,86096.2578125,86096.2578125,46833664
2025-12-17 20:25:00+00:00,86074.03125,86168.734375,86074.03125,86168.734375,321286144
2025-12-17 20:30:00+00:00,85889.3359375,86101.875,85889.3359375,86101.875,0
2025-12-17 20:35:00+00:00,85956.5859375,85998.4765625,85948.4140625,85948.4140625,55222272
2025-12-17 20:40:00+00:00,86046.2734375,86046.2734375,85882.6328125,85882.6328125,154685440
2025-12-17 20:45:00+00:00,86064.34375,86120.6015625,86035.2890625,86078.328125,224083968
2025-12-17 20:50:00+00:00,85959.359375,86094.3203125,85959.359375,86094.3203125,0
2025-12-17 20:55:00+00:00,85852.1484375,85990.609375,85838.203125,85990.609375,43634688
2025-12-17 21:00:00+00:00,85963.125,85963.125,85836.9140625,85836.9140625,0
2025-12-17 21:05:00+00:00,85907.3984375,85978.1875,85907.3984375,85978.1875,905187328
2025-12-17 21:10:00+00:00,86004.515625,86004.515625,85913.0703125,85927.71875,188010496
2025-12-17 21:15:00+00:00,85888.75,85977.890625,85888.75,85977.890625,171892736
2025-12-17 21:20:00+00:00,85773.3125,85842.125,85758.6015625,85842.125,0
2025-12-17 21:25:00+00:00,85790.6640625,85807.046875,85777.0703125,85777.0703125,0
2025-12-17 21:30:00+00:00,85872.4609375,85872.4609375,85803.734375,85803.734375,1141166080
2025-12-17 21:35:00+00:00,85746.515625,85804.984375,85713.6015625,85713.6015625,0
2025-12-17 21:40:00+00:00,85833.8203125,85834.4296875,85725.46875,85725.46875,0
2025-12-17 21:45:00+00:00,85877.390625,85884.7734375,85869.203125,85869.203125,219607040
2025-12-17 21:50:00+00:00,85876.515625,85876.515625,85845.9375,85870.84375,14024704
2025-12-17 21:55:00+00:00,85950.6640625,85975.375,85945.90625,85945.90625,0
2025-12-17 22:00:00+00:00,85922.2421875,85955.125,85920.78125,85945.2109375,228130816
2025-12-17 22:05:00+00:00,86054.5625,86054.5625,85907.859375,85938.2890625,39055360
2025-12-17 22:10:00+00:00,86060.890625,86060.890625,85973.109375,86056.0703125,77787136
2025-12-17 22:15:00+00:00,86152.0625,86152.0625,86040.984375,86040.984375,0
2025-12-17 22:20:00+00:00,86059.2109375,86059.2109375,85996.0625,85996.0625,1744896
2025-12-17 22:25:00+00:00,86350.875,86350.875,86127.65625,86127.65625,518135808
2025-12-17 22:30:00+00:00,86233.515625,86245.515625,86218.171875,86218.171875,0
2025-12-17 22:35:00+00:00,86158.6328125,86219.46875,86148.2578125,86219.46875,17907712
2025-12-17 22:40:00+00:00,86160.6796875,86160.6796875,86103.828125,86103.828125,0
2025-12-17 22:45:00+00:00,86149.0703125,86160.96875,86114.2890625,86160.96875,148799488
2025-12-17 22:50:00+00:00,86248.140625,86248.140625,86159.359375,86163.046875,0
2025-12-17 22:55:00+00:00,86298.7265625,86338.1015625,86286.71875,86338.1015625,0
2025-12-17 23:00:00+00:00,86205.015625,86305.0078125,86157.5703125,86305.0078125,0
2025-12-17 23:05:00+00:00,86109.390625,86188.3515625,86109.390625,86150.25,0
2025-12-17 23:10:00+00:00,86054.2734375,86148.2265625,86054.2734375,86133.984375,1174007808
2025-12-17 23:15:00+00:00,86014.9765625,86014.9765625,85975.59375,85982.4921875,0
2025-12-17 23:20:00+00:00,86033.1875,86034.6171875,86013.2890625,86034.6171875,185200640
2025-12-17 23:25:00+00:00,85965.90625,86001.921875,85947.3203125,86001.921875,0
2025-12-17 23:30:00+00:00,85930.3203125,85997.8671875,85930.3203125,85997.8671875,0
2025-12-17 23:35:00+00:00,86039.84375,86039.84375,85930.3203125,85930.3203125,26644480
2025-12-17 23:40:00+00:00,86080.6015625,86080.6015625,86059.4375,86063.390625,0
2025-12-17 23:45:00+00:00,86109.5234375,86122.3515625,86070.046875,86070.046875,120131584
2025-12-17 23:50:00+00:00,86073.109375,86127.8671875,86064.3828125,86112.9140625,0
2025-12-17 23:55:00+00:00,86105.1328125,86105.1328125,86042.203125,86059.5859375,119402496
2025-12-18 00:00:00+00:00,86172.1640625,86206.5078125,86172.1640625,86196.7890625,0
2025-12-18 00:05:00+00:00,86089.8671875,86165.15625,86089.8671875,86159.2890625,0
2025-12-18 00:10:00+00:00,86157.0390625,86157.0390625,86099.0703125,86101.7578125,202940416
2025-12-18 00:15:00+00:00,86142.078125,86182.265625,86142.078125,86144.9140625,0
2025-12-18 00:20:00+00:00,86113.9765625,86120.5390625,86039.640625,86111.2890625,0
2025-12-18 00:25:00+00:00,86105.96875,86125.1171875,86105.96875,86106.265625,0
2025-12-18 00:30:00+00:00,86227.828125,86227.828125,86204.21875,86214.5703125,0
2025-12-18 00:35:00+00:00,86253.9765625,86272.6484375,86213.671875,86272.6484375,0
2025-12-18 00:40:00+00:00,86155.0859375,86258.4140625,86138.375,86258.4140625,0
2025-12-18 00:45:00+00:00,86160.40625,86160.40625,86123.1015625,86132.6875,377483264
2025-12-18 00:50:00+00:00,86237.6171875,86237.6171875,86205.6484375,86209.6015625,2744320
2025-12-18 00:55:00+00:00,86203.75,86233.8125,86201.15625,86233.8125,0
2025-12-18 01:00:00+00:00,86097.0625,86202.46875,86097.0625,86202.46875,0
2025-12-18 01:05:00+00:00,85901.28125,86064.359375,85901.28125,86064.359375,0
2025-12-18 01:10:00+00:00,85933.0234375,85933.0234375,85848.5,85871.4296875,0
2025-12-18 01:15:00+00:00,85893.65625,85989.6171875,85893.65625,85941.25,450613248
2025-12-18 01:20:00+00:00,86012.234375,86018.2890625,85908.8828125,85908.8828125,0
2025-12-18 01:25:00+00:00,85995.5625,86008.515625,85975.046875,86008.515625,0
2025-12-18 01:30:00+00:00,85986.203125,85986.203125,85966.1796875,85977.890625,0
2025-12-18 01:35:00+00:00,86097.0078125,86097.0078125,85965.84375,85999.421875,6008832
2025-12-18 01:40:00+00:00,86098.984375,86107.1953125,85994.96875,85994.96875,0
2025-12-18 01:45:00+00:00,86149.640625,86149.640625,86092.0703125,86110.6171875,40185856
2025-12-18 01:50:00+00:00,86085.0625,86147.6796875,86008.921875,86146.6953125,0
2025-12-18 01:55:00+00:00,86097.6953125,86097.6953125,86044.9921875,86044.9921875,368754688
2025-12-18 02:00:00+00:00,86037.40625,86095.859375,86037.40625,86095.859375,0
2025-12-18 02:05:00+00:00,86205.4453125,86205.4453125,86075.875,86075.875,194080768
2025-12-18 02:10:00+00:00,86488.46875,86488.46875,86183.4765625,86183.4765625,34918400
2025-12-18 02:15:00+00:00,86736.5390625,86736.5390625,86459.21875,86459.21875,0
2025-12-18 02:20:00+00:00,86458.09375,86601.6484375,86440.0,86601.6484375,0
2025-12-18 02:25:00+00:00,86408.21875,86408.21875,86303.0625,86369.6953125,219742208
2025-12-18 02:30:00+00:00,86443.3984375,86443.3984375,86396.4296875,86396.4296875,0
2025-12-18 02:35:00+00:00,86544.3984375,86598.6640625,86517.625,86517.625,0
2025-12-18 02:40:00+00:00,86605.5625,86605.5625,86556.921875,86556.921875,861233152
2025-12-18 02:45:00+00:00,86648.765625,86710.3515625,86648.765625,86666.609375,127111168
2025-12-18 02:50:00+00:00,86661.2421875,86661.2421875,86642.9765625,86644.28125,123158528
2025-12-18 02:55:00+00:00,86641.4375,86704.21875,86617.8203125,86704.21875,0
2025-12-18 03:00:00+00:00,86567.6015625,86578.734375,86524.75,86550.265625,340717568
2025-12-18 03:05:00+00:00,86591.875,86591.875,86542.7578125,86588.03125,0
2025-12-18 03:10:00+00:00,86593.515625,86636.34375,86586.1640625,86586.1640625,234475520
2025-12-18 03:15:00+00:00,86400.921875,86593.515625,86400.921875,86593.515625,0
2025-12-18 03:20:00+00:00,86463.875,86474.2421875,86463.875,86474.2421875,104325120
2025-12-18 03:25:00+00:00,86358.2265625,86413.03125,86334.328125,86413.03125,0
2025-12-18 03:30:00+00:00,86318.421875,86328.53125,86254.765625,86328.53125,1723695104
2025-12-18 03:35:00+00:00,86405.609375,86405.609375,86332.953125,86332.953125,0
2025-12-18 03:40:00+00:00,86494.3359375,86513.421875,86463.6953125,86463.6953125,94203904
2025-12-18 03:45:00+00:00,86503.1171875,86503.1171875,86479.796875,86479.796875,0
2025-12-18 03:50:00+00:00,86538.5859375,86609.9921875,86538.5859375,86545.21875,357724160
2025-12-18 03:55:00+00:00,86554.53125,86571.796875,86554.53125,86571.796875,0
2025-12-18 04:00:00+00:00,86733.3046875,86733.3046875,86583.875,86583.875,163307520
2025-12-18 04:05:00+00:00,86748.3203125,86773.359375,86748.3203125,86770.5546875,0
2025-12-18 04:10:00+00:00,86691.4921875,86691.4921875,86665.65625,86665.65625,0
2025-12-18 04:15:00+00:00,86707.28125,86707.28125,86694.4453125,86703.7109375,1182060544
2025-12-18 04:20:00+00:00,86819.5546875,86819.5546875,86729.3828125,86729.3828125,115523584
2025-12-18 04:25:00+00:00,86810.0390625,86848.9375,86810.0390625,86842.671875,0
2025-12-18 04:30:00+00:00,86827.296875,86857.8359375,86827.296875,86827.3046875,126255104
2025-12-18 04:35:00+00:00,86818.4765625,86830.640625,86809.9453125,86830.640625,0
2025-12-18 04:40:00+00:00,86829.359375,86829.359375,86799.859375,86799.859375,0
2025-12-18 04:45:00+00:00,86804.5390625,86814.078125,86798.765625,86814.078125,65331200
2025-12-18 04:50:00+00:00,86762.625,86764.4296875,86761.421875,86764.4296875,0
2025-12-18 04:55:00+00:00,86733.515625,86786.6015625,86733.515625,86763.3203125,250089472
2025-12-18 05:00:00+00:00,86712.25,86727.9765625,86708.2890625,86727.9765625,0
2025-12-18 05:05:00+00:00,86673.9296875,86700.515625,86653.984375,86700.515625,316628992
2025-12-18 05:10:00+00:00,86612.578125,86650.8828125,86612.578125,86646.7890625,0
2025-12-18 05:15:00+00:00,86602.765625,86602.765625,86578.234375,86588.6796875,0
2025-12-18 05:20:00+00:00,86569.1953125,86580.3828125,86569.1953125,86580.3828125,0
2025-12-18 05:25:00+00:00,86530.5234375,86542.96875,86517.609375,86535.6015625,139845632
2025-12-18 05:30:00+00:00,86513.5390625,86528.8046875,86485.4453125,86528.8046875,0
2025-12-18 05:35:00+00:00,86549.828125,86549.828125,86495.65625,86495.65625,0
2025-12-18 05:40:00+00:00,86651.1796875,86694.8671875,86562.4375,86562.4375,0
2025-12-18 05:45:00+00:00,86557.015625,86644.4375,86525.265625,86644.4375,307630080
2025-12-18 05:50:00+00:00,86441.21875,86471.5859375,86441.21875,86471.5859375,0
2025-12-18 05:55:00+00:00,86394.859375,86397.9921875,86360.46875,86397.9921875,177803264
2025-12-18 06:00:00+00:00,86408.65625,86430.0,86392.3515625,86397.921875,0
2025-12-18 06:05:00+00:00,86472.9296875,86472.9296875,86451.1484375,86451.1484375,0
2025-12-18 06:10:00+00:00,86506.953125,86506.953125,86498.65625,86498.65625,0
2025-12-18 06:15:00+00:00,86477.265625,86550.3828125,86477.265625,86514.7890625,0
2025-12-18 06:20:00+00:00,86407.6015625,86465.90625,86407.6015625,86436.6640625,5038080
2025-12-18 06:25:00+00:00,86455.0,86455.0,86431.1171875,86433.0,184868864
2025-12-18 06:30:00+00:00,86467.5,86479.625,86440.1953125,86440.1953125,0
2025-12-18 06:35:00+00:00,86412.234375,86457.8671875,86403.2734375,86403.2734375,7835648
2025-12-18 06:40:00+00:00,86467.5390625,86467.5390625,86413.921875,86420.875,0
2025-12-18 06:45:00+00:00,86414.7109375,86451.8203125,86414.7109375,86451.8203125,0
2025-12-18 06:50:00+00:00,86480.6953125,86503.2578125,86480.6953125,86503.2578125,250159104
2025-12-18 06:55:00+00:00,86592.9375,86592.9375,86487.1953125,86487.1953125,0
2025-12-18 07:00:00+00:00,86666.6875,86685.1328125,86636.453125,86636.453125,0
2025-12-18 07:05:00+00:00,86590.421875,86616.3671875,86590.421875,86616.3671875,199020544
2025-12-18 07:10:00+00:00,86767.8359375,86794.609375,86614.234375,86614.234375,2035712
2025-12-18 07:15:00+00:00,86810.921875,86820.03125,86785.40625,86790.375,40693760
2025-12-18 07:20:00+00:00,86800.578125,86808.9453125,86794.1484375,86794.1484375,0
2025-12-18 07:25:00+00:00,86791.0859375,86808.9296875,86783.890625,86808.9296875,217112576
2025-12-18 07:30:00+00:00,86797.234375,86823.0234375,86797.234375,86803.1171875,212848640
2025-12-18 07:35:00+00:00,86766.3515625,86785.7578125,86766.3515625,86785.7578125,0
2025-12-18 07:40:00+00:00,86700.046875,86702.796875,86682.328125,86682.328125,0
2025-12-18 07:45:00+00:00,86768.0078125,86768.0078125,86695.8359375,86710.25,175542272
2025-12-18 07:50:00+00:00,86722.1171875,86748.546875,86722.1171875,86748.546875,0
2025-12-18 07:55:00+00:00,86772.3515625,86772.3515625,86707.1796875,86707.1796875,17444864
2025-12-18 08:00:00+00:00,86843.46875,86843.46875,86796.6328125,86796.6328125,441589760
2025-12-18 08:05:00+00:00,86700.859375,86778.8515625,86700.859375,86744.3671875,25997312
2025-12-18 08:10:00+00:00,86696.15625,86702.296875,86674.5703125,86702.296875,0
2025-12-18 08:15:00+00:00,86783.4921875,86791.546875,86745.03125,86745.03125,0
2025-12-18 08:20:00+00:00,86812.25,86812.25,86792.2578125,86795.8515625,0
2025-12-18 08:25:00+00:00,86886.296875,86951.2578125,86886.296875,86928.203125,0
2025-12-18 08:30:00+00:00,86936.7421875,87007.671875,86936.7421875,86963.609375,930496512
2025-12-18 08:35:00+00:00,86945.6015625,86994.859375,86945.6015625,86983.5625,366112768
2025-12-18 08:40:00+00:00,87017.7734375,87017.7734375,86957.5,86957.5,0
2025-12-18 08:45:00+00:00,87036.234375,87036.234375,86956.78125,86988.1953125,307249152
2025-12-18 08:50:00+00:00,86989.65625,87000.125,86989.65625,86999.6484375,0
2025-12-18 08:55:00+00:00,86946.1015625,86950.75,86936.21875,86950.75,121851904
2025-12-18 09:00:00+00:00,86851.5625,86942.5546875,86851.5625,86942.5546875,0
2025-12-18 09:05:00+00:00,86829.6640625,86904.0859375,86829.6640625,86886.40625,33898496
2025-12-18 09:10:00+00:00,86845.3515625,86845.3515625,86844.5,86844.5,0
2025-12-18 09:15:00+00:00,86857.3671875,86857.3671875,86775.515625,86775.515625,57831424
2025-12-18 09:20:00+00:00,86887.9921875,86887.9921875,86841.859375,86841.859375,62377984
2025-12-18 09:25:00+00:00,86962.390625,86989.7890625,86962.390625,86989.7890625,0
2025-12-18 09:30:00+00:00,87166.46875,87166.46875,86980.1640625,86980.1640625,184778752
2025-12-18 09:35:00+00:00,87151.6484375,87187.28125,87151.6484375,87183.6640625,0
2025-12-18 09:40:00+00:00,87220.2578125,87220.2578125,87138.2109375,87138.2109375,0
2025-12-18 09:45:00+00:00,87279.5625,87327.046875,87279.5625,87327.046875,208576512
2025-12-18 09:50:00+00:00,87295.546875,87316.125,87277.6171875,87277.6171875,0
2025-12-18 09:55:00+00:00,87257.828125,87287.0625,87257.828125,87270.6796875,438312960
2025-12-18 10:00:00+00:00,87230.4765625,87247.1171875,87222.6171875,87242.3359375,0
2025-12-18 10:05:00+00:00,87308.5234375,87367.78125,87286.53125,87286.53125,0
2025-12-18 10:10:00+00:00,87327.90625,87334.6796875,87327.90625,87334.6796875,166383616
2025-12-18 10:15:00+00:00,87250.6328125,87300.171875,87250.6328125,87300.171875,114323456
2025-12-18 10:20:00+00:00,87304.0390625,87316.6796875,87294.8359375,87294.8359375,4136960
2025-12-18 10:25:00+00:00,87352.0234375,87352.0234375,87328.0078125,87328.0078125,0
2025-12-18 10:30:00+00:00,87389.9140625,87389.9140625,87343.0859375,87343.0859375,158224384
2025-12-18 10:35:00+00:00,87316.5234375,87347.21875,87316.5234375,87347.21875,0
2025-12-18 10:40:00+00:00,87265.5703125,87311.046875,87265.5703125,87311.046875,56033280
2025-12-18 10:45:00+00:00,87234.484375,87298.84375,87234.484375,87285.9609375,42110976
2025-12-18 10:50:00+00:00,87236.5,87237.7890625,87218.3125,87218.3125,0
2025-12-18 10:55:00+00:00,87255.8359375,87255.8359375,87237.40625,87237.40625,0
2025-12-18 11:00:00+00:00,87190.7421875,87291.1953125,87190.7421875,87281.8828125,210870272
2025-12-18 11:05:00+00:00,87136.1328125,87174.1953125,87128.1171875,87174.1953125,207294464
2025-12-18 11:10:00+00:00,87147.5390625,87196.0390625,87147.5390625,87196.0390625,0
2025-12-18 11:15:00+00:00,87101.78125,87101.78125,87094.609375,87101.453125,0
2025-12-18 11:20:00+00:00,87107.1328125,87107.1328125,87091.6328125,87091.6328125,0
2025-12-18 11:25:00+00:00,87119.296875,87119.296875,87071.96875,87094.4921875,5083136
2025-12-18 11:30:00+00:00,87170.5703125,87205.0,87132.09375,87132.09375,13967360
2025-12-18 11:35:00+00:00,87138.1875,87140.1484375,87117.2890625,87140.1484375,167936
2025-12-18 11:40:00+00:00,87119.0390625,87119.0390625,87105.515625,87114.328125,0
2025-12-18 11:45:00+00:00,87153.0234375,87153.0234375,87105.2265625,87105.2265625,395616256
2025-12-18 11:50:00+00:00,87141.0234375,87169.8515625,87141.0234375,87169.8515625,0
2025-12-18 11:55:00+00:00,87220.5234375,87222.453125,87204.7265625,87204.7265625,0
2025-12-18 12:00:00+00:00,87246.4921875,87271.328125,87246.4921875,87271.328125,0
2025-12-18 12:05:00+00:00,87268.5234375,87285.2265625,87242.0703125,87266.6484375,0
2025-12-18 12:10:00+00:00,87126.0390625,87245.390625,87126.0390625,87245.390625,74256384
2025-12-18 12:15:00+00:00,87153.3046875,87153.3046875,87119.796875,87119.796875,0
2025-12-18 12:20:00+00:00,87177.1171875,87177.1171875,87168.609375,87168.609375,177598464
2025-12-18 12:25:00+00:00,87103.390625,87157.8828125,87103.390625,87157.8828125,0
2025-12-18 12:30:00+00:00,87325.0703125,87325.0703125,87135.0,87135.0,0
2025-12-18 12:35:00+00:00,87324.109375,87351.9609375,87296.109375,87296.109375,0
2025-12-18 12:40:00+00:00,87337.8984375,87355.9375,87337.8984375,87349.7109375,224747520
2025-12-18 12:45:00+00:00,87248.1484375,87352.75,87248.1484375,87340.9453125,0
2025-12-18 12:50:00+00:00,87130.8359375,87190.8984375,87130.8359375,87190.8984375,0
2025-12-18 12:55:00+00:00,87181.09375,87181.578125,87131.65625,87131.65625,65536
2025-12-18 13:00:00+00:00,87592.9375,87592.9375,87313.1640625,87313.1640625,235139072
2025-12-18 13:05:00+00:00,87664.078125,87664.078125,87580.8828125,87628.0859375,0
2025-12-18 13:10:00+00:00,87863.859375,87863.859375,87619.4921875,87723.578125,155590656
2025-12-18 13:15:00+00:00,87662.7578125,87846.984375,87662.7578125,87846.984375,32555008
2025-12-18 13:20:00+00:00,87619.0234375,87664.40625,87600.046875,87664.40625,173793280
2025-12-18 13:25:00+00:00,87595.5234375,87627.5234375,87587.7578125,87627.5234375,28393472
2025-12-18 13:30:00+00:00,87980.953125,88171.2265625,87600.5078125,87600.5078125,641335296
2025-12-18 13:35:00+00:00,88158.1796875,88269.484375,88108.578125,88108.578125,495288320
2025-12-18 13:40:00+00:00,88695.46875,88695.46875,88251.3984375,88251.3984375,202493952
2025-12-18 13:45:00+00:00,88982.109375,88982.109375,88711.4140625,88711.4140625,0
2025-12-18 13:50:00+00:00,88974.203125,89106.109375,88974.203125,88976.734375,1637056512
2025-12-18 13:55:00+00:00,88797.2890625,88840.6796875,88794.0078125,88840.6796875,391643136
2025-12-18 14:00:00+00:00,89029.8203125,89283.6640625,88935.765625,88935.765625,66043904
2025-12-18 14:05:00+00:00,88948.6015625,89114.8359375,88948.6015625,89060.546875,277610496
2025-12-18 14:10:00+00:00,88334.53125,88839.578125,88302.390625,88839.578125,0
2025-12-18 14:15:00+00:00,88626.4453125,88626.4453125,88145.25,88145.25,1717997568
2025-12-18 14:20:00+00:00,88482.2421875,88604.3828125,88477.7265625,88604.3828125,212480000
2025-12-18 14:25:00+00:00,88475.7265625,88521.453125,88456.984375,88521.453125,200589312
2025-12-18 14:30:00+00:00,88404.0859375,88819.3828125,88404.0859375,88477.046875,380547072
2025-12-18 14:35:00+00:00,88162.4921875,88371.8984375,88081.7265625,88371.8984375,133853184
2025-12-18 14:40:00+00:00,88006.4375,88156.59375,88006.4375,88156.59375,298876928
2025-12-18 14:45:00+00:00,88065.0,88116.8359375,87784.625,87784.625,478842880
2025-12-18 14:50:00+00:00,88190.3828125,88190.3828125,87897.78125,87897.78125,0
2025-12-18 14:55:00+00:00,88299.4140625,88360.9453125,88299.4140625,88360.9453125,980000768
2025-12-18 15:00:00+00:00,88318.2734375,88369.046875,88318.2734375,88369.046875,0
2025-12-18 15:05:00+00:00,88509.0546875,88561.6171875,88215.8125,88215.8125,0
2025-12-18 15:10:00+00:00,88033.359375,88251.3046875,88033.359375,88251.3046875,0
2025-12-18 15:15:00+00:00,88144.3359375,88181.859375,88058.5390625,88058.5390625,0
2025-12-18 15:20:00+00:00,88215.9453125,88215.9453125,88165.375,88173.7109375,0
2025-12-18 15:25:00+00:00,88531.578125,88531.578125,88269.9609375,88269.9609375,137613312
2025-12-18 15:30:00+00:00,88363.2890625,88397.890625,88358.0703125,88358.0703125,115204096
2025-12-18 15:35:00+00:00,89131.0390625,89131.0390625,88600.25,88600.25,0
2025-12-18 15:40:00+00:00,89194.7421875,89279.9609375,89194.7421875,89279.9609375,118857728
2025-12-18 15:45:00+00:00,88751.8515625,89037.1484375,88751.8515625,89037.1484375,0
2025-12-18 15:50:00+00:00,88699.34375,88714.953125,88651.078125,88708.4453125,71782400
2025-12-18 15:55:00+00:00,88502.203125,88688.296875,88489.703125,88688.296875,0
2025-12-18 16:00:00+00:00,88344.7109375,88447.6328125,88280.5078125,88447.6328125,0
2025-12-18 16:05:00+00:00,88466.8203125,88466.8203125,88417.3828125,88417.3828125,0
2025-12-18 16:10:00+00:00,88325.1640625,88420.2265625,88325.1640625,88420.2265625,0
2025-12-18 16:15:00+00:00,88295.765625,88318.9609375,88153.8671875,88220.65625,0
2025-12-18 16:20:00+00:00,88016.1796875,88157.8203125,88016.1796875,88067.671875,0
2025-12-18 16:25:00+00:00,87913.5,88096.8828125,87913.5,88096.8828125,116695040
2025-12-18 16:30:00+00:00,88146.4609375,88148.375,88046.0546875,88046.0546875,0
2025-12-18 16:35:00+00:00,88171.65625,88171.65625,88060.1953125,88060.1953125,491765760
2025-12-18 16:40:00+00:00,88249.1640625,88340.0078125,88249.1640625,88269.8515625,0
2025-12-18 16:45:00+00:00,88095.71875,88245.1796875,88095.71875,88191.4296875,0
2025-12-18 16:50:00+00:00,88082.3515625,88089.3046875,88024.953125,88024.953125,151748608
2025-12-18 16:55:00+00:00,87928.2421875,88067.734375,87900.78125,88067.734375,69754880
2025-12-18 17:00:00+00:00,87642.2578125,87900.3125,87642.2578125,87900.3125,0
2025-12-18 17:05:00+00:00,87053.984375,87529.796875,87053.984375,87529.796875,206209024
2025-12-18 17:10:00+00:00,86386.2734375,86678.140625,86386.2734375,86678.140625,210571264
2025-12-18 17:15:00+00:00,85902.65625,86319.015625,85902.65625,86319.015625,0
2025-12-18 17:20:00+00:00,85729.734375,86146.125,85729.734375,86146.125,1021214720
2025-12-18 17:25:00+00:00,85923.578125,85923.578125,85479.0234375,85570.0390625,911052800
2025-12-18 17:30:00+00:00,86070.875,86070.875,85650.828125,85650.828125,440758272
2025-12-18 17:35:00+00:00,86157.453125,86169.25,86039.0,86169.25,264028160
2025-12-18 17:40:00+00:00,86329.171875,86370.9609375,86082.21875,86082.21875,0
2025-12-18 17:45:00+00:00,86515.421875,86515.421875,86334.75,86334.75,1077583872
2025-12-18 17:50:00+00:00,86172.4921875,86388.1171875,86172.4921875,86388.1171875,244248576
2025-12-18 17:55:00+00:00,86302.8359375,86302.8359375,86249.25,86293.9609375,329748480
2025-12-18 18:00:00+00:00,86331.78125,86420.046875,86331.78125,86420.046875,0
2025-12-18 18:05:00+00:00,86485.859375,86485.859375,86379.109375,86379.109375,97497088
2025-12-18 18:10:00+00:00,86738.25,86738.25,86391.6328125,86391.6328125,226357248
2025-12-18 18:15:00+00:00,86472.5546875,86687.3828125,86472.5546875,86687.3828125,110833664
2025-12-18 18:20:00+00:00,86364.0,86586.7734375,86364.0,86478.0703125,0
2025-12-18 18:25:00+00:00,86262.1640625,86405.9375,86262.1640625,86405.9375,383557632
2025-12-18 18:30:00+00:00,86373.109375,86469.9765625,86373.109375,86469.9765625,0
2025-12-18 18:35:00+00:00,86531.0625,86531.0625,86318.6484375,86318.6484375,563941376
2025-12-18 18:40:00+00:00,86522.4453125,86570.3203125,86522.4453125,86569.125,53395456
2025-12-18 18:45:00+00:00,86245.984375,86488.5859375,86245.984375,86488.5859375,0
2025-12-18 18:50:00+00:00,85957.3515625,86164.390625,85957.3515625,86164.390625,0
2025-12-18 18:55:00+00:00,85972.5546875,85972.5546875,85824.640625,85824.640625,578764800
2025-12-18 19:00:00+00:00,85635.921875,85890.25,85593.7734375,85890.25,85168128
2025-12-18 19:05:00+00:00,85729.8125,85729.8125,85550.7421875,85550.7421875,134856704
2025-12-18 19:10:00+00:00,85605.71875,85825.7890625,85584.09375,85825.7890625,196001792
2025-12-18 19:15:00+00:00,85360.3359375,85619.1796875,85251.96875,85602.9609375,713981952
2025-12-18 19:20:00+00:00,85540.8046875,85555.359375,85448.390625,85448.390625,13590528
2025-12-18 19:25:00+00:00,85640.5,85640.5,85547.703125,85547.703125,782766080
2025-12-18 19:30:00+00:00,85565.6640625,85738.6640625,85565.6640625,85738.6640625,122118144
2025-12-18 19:35:00+00:00,85154.65625,85455.3515625,85154.65625,85415.4375,0
2025-12-18 19:40:00+00:00,84817.015625,85237.171875,84817.015625,85237.171875,0
2025-12-18 19:45:00+00:00,84551.8359375,84711.6171875,84485.53125,84711.6171875,2008018944
2025-12-18 19:50:00+00:00,84504.5390625,84646.7109375,84504.5390625,84646.7109375,299384832
2025-12-18 19:55:00+00:00,84542.4453125,84724.6171875,84525.6875,84724.6171875,0
2025-12-18 20:00:00+00:00,84973.796875,84986.4375,84460.9765625,84460.9765625,91160576
2025-12-18 20:05:00+00:00,84861.328125,84980.875,84861.328125,84978.2109375,1499205632
2025-12-18 20:10:00+00:00,85154.109375,85154.109375,84942.4375,84942.4375,201777152
2025-12-18 20:15:00+00:00,85003.453125,85120.9921875,84959.2578125,85120.9921875,407199744
2025-12-18 20:20:00+00:00,85001.6015625,85067.484375,85001.6015625,85067.484375,44806144
2025-12-18 20:25:00+00:00,84888.7734375,85075.1953125,84888.7734375,85068.8046875,308637696
2025-12-18 20:30:00+00:00,84841.484375,84849.3125,84706.7265625,84849.3125,0
2025-12-18 20:35:00+00:00,85045.0546875,85045.0546875,84893.3515625,84893.3515625,0
2025-12-18 20:40:00+00:00,84997.0234375,85025.4140625,84971.625,84982.9296875,315281408
2025-12-18 20:45:00+00:00,85027.7109375,85027.7109375,84977.21875,84977.21875,225411072
2025-12-18 20:50:00+00:00,84977.859375,84996.3359375,84977.859375,84996.3359375,333475840
2025-12-18 20:55:00+00:00,84765.296875,84905.859375,84730.5703125,84905.859375,0
2025-12-18 21:00:00+00:00,85132.34375,85185.171875,85132.34375,85134.09375,178327552
2025-12-18 21:05:00+00:00,85023.7265625,85085.21875,84994.25,85085.21875,0
2025-12-18 21:10:00+00:00,85093.40625,85093.40625,85054.609375,85054.609375,1820639232
2025-12-18 21:15:00+00:00,85195.9453125,85195.9453125,85101.0703125,85105.6640625,101838848
2025-12-18 21:20:00+00:00,85178.046875,85252.7265625,85178.046875,85224.421875,71761920
2025-12-18 21:25:00+00:00,85250.796875,85250.796875,85176.4921875,85176.4921875,0
2025-12-18 21:30:00+00:00,85647.1875,85647.1875,85416.171875,85416.171875,55398400
2025-12-18 21:35:00+00:00,85454.2109375,85666.7109375,85454.2109375,85632.1640625,315867136
2025-12-18 21:40:00+00:00,85224.3203125,85352.625,85186.515625,85352.625,0
2025-12-18 21:45:00+00:00,85436.2578125,85483.15625,85283.9296875,85283.9296875,0
2025-12-18 21:50:00+00:00,85384.828125,85416.0625,85373.09375,85416.0625,460296192
2025-12-18 21:55:00+00:00,85600.0703125,85610.6015625,85537.6328125,85537.6328125,0
2025-12-18 22:00:00+00:00,85565.328125,85583.328125,85517.515625,85583.328125,0
2025-12-18 22:05:00+00:00,85578.171875,85600.2734375,85578.171875,85587.609375,50253824
2025-12-18 22:10:00+00:00,85483.3828125,85576.4765625,85483.3828125,85576.4765625,589451264
2025-12-18 22:15:00+00:00,85419.2734375,85419.2734375,85337.578125,85337.578125,0
2025-12-18 22:20:00+00:00,85346.8671875,85397.828125,85346.8671875,85397.828125,921600
2025-12-18 22:25:00+00:00,85383.1875,85383.1875,85285.1640625,85300.046875,0
2025-12-18 22:30:00+00:00,85588.0859375,85617.140625,85453.6328125,85453.6328125,0
2025-12-18 22:35:00+00:00,85615.9921875,85626.15625,85562.4921875,85562.4921875,67624960
2025-12-18 22:40:00+00:00,85576.046875,85579.328125,85562.546875,85562.546875,299773952
2025-12-18 22:45:00+00:00,85551.0078125,85562.8828125,85488.2734375,85562.8828125,0
2025-12-18 22:50:00+00:00,85610.5078125,85610.5078125,85552.59375,85566.296875,182366208
2025-12-18 22:55:00+00:00,85570.890625,85649.9140625,85570.890625,85649.9140625,0
2025-12-18 23:00:00+00:00,85480.5234375,85544.578125,85464.9765625,85544.578125,0
2025-12-18 23:05:00+00:00,85387.0234375,85489.6875,85293.8125,85489.6875,50843648
2025-12-18 23:10:00+00:00,85522.5234375,85522.5234375,85456.328125,85456.328125,106717184
2025-12-18 23:15:00+00:00,85488.6171875,85561.8046875,85488.6171875,85561.8046875,0
2025-12-18 23:20:00+00:00,85353.7421875,85465.40625,85353.7421875,85461.9453125,0
2025-12-18 23:25:00+00:00,85397.5234375,85430.7109375,85337.125,85430.7109375,3260416
2025-12-18 23:30:00+00:00,85472.0703125,85491.0703125,85437.21875,85437.21875,0
2025-12-18 23:35:00+00:00,85503.8671875,85522.75,85487.375,85487.375,1921024
2025-12-18 23:40:00+00:00,85400.796875,85500.1171875,85397.234375,85500.1171875,0
2025-12-18 23:45:00+00:00,85417.734375,85422.234375,85408.546875,85422.234375,0
2025-12-18 23:50:00+00:00,85419.6015625,85419.6015625,85345.6171875,85354.7265625,31293440
2025-12-18 23:55:00+00:00,85447.734375,85447.734375,85432.09375,85432.09375,0
2025-12-19 00:00:00+00:00,85504.6171875,85535.90625,85431.9375,85463.296875,0
2025-12-19 00:05:00+00:00,85453.84375,85453.84375,85363.8046875,85399.6640625,205041664
2025-12-19 00:10:00+00:00,85452.4296875,85489.8359375,85452.4296875,85465.875,28471296
2025-12-19 00:15:00+00:00,85492.8671875,85493.21875,85431.3125,85439.921875,0
2025-12-19 00:20:00+00:00,85407.203125,85495.9453125,85407.203125,85447.1171875,39526400
2025-12-19 00:25:00+00:00,85397.3203125,85419.921875,85378.734375,85378.734375,0
2025-12-19 00:30:00+00:00,85328.34375,85390.09375,85315.171875,85382.9453125,34017280
2025-12-19 00:35:00+00:00,85372.8828125,85372.8828125,85296.7421875,85319.8984375,198557696
2025-12-19 00:40:00+00:00,85258.5078125,85271.1484375,85258.5078125,85265.546875,0
2025-12-19 00:45:00+00:00,85306.515625,85306.515625,85293.15625,85293.15625,20791296
2025-12-19 00:50:00+00:00,85451.4609375,85517.765625,85282.421875,85282.421875,78503936
2025-12-19 00:55:00+00:00,85539.0703125,85539.0703125,85469.640625,85469.640625,0
2025-12-19 01:00:00+00:00,85358.328125,85552.5078125,85358.328125,85552.5078125,501334016
2025-12-19 01:05:00+00:00,85430.953125,85430.953125,85337.7265625,85349.4609375,0
2025-12-19 01:10:00+00:00,85372.0625,85436.1875,85372.0625,85418.84375,36769792
2025-12-19 01:15:00+00:00,85465.5625,85465.5625,85397.0625,85402.3984375,0
2025-12-19 01:20:00+00:00,85334.0234375,85386.53125,85284.6875,85386.53125,0
2025-12-19 01:25:00+00:00,85306.0625,85342.390625,85306.0625,85342.390625,0
2025-12-19 01:30:00+00:00,85171.4375,85227.140625,85154.8359375,85227.140625,0
2025-12-19 01:35:00+00:00,85252.765625,85252.765625,85134.5859375,85134.5859375,0
2025-12-19 01:40:00+00:00,85269.3671875,85305.078125,85233.5078125,85305.078125,412311552
2025-12-19 01:45:00+00:00,85226.7265625,85295.1328125,85226.7265625,85295.1328125,179740672
2025-12-19 01:50:00+00:00,85330.5078125,85330.5078125,85134.0625,85134.0625,0
2025-12-19 01:55:00+00:00,85317.0859375,85354.015625,85317.0859375,85354.015625,55398400
2025-12-19 02:00:00+00:00,85114.8828125,85289.609375,85114.8828125,85289.609375,153837568
2025-12-19 02:05:00+00:00,85211.828125,85213.1015625,85194.5078125,85194.5078125,0
2025-12-19 02:10:00+00:00,85256.0703125,85256.0703125,85150.3515625,85184.046875,65712128
2025-12-19 02:15:00+00:00,85269.875,85269.875,85245.2578125,85245.2578125,0
2025-12-19 02:20:00+00:00,85318.2734375,85318.2734375,85185.265625,85236.1875,175845376
2025-12-19 02:25:00+00:00,85457.8359375,85457.8359375,85344.9609375,85344.9609375,0
2025-12-19 02:30:00+00:00,85470.6015625,85476.1328125,85451.8515625,85451.8515625,0
2025-12-19 02:35:00+00:00,85397.734375,85430.3828125,85360.1875,85430.3828125,252551168
2025-12-19 02:40:00+00:00,85541.2265625,85541.2265625,85424.6640625,85424.6640625,29741056
2025-12-19 02:45:00+00:00,85615.0625,85615.0625,85532.96875,85532.96875,22597632
2025-12-19 02:50:00+00:00,85797.21875,85847.609375,85674.578125,85678.46875,91353088
2025-12-19 02:55:00+00:00,85660.546875,85843.3515625,85660.546875,85843.3515625,0
2025-12-19 03:00:00+00:00,86019.5703125,86019.5703125,85578.90625,85578.90625,170074112
2025-12-19 03:05:00+00:00,86253.6875,86328.03125,85979.6484375,85979.6484375,0
2025-12-19 03:10:00+00:00,86391.1484375,86391.1484375,86065.0,86065.0,788529152
2025-12-19 03:15:00+00:00,86155.46875,86308.046875,86155.46875,86308.046875,83861504
2025-12-19 03:20:00+00:00,86415.828125,86415.828125,86145.9453125,86156.1796875,164753408
2025-12-19 03:25:00+00:00,87030.078125,87030.078125,86719.1484375,86719.1484375,0
2025-12-19 03:30:00+00:00,87382.6015625,87489.6171875,87226.59375,87226.59375,1764491264
2025-12-19 03:35:00+00:00,86875.671875,87135.671875,86833.9609375,87135.671875,0
2025-12-19 03:40:00+00:00,86976.0,87186.7578125,86922.0,86922.0,1034608640
2025-12-19 03:45:00+00:00,87189.109375,87189.109375,87050.046875,87050.046875,520941568
2025-12-19 03:50:00+00:00,87170.0,87211.203125,87167.890625,87211.203125,0
2025-12-19 03:55:00+00:00,86761.8046875,87066.7734375,86722.1796875,87066.7734375,944476160
2025-12-19 04:00:00+00:00,86851.0859375,87027.921875,86789.3828125,86789.3828125,288530432
2025-12-19 04:05:00+00:00,86997.625,86997.625,86877.6875,86877.6875,396021760
2025-12-19 04:10:00+00:00,87189.640625,87223.7734375,87058.296875,87058.296875,0
2025-12-19 04:15:00+00:00,87243.4375,87288.6328125,87243.4375,87288.6328125,776896512
2025-12-19 04:20:00+00:00,87068.625,87213.7890625,87051.46875,87213.7890625,285167616
2025-12-19 04:25:00+00:00,87073.0859375,87125.1015625,87073.0859375,87125.1015625,183848960
2025-12-19 04:30:00+00:00,87099.5625,87099.5625,86980.125,86980.125,370130944
2025-12-19 04:35:00+00:00,86941.21875,87092.875,86941.21875,87092.875,0
2025-12-19 04:40:00+00:00,86919.5546875,86972.3828125,86919.5546875,86972.3515625,0
2025-12-19 04:45:00+00:00,87004.4453125,87018.0,86921.953125,86921.953125,710787072
2025-12-19 04:50:00+00:00,87042.1171875,87042.1171875,86987.328125,87033.0546875,0
2025-12-19 04:55:00+00:00,87043.8984375,87044.28125,87012.2578125,87044.28125,186273792
2025-12-19 05:00:00+00:00,87100.453125,87100.453125,86998.7421875,87032.0390625,0
2025-12-19 05:05:00+00:00,86837.8203125,87030.703125,86823.4453125,87030.703125,27893760
2025-12-19 05:10:00+00:00,86910.1796875,86916.2734375,86861.7890625,86861.7890625,0
2025-12-19 05:15:00+00:00,86815.03125,86957.484375,86815.03125,86957.484375,323915776
2025-12-19 05:20:00+00:00,86774.0546875,86804.65625,86774.0546875,86804.65625,15192064
2025-12-19 05:25:00+00:00,86713.28125,86822.1640625,86701.421875,86758.8125,76886016
2025-12-19 05:30:00+00:00,86700.1484375,86722.6484375,86700.1484375,86713.078125,0
2025-12-19 05:35:00+00:00,86830.90625,86830.90625,86660.9296875,86660.9296875,0
2025-12-19 05:40:00+00:00,86861.5546875,86877.6484375,86831.515625,86831.515625,311619584
2025-12-19 05:45:00+00:00,86909.90625,86909.90625,86841.5703125,86841.5703125,47411200
2025-12-19 05:50:00+00:00,87122.6796875,87156.9296875,86999.96875,86999.96875,348483584
2025-12-19 05:55:00+00:00,87048.6875,87100.046875,87048.6875,87100.046875,55037952
2025-12-19 06:00:00+00:00,87019.4765625,87054.8515625,86966.625,87054.8515625,0
2025-12-19 06:05:00+00:00,87054.8515625,87109.0546875,87054.8515625,87085.28125,104333312
2025-12-19 06:10:00+00:00,87011.859375,87067.3203125,87011.859375,87067.3203125,58302464
2025-12-19 06:15:00+00:00,86902.984375,87002.640625,86902.984375,87002.640625,0
2025-12-19 06:20:00+00:00,86998.6171875,86998.6171875,86885.859375,86885.859375,383823872
2025-12-19 06:25:00+00:00,86963.2265625,86963.2265625,86893.5078125,86893.5078125,0
2025-12-19 06:30:00+00:00,86918.0546875,86967.40625,86918.0546875,86967.40625,182333440
2025-12-19 06:35:00+00:00,87006.4765625,87022.3828125,86939.921875,86939.921875,14766080
2025-12-19 06:40:00+00:00,87010.6484375,87010.6484375,86985.765625,86985.765625,0
2025-12-19 06:45:00+00:00,87061.5859375,87082.203125,87054.9140625,87070.5546875,13320192
2025-12-19 06:50:00+00:00,87112.5546875,87112.5546875,87045.828125,87059.515625,26185728
2025-12-19 06:55:00+00:00,87290.609375,87318.6328125,87139.859375,87139.859375,380903424
2025-12-19 07:00:00+00:00,87561.0,87608.0390625,87398.1171875,87398.1171875,0
2025-12-19 07:05:00+00:00,87906.5,87906.5,87711.125,87711.125,1908498432
2025-12-19 07:10:00+00:00,88199.8671875,88295.3046875,87951.2265625,87951.2265625,901386240
2025-12-19 07:15:00+00:00,87808.84375,88096.171875,87808.84375,88096.171875,607588352
2025-12-19 07:20:00+00:00,87829.125,87914.6875,87829.125,87914.6875,0
2025-12-19 07:25:00+00:00,87846.0078125,87864.7421875,87782.5234375,87782.5234375,313692160
2025-12-19 07:30:00+00:00,87789.0390625,87888.609375,87789.0390625,87888.609375,236392448
2025-12-19 07:35:00+00:00,87836.21875,87836.21875,87699.8046875,87699.8046875,109019136
2025-12-19 07:40:00+00:00,87740.625,87796.0703125,87740.625,87785.9140625,34963456
2025-12-19 07:45:00+00:00,87754.59375,87791.265625,87738.5625,87738.5625,0
2025-12-19 07:50:00+00:00,87882.0625,87888.46875,87736.078125,87736.078125,165339136
2025-12-19 07:55:00+00:00,87899.90625,87951.28125,87867.9296875,87867.9296875,0
2025-12-19 08:00:00+00:00,87946.9375,87946.9375,87891.0703125,87893.8828125,0
2025-12-19 08:05:00+00:00,87969.453125,87969.453125,87815.296875,87815.296875,171999232
2025-12-19 08:10:00+00:00,87906.8671875,88051.5625,87906.8671875,88051.5625,0
2025-12-19 08:15:00+00:00,87912.3125,87930.5625,87912.3125,87912.7109375,345128960
2025-12-19 08:20:00+00:00,87854.8125,87886.3515625,87854.8125,87856.75,0
2025-12-19 08:25:00+00:00,87766.1640625,87848.78125,87766.1640625,87838.53125,146210816
2025-12-19 08:30:00+00:00,87769.453125,87769.453125,87702.75,87709.1171875,0
2025-12-19 08:35:00+00:00,87927.578125,88056.3984375,87927.578125,87989.40625,787734528
2025-12-19 08:40:00+00:00,87851.484375,87932.5234375,87851.484375,87932.5234375,0
2025-12-19 08:45:00+00:00,88009.203125,88042.2109375,87862.3671875,87862.3671875,0
2025-12-19 08:50:00+00:00,88114.421875,88118.8671875,88028.484375,88028.484375,0
2025-12-19 08:55:00+00:00,88097.6484375,88127.4375,88085.3828125,88127.4375,236560384
2025-12-19 09:00:00+00:00,87949.125,88051.5078125,87949.125,88051.5078125,0
2025-12-19 09:05:00+00:00,87943.140625,87963.5546875,87932.859375,87932.859375,0
2025-12-19 09:10:00+00:00,87916.75,87954.7890625,87916.75,87939.765625,1546551296
2025-12-19 09:15:00+00:00,87936.0859375,87936.0859375,87868.6484375,87900.8671875,0
2025-12-19 09:20:00+00:00,87939.609375,87954.8515625,87939.609375,87954.8515625,0
2025-12-19 09:25:00+00:00,88019.1484375,88019.1484375,87929.0859375,87935.765625,1665884160
2025-12-19 09:30:00+00:00,87959.46875,88003.84375,87959.46875,88003.84375,18677760
2025-12-19 09:35:00+00:00,87956.671875,88018.6171875,87940.6171875,87968.15625,0
2025-12-19 09:40:00+00:00,87967.890625,87982.28125,87939.640625,87982.28125,0
2025-12-19 09:45:00+00:00,87969.734375,87985.234375,87967.2109375,87985.234375,0
2025-12-19 09:50:00+00:00,88010.7421875,88027.2421875,87963.921875,87963.921875,0
2025-12-19 09:55:00+00:00,88015.984375,88015.984375,88008.734375,88008.734375,323497984
2025-12-19 10:00:00+00:00,88126.3359375,88126.3359375,88050.2421875,88051.140625,0
2025-12-19 10:05:00+00:00,88023.46875,88190.015625,88023.46875,88190.015625,0
2025-12-19 10:10:00+00:00,88109.953125,88113.5078125,88025.1796875,88025.1796875,471875584
2025-12-19 10:15:00+00:00,88109.1484375,88174.8671875,88109.1484375,88129.46875,0
2025-12-19 10:20:00+00:00,87918.796875,88126.25,87918.796875,88126.25,42594304
2025-12-19 10:25:00+00:00,87988.5546875,87988.5546875,87959.796875,87959.796875,329486336
2025-12-19 10:30:00+00:00,87930.7578125,87930.7578125,87892.640625,87900.734375,0
2025-12-19 10:35:00+00:00,87944.3671875,87944.3671875,87924.5390625,87924.5390625,0
2025-12-19 10:40:00+00:00,88011.671875,88043.53125,87950.53125,87950.53125,396148736
2025-12-19 10:45:00+00:00,88168.3671875,88203.59375,88021.3828125,88021.3828125,0
2025-12-19 10:50:00+00:00,88160.625,88163.71875,88132.171875,88163.71875,226451456
2025-12-19 10:55:00+00:00,88237.09375,88237.09375,88224.6640625,88224.9921875,0
2025-12-19 11:00:00+00:00,88257.7265625,88257.7265625,88165.796875,88230.515625,417906688
2025-12-19 11:05:00+00:00,88143.609375,88161.71875,88143.609375,88146.3046875,0
2025-12-19 11:10:00+00:00,88314.3125,88314.3125,88121.4453125,88121.4453125,678084608
2025-12-19 11:15:00+00:00,88198.4140625,88308.5859375,88198.4140625,88292.5546875,0
2025-12-19 11:20:00+00:00,88146.09375,88259.0390625,88146.09375,88167.453125,589213696
2025-12-19 11:25:00+00:00,88249.1171875,88249.1171875,88154.484375,88154.484375,0
2025-12-19 11:30:00+00:00,88290.109375,88290.109375,88248.25,88262.53125,44101632
2025-12-19 11:35:00+00:00,88164.0546875,88282.546875,88164.0546875,88282.546875,50421760
2025-12-19 11:40:00+00:00,88252.2578125,88252.2578125,88187.28125,88187.28125,0
2025-12-19 11:45:00+00:00,88268.59375,88268.59375,88252.671875,88252.671875,0
2025-12-19 11:50:00+00:00,88185.265625,88261.078125,88185.265625,88254.171875,65011712
2025-12-19 11:55:00+00:00,88158.4375,88205.78125,88158.4375,88200.2890625,0
2025-12-19 12:00:00+00:00,88132.65625,88164.78125,88095.0703125,88147.6484375,37404672
2025-12-19 12:05:00+00:00,87952.0546875,87997.65625,87906.6640625,87997.65625,0
2025-12-19 12:10:00+00:00,88088.265625,88188.4375,87919.2734375,87919.2734375,0
2025-12-19 12:15:00+00:00,88039.5625,88173.2890625,88039.5625,88148.546875,510607360
2025-12-19 12:20:00+00:00,88014.125,88032.65625,88014.125,88032.65625,274989056
2025-12-19 12:25:00+00:00,87987.6640625,87987.6640625,87969.8671875,87971.65625,194252800
2025-12-19 12:30:00+00:00,87944.34375,87983.34375,87944.34375,87983.34375,159674368
2025-12-19 12:35:00+00:00,87975.6640625,87990.53125,87975.6640625,87983.3671875,0
2025-12-19 12:40:00+00:00,87988.1171875,87988.1171875,87966.578125,87966.578125,6045696
2025-12-19 12:45:00+00:00,88074.8203125,88074.8203125,87980.4609375,87980.4609375,341237760
2025-12-19 12:50:00+00:00,87954.453125,88088.453125,87928.5703125,88088.453125,0
2025-12-19 12:55:00+00:00,87907.0078125,87907.0078125,87859.78125,87859.78125,0
2025-12-19 13:00:00+00:00,87887.0390625,87927.8359375,87828.5390625,87828.5390625,0
2025-12-19 13:05:00+00:00,87939.4921875,87981.3359375,87923.2734375,87923.2734375,66838528
2025-12-19 13:10:00+00:00,87946.015625,87946.015625,87851.3046875,87916.3828125,211132416
2025-12-19 13:15:00+00:00,87954.7265625,87956.625,87932.3359375,87956.625,0
2025-12-19 13:20:00+00:00,87913.8203125,87931.7890625,87872.953125,87931.7890625,579371008
2025-12-19 13:25:00+00:00,87968.6640625,87976.546875,87963.828125,87964.3515625,0
2025-12-19 13:30:00+00:00,87802.6484375,87997.0,87802.6484375,87993.296875,0
2025-12-19 13:35:00+00:00,88007.2890625,88020.1015625,87867.0390625,87867.0390625,0
2025-12-19 13:40:00+00:00,88040.1328125,88093.6328125,87980.546875,88093.6328125,0
2025-12-19 13:45:00+00:00,87969.46875,88046.90625,87969.46875,88046.90625,0
2025-12-19 13:50:00+00:00,87957.125,87978.125,87922.6796875,87978.125,0
2025-12-19 13:55:00+00:00,87945.6484375,87950.15625,87883.1796875,87950.15625,1788846080
2025-12-19 14:00:00+00:00,87966.359375,87966.359375,87899.421875,87945.9609375,0
2025-12-19 14:05:00+00:00,88066.9140625,88066.9140625,88021.171875,88021.171875,0
2025-12-19 14:10:00+00:00,88159.6875,88159.6875,88056.984375,88061.28125,0
2025-12-19 14:15:00+00:00,88057.9296875,88186.6015625,88057.9296875,88141.2109375,0
2025-12-19 14:20:00+00:00,87950.390625,87979.2578125,87934.609375,87979.2578125,0
2025-12-19 14:25:00+00:00,88030.5625,88030.5625,87927.5,87945.3671875,0
2025-12-19 14:30:00+00:00,87893.140625,88055.328125,87893.140625,87934.296875,89616384
2025-12-19 14:35:00+00:00,87849.5390625,87849.5390625,87695.203125,87695.203125,0
2025-12-19 14:40:00+00:00,87924.8515625,87924.8515625,87567.078125,87621.4453125,0
2025-12-19 14:45:00+00:00,88195.6328125,88439.8046875,88195.6328125,88439.8046875,187928576
2025-12-19 14:50:00+00:00,87982.3515625,88158.328125,87982.3515625,88158.328125,0
2025-12-19 14:55:00+00:00,88094.3203125,88094.3203125,87935.6484375,87935.6484375,203919360
2025-12-19 15:00:00+00:00,88010.3515625,88135.0703125,87988.0,88135.0703125,0
2025-12-19 15:05:00+00:00,88117.703125,88117.703125,88024.453125,88024.453125,0
2025-12-19 15:10:00+00:00,88654.4296875,88654.4296875,88211.9921875,88211.9921875,167477248
2025-12-19 15:15:00+00:00,89190.1640625,89313.359375,88711.984375,88711.984375,304074752
2025-12-19 15:20:00+00:00,88201.796875,88594.6953125,88201.796875,88594.6953125,1127133184
2025-12-19 15:25:00+00:00,88123.25,88491.046875,88123.25,88491.046875,77152256
2025-12-19 15:30:00+00:00,88233.265625,88233.265625,87926.640625,88140.546875,84901888
2025-12-19 15:35:00+00:00,88235.5234375,88312.765625,88208.6953125,88208.6953125,0
2025-12-19 15:40:00+00:00,87949.109375,88153.921875,87949.109375,88153.921875,0
2025-12-19 15:45:00+00:00,87800.890625,88023.2421875,87744.703125,88023.2421875,0
2025-12-19 15:50:00+00:00,87839.0625,87873.4921875,87814.1015625,87833.484375,631926784
2025-12-19 15:55:00+00:00,87873.5234375,87897.28125,87821.9765625,87897.28125,0
2025-12-19 16:00:00+00:00,88220.0390625,88220.0390625,87939.203125,87939.203125,1833517056
2025-12-19 16:05:00+00:00,88364.578125,88364.578125,88209.3046875,88262.8203125,0
2025-12-19 16:10:00+00:00,88339.9609375,88399.7265625,88339.9609375,88383.015625,101289984
2025-12-19 16:15:00+00:00,88276.0078125,88367.0625,88276.0078125,88367.0625,131321856
2025-12-19 16:20:00+00:00,88363.3828125,88363.3828125,88235.125,88256.2265625,125698048
2025-12-19 16:25:00+00:00,88371.203125,88371.203125,88262.65625,88262.65625,0
2025-12-19 16:30:00+00:00,88623.203125,88623.203125,88386.171875,88386.171875,185356288
2025-12-19 16:35:00+00:00,88483.1015625,88755.9453125,88483.1015625,88663.6015625,0
2025-12-19 16:40:00+00:00,88474.2734375,88483.3125,88457.328125,88473.109375,16396288
2025-12-19 16:45:00+00:00,88249.515625,88463.453125,88249.515625,88463.453125,0
2025-12-19 16:50:00+00:00,88153.1953125,88269.40625,88153.1953125,88269.40625,197476352
2025-12-19 16:55:00+00:00,87944.4453125,88050.96875,87924.78125,88050.96875,0
2025-12-19 17:00:00+00:00,87906.8046875,88042.8125,87876.8046875,87926.3359375,0
2025-12-19 17:05:00+00:00,88112.3203125,88112.3203125,87851.9375,87851.9375,1651671040
2025-12-19 17:10:00+00:00,88097.3359375,88154.0390625,88097.3359375,88154.0390625,0
2025-12-19 17:15:00+00:00,88214.671875,88233.96875,88062.671875,88062.671875,1185579008
2025-12-19 17:20:00+00:00,88030.0234375,88175.9140625,88006.765625,88175.9140625,0
2025-12-19 17:25:00+00:00,87938.140625,88033.40625,87938.140625,88033.40625,0
2025-12-19 17:30:00+00:00,87022.6171875,87595.5546875,87022.6171875,87595.5546875,0
2025-12-19 17:35:00+00:00,87360.1171875,87360.1171875,87130.921875,87130.921875,0
2025-12-19 17:40:00+00:00,87166.9375,87257.4140625,86977.9609375,87257.4140625,553058304
2025-12-19 17:45:00+00:00,87125.1875,87125.1875,86890.7578125,87085.25,0
2025-12-19 17:50:00+00:00,87191.7578125,87329.484375,87191.7578125,87234.7265625,0
2025-12-19 17:55:00+00:00,87302.953125,87313.0859375,87198.8125,87198.8125,362246144
2025-12-19 18:00:00+00:00,87048.671875,87048.671875,86858.1796875,86918.34375,0
2025-12-19 18:05:00+00:00,87073.734375,87090.4296875,87046.09375,87090.4296875,0
2025-12-19 18:10:00+00:00,87103.8984375,87115.4453125,87061.0390625,87061.0390625,1776300032
2025-12-19 18:15:00+00:00,87128.265625,87156.015625,87125.3203125,87156.015625,25362432
2025-12-19 18:20:00+00:00,87294.1015625,87351.375,87233.0625,87233.0625,0
2025-12-19 18:25:00+00:00,87301.9296875,87345.5546875,87225.8203125,87225.8203125,222208000
2025-12-19 18:30:00+00:00,87164.03125,87307.453125,87164.03125,87297.2890625,0
2025-12-19 18:35:00+00:00,87044.1484375,87096.6640625,87037.828125,87047.9375,0
2025-12-19 18:40:00+00:00,86976.171875,87014.78125,86958.609375,87014.78125,0
2025-12-19 18:45:00+00:00,86962.734375,86962.734375,86920.1875,86958.75,44961792
2025-12-19 18:50:00+00:00,87176.9921875,87176.9921875,86974.21875,86974.21875,45281280
2025-12-19 18:55:00+00:00,87163.515625,87234.7734375,87163.515625,87234.7734375,0
2025-12-19 19:00:00+00:00,87202.96875,87202.96875,87097.421875,87099.3203125,0
2025-12-19 19:05:00+00:00,87237.5625,87302.8828125,87237.5625,87246.9375,0
2025-12-19 19:10:00+00:00,87273.1484375,87307.4375,87261.6875,87307.4375,0
2025-12-19 19:15:00+00:00,87345.7109375,87345.7109375,87295.1484375,87322.515625,0
2025-12-19 19:20:00+00:00,87589.0546875,87589.0546875,87511.40625,87511.40625,0
2025-12-19 19:25:00+00:00,87595.6875,87674.90625,87590.5703125,87590.5703125,0
2025-12-19 19:30:00+00:00,87634.21875,87634.21875,87575.9609375,87602.9296875,0
2025-12-19 19:35:00+00:00,87910.5390625,87910.5390625,87659.9140625,87659.9140625,0
2025-12-19 19:40:00+00:00,87871.265625,87871.265625,87785.125,87868.078125,744517632
2025-12-19 19:45:00+00:00,87938.9375,87938.9375,87901.7109375,87904.515625,25276416
2025-12-19 19:50:00+00:00,87828.9140625,87969.96875,87821.7421875,87969.96875,0
2025-12-19 19:55:00+00:00,87817.0390625,87825.171875,87794.8671875,87794.8671875,0
2025-12-19 20:00:00+00:00,87698.859375,87892.3984375,87698.859375,87790.046875,0
2025-12-19 20:05:00+00:00,87656.7890625,87757.3828125,87645.109375,87757.3828125,0
2025-12-19 20:10:00+00:00,87678.421875,87758.2890625,87593.0546875,87593.0546875,109178880
2025-12-19 20:15:00+00:00,87874.453125,87874.453125,87677.7890625,87718.4765625,146046976
2025-12-19 20:20:00+00:00,87986.109375,88035.8515625,87932.5,87945.421875,0
2025-12-19 20:25:00+00:00,87935.9140625,88105.8046875,87935.9140625,88072.6171875,0
2025-12-19 20:30:00+00:00,87865.1171875,87961.9453125,87865.1171875,87961.9453125,381263872
2025-12-19 20:35:00+00:00,88112.390625,88288.6328125,88073.2265625,88073.2265625,43319296
2025-12-19 20:40:00+00:00,88082.8515625,88110.6796875,88000.7578125,88028.34375,0
2025-12-19 20:45:00+00:00,88222.4921875,88222.4921875,87997.4765625,88009.7734375,129781760
2025-12-19 20:50:00+00:00,88138.046875,88219.8203125,88138.046875,88219.8203125,0
2025-12-19 20:55:00+00:00,87909.09375,88062.828125,87909.09375,88062.828125,0
2025-12-19 21:00:00+00:00,87940.7421875,87940.7421875,87916.3515625,87938.2265625,0
2025-12-19 21:05:00+00:00,87864.5703125,87908.1953125,87861.6171875,87908.1953125,1341288448
2025-12-19 21:10:00+00:00,87899.0625,87899.0625,87860.1015625,87878.40625,0
2025-12-19 21:15:00+00:00,87952.1171875,87952.1171875,87847.953125,87856.125,270376960
2025-12-19 21:20:00+00:00,87913.65625,87921.109375,87913.65625,87915.8203125,0
2025-12-19 21:25:00+00:00,87954.1640625,87960.21875,87936.7578125,87936.7578125,17272832
2025-12-19 21:30:00+00:00,87977.921875,87978.2421875,87930.9609375,87930.9609375,0
2025-12-19 21:35:00+00:00,87987.03125,87987.03125,87926.8359375,87926.8359375,0
2025-12-19 21:40:00+00:00,87898.28125,87980.3515625,87884.140625,87980.3515625,0
2025-12-19 21:45:00+00:00,87842.9140625,87893.6171875,87842.9140625,87867.1640625,0
2025-12-19 21:50:00+00:00,87820.921875,87853.046875,87820.921875,87842.3203125,1171615744
2025-12-19 21:55:00+00:00,87760.1875,87808.9609375,87760.1875,87808.9609375,49549312
2025-12-19 22:00:00+00:00,87959.5390625,87959.5390625,87779.5390625,87779.5390625,0
2025-12-19 22:05:00+00:00,88068.296875,88126.34375,87993.4453125,87993.4453125,0
2025-12-19 22:10:00+00:00,87992.8359375,88106.8046875,87992.8359375,88081.4453125,0
2025-12-19 22:15:00+00:00,88101.25,88101.25,88000.3359375,88000.3359375,125722624
2025-12-19 22:20:00+00:00,88185.5234375,88185.5234375,88145.2421875,88145.2421875,0
2025-12-19 22:25:00+00:00,88157.625,88249.0625,88157.625,88196.9765625,242552832
2025-12-19 22:30:00+00:00,88190.703125,88190.703125,88169.84375,88169.84375,0
2025-12-19 22:35:00+00:00,88267.234375,88267.234375,88178.6875,88179.4375,12034048
2025-12-19 22:40:00+00:00,88337.6640625,88339.921875,88253.1875,88253.1875,107245568
2025-12-19 22:45:00+00:00,88252.8203125,88339.2109375,88252.8203125,88339.2109375,16990208
2025-12-19 22:50:00+00:00,88221.4375,88265.0859375,88221.4375,88265.0859375,0
2025-12-19 22:55:00+00:00,88244.1328125,88244.1328125,88178.0546875,88201.4296875,1247309824
2025-12-19 23:00:00+00:00,88243.1640625,88268.0625,88229.1875,88268.0625,0
2025-12-19 23:05:00+00:00,88201.453125,88227.8046875,88201.453125,88227.515625,0
2025-12-19 23:10:00+00:00,88249.5546875,88250.1328125,88232.5390625,88242.1875,0
2025-12-19 23:15:00+00:00,88228.0703125,88228.0703125,88212.1015625,88224.515625,39268352
2025-12-19 23:20:00+00:00,88259.9296875,88261.4609375,88247.453125,88250.4765625,0
2025-12-19 23:25:00+00:00,88281.9296875,88294.1484375,88281.9296875,88294.1484375,0
2025-12-19 23:30:00+00:00,88205.8671875,88281.2421875,88205.8671875,88281.2421875,0
2025-12-19 23:35:00+00:00,88118.7109375,88197.171875,88118.7109375,88197.171875,0
2025-12-19 23:40:00+00:00,88185.5078125,88206.1953125,88130.5390625,88130.5390625,125845504
2025-12-19 23:45:00+00:00,88178.859375,88178.859375,88172.5546875,88174.4609375,222703616
2025-12-19 23:50:00+00:00,88122.0,88153.5859375,88122.0,88153.5859375,0
2025-12-19 23:55:00+00:00,88104.1875,88105.8984375,88099.9921875,88099.9921875,0
2025-12-20 00:00:00+00:00,88047.375,88108.0546875,88005.09375,88098.40625,0
2025-12-20 00:05:00+00:00,87981.578125,88051.0234375,87981.578125,88051.0234375,226484224
2025-12-20 00:10:00+00:00,88093.7421875,88093.7421875,88016.2265625,88017.4609375,263532544
2025-12-20 00:15:00+00:00,88066.0390625,88118.296875,88066.0390625,88093.1796875,0
2025-12-20 00:20:00+00:00,88109.7890625,88109.7890625,88049.3671875,88062.046875,912846848
2025-12-20 00:25:00+00:00,88128.953125,88132.34375,88101.84375,88132.34375,341762048
2025-12-20 00:30:00+00:00,88086.7890625,88128.9296875,88086.7890625,88128.9296875,0
2025-12-20 00:35:00+00:00,88049.703125,88095.453125,88049.703125,88095.453125,0
2025-12-20 00:40:00+00:00,88036.453125,88041.0703125,88027.625,88041.0703125,0
2025-12-20 00:45:00+00:00,88039.03125,88039.03125,88013.8671875,88037.875,1509167104
2025-12-20 00:50:00+00:00,87924.875,88023.0390625,87924.875,88023.0390625,0
2025-12-20 00:55:00+00:00,87981.296875,87997.2421875,87952.78125,87952.78125,138924032
2025-12-20 01:00:00+00:00,87994.4609375,88011.21875,87979.59375,87979.59375,0
2025-12-20 01:05:00+00:00,87997.390625,88004.390625,87990.734375,88004.390625,77639680
2025-12-20 01:10:00+00:00,88059.015625,88059.2734375,88026.5,88026.5,0
2025-12-20 01:15:00+00:00,88081.6171875,88105.2109375,88052.9921875,88052.9921875,42897408
2025-12-20 01:20:00+00:00,88070.09375,88089.765625,88070.09375,88075.5859375,0
2025-12-20 01:25:00+00:00,88120.4453125,88122.5703125,88115.828125,88117.1796875,0
2025-12-20 01:30:00+00:00,88072.953125,88104.4453125,88054.578125,88104.4453125,94187520
2025-12-20 01:35:00+00:00,88077.9140625,88094.96875,88076.3671875,88087.5078125,129236992
2025-12-20 01:40:00+00:00,88016.2890625,88077.484375,88016.2890625,88077.484375,0
2025-12-20 01:45:00+00:00,88070.03125,88077.2734375,88008.234375,88008.234375,0
2025-12-20 01:50:00+00:00,88033.9140625,88064.2421875,88033.9140625,88064.2421875,0
2025-12-20 01:55:00+00:00,88025.375,88035.796875,88025.375,88035.796875,0
2025-12-20 02:00:00+00:00,87976.21875,88035.703125,87976.21875,88032.8828125,170541056
2025-12-20 02:05:00+00:00,88007.25,88017.921875,88007.25,88009.8203125,0
2025-12-20 02:10:00+00:00,88015.328125,88015.328125,88002.5625,88010.09375,0
2025-12-20 02:15:00+00:00,88096.2109375,88096.2109375,88011.15625,88011.15625,0
2025-12-20 02:20:00+00:00,88079.5625,88103.375,88068.984375,88103.375,0
2025-12-20 02:25:00+00:00,88079.5390625,88079.5390625,88073.84375,88073.84375,1194024960
2025-12-20 02:30:00+00:00,88090.6328125,88090.6328125,88072.703125,88076.203125,109277184
2025-12-20 02:35:00+00:00,88108.1171875,88138.328125,88108.1171875,88138.328125,0
2025-12-20 02:40:00+00:00,88240.0625,88240.0625,88104.4296875,88123.1640625,151678976
2025-12-20 02:45:00+00:00,88207.0625,88244.171875,88200.484375,88244.171875,0
2025-12-20 02:50:00+00:00,88152.6875,88167.2265625,88151.4453125,88151.4453125,0
2025-12-20 02:55:00+00:00,88161.390625,88163.3984375,88152.2265625,88152.2265625,129990656
2025-12-20 03:00:00+00:00,88216.2734375,88216.2734375,88169.7109375,88169.7109375,0
2025-12-20 03:05:00+00:00,88206.9765625,88206.9765625,88202.1953125,88202.1953125,0
2025-12-20 03:10:00+00:00,88182.6171875,88195.7734375,88182.6171875,88182.7734375,0
2025-12-20 03:15:00+00:00,88174.296875,88177.890625,88147.390625,88147.390625,0
2025-12-20 03:20:00+00:00,88195.109375,88195.109375,88170.515625,88170.515625,0
2025-12-20 03:25:00+00:00,88249.6484375,88249.6484375,88193.7890625,88193.7890625,0
2025-12-20 03:30:00+00:00,88291.7265625,88291.7265625,88255.3359375,88255.3359375,0
2025-12-20 03:35:00+00:00,88306.1640625,88306.1640625,88278.9921875,88278.9921875,0
2025-12-20 03:40:00+00:00,88258.0859375,88273.5859375,88256.6875,88273.5859375,0
2025-12-20 03:45:00+00:00,88228.859375,88262.3046875,88226.5078125,88262.3046875,0
2025-12-20 03:50:00+00:00,88174.796875,88220.875,88174.796875,88220.875,0
2025-12-20 03:55:00+00:00,88192.0078125,88206.0078125,88189.5546875,88189.5546875,0
2025-12-20 04:00:00+00:00,88185.1328125,88198.1953125,88181.5234375,88181.5234375,0
2025-12-20 04:05:00+00:00,88120.7109375,88197.2265625,88120.7109375,88197.2265625,0
2025-12-20 04:10:00+00:00,88113.40625,88113.40625,88097.0546875,88104.015625,0
2025-12-20 04:15:00+00:00,88128.578125,88141.65625,88098.2578125,88099.8515625,0
2025-12-20 04:20:00+00:00,88138.84375,88138.84375,88112.2421875,88124.078125,0
2025-12-20 04:25:00+00:00,88152.90625,88152.90625,88137.1640625,88137.1640625,0
2025-12-20 04:30:00+00:00,88244.6796875,88244.6796875,88190.5546875,88190.5546875,0
2025-12-20 04:35:00+00:00,88268.640625,88271.484375,88248.171875,88248.171875,0
2025-12-20 04:40:00+00:00,88240.3984375,88268.890625,88240.3984375,88268.890625,255598592
2025-12-20 04:45:00+00:00,88243.6640625,88243.6640625,88236.890625,88236.890625,0
2025-12-20 04:50:00+00:00,88220.359375,88276.953125,88220.359375,88262.796875,0
2025-12-20 04:55:00+00:00,88224.125,88224.125,88220.171875,88222.15625,0
2025-12-20 05:00:00+00:00,88281.640625,88281.640625,88255.7265625,88260.75,53817344
2025-12-20 05:05:00+00:00,88281.2109375,88289.015625,88281.2109375,88287.8125,0
2025-12-20 05:10:00+00:00,88295.421875,88295.421875,88271.4765625,88271.4765625,0
2025-12-20 05:15:00+00:00,88342.1171875,88342.1171875,88313.4296875,88313.4296875,0
2025-12-20 05:20:00+00:00,88324.6796875,88428.734375,88324.6796875,88351.4140625,0
2025-12-20 05:25:00+00:00,88346.640625,88364.1640625,88346.640625,88363.0625,178511872
2025-12-20 05:30:00+00:00,88423.84375,88423.84375,88344.8359375,88365.3203125,0
2025-12-20 05:35:00+00:00,88431.1328125,88436.390625,88409.984375,88409.984375,0
2025-12-20 05:40:00+00:00,88431.40625,88450.6796875,88431.40625,88450.6796875,0
2025-12-20 05:45:00+00:00,88354.1484375,88381.7578125,88342.8515625,88381.7578125,0
2025-12-20 05:50:00+00:00,88304.1953125,88355.0,88304.1953125,88355.0,7626752
2025-12-20 05:55:00+00:00,88262.6953125,88295.8046875,88262.6953125,88295.8046875,0
2025-12-20 06:00:00+00:00,88320.5546875,88320.5546875,88244.5625,88261.625,0
2025-12-20 06:05:00+00:00,88345.6953125,88345.6953125,88322.359375,88322.359375,0
2025-12-20 06:10:00+00:00,88388.96875,88388.96875,88315.765625,88315.765625,172478464
2025-12-20 06:15:00+00:00,88378.71875,88399.0078125,88378.71875,88398.5625,0
2025-12-20 06:20:00+00:00,88368.046875,88371.734375,88368.046875,88370.484375,0
2025-12-20 06:25:00+00:00,88334.3671875,88365.8203125,88334.3671875,88365.8203125,35975168
2025-12-20 06:30:00+00:00,88309.9609375,88344.0234375,88303.3203125,88344.0234375,0
2025-12-20 06:35:00+00:00,88269.0703125,88307.6640625,88269.0703125,88307.6640625,97165312
2025-12-20 06:40:00+00:00,88276.65625,88276.65625,88268.6875,88268.6875,0
2025-12-20 06:45:00+00:00,88267.28125,88271.4296875,88264.359375,88268.8125,0
2025-12-20 06:50:00+00:00,88274.140625,88297.46875,88274.140625,88297.46875,0
2025-12-20 06:55:00+00:00,88256.359375,88277.40625,88255.421875,88277.40625,0
2025-12-20 07:00:00+00:00,88253.34375,88284.859375,88253.34375,88261.9375,0
2025-12-20 07:05:00+00:00,88226.5390625,88237.1796875,88226.5390625,88236.265625,0
2025-12-20 07:10:00+00:00,88239.890625,88239.890625,88213.1015625,88222.7734375,0
2025-12-20 07:15:00+00:00,88212.7890625,88265.171875,88212.7890625,88239.8046875,0
2025-12-20 07:20:00+00:00,88176.109375,88189.7109375,88171.875,88189.7109375,0
2025-12-20 07:25:00+00:00,88201.28125,88201.28125,88172.3359375,88186.90625,0
2025-12-20 07:30:00+00:00,88200.796875,88200.796875,88168.2578125,88168.2578125,0
2025-12-20 07:35:00+00:00,88167.7265625,88193.09375,88156.25,88193.09375,0
2025-12-20 07:40:00+00:00,88165.8515625,88168.875,88162.4296875,88162.4296875,0
2025-12-20 07:45:00+00:00,88166.859375,88169.7734375,88162.7421875,88166.875,0
2025-12-20 07:50:00+00:00,88186.8359375,88189.9609375,88178.171875,88178.171875,50900992
2025-12-20 07:55:00+00:00,88217.40625,88217.40625,88185.4765625,88185.4765625,0
2025-12-20 08:00:00+00:00,88317.4296875,88317.4296875,88218.359375,88218.359375,0
2025-12-20 08:05:00+00:00,88320.125,88326.484375,88320.125,88326.484375,0
2025-12-20 08:10:00+00:00,88283.15625,88314.671875,88283.15625,88314.671875,0
2025-12-20 08:15:00+00:00,88275.4375,88284.0078125,88274.171875,88274.171875,16314368
2025-12-20 08:20:00+00:00,88361.15625,88366.921875,88277.328125,88277.328125,0
2025-12-20 08:25:00+00:00,88328.859375,88350.1328125,88325.4375,88348.2421875,0
2025-12-20 08:30:00+00:00,88312.78125,88314.9140625,88309.625,88314.9140625,0
2025-12-20 08:35:00+00:00,88376.9921875,88377.5390625,88313.5625,88313.5625,0
2025-12-20 08:40:00+00:00,88339.3828125,88360.671875,88339.3828125,88360.671875,31850496
2025-12-20 08:45:00+00:00,88302.0234375,88312.5390625,88289.578125,88312.5390625,0
2025-12-20 08:50:00+00:00,88288.7109375,88305.5,88288.7109375,88305.5,0
2025-12-20 08:55:00+00:00,88248.25,88263.6796875,88243.7421875,88263.6796875,54931456
2025-12-20 09:00:00+00:00,88240.9609375,88240.9609375,88196.6171875,88205.984375,0
2025-12-20 09:05:00+00:00,88240.8203125,88254.3046875,88236.203125,88254.3046875,0
2025-12-20 09:10:00+00:00,88255.0625,88255.0625,88231.2421875,88231.2421875,0
2025-12-20 09:15:00+00:00,88284.09375,88284.09375,88255.6796875,88255.6796875,6426624
2025-12-20 09:20:00+00:00,88290.3203125,88295.6953125,88275.3828125,88275.3828125,0
2025-12-20 09:25:00+00:00,88275.2109375,88288.65625,88275.2109375,88288.65625,0
2025-12-20 09:30:00+00:00,88273.75,88293.390625,88268.3125,88268.3125,0
2025-12-20 09:35:00+00:00,88241.2421875,88269.6171875,88241.2421875,88265.328125,0
2025-12-20 09:40:00+00:00,88231.5859375,88239.1328125,88231.5859375,88237.34375,0
2025-12-20 09:45:00+00:00,88227.28125,88230.6953125,88225.375,88230.6953125,0
2025-12-20 09:50:00+00:00,88224.75,88229.046875,88223.1015625,88223.1015625,0
2025-12-20 09:55:00+00:00,88203.1640625,88228.9765625,88203.1640625,88227.4921875,0
2025-12-20 10:00:00+00:00,88177.3125,88185.4375,88170.53125,88185.4375,0
2025-12-20 10:05:00+00:00,88164.609375,88178.4375,88164.609375,88178.4375,0
2025-12-20 10:10:00+00:00,88219.9453125,88219.9453125,88173.9375,88173.9375,0
2025-12-20 10:15:00+00:00,88175.0546875,88218.75,88175.0546875,88218.453125,213630976
2025-12-20 10:20:00+00:00,88156.4453125,88173.2578125,88153.546875,88173.2578125,0
2025-12-20 10:25:00+00:00,88103.6953125,88113.90625,88093.015625,88093.015625,1009723392
2025-12-20 10:30:00+00:00,88111.296875,88135.421875,88111.296875,88135.421875,0
2025-12-20 10:35:00+00:00,88118.0859375,88123.0,88111.3046875,88111.3046875,0
2025-12-20 10:40:00+00:00,88135.8046875,88135.8046875,88127.2421875,88127.2421875,0
2025-12-20 10:45:00+00:00,88140.578125,88160.0703125,88140.578125,88141.9609375,42721280
2025-12-20 10:50:00+00:00,88104.9765625,88143.8984375,88104.9765625,88143.8984375,0
2025-12-20 10:55:00+00:00,88121.890625,88121.890625,88114.90625,88118.90625,0
2025-12-20 11:00:00+00:00,88115.53125,88120.4375,88115.53125,88120.4375,0
2025-12-20 11:05:00+00:00,88110.9765625,88110.9765625,88108.765625,88108.765625,0
2025-12-20 11:10:00+00:00,88099.9296875,88107.25,88082.484375,88107.25,0
2025-12-20 11:15:00+00:00,88103.953125,88103.953125,88094.5546875,88094.703125,0
2025-12-20 11:20:00+00:00,88145.3671875,88145.3671875,88102.1875,88108.328125,104022016
2025-12-20 11:25:00+00:00,88230.46875,88234.203125,88230.46875,88234.203125,0
2025-12-20 11:30:00+00:00,88208.34375,88226.2109375,88186.4140625,88224.9921875,59297792
2025-12-20 11:35:00+00:00,88205.2734375,88212.609375,88205.2734375,88212.609375,0
2025-12-20 11:40:00+00:00,88228.453125,88242.296875,88228.453125,88242.296875,0
2025-12-20 11:45:00+00:00,88221.4765625,88238.3359375,88221.4765625,88238.3359375,0
2025-12-20 11:50:00+00:00,88256.0234375,88256.0234375,88234.21875,88234.21875,0
2025-12-20 11:55:00+00:00,88254.078125,88254.078125,88237.2109375,88240.4375,0
2025-12-20 12:00:00+00:00,88221.328125,88239.15625,88217.8046875,88239.15625,0
2025-12-20 12:05:00+00:00,88232.8828125,88232.8828125,88222.7265625,88222.7265625,0
2025-12-20 12:10:00+00:00,88237.6171875,88279.078125,88237.6171875,88279.078125,0
2025-12-20 12:15:00+00:00,88185.2109375,88233.03125,88185.2109375,88233.03125,0
2025-12-20 12:20:00+00:00,88191.7890625,88205.5078125,88191.7890625,88205.5078125,0
2025-12-20 12:25:00+00:00,88191.0234375,88193.9140625,88191.0234375,88193.6328125,95811584
2025-12-20 12:30:00+00:00,88173.6640625,88174.7421875,88171.140625,88174.7421875,17123328
2025-12-20 12:35:00+00:00,88173.484375,88173.703125,88171.59375,88172.6953125,0
2025-12-20 12:40:00+00:00,88157.1640625,88176.4296875,88154.7421875,88176.4296875,0
2025-12-20 12:45:00+00:00,88172.3515625,88172.3515625,88157.6953125,88162.203125,0
2025-12-20 12:50:00+00:00,88173.1796875,88173.1796875,88168.828125,88170.90625,0
2025-12-20 12:55:00+00:00,88208.6328125,88208.6328125,88196.265625,88196.265625,4634624
2025-12-20 13:00:00+00:00,88252.8203125,88263.0078125,88213.484375,88213.484375,0
2025-12-20 13:05:00+00:00,88261.875,88273.5,88261.875,88273.5,96796672
2025-12-20 13:10:00+00:00,88112.6171875,88112.6171875,88077.25,88077.25,0
2025-12-20 13:15:00+00:00,87999.4296875,88109.9140625,87999.4296875,88109.9140625,760111104
2025-12-20 13:20:00+00:00,87953.9375,88086.40625,87953.9375,87996.1015625,281253888
2025-12-20 13:25:00+00:00,88011.8828125,88023.40625,87968.6015625,87992.7578125,78254080
2025-12-20 13:30:00+00:00,88014.7265625,88014.7265625,87987.3984375,87987.3984375,0
2025-12-20 13:35:00+00:00,88064.3828125,88064.3828125,87992.2109375,88007.9296875,0
2025-12-20 13:40:00+00:00,88118.4140625,88128.484375,88099.8125,88099.8125,0
2025-12-20 13:45:00+00:00,88199.109375,88205.6640625,88156.8046875,88156.8046875,0
2025-12-20 13:50:00+00:00,88215.421875,88215.421875,88195.375,88195.375,0
2025-12-20 13:55:00+00:00,88203.9609375,88203.9609375,88184.75,88186.53125,7096320
2025-12-20 14:00:00+00:00,88092.796875,88225.6015625,88092.796875,88225.6015625,0
2025-12-20 14:05:00+00:00,88034.4921875,88098.78125,87993.6484375,88098.78125,0
2025-12-20 14:10:00+00:00,88064.796875,88064.796875,88045.796875,88045.796875,685041664
2025-12-20 14:15:00+00:00,88059.3828125,88076.9609375,88057.203125,88057.203125,47757312
2025-12-20 14:20:00+00:00,88048.9453125,88064.1171875,88034.078125,88064.1171875,0
2025-12-20 14:25:00+00:00,88062.4375,88069.1640625,88062.4375,88064.9609375,0
2025-12-20 14:30:00+00:00,88070.1484375,88084.1484375,88067.359375,88067.359375,0
2025-12-20 14:35:00+00:00,88081.8828125,88081.8828125,88069.359375,88069.359375,0
2025-12-20 14:40:00+00:00,88133.265625,88133.265625,88091.453125,88114.3046875,0
2025-12-20 14:45:00+00:00,88182.4453125,88182.4453125,88140.6015625,88140.6015625,0
2025-12-20 14:50:00+00:00,88200.7890625,88215.1796875,88173.4765625,88180.5625,0
2025-12-20 14:55:00+00:00,88215.15625,88220.34375,88211.1171875,88220.34375,0
2025-12-20 15:00:00+00:00,88205.0703125,88213.8984375,88205.0703125,88213.8515625,0
2025-12-20 15:05:00+00:00,88160.2578125,88168.6796875,88158.0546875,88168.6796875,0
2025-12-20 15:10:00+00:00,88154.5234375,88163.34375,88146.6796875,88157.59375,0
2025-12-20 15:15:00+00:00,88131.2109375,88161.09375,88131.2109375,88161.09375,0
2025-12-20 15:20:00+00:00,88051.53125,88051.53125,88014.59375,88014.59375,0
2025-12-20 15:25:00+00:00,88019.5546875,88019.5546875,88015.4765625,88015.4765625,0
2025-12-20 15:30:00+00:00,88080.890625,88080.890625,88052.9140625,88052.9140625,0
2025-12-20 15:35:00+00:00,88080.703125,88086.1171875,88078.3671875,88078.3671875,0
2025-12-20 15:40:00+00:00,88127.5,88130.5625,88076.3671875,88076.3671875,0
2025-12-20 15:45:00+00:00,88123.71875,88123.71875,88122.4609375,88122.4609375,0
2025-12-20 15:50:00+00:00,88135.453125,88148.6953125,88130.1796875,88130.1796875,0
2025-12-20 15:55:00+00:00,88148.1640625,88148.1640625,88144.96875,88144.96875,0
2025-12-20 16:00:00+00:00,88151.390625,88163.40625,88151.390625,88163.40625,0
2025-12-20 16:05:00+00:00,88136.234375,88164.4375,88136.234375,88164.4375,0
2025-12-20 16:10:00+00:00,88163.484375,88170.1796875,88159.953125,88159.953125,0
2025-12-20 16:15:00+00:00,88155.359375,88157.90625,88153.21875,88157.90625,0
2025-12-20 16:20:00+00:00,88152.625,88162.96875,88152.625,88162.96875,0
2025-12-20 16:25:00+00:00,88145.484375,88155.6796875,88141.3828125,88155.6796875,0
2025-12-20 16:30:00+00:00,88108.4375,88142.25,88100.03125,88142.25,0
2025-12-20 16:35:00+00:00,88121.90625,88123.015625,88099.5703125,88099.5703125,0
2025-12-20 16:40:00+00:00,88100.234375,88121.484375,88100.234375,88121.484375,0
2025-12-20 16:45:00+00:00,88103.8203125,88103.8203125,88094.8359375,88094.8359375,0
2025-12-20 16:50:00+00:00,88113.90625,88125.8984375,88108.0234375,88125.8984375,0
2025-12-20 16:55:00+00:00,88114.2265625,88114.2265625,88111.203125,88111.203125,0
2025-12-20 17:00:00+00:00,88145.109375,88145.109375,88139.015625,88144.15625,0
2025-12-20 17:05:00+00:00,88162.09375,88162.09375,88146.1171875,88146.1171875,0
2025-12-20 17:10:00+00:00,88121.015625,88158.6015625,88086.0546875,88158.6015625,0
2025-12-20 17:15:00+00:00,88154.4609375,88154.4609375,88121.9609375,88127.7421875,0
2025-12-20 17:20:00+00:00,88191.1640625,88191.1640625,88172.53125,88175.921875,0
2025-12-20 17:25:00+00:00,88199.1484375,88206.9921875,88193.1640625,88193.1640625,0
2025-12-20 17:30:00+00:00,88185.1015625,88197.8359375,88180.828125,88197.8359375,0
2025-12-20 17:35:00+00:00,88151.9921875,88183.4375,88151.9921875,88179.3671875,0
2025-12-20 17:40:00+00:00,88163.359375,88163.359375,88144.109375,88144.109375,0
2025-12-20 17:45:00+00:00,88184.1640625,88184.671875,88157.03125,88157.03125,0
2025-12-20 17:50:00+00:00,88165.7578125,88191.2265625,88165.7578125,88191.2265625,0
2025-12-20 17:55:00+00:00,88139.3515625,88152.3359375,88139.3515625,88149.7109375,0
2025-12-20 18:00:00+00:00,88152.09375,88171.53125,88146.2734375,88146.2734375,0
2025-12-20 18:05:00+00:00,88125.4609375,88125.4609375,88117.734375,88121.171875,0
2025-12-20 18:10:00+00:00,88122.8828125,88136.8828125,88122.7421875,88127.578125,0
2025-12-20 18:15:00+00:00,88150.0546875,88160.1875,88124.1328125,88124.1328125,0
2025-12-20 18:20:00+00:00,88161.546875,88166.796875,88161.546875,88166.796875,0
2025-12-20 18:25:00+00:00,88161.421875,88161.890625,88158.3203125,88158.3203125,0
2025-12-20 18:30:00+00:00,88151.1171875,88166.6796875,88151.1171875,88163.5546875,0
2025-12-20 18:35:00+00:00,88155.6171875,88162.09375,88155.6171875,88160.78125,0
2025-12-20 18:40:00+00:00,88156.203125,88159.4375,88156.203125,88159.4375,0
2025-12-20 18:45:00+00:00,88154.7578125,88157.59375,88153.1640625,88153.8046875,0
2025-12-20 18:50:00+00:00,88206.5234375,88206.5234375,88153.875,88153.875,0
2025-12-20 18:55:00+00:00,88304.6328125,88337.6015625,88217.421875,88218.8828125,13873152
2025-12-20 19:00:00+00:00,88218.9296875,88273.953125,88215.5078125,88273.953125,0
2025-12-20 19:05:00+00:00,88196.2578125,88210.546875,88196.2578125,88210.546875,0
2025-12-20 19:10:00+00:00,88269.0,88269.0,88216.671875,88216.671875,0
2025-12-20 19:15:00+00:00,88225.46875,88269.421875,88210.9375,88269.421875,0
2025-12-20 19:20:00+00:00,88214.734375,88223.3984375,88214.734375,88223.3984375,0
2025-12-20 19:25:00+00:00,88233.6640625,88233.6640625,88215.640625,88216.7109375,0
2025-12-20 19:30:00+00:00,88206.1953125,88233.1484375,88206.1953125,88233.1484375,0
2025-12-20 19:35:00+00:00,88207.3828125,88215.6484375,88204.34375,88215.6484375,0
2025-12-20 19:40:00+00:00,88201.375,88205.0,88201.375,88205.0,0
2025-12-20 19:45:00+00:00,88196.984375,88199.421875,88188.78125,88199.421875,0
2025-12-20 19:50:00+00:00,88179.015625,88205.71875,88179.015625,88197.8046875,0
2025-12-20 19:55:00+00:00,88190.2109375,88202.8671875,88190.2109375,88194.90625,0
2025-12-20 20:00:00+00:00,88178.390625,88185.4453125,88178.390625,88185.4453125,0
2025-12-20 20:05:00+00:00,88196.375,88196.375,88184.859375,88184.859375,0
2025-12-20 20:10:00+00:00,88222.9609375,88222.9609375,88190.1484375,88202.59375,0
2025-12-20 20:15:00+00:00,88237.484375,88237.484375,88227.578125,88228.796875,0
2025-12-20 20:20:00+00:00,88246.1796875,88246.1796875,88224.0078125,88235.640625,0
2025-12-20 20:25:00+00:00,88256.7578125,88256.7578125,88242.125,88243.34375,0
2025-12-20 20:30:00+00:00,88238.203125,88240.9140625,88236.8359375,88238.75,0
2025-12-20 20:35:00+00:00,88222.890625,88248.265625,88222.890625,88238.203125,0
2025-12-20 20:40:00+00:00,88210.9453125,88222.0234375,88203.859375,88222.0234375,0
2025-12-20 20:45:00+00:00,88206.5234375,88208.203125,88206.109375,88208.203125,0
2025-12-20 20:50:00+00:00,88209.203125,88209.390625,88198.171875,88204.25,0
2025-12-20 20:55:00+00:00,88245.984375,88246.5390625,88228.3125,88228.3125,0
2025-12-20 21:00:00+00:00,88247.953125,88256.671875,88243.046875,88243.046875,0
2025-12-20 21:05:00+00:00,88240.640625,88252.4453125,88240.640625,88246.015625,0
2025-12-20 21:10:00+00:00,88275.140625,88285.734375,88275.140625,88280.703125,0
2025-12-20 21:15:00+00:00,88292.6953125,88292.6953125,88274.0,88278.734375,0
2025-12-20 21:20:00+00:00,88296.5390625,88362.8515625,88282.3046875,88362.8515625,31450112
2025-12-20 21:25:00+00:00,88271.046875,88300.828125,88271.046875,88295.953125,0
2025-12-20 21:30:00+00:00,88266.1328125,88273.265625,88261.2421875,88271.3828125,0
2025-12-20 21:35:00+00:00,88271.390625,88271.765625,88266.140625,88267.6328125,37897216
2025-12-20 21:40:00+00:00,88262.3515625,88269.53125,88262.3515625,88269.53125,0
2025-12-20 21:45:00+00:00,88238.3125,88257.71875,88238.3125,88257.71875,0
2025-12-20 21:50:00+00:00,88188.5234375,88188.5234375,88173.75,88185.3203125,37864448
2025-12-20 21:55:00+00:00,88170.328125,88180.1171875,88170.328125,88180.1171875,0
2025-12-20 22:00:00+00:00,88208.09375,88208.09375,88197.34375,88207.6015625,0
2025-12-20 22:05:00+00:00,88190.2734375,88193.3125,88185.5234375,88185.5234375,0
2025-12-20 22:10:00+00:00,88142.3515625,88197.3828125,88142.3515625,88197.3828125,0
2025-12-20 22:15:00+00:00,88146.109375,88149.828125,88146.109375,88148.78125,0
2025-12-20 22:20:00+00:00,88118.7734375,88141.65625,88118.7734375,88141.65625,28872704
2025-12-20 22:25:00+00:00,88181.625,88183.234375,88123.03125,88123.03125,0
2025-12-20 22:30:00+00:00,88217.78125,88217.78125,88190.5625,88190.5625,0
2025-12-20 22:35:00+00:00,88216.3828125,88225.484375,88214.046875,88214.046875,339606528
2025-12-20 22:40:00+00:00,88255.7421875,88255.7421875,88217.78125,88217.78125,0
2025-12-20 22:45:00+00:00,88242.8984375,88266.9609375,88230.03125,88230.03125,0
2025-12-20 22:50:00+00:00,88285.671875,88285.671875,88226.1328125,88242.921875,0
2025-12-20 22:55:00+00:00,88294.9453125,88294.9453125,88287.9921875,88288.46875,0
2025-12-20 23:00:00+00:00,88250.796875,88268.703125,88231.6875,88268.703125,330509312
2025-12-20 23:05:00+00:00,88256.203125,88285.0,88256.203125,88283.5234375,15702016
2025-12-20 23:10:00+00:00,88278.53125,88287.640625,88268.1328125,88270.2421875,0
2025-12-20 23:15:00+00:00,88301.5625,88301.5625,88286.375,88286.375,0
2025-12-20 23:20:00+00:00,88249.890625,88320.3984375,88249.890625,88305.8671875,0
2025-12-20 23:25:00+00:00,88262.96875,88262.96875,88246.6875,88249.671875,0
2025-12-20 23:30:00+00:00,88266.1640625,88269.2578125,88264.421875,88264.421875,0
2025-12-20 23:35:00+00:00,88262.171875,88267.390625,88261.65625,88261.65625,7371776
2025-12-20 23:40:00+00:00,88253.046875,88272.9453125,88253.046875,88272.9453125,0
2025-12-20 23:45:00+00:00,88293.359375,88296.8359375,88285.4453125,88296.8359375,0
2025-12-20 23:50:00+00:00,88341.3515625,88341.3515625,88292.984375,88292.984375,5099520
2025-12-20 23:55:00+00:00,88351.671875,88373.46875,88340.4921875,88370.6015625,0
2025-12-21 00:00:00+00:00,88348.4765625,88348.59375,88339.9609375,88339.9609375,344258560
2025-12-21 00:05:00+00:00,88277.8828125,88339.8125,88277.8828125,88339.8125,0
2025-12-21 00:10:00+00:00,88302.015625,88302.015625,88279.1796875,88279.1796875,0
2025-12-21 00:15:00+00:00,88309.53125,88309.53125,88297.3203125,88297.3203125,22996992
2025-12-21 00:20:00+00:00,88378.78125,88378.90625,88326.5078125,88326.5078125,0
2025-12-21 00:25:00+00:00,88376.1328125,88377.125,88376.1328125,88377.125,73567232
2025-12-21 00:30:00+00:00,88349.15625,88387.328125,88349.15625,88374.640625,0
2025-12-21 00:35:00+00:00,88336.015625,88356.640625,88336.015625,88356.640625,61833216
2025-12-21 00:40:00+00:00,88298.828125,88298.828125,88287.1640625,88296.8828125,0
2025-12-21 00:45:00+00:00,88298.5,88307.71875,88298.5,88307.71875,25573376
2025-12-21 00:50:00+00:00,88324.34375,88324.34375,88296.65625,88296.65625,0
2025-12-21 00:55:00+00:00,88320.03125,88320.03125,88309.0078125,88309.0078125,0
2025-12-21 01:00:00+00:00,88318.3671875,88367.140625,88318.3671875,88367.140625,0
2025-12-21 01:05:00+00:00,88311.5546875,88324.3046875,88311.5546875,88324.3046875,0
2025-12-21 01:10:00+00:00,88268.4296875,88314.5234375,88268.4296875,88313.375,0
2025-12-21 01:15:00+00:00,88290.9765625,88290.9765625,88277.3359375,88277.3359375,0
2025-12-21 01:20:00+00:00,88279.3828125,88287.5,88276.6328125,88287.5,0
2025-12-21 01:25:00+00:00,88272.4296875,88277.5,88271.6484375,88277.5,0
2025-12-21 01:30:00+00:00,88218.796875,88265.9453125,88218.796875,88265.9453125,0
2025-12-21 01:35:00+00:00,88167.5546875,88196.8515625,88167.5546875,88168.015625,0
2025-12-21 01:40:00+00:00,88046.4140625,88068.84375,88046.4140625,88068.84375,67576832
2025-12-21 01:45:00+00:00,88096.0859375,88115.046875,88063.875,88063.875,56845312
2025-12-21 01:50:00+00:00,88099.4140625,88100.65625,88084.9453125,88100.65625,32415744
2025-12-21 01:55:00+00:00,88027.7578125,88107.0234375,88027.7578125,88107.0234375,18295808
2025-12-21 02:00:00+00:00,88042.640625,88042.640625,88000.640625,88000.640625,134885376
2025-12-21 02:05:00+00:00,88006.1328125,88044.4765625,88006.1328125,88039.6875,0
2025-12-21 02:10:00+00:00,87981.8046875,88019.5859375,87981.8046875,88010.890625,0
2025-12-21 02:15:00+00:00,87962.1484375,88000.2890625,87945.15625,88000.2890625,453073920
2025-12-21 02:20:00+00:00,87915.515625,87971.84375,87915.515625,87971.84375,0
2025-12-21 02:25:00+00:00,87889.140625,87918.625,87889.140625,87918.625,66152448
2025-12-21 02:30:00+00:00,87969.859375,87970.2578125,87933.34375,87933.34375,21458944
2025-12-21 02:35:00+00:00,87967.7265625,87989.921875,87964.8046875,87964.8046875,25856000
2025-12-21 02:40:00+00:00,87935.1015625,87935.1015625,87909.0703125,87926.1640625,0
2025-12-21 02:45:00+00:00,87872.7421875,87916.625,87872.7421875,87916.625,0
2025-12-21 02:50:00+00:00,87958.9921875,87958.9921875,87870.3671875,87870.3671875,57260032
2025-12-21 02:55:00+00:00,87921.0546875,87936.015625,87895.34375,87903.6484375,8935424
2025-12-21 03:00:00+00:00,88024.9609375,88024.9609375,87924.1640625,87924.1640625,0
2025-12-21 03:05:00+00:00,88040.375,88040.375,88013.6640625,88013.6640625,47636480
2025-12-21 03:10:00+00:00,88005.0859375,88029.5078125,88005.0859375,88029.5078125,23991296
2025-12-21 03:15:00+00:00,88091.484375,88091.484375,87997.09375,87999.953125,30047232
2025-12-21 03:20:00+00:00,88074.015625,88112.328125,88074.015625,88112.328125,0
2025-12-21 03:25:00+00:00,88067.0390625,88069.9609375,88067.0390625,88068.0703125,0
2025-12-21 03:30:00+00:00,88086.359375,88086.359375,88062.2890625,88067.1328125,48367616
2025-12-21 03:35:00+00:00,88042.6796875,88085.96875,88042.6796875,88085.96875,0
2025-12-21 03:40:00+00:00,88021.1328125,88030.8515625,88017.125,88030.0703125,10952704
2025-12-21 03:45:00+00:00,88038.1796875,88038.1796875,88021.9296875,88021.9296875,0
2025-12-21 03:50:00+00:00,88021.0546875,88034.9765625,88021.0546875,88034.9765625,9821184
2025-12-21 03:55:00+00:00,88044.75,88044.75,88020.8828125,88023.9765625,13619200
2025-12-21 04:00:00+00:00,88036.953125,88051.8671875,88036.953125,88038.3828125,0
2025-12-21 04:05:00+00:00,88104.2890625,88104.2890625,88042.2890625,88042.2890625,22406144
2025-12-21 04:10:00+00:00,88051.6875,88084.2421875,88045.0,88084.2421875,36170752
2025-12-21 04:15:00+00:00,88073.5625,88073.5625,88049.484375,88049.484375,2819072
2025-12-21 04:20:00+00:00,88085.1484375,88100.1875,88076.0,88076.0,0
2025-12-21 04:25:00+00:00,88103.9453125,88103.9453125,88101.21875,88101.21875,26352640
2025-12-21 04:30:00+00:00,88091.5390625,88105.0625,88091.5390625,88100.203125,10675200
2025-12-21 04:35:00+00:00,88091.34375,88094.734375,88089.8671875,88089.8671875,0
2025-12-21 04:40:00+00:00,88066.0625,88093.1875,88066.0625,88093.1875,0
2025-12-21 04:45:00+00:00,88044.7265625,88060.765625,88044.7265625,88060.765625,3144704
2025-12-21 04:50:00+00:00,88031.09375,88038.8671875,88031.09375,88038.8671875,0
2025-12-21 04:55:00+00:00,88040.6796875,88046.578125,88040.6796875,88046.1953125,0
2025-12-21 05:00:00+00:00,88048.3203125,88048.3203125,88036.390625,88041.28125,0
2025-12-21 05:05:00+00:00,88063.875,88063.875,88042.8359375,88042.8359375,0
2025-12-21 05:10:00+00:00,88054.6875,88054.6875,88043.234375,88043.234375,0
2025-12-21 05:15:00+00:00,88072.203125,88120.34375,88072.203125,88120.34375,0
2025-12-21 05:20:00+00:00,88102.4921875,88102.4921875,88049.140625,88049.140625,21891072
2025-12-21 05:25:00+00:00,88099.75,88102.765625,88099.515625,88102.765625,0
2025-12-21 05:30:00+00:00,88107.21875,88115.4453125,88104.9453125,88106.078125,0
2025-12-21 05:35:00+00:00,88090.1640625,88105.078125,88090.1640625,88105.078125,0
2025-12-21 05:40:00+00:00,88095.6015625,88107.875,88095.6015625,88099.0390625,0
2025-12-21 05:45:00+00:00,88080.1875,88092.953125,88080.1875,88092.953125,0
2025-12-21 05:50:00+00:00,88101.46875,88101.46875,88070.1953125,88070.1953125,0
2025-12-21 05:55:00+00:00,88111.515625,88111.515625,88100.453125,88100.453125,0
2025-12-21 06:00:00+00:00,88115.7578125,88115.7578125,88110.390625,88110.390625,0
2025-12-21 06:05:00+00:00,88115.5078125,88117.4375,88114.4453125,88115.890625,0
2025-12-21 06:10:00+00:00,88151.9765625,88158.0546875,88115.765625,88115.765625,10217472
2025-12-21 06:15:00+00:00,88173.6171875,88177.2578125,88163.25,88163.25,0
2025-12-21 06:20:00+00:00,88135.1640625,88163.65625,88131.6640625,88163.65625,0
2025-12-21 06:25:00+00:00,88138.7578125,88142.8125,88138.7578125,88142.8125,21839872
2025-12-21 06:30:00+00:00,88126.7421875,88149.625,88126.7421875,88142.1328125,107273216
2025-12-21 06:35:00+00:00,88123.765625,88132.4609375,88119.75,88132.4609375,0
2025-12-21 06:40:00+00:00,88087.390625,88118.828125,88087.390625,88118.828125,0
2025-12-21 06:45:00+00:00,88098.6953125,88098.6953125,88092.2734375,88092.2734375,0
2025-12-21 06:50:00+00:00,88068.8203125,88078.734375,88063.3359375,88078.734375,55303168
2025-12-21 06:55:00+00:00,88067.3359375,88070.6484375,88064.046875,88070.6484375,0
2025-12-21 07:00:00+00:00,88109.765625,88109.765625,88063.84375,88063.84375,31313920
2025-12-21 07:05:00+00:00,88088.375,88091.0546875,88086.7109375,88086.7109375,0
2025-12-21 07:10:00+00:00,88090.1640625,88090.1953125,88088.203125,88090.1953125,0
2025-12-21 07:15:00+00:00,88096.78125,88096.78125,88082.015625,88082.015625,0
2025-12-21 07:20:00+00:00,88093.0625,88093.0625,88090.65625,88090.65625,0
2025-12-21 07:25:00+00:00,88095.3125,88096.828125,88090.8671875,88096.828125,0
2025-12-21 07:30:00+00:00,88077.828125,88087.296875,88077.828125,88087.296875,0
2025-12-21 07:35:00+00:00,88085.5390625,88085.5390625,88080.5078125,88084.3984375,0
2025-12-21 07:40:00+00:00,88052.84375,88097.796875,88052.84375,88088.8203125,0
2025-12-21 07:45:00+00:00,88056.0234375,88056.0234375,88040.625,88040.625,10123264
2025-12-21 07:50:00+00:00,88095.6171875,88097.6328125,88084.96875,88084.96875,0
2025-12-21 07:55:00+00:00,88104.828125,88106.734375,88091.8125,88091.8125,81734656
2025-12-21 08:00:00+00:00,88146.9609375,88150.984375,88129.6328125,88129.6328125,0
2025-12-21 08:05:00+00:00,88137.5703125,88149.96875,88137.5703125,88146.328125,36187136
2025-12-21 08:10:00+00:00,88131.28125,88134.6171875,88128.5625,88133.59375,0
2025-12-21 08:15:00+00:00,88140.96875,88140.96875,88128.2421875,88128.2421875,81149952
2025-12-21 08:20:00+00:00,88139.484375,88139.484375,88130.3984375,88134.03125,0
2025-12-21 08:25:00+00:00,88225.8046875,88225.8046875,88190.2890625,88190.2890625,33429504
2025-12-21 08:30:00+00:00,88360.515625,88360.515625,88229.3203125,88229.3203125,0
2025-12-21 08:35:00+00:00,88304.8984375,88324.9296875,88290.0390625,88324.9296875,49747968
2025-12-21 08:40:00+00:00,88546.2421875,88546.2421875,88328.796875,88328.796875,69991424
2025-12-21 08:45:00+00:00,88576.7265625,88576.7265625,88525.9765625,88573.21875,145444864
2025-12-21 08:50:00+00:00,88453.328125,88498.7265625,88453.328125,88479.28125,199080960
2025-12-21 08:55:00+00:00,88532.265625,88532.265625,88463.984375,88463.984375,44903424
2025-12-21 09:00:00+00:00,88674.8515625,88674.8515625,88592.8203125,88592.8203125,84199424
2025-12-21 09:05:00+00:00,88504.4296875,88572.09375,88504.4296875,88572.09375,74833920
2025-12-21 09:10:00+00:00,88631.4921875,88631.4921875,88552.3515625,88552.3515625,88657920
2025-12-21 09:15:00+00:00,88719.078125,88725.7890625,88613.9921875,88628.3203125,57431040
2025-12-21 09:20:00+00:00,88680.1875,88682.984375,88663.6015625,88663.6015625,0
2025-12-21 09:25:00+00:00,88660.1015625,88663.296875,88660.1015625,88662.96875,424408064
2025-12-21 09:30:00+00:00,88686.0703125,88686.0703125,88636.1875,88639.296875,78822400
2025-12-21 09:35:00+00:00,88787.2890625,88801.9375,88780.8984375,88780.8984375,0
2025-12-21 09:40:00+00:00,88791.9375,88791.9375,88785.5859375,88785.5859375,156559360
2025-12-21 09:45:00+00:00,88899.3828125,88899.3828125,88794.0625,88794.0625,103607296
2025-12-21 09:50:00+00:00,88957.125,88957.125,88873.90625,88873.90625,0
2025-12-21 09:55:00+00:00,88842.46875,89011.0859375,88842.46875,89011.0859375,221667328
2025-12-21 10:00:00+00:00,88899.0234375,88919.984375,88899.0234375,88917.625,0
2025-12-21 10:05:00+00:00,88793.9765625,88890.2421875,88793.9765625,88890.2421875,40128512
2025-12-21 10:10:00+00:00,88756.1875,88840.4140625,88756.1875,88840.4140625,35385344
2025-12-21 10:15:00+00:00,88762.859375,88793.4140625,88741.09375,88741.09375,38063104
2025-12-21 10:20:00+00:00,88766.75,88770.4140625,88758.1875,88758.1875,85857280
2025-12-21 10:25:00+00:00,88725.1484375,88747.203125,88720.8984375,88747.203125,0
2025-12-21 10:30:00+00:00,88685.4375,88723.4765625,88685.4375,88723.4765625,8995840
2025-12-21 10:35:00+00:00,88755.609375,88755.609375,88565.765625,88565.765625,69683200
2025-12-21 10:40:00+00:00,88724.5234375,88746.2890625,88724.5234375,88727.8046875,74322944
2025-12-21 10:45:00+00:00,88612.78125,88698.3671875,88612.78125,88698.3671875,0
2025-12-21 10:50:00+00:00,88629.7578125,88648.3515625,88629.7578125,88645.28125,0
2025-12-21 10:55:00+00:00,88617.765625,88632.484375,88605.671875,88632.484375,20425728
2025-12-21 11:00:00+00:00,88576.0703125,88622.9296875,88576.0703125,88622.9296875,92343296
2025-12-21 11:05:00+00:00,88622.9375,88622.9375,88562.9921875,88562.9921875,0
2025-12-21 11:10:00+00:00,88626.046875,88631.8671875,88621.8203125,88621.8203125,100155392
2025-12-21 11:15:00+00:00,88603.5234375,88630.65625,88603.5234375,88622.046875,0
2025-12-21 11:20:00+00:00,88708.84375,88708.84375,88601.4375,88601.4375,58213376
2025-12-21 11:25:00+00:00,88657.953125,88661.5859375,88628.0234375,88661.5859375,0
2025-12-21 11:30:00+00:00,88665.328125,88665.328125,88654.265625,88654.265625,3382272
2025-12-21 11:35:00+00:00,88592.6171875,88627.3984375,88592.6171875,88627.3984375,0
2025-12-21 11:40:00+00:00,88596.359375,88603.359375,88586.3125,88593.7421875,0
2025-12-21 11:45:00+00:00,88596.7734375,88596.7734375,88585.1171875,88589.1171875,0
2025-12-21 11:50:00+00:00,88578.546875,88596.1875,88578.546875,88596.1875,60459008
2025-12-21 11:55:00+00:00,88585.8359375,88585.8359375,88576.109375,88576.390625,7070720
2025-12-21 12:00:00+00:00,88635.265625,88635.265625,88591.1484375,88591.1484375,7449600
2025-12-21 12:05:00+00:00,88714.3515625,88714.3515625,88665.6015625,88665.6015625,60599296
2025-12-21 12:10:00+00:00,88735.046875,88744.671875,88725.9140625,88725.9140625,6389760
2025-12-21 12:15:00+00:00,88746.984375,88794.3515625,88732.0078125,88732.0078125,23227392
2025-12-21 12:20:00+00:00,88878.453125,88878.453125,88764.7890625,88764.7890625,0
2025-12-21 12:25:00+00:00,88798.9375,88844.1875,88798.9375,88844.1875,42078208
2025-12-21 12:30:00+00:00,88762.0703125,88844.6953125,88762.0703125,88797.2421875,92945408
2025-12-21 12:35:00+00:00,88765.390625,88771.96875,88765.390625,88769.265625,18358272
2025-12-21 12:40:00+00:00,88609.8046875,88761.4375,88609.8046875,88761.4375,0
2025-12-21 12:45:00+00:00,88600.6171875,88606.28125,88584.1171875,88606.28125,41806848
2025-12-21 12:50:00+00:00,88578.234375,88590.8125,88578.234375,88590.8125,97546240
2025-12-21 12:55:00+00:00,88556.2734375,88575.40625,88514.1171875,88575.40625,100631552
2025-12-21 13:00:00+00:00,88637.9375,88637.9375,88601.6328125,88601.6328125,0
2025-12-21 13:05:00+00:00,88391.96875,88404.2109375,88334.3125,88334.3125,113688576
2025-12-21 13:10:00+00:00,88441.046875,88441.046875,88375.40625,88375.40625,67368960
2025-12-21 13:15:00+00:00,88252.8515625,88368.1796875,88203.109375,88368.1796875,52557824
2025-12-21 13:20:00+00:00,88307.515625,88309.8828125,88253.8671875,88253.8671875,0
2025-12-21 13:25:00+00:00,88217.15625,88291.6328125,88217.15625,88291.6328125,0
2025-12-21 13:30:00+00:00,87902.9921875,88209.0390625,87830.390625,88209.0390625,224845824
2025-12-21 13:35:00+00:00,87966.203125,87966.203125,87857.78125,87944.2109375,198561792
2025-12-21 13:40:00+00:00,87880.90625,87922.75,87880.90625,87922.75,130237440
2025-12-21 13:45:00+00:00,87740.7265625,87907.390625,87740.7265625,87907.390625,153817088
2025-12-21 13:50:00+00:00,87652.6015625,87763.96875,87624.03125,87763.96875,0
2025-12-21 13:55:00+00:00,87643.1015625,87674.3203125,87635.9453125,87674.3203125,539103232
2025-12-21 14:00:00+00:00,87847.6796875,87847.6796875,87666.40625,87666.40625,3627008
2025-12-21 14:05:00+00:00,88106.1484375,88106.1484375,87815.25,87815.25,0
2025-12-21 14:10:00+00:00,87860.4765625,87886.2578125,87860.4765625,87886.2578125,191014912
2025-12-21 14:15:00+00:00,87972.703125,87972.7109375,87870.6171875,87870.6171875,170846208
2025-12-21 14:20:00+00:00,87970.046875,87975.6875,87961.875,87961.875,24010752
2025-12-21 14:25:00+00:00,87842.6953125,87950.9453125,87841.4296875,87950.9453125,56530944
2025-12-21 14:30:00+00:00,87987.7421875,88008.78125,87893.625,87893.625,0
2025-12-21 14:35:00+00:00,87904.9296875,87979.109375,87845.75,87965.703125,171425792
2025-12-21 14:40:00+00:00,88006.0078125,88006.0078125,87943.9765625,87947.5,0
2025-12-21 14:45:00+00:00,87987.7421875,88023.0234375,87979.25,88023.0234375,22575104
2025-12-21 14:50:00+00:00,87972.5625,88027.96875,87946.203125,88027.96875,0
2025-12-21 14:55:00+00:00,88018.5234375,88035.7734375,88018.5234375,88035.7734375,0
2025-12-21 15:00:00+00:00,87961.8359375,88027.7578125,87961.8359375,88027.7578125,109668352
2025-12-21 15:05:00+00:00,87939.8359375,87939.8359375,87896.2265625,87920.6796875,0
2025-12-21 15:10:00+00:00,87991.171875,87991.171875,87949.3359375,87949.3359375,37103616
2025-12-21 15:15:00+00:00,87825.3671875,87928.28125,87825.3671875,87926.625,3047424
2025-12-21 15:20:00+00:00,87853.359375,87853.359375,87802.8046875,87802.8046875,9639936
2025-12-21 15:25:00+00:00,87864.0078125,87864.0078125,87844.3359375,87859.375,0
2025-12-21 15:30:00+00:00,87953.875,87969.8046875,87866.2734375,87866.2734375,0
2025-12-21 15:35:00+00:00,87989.2265625,88043.46875,87942.3984375,87947.3671875,74778624
2025-12-21 15:40:00+00:00,87951.515625,87984.4140625,87927.8125,87984.4140625,51283968
2025-12-21 15:45:00+00:00,88026.734375,88026.734375,87946.65625,87958.3515625,61505536
2025-12-21 15:50:00+00:00,88095.9375,88095.9375,87990.2265625,87990.2265625,0
2025-12-21 15:55:00+00:00,88039.1875,88219.46875,88039.1875,88219.46875,119848960
2025-12-21 16:00:00+00:00,88014.46875,88042.78125,87982.703125,88042.78125,0
2025-12-21 16:05:00+00:00,88078.2421875,88084.4453125,88015.0078125,88024.3671875,5132288
2025-12-21 16:10:00+00:00,88052.6796875,88097.4453125,88037.796875,88097.4453125,31160320
2025-12-21 16:15:00+00:00,88060.609375,88060.609375,87987.3125,88035.5703125,6676480
2025-12-21 16:20:00+00:00,88186.171875,88186.171875,88068.4453125,88068.4453125,28624896
2025-12-21 16:25:00+00:00,88207.1875,88306.3125,88207.1875,88247.765625,0
2025-12-21 16:30:00+00:00,88180.0390625,88219.8984375,88180.0390625,88219.8984375,443506688
2025-12-21 16:35:00+00:00,88205.140625,88205.140625,88191.015625,88191.015625,0
2025-12-21 16:40:00+00:00,88164.3984375,88182.2265625,88161.65625,88182.2265625,122222592
2025-12-21 16:45:00+00:00,88177.109375,88177.109375,88160.828125,88160.828125,0
2025-12-21 16:50:00+00:00,88262.0703125,88262.0703125,88197.5078125,88197.5078125,32241664
2025-12-21 16:55:00+00:00,88303.6875,88303.6875,88252.8984375,88252.8984375,119056384
2025-12-21 17:00:00+00:00,88388.3984375,88388.3984375,88326.8515625,88331.9296875,0
2025-12-21 17:05:00+00:00,88372.71875,88382.9453125,88333.3046875,88382.78125,132323328
2025-12-21 17:10:00+00:00,88404.9375,88404.9375,88382.65625,88382.65625,66330624
2025-12-21 17:15:00+00:00,88429.46875,88429.46875,88370.0390625,88392.46875,7315456
2025-12-21 17:20:00+00:00,88393.8125,88447.09375,88393.8125,88447.09375,0
2025-12-21 17:25:00+00:00,88269.25,88399.875,88269.25,88399.875,13617152
2025-12-21 17:30:00+00:00,88284.8671875,88289.734375,88274.703125,88282.546875,0
2025-12-21 17:35:00+00:00,88343.1640625,88343.1640625,88293.3203125,88317.265625,140247040
2025-12-21 17:40:00+00:00,88356.796875,88356.796875,88336.15625,88336.15625,0
2025-12-21 17:45:00+00:00,88365.8671875,88365.8671875,88349.3828125,88349.3828125,38475776
2025-12-21 17:50:00+00:00,88303.109375,88342.625,88291.8671875,88342.625,11452416
2025-12-21 17:55:00+00:00,88296.5234375,88303.1171875,88296.5234375,88300.3515625,28086272
2025-12-21 18:00:00+00:00,88233.9921875,88293.28125,88233.9921875,88293.28125,0
2025-12-21 18:05:00+00:00,88061.796875,88187.8203125,88027.3125,88187.8203125,0
2025-12-21 18:10:00+00:00,87978.6796875,88009.2109375,87978.6796875,88009.2109375,76539904
2025-12-21 18:15:00+00:00,88075.8828125,88075.8828125,87957.515625,87957.515625,69173248
2025-12-21 18:20:00+00:00,88017.9609375,88066.484375,88014.359375,88066.484375,97941504
2025-12-21 18:25:00+00:00,88069.4375,88069.4375,88010.3046875,88010.3046875,0
2025-12-21 18:30:00+00:00,88198.5859375,88198.5859375,88095.5078125,88095.5078125,0
2025-12-21 18:35:00+00:00,88243.828125,88253.734375,88182.4375,88191.6484375,0
2025-12-21 18:40:00+00:00,88249.140625,88249.140625,88237.2890625,88238.5234375,668178432
2025-12-21 18:45:00+00:00,88291.2109375,88292.6328125,88247.3046875,88249.34375,11120640
2025-12-21 18:50:00+00:00,88303.6484375,88303.6484375,88271.2578125,88271.2578125,0
2025-12-21 18:55:00+00:00,88410.96875,88410.96875,88316.9296875,88316.9296875,0
2025-12-21 19:00:00+00:00,88412.421875,88474.0859375,88412.421875,88474.0859375,41887744
2025-12-21 19:05:00+00:00,88380.953125,88414.703125,88368.8515625,88368.8515625,22304768
2025-12-21 19:10:00+00:00,88352.4609375,88374.5703125,88351.34375,88356.8125,0
2025-12-21 19:15:00+00:00,88361.03125,88364.6640625,88348.0625,88348.0625,0
2025-12-21 19:20:00+00:00,88345.703125,88360.734375,88345.703125,88360.734375,0
2025-12-21 19:25:00+00:00,88335.3671875,88343.5078125,88335.3671875,88343.5078125,65492992
2025-12-21 19:30:00+00:00,88265.1640625,88342.1875,88265.1640625,88342.1875,65851392
2025-12-21 19:35:00+00:00,88316.9453125,88316.9453125,88241.5,88241.5,0
2025-12-21 19:40:00+00:00,88391.3125,88391.3125,88337.4921875,88337.4921875,0
2025-12-21 19:45:00+00:00,88354.984375,88390.4453125,88349.84375,88390.4453125,559308800
2025-12-21 19:50:00+00:00,88526.6953125,88526.6953125,88365.953125,88365.953125,64309248
2025-12-21 19:55:00+00:00,88482.203125,88530.125,88482.203125,88530.125,12314624
2025-12-21 20:00:00+00:00,88460.3125,88485.9609375,88460.3125,88462.3515625,6469632
2025-12-21 20:05:00+00:00,88419.9453125,88453.9453125,88419.9453125,88453.9453125,20447232
2025-12-21 20:10:00+00:00,88310.9609375,88377.8359375,88310.9609375,88377.8359375,36618240
2025-12-21 20:15:00+00:00,88299.3125,88312.484375,88297.4765625,88297.4765625,4579328
2025-12-21 20:20:00+00:00,88266.1796875,88300.625,88266.1796875,88300.625,0
2025-12-21 20:25:00+00:00,88304.1640625,88304.1640625,88291.0625,88291.0625,65282048
2025-12-21 20:30:00+00:00,88267.0,88291.0,88267.0,88291.0,69175296
2025-12-21 20:35:00+00:00,88291.9609375,88293.078125,88271.3515625,88271.3515625,0
2025-12-21 20:40:00+00:00,88282.328125,88287.28125,88276.109375,88276.109375,0
2025-12-21 20:45:00+00:00,88267.515625,88275.6875,88267.515625,88275.6875,20635648
2025-12-21 20:50:00+00:00,88229.90625,88276.1796875,88229.90625,88276.1796875,49557504
2025-12-21 20:55:00+00:00,88216.046875,88232.5234375,88216.046875,88223.796875,0
2025-12-21 21:00:00+00:00,88183.7734375,88216.9140625,88183.7734375,88216.9140625,19527680
2025-12-21 21:05:00+00:00,88247.5234375,88247.5234375,88213.8203125,88213.8203125,0
2025-12-21 21:10:00+00:00,88250.7578125,88253.546875,88248.5234375,88253.546875,0
2025-12-21 21:15:00+00:00,88289.9140625,88289.9140625,88247.3125,88247.3125,0
2025-12-21 21:20:00+00:00,88330.9375,88331.625,88329.2890625,88331.625,26298368
2025-12-21 21:25:00+00:00,88335.203125,88340.546875,88332.78125,88332.78125,19568640
2025-12-21 21:30:00+00:00,88342.7890625,88342.7890625,88327.3125,88334.5625,0
2025-12-21 21:35:00+00:00,88276.1484375,88340.90625,88276.1484375,88340.90625,62466048
2025-12-21 21:40:00+00:00,88238.484375,88300.1015625,88238.484375,88300.1015625,0
2025-12-21 21:45:00+00:00,88147.984375,88218.1171875,88147.984375,88218.1171875,92174336
2025-12-21 21:50:00+00:00,88108.7890625,88132.6484375,88108.7890625,88125.3203125,0
2025-12-21 21:55:00+00:00,88137.4296875,88141.734375,88122.140625,88122.140625,0
2025-12-21 22:00:00+00:00,88148.3984375,88149.3984375,88112.2578125,88112.2578125,23132160
2025-12-21 22:05:00+00:00,88180.59375,88180.59375,88165.21875,88165.21875,1441792
2025-12-21 22:10:00+00:00,88299.34375,88299.34375,88175.0859375,88176.03125,0
2025-12-21 22:15:00+00:00,88352.171875,88416.546875,88352.171875,88356.5703125,4567040
2025-12-21 22:20:00+00:00,88261.9609375,88264.359375,88231.015625,88231.015625,0
2025-12-21 22:25:00+00:00,88330.6171875,88330.6171875,88259.875,88259.875,11294720
2025-12-21 22:30:00+00:00,88321.0859375,88444.859375,88321.0859375,88334.0703125,56944640
2025-12-21 22:35:00+00:00,88367.5703125,88367.5703125,88341.3125,88347.359375,0
2025-12-21 22:40:00+00:00,88397.046875,88401.9609375,88368.578125,88368.578125,378482688
2025-12-21 22:45:00+00:00,88373.703125,88395.390625,88368.46875,88391.1015625,46833664
2025-12-21 22:50:00+00:00,88429.53125,88429.8984375,88392.671875,88392.671875,70989824
2025-12-21 22:55:00+00:00,88445.3046875,88445.3046875,88438.015625,88438.859375,0
2025-12-21 23:00:00+00:00,88691.6953125,88711.84375,88445.3046875,88445.3046875,0
2025-12-21 23:05:00+00:00,88545.3984375,88623.875,88498.765625,88623.875,132601856
2025-12-21 23:10:00+00:00,88524.6171875,88591.296875,88524.6171875,88591.296875,0
2025-12-21 23:15:00+00:00,88545.75,88597.9921875,88515.171875,88515.171875,233603072
2025-12-21 23:20:00+00:00,88593.2265625,88593.2265625,88557.53125,88557.53125,0
2025-12-21 23:25:00+00:00,88482.5859375,88592.9609375,88482.5859375,88592.9609375,53927936
2025-12-21 23:30:00+00:00,88367.40625,88441.1015625,88367.40625,88441.1015625,0
2025-12-21 23:35:00+00:00,88464.15625,88464.15625,88360.8828125,88360.8828125,125872128
2025-12-21 23:40:00+00:00,88460.7734375,88539.0234375,88460.7734375,88535.515625,0
2025-12-21 23:45:00+00:00,88502.7734375,88503.6171875,88469.8359375,88469.8359375,90308608
2025-12-21 23:50:00+00:00,88589.703125,88619.40625,88512.3984375,88512.3984375,0
2025-12-21 23:55:00+00:00,88610.0234375,88610.0234375,88604.8828125,88604.8828125,4923392
2025-12-22 00:00:00+00:00,88683.21875,88729.109375,88621.6640625,88621.6640625,0
2025-12-22 00:05:00+00:00,88872.7265625,88872.7265625,88727.34375,88727.34375,0
2025-12-22 00:10:00+00:00,89295.578125,89295.578125,88898.1484375,88898.1484375,300800000
2025-12-22 00:15:00+00:00,89160.21875,89577.7109375,89160.21875,89542.109375,463902720
2025-12-22 00:20:00+00:00,89007.25,89155.859375,88930.6796875,89155.859375,172564480
2025-12-22 00:25:00+00:00,88946.8046875,88946.8046875,88828.734375,88944.4609375,0
2025-12-22 00:30:00+00:00,88847.953125,88994.9140625,88847.953125,88994.9140625,612902912
2025-12-22 00:35:00+00:00,89116.8515625,89116.8515625,88894.96875,88894.96875,0
2025-12-22 00:40:00+00:00,89061.546875,89134.7578125,89001.5,89132.8359375,106629120
2025-12-22 00:45:00+00:00,89146.8203125,89146.8203125,89077.90625,89089.3984375,160286720
2025-12-22 00:50:00+00:00,88963.6484375,89141.0234375,88963.6484375,89141.0234375,0
2025-12-22 00:55:00+00:00,88837.7578125,88939.9140625,88837.7578125,88933.59375,0
2025-12-22 01:00:00+00:00,88689.6953125,88721.546875,88639.453125,88639.453125,753868800
2025-12-22 01:05:00+00:00,88882.2109375,88882.2109375,88716.1484375,88716.1484375,0
2025-12-22 01:10:00+00:00,88948.6484375,88979.546875,88830.25,88830.25,518213632
2025-12-22 01:15:00+00:00,88988.859375,89032.3515625,88948.53125,88948.53125,0
2025-12-22 01:20:00+00:00,89036.0625,89036.0625,89004.015625,89004.015625,638414848
2025-12-22 01:25:00+00:00,89043.8671875,89043.8671875,89010.9296875,89037.1953125,27809792
2025-12-22 01:30:00+00:00,89104.8671875,89104.8671875,89000.9140625,89000.9140625,51306496
2025-12-22 01:35:00+00:00,89151.734375,89151.734375,89071.5078125,89071.5078125,52443136
2025-12-22 01:40:00+00:00,89129.625,89220.96875,89129.625,89220.96875,0
2025-12-22 01:45:00+00:00,89102.5,89123.7265625,89091.765625,89123.7265625,0
2025-12-22 01:50:00+00:00,88564.359375,89041.859375,88564.359375,89041.859375,38309888
2025-12-22 01:55:00+00:00,88641.953125,88646.375,88624.8984375,88624.8984375,24774656
2025-12-22 02:00:00+00:00,88418.859375,88641.8125,88415.1015625,88641.8125,0
2025-12-22 02:05:00+00:00,88257.15625,88257.15625,88013.03125,88013.03125,0
2025-12-22 02:10:00+00:00,88276.6796875,88295.203125,88142.0078125,88295.203125,283199488
2025-12-22 02:15:00+00:00,88258.9453125,88258.9453125,88140.6875,88168.5703125,479526912
2025-12-22 02:20:00+00:00,88350.03125,88350.03125,88219.6640625,88219.6640625,0
2025-12-22 02:25:00+00:00,88346.53125,88402.9921875,88346.53125,88402.9921875,76281856
2025-12-22 02:30:00+00:00,88415.671875,88421.0625,88311.9453125,88311.9453125,35485696
2025-12-22 02:35:00+00:00,88472.1875,88477.65625,88375.9609375,88375.9609375,0
2025-12-22 02:40:00+00:00,88349.4921875,88519.0546875,88349.4921875,88519.0546875,4556800
2025-12-22 02:45:00+00:00,88490.0390625,88490.0390625,88352.4140625,88352.4140625,32374784
2025-12-22 02:50:00+00:00,88510.765625,88510.765625,88502.9609375,88505.5,24068096
2025-12-22 02:55:00+00:00,88443.0078125,88498.515625,88443.0078125,88498.515625,64346112
2025-12-22 03:00:00+00:00,88336.4609375,88462.71875,88336.4609375,88433.671875,0
2025-12-22 03:05:00+00:00,88544.609375,88544.609375,88321.3828125,88360.4375,98236416
2025-12-22 03:10:00+00:00,88575.9140625,88603.578125,88505.0,88579.1953125,0
2025-12-22 03:15:00+00:00,88636.1171875,88636.1171875,88550.140625,88560.6953125,22849536
2025-12-22 03:20:00+00:00,88729.65625,88729.65625,88618.65625,88618.65625,12906496
2025-12-22 03:25:00+00:00,88723.65625,88761.53125,88713.2265625,88761.53125,44775424
2025-12-22 03:30:00+00:00,88758.2890625,88775.640625,88714.9921875,88747.171875,0
2025-12-22 03:35:00+00:00,88627.9296875,88703.390625,88627.9296875,88684.1796875,269707264
2025-12-22 03:40:00+00:00,88677.1875,88677.1875,88607.953125,88607.953125,0
2025-12-22 03:45:00+00:00,88729.6796875,88759.671875,88674.9765625,88674.9765625,6567936
2025-12-22 03:50:00+00:00,88659.5703125,88696.890625,88659.5703125,88696.890625,132921344
2025-12-22 03:55:00+00:00,88758.171875,88758.171875,88689.71875,88689.71875,84387840
2025-12-22 04:00:00+00:00,88757.2578125,88801.5546875,88757.2578125,88783.2734375,0
2025-12-22 04:05:00+00:00,88727.0703125,88727.0703125,88702.5859375,88724.9609375,42115072
2025-12-22 04:10:00+00:00,88750.0390625,88754.4375,88731.7421875,88731.7421875,0
2025-12-22 04:15:00+00:00,88821.4453125,88821.4453125,88743.6796875,88743.6796875,0
2025-12-22 04:20:00+00:00,88949.9296875,88982.3828125,88893.84375,88893.84375,0
2025-12-22 04:25:00+00:00,88916.0390625,88956.9921875,88880.859375,88956.9921875,87277568
2025-12-22 04:30:00+00:00,88841.8359375,88917.6015625,88841.8359375,88917.6015625,0
2025-12-22 04:35:00+00:00,88912.59375,88912.59375,88820.421875,88838.234375,548874240
2025-12-22 04:40:00+00:00,88958.421875,88958.421875,88887.609375,88887.609375,130498560
2025-12-22 04:45:00+00:00,88963.2890625,88964.328125,88924.4609375,88964.328125,74139648
2025-12-22 04:50:00+00:00,88975.8828125,88986.2109375,88959.625,88959.625,19714048
2025-12-22 04:55:00+00:00,88907.1171875,88946.9453125,88826.2890625,88946.9453125,36233216
2025-12-22 05:00:00+00:00,88865.796875,88883.6640625,88865.796875,88881.8828125,105086976
2025-12-22 05:05:00+00:00,88935.1484375,88935.3984375,88874.890625,88874.890625,17909760
2025-12-22 05:10:00+00:00,88801.0,88930.5234375,88801.0,88930.5234375,0
2025-12-22 05:15:00+00:00,88829.40625,88839.4921875,88812.28125,88812.28125,564873216
2025-12-22 05:20:00+00:00,88809.734375,88830.6328125,88797.5234375,88826.9609375,3880960
2025-12-22 05:25:00+00:00,88783.015625,88787.59375,88760.9765625,88787.59375,50212864
2025-12-22 05:30:00+00:00,88791.28125,88796.5859375,88762.015625,88762.015625,94717952
2025-12-22 05:35:00+00:00,88949.046875,88949.046875,88806.6953125,88812.8125,10571776
2025-12-22 05:40:00+00:00,88892.734375,88936.0546875,88892.734375,88936.0546875,0
2025-12-22 05:45:00+00:00,88959.125,88959.125,88888.3828125,88890.2578125,191350784
2025-12-22 05:50:00+00:00,88886.34375,88929.1640625,88886.34375,88907.140625,13922304
2025-12-22 05:55:00+00:00,88811.2890625,88904.640625,88811.2890625,88904.640625,48949248
2025-12-22 06:00:00+00:00,88831.96875,88831.96875,88792.734375,88798.5859375,0
2025-12-22 06:05:00+00:00,88787.8515625,88812.8671875,88771.2421875,88812.8671875,17457152
2025-12-22 06:10:00+00:00,88711.453125,88767.4453125,88711.453125,88767.4453125,0
2025-12-22 06:15:00+00:00,88789.8671875,88789.8671875,88720.234375,88720.234375,124280832
2025-12-22 06:20:00+00:00,88859.359375,88859.359375,88853.7890625,88854.734375,130322432
2025-12-22 06:25:00+00:00,88796.3046875,88877.3203125,88796.3046875,88877.3203125,35354624
2025-12-22 06:30:00+00:00,88834.140625,88834.140625,88802.3359375,88802.3359375,12998656
2025-12-22 06:35:00+00:00,88842.6640625,88845.015625,88817.7734375,88840.0546875,0
2025-12-22 06:40:00+00:00,88901.8125,88901.8125,88834.25,88834.25,50487296
2025-12-22 06:45:00+00:00,88918.671875,88945.03125,88907.25,88945.03125,62576640
2025-12-22 06:50:00+00:00,88876.8203125,88896.1796875,88874.7265625,88890.9140625,59138048
2025-12-22 06:55:00+00:00,88924.828125,88939.09375,88911.296875,88911.296875,51034112
2025-12-22 07:00:00+00:00,88978.359375,88978.359375,88887.2109375,88887.2109375,0
2025-12-22 07:05:00+00:00,89095.5859375,89095.5859375,88986.484375,88986.484375,0
2025-12-22 07:10:00+00:00,89087.8046875,89116.3359375,89087.8046875,89116.3359375,784236544
2025-12-22 07:15:00+00:00,89083.71875,89112.875,89083.71875,89112.875,0
2025-12-22 07:20:00+00:00,89075.484375,89075.484375,89058.7734375,89058.7734375,158763008
2025-12-22 07:25:00+00:00,89097.9296875,89097.9296875,89077.9765625,89077.9765625,0
2025-12-22 07:30:00+00:00,89108.3125,89108.3125,89079.0625,89079.0625,66416640
2025-12-22 07:35:00+00:00,89102.765625,89144.6328125,89102.765625,89144.6328125,58427392
2025-12-22 07:40:00+00:00,89108.703125,89108.703125,89067.234375,89067.234375,120946688
2025-12-22 07:45:00+00:00,89050.984375,89108.265625,89050.984375,89108.265625,90267648
2025-12-22 07:50:00+00:00,89012.8359375,89012.8359375,89008.2421875,89009.796875,0
2025-12-22 07:55:00+00:00,89093.9765625,89093.9765625,89024.2734375,89027.4453125,293758976
2025-12-22 08:00:00+00:00,89218.421875,89218.421875,89118.734375,89118.734375,147560448
2025-12-22 08:05:00+00:00,89094.890625,89197.421875,89094.890625,89181.75,27846656
2025-12-22 08:10:00+00:00,89088.7578125,89111.1484375,89088.1640625,89111.1484375,0
2025-12-22 08:15:00+00:00,89378.6640625,89378.6640625,89132.3515625,89132.3515625,135366656
2025-12-22 08:20:00+00:00,89644.734375,89672.0625,89534.234375,89534.234375,46428160
2025-12-22 08:25:00+00:00,89817.203125,89817.203125,89633.2578125,89633.2578125,277463040
2025-12-22 08:30:00+00:00,89691.8125,89771.546875,89691.8125,89771.546875,193273856
2025-12-22 08:35:00+00:00,89558.9296875,89607.734375,89545.1796875,89607.734375,0
2025-12-22 08:40:00+00:00,89666.6328125,89673.8359375,89590.3046875,89590.3046875,335546368
2025-12-22 08:45:00+00:00,89583.0703125,89700.484375,89583.0703125,89700.484375,0
2025-12-22 08:50:00+00:00,89327.6640625,89441.4140625,89289.046875,89441.4140625,0
2025-12-22 08:55:00+00:00,89290.5078125,89369.65625,89289.53125,89369.65625,93609984
2025-12-22 09:00:00+00:00,89363.5625,89363.5625,89280.1171875,89280.4375,50843648
2025-12-22 09:05:00+00:00,89386.1875,89390.3359375,89360.734375,89360.734375,0
2025-12-22 09:10:00+00:00,89342.0234375,89408.6484375,89342.0234375,89407.8828125,601088000
2025-12-22 09:15:00+00:00,89478.71875,89478.71875,89298.1015625,89298.1015625,25761792
2025-12-22 09:20:00+00:00,89500.3984375,89509.2734375,89492.3203125,89501.078125,0
2025-12-22 09:25:00+00:00,89557.5,89557.5,89498.484375,89498.484375,23812096
2025-12-22 09:30:00+00:00,89611.4140625,89611.4140625,89478.34375,89548.8046875,0
2025-12-22 09:35:00+00:00,89626.2890625,89665.8359375,89626.2890625,89665.8359375,54407168
2025-12-22 09:40:00+00:00,89481.9609375,89641.921875,89481.9609375,89641.921875,83126272
2025-12-22 09:45:00+00:00,89556.15625,89588.9765625,89556.15625,89571.1328125,0
2025-12-22 09:50:00+00:00,89656.4375,89667.3671875,89631.9296875,89631.9296875,51189760
2025-12-22 09:55:00+00:00,89726.6015625,89744.5546875,89648.984375,89655.5390625,0
2025-12-22 10:00:00+00:00,89693.6953125,89792.2265625,89693.6953125,89792.2265625,137449472
2025-12-22 10:05:00+00:00,89625.84375,89687.890625,89604.140625,89687.890625,0
2025-12-22 10:10:00+00:00,89641.859375,89641.859375,89601.796875,89619.828125,23709696
2025-12-22 10:15:00+00:00,89689.90625,89726.0703125,89638.8515625,89638.8515625,0
2025-12-22 10:20:00+00:00,89688.4921875,89705.0234375,89662.796875,89705.0234375,121628672
2025-12-22 10:25:00+00:00,89733.6328125,89734.578125,89715.9765625,89715.9765625,0
2025-12-22 10:30:00+00:00,89680.109375,89699.390625,89680.109375,89687.546875,36335616
2025-12-22 10:35:00+00:00,89714.0390625,89763.1015625,89690.65625,89690.65625,0
2025-12-22 10:40:00+00:00,89725.46875,89725.46875,89718.6640625,89718.6640625,0
2025-12-22 10:45:00+00:00,89795.484375,89795.484375,89762.234375,89770.15625,120666112
2025-12-22 10:50:00+00:00,89788.4296875,89788.4296875,89754.2578125,89754.2578125,28481536
2025-12-22 10:55:00+00:00,89763.6015625,89801.625,89763.6015625,89801.375,0
2025-12-22 11:00:00+00:00,89702.6171875,89745.140625,89702.6171875,89745.140625,0
2025-12-22 11:05:00+00:00,89784.4609375,89789.5078125,89749.6953125,89749.6953125,171563008
2025-12-22 11:10:00+00:00,89749.234375,89781.453125,89749.234375,89781.453125,32532480
2025-12-22 11:15:00+00:00,89633.796875,89757.9921875,89633.796875,89757.9921875,0
2025-12-22 11:20:00+00:00,89687.5859375,89694.171875,89674.21875,89674.21875,0
2025-12-22 11:25:00+00:00,89796.9140625,89825.796875,89719.6953125,89719.6953125,81444864
2025-12-22 11:30:00+00:00,89908.1328125,89908.1328125,89806.03125,89806.03125,88758272
2025-12-22 11:35:00+00:00,89815.0703125,89975.671875,89815.0703125,89932.5859375,365471744
2025-12-22 11:40:00+00:00,89793.9375,89853.7734375,89782.53125,89853.7734375,305047552
2025-12-22 11:45:00+00:00,89906.75,89906.75,89836.4453125,89836.4453125,67336192
2025-12-22 11:50:00+00:00,89908.546875,89989.4453125,89908.546875,89978.5390625,202135552
2025-12-22 11:55:00+00:00,89919.90625,89945.0546875,89876.6875,89945.0546875,167247872
2025-12-22 12:00:00+00:00,89987.6328125,89989.4921875,89915.8828125,89915.8828125,47984640
2025-12-22 12:05:00+00:00,90026.6484375,90026.6484375,89978.28125,89978.28125,48830464
2025-12-22 12:10:00+00:00,90051.546875,90051.546875,89950.6875,89950.6875,46669824
2025-12-22 12:15:00+00:00,90174.6875,90174.6875,90045.1171875,90045.1171875,153034752
2025-12-22 12:20:00+00:00,90219.6484375,90219.6484375,90105.09375,90105.09375,0
2025-12-22 12:25:00+00:00,90261.078125,90261.078125,90178.46875,90178.46875,245823488
2025-12-22 12:30:00+00:00,90354.46875,90372.2109375,90260.1875,90260.1875,273215488
2025-12-22 12:35:00+00:00,90141.7421875,90237.4296875,90140.0703125,90237.4296875,216535040
2025-12-22 12:40:00+00:00,90045.7109375,90150.8671875,90045.7109375,90150.8671875,226680832
2025-12-22 12:45:00+00:00,90176.1171875,90176.1171875,90072.7265625,90074.703125,82794496
2025-12-22 12:50:00+00:00,90129.09375,90133.3125,90123.84375,90123.84375,30920704
2025-12-22 12:55:00+00:00,90233.796875,90246.375,90138.5234375,90138.5234375,53661696
2025-12-22 13:00:00+00:00,90285.5078125,90285.5078125,90186.359375,90186.359375,0
2025-12-22 13:05:00+00:00,90167.8984375,90242.375,90167.8984375,90210.7578125,0
2025-12-22 13:10:00+00:00,90122.671875,90132.46875,90120.34375,90132.46875,6369280
2025-12-22 13:15:00+00:00,90101.375,90119.4765625,90101.375,90119.4765625,0
2025-12-22 13:20:00+00:00,89991.046875,90033.0390625,89991.046875,90033.0390625,0
2025-12-22 13:25:00+00:00,90064.3671875,90065.8671875,89997.53125,89997.53125,0
2025-12-22 13:30:00+00:00,89918.65625,90089.1875,89918.65625,90089.1875,0
2025-12-22 13:35:00+00:00,89884.8046875,89935.703125,89884.8046875,89918.4296875,0
2025-12-22 13:40:00+00:00,89796.4453125,89896.875,89783.9140625,89896.875,635023360
2025-12-22 13:45:00+00:00,89821.0078125,89849.71875,89725.3359375,89725.3359375,3684352
2025-12-22 13:50:00+00:00,89848.6640625,89892.6796875,89848.6640625,89892.6796875,0
2025-12-22 13:55:00+00:00,89875.0234375,89888.0703125,89861.34375,89861.34375,0
2025-12-22 14:00:00+00:00,89993.9375,89997.4765625,89889.5625,89889.5625,0
2025-12-22 14:05:00+00:00,89967.21875,90098.5625,89967.21875,90039.1015625,0
2025-12-22 14:10:00+00:00,89955.5390625,89955.5390625,89933.1640625,89953.8046875,0
2025-12-22 14:15:00+00:00,90121.7265625,90121.7265625,89955.0625,89955.0625,0
2025-12-22 14:20:00+00:00,90046.015625,90119.453125,90039.9453125,90119.453125,0
2025-12-22 14:25:00+00:00,90027.515625,90027.515625,89970.0390625,89970.0390625,94470144
2025-12-22 14:30:00+00:00,89855.2578125,90117.1796875,89855.2578125,89956.09375,875778048
2025-12-22 14:35:00+00:00,89697.984375,89867.1875,89697.984375,89741.9921875,124995584
2025-12-22 14:40:00+00:00,89601.078125,89601.078125,89520.0703125,89520.0703125,433358848
2025-12-22 14:45:00+00:00,90115.125,90115.125,89773.0078125,89830.0703125,0
2025-12-22 14:50:00+00:00,89937.1484375,90045.8671875,89937.1484375,90045.8671875,871677952
2025-12-22 14:55:00+00:00,90079.375,90151.4140625,90076.03125,90151.4140625,451885056
2025-12-22 15:00:00+00:00,89957.2109375,90096.3203125,89957.2109375,90096.3203125,24606720
2025-12-22 15:05:00+00:00,90105.3984375,90179.5234375,89984.6953125,89984.6953125,15431680
2025-12-22 15:10:00+00:00,89744.3125,90299.828125,89744.3125,90166.5546875,299851776
2025-12-22 15:15:00+00:00,89763.390625,89779.140625,89644.9609375,89644.9609375,92925952
2025-12-22 15:20:00+00:00,89316.046875,89577.984375,89316.046875,89577.984375,256665600
2025-12-22 15:25:00+00:00,89501.1015625,89553.3046875,89501.1015625,89553.3046875,194492416
2025-12-22 15:30:00+00:00,89433.5625,89616.140625,89433.5625,89616.140625,27076608
2025-12-22 15:35:00+00:00,89306.1328125,89532.7421875,89219.296875,89532.7421875,616065024
2025-12-22 15:40:00+00:00,89247.9921875,89454.078125,89247.9921875,89454.078125,0
2025-12-22 15:45:00+00:00,89296.265625,89370.6875,89296.265625,89370.6875,889966592
2025-12-22 15:50:00+00:00,89534.46875,89534.46875,89456.1015625,89456.1015625,2574336
2025-12-22 15:55:00+00:00,89738.3046875,89817.171875,89677.9921875,89677.9921875,170563584
2025-12-22 16:00:00+00:00,89812.9609375,89812.9609375,89690.6171875,89715.3671875,43413504
2025-12-22 16:05:00+00:00,89808.390625,89836.2734375,89767.6796875,89836.2734375,0
2025-12-22 16:10:00+00:00,89870.984375,89870.984375,89785.7265625,89785.7265625,743786496
2025-12-22 16:15:00+00:00,89875.6875,89950.9453125,89816.71875,89816.71875,0
2025-12-22 16:20:00+00:00,89932.3203125,89999.0234375,89922.1796875,89922.1796875,748673024
2025-12-22 16:25:00+00:00,90056.9765625,90056.9765625,89914.9921875,89914.9921875,158015488
2025-12-22 16:30:00+00:00,89653.53125,90054.203125,89653.53125,90054.203125,0
2025-12-22 16:35:00+00:00,89605.2109375,89664.1953125,89542.671875,89664.1953125,94158848
2025-12-22 16:40:00+00:00,89663.8515625,89748.5390625,89663.8515625,89731.3203125,253779968
2025-12-22 16:45:00+00:00,89595.5,89668.453125,89595.5,89619.21875,103985152
2025-12-22 16:50:00+00:00,89631.9453125,89631.9453125,89578.25,89585.1796875,4792320
2025-12-22 16:55:00+00:00,89565.0234375,89595.25,89527.6484375,89595.25,448512
2025-12-22 17:00:00+00:00,89395.1796875,89499.6484375,89395.1796875,89499.6484375,0
2025-12-22 17:05:00+00:00,89140.7109375,89330.1953125,89140.7109375,89330.1953125,0
2025-12-22 17:10:00+00:00,89247.0078125,89247.0078125,89147.09375,89177.203125,0
2025-12-22 17:15:00+00:00,89262.1171875,89262.1171875,89119.90625,89246.515625,988805120
2025-12-22 17:20:00+00:00,89227.359375,89286.5078125,89227.359375,89276.53125,0
2025-12-22 17:25:00+00:00,89337.328125,89337.328125,89306.2109375,89306.7421875,256182272
2025-12-22 17:30:00+00:00,89261.8515625,89326.203125,89242.1171875,89315.265625,0
2025-12-22 17:35:00+00:00,89378.1796875,89381.640625,89256.703125,89256.703125,299380736
2025-12-22 17:40:00+00:00,89387.0859375,89445.0234375,89387.0859375,89420.8828125,0
2025-12-22 17:45:00+00:00,89250.375,89250.375,89202.3125,89202.3125,65601536
2025-12-22 17:50:00+00:00,89307.2109375,89333.0625,89189.1171875,89189.1171875,10414080
2025-12-22 17:55:00+00:00,89264.734375,89303.8984375,89250.1484375,89250.1484375,178870272
2025-12-22 18:00:00+00:00,89352.96875,89352.96875,89298.34375,89298.34375,76247040
2025-12-22 18:05:00+00:00,89260.703125,89323.7890625,89223.5546875,89323.7890625,20758528
2025-12-22 18:10:00+00:00,89393.53125,89399.828125,89221.9609375,89256.9609375,0
2025-12-22 18:15:00+00:00,89282.796875,89459.7109375,89282.796875,89331.9765625,0
2025-12-22 18:20:00+00:00,89320.234375,89320.234375,89277.7265625,89302.9765625,875663360
2025-12-22 18:25:00+00:00,89411.9609375,89422.125,89351.6015625,89351.6015625,70592512
2025-12-22 18:30:00+00:00,89344.3203125,89433.921875,89344.3203125,89433.921875,67764224
2025-12-22 18:35:00+00:00,89391.5859375,89391.5859375,89304.3125,89329.3984375,33486848
2025-12-22 18:40:00+00:00,89432.4921875,89432.5,89373.0,89392.8984375,25968640
2025-12-22 18:45:00+00:00,89404.1875,89408.96875,89392.859375,89392.859375,78698496
2025-12-22 18:50:00+00:00,89299.1796875,89416.9296875,89299.1796875,89416.9296875,26447872
2025-12-22 18:55:00+00:00,89149.2421875,89319.1953125,89149.2421875,89308.671875,0
2025-12-22 19:00:00+00:00,88856.78125,89111.0859375,88856.78125,89111.0859375,123338752
2025-12-22 19:05:00+00:00,88620.6796875,88821.078125,88620.6796875,88821.078125,0
2025-12-22 19:10:00+00:00,88743.265625,88878.828125,88743.265625,88878.828125,1028173824
2025-12-22 19:15:00+00:00,88744.5546875,88744.5546875,88688.5703125,88688.5703125,0
2025-12-22 19:20:00+00:00,88726.0,88820.546875,88726.0,88798.203125,898877440
2025-12-22 19:25:00+00:00,88520.3359375,88703.328125,88492.1328125,88703.328125,0
2025-12-22 19:30:00+00:00,88515.453125,88558.46875,88495.9140625,88495.9140625,175357952
2025-12-22 19:35:00+00:00,88412.390625,88448.6796875,88302.515625,88448.6796875,69902336
2025-12-22 19:40:00+00:00,88313.9609375,88416.640625,88303.5,88416.640625,154636288
2025-12-22 19:45:00+00:00,88238.765625,88313.5,88238.765625,88267.6953125,269602816
2025-12-22 19:50:00+00:00,88177.2578125,88233.0,88144.4453125,88146.8515625,52654080
2025-12-22 19:55:00+00:00,88039.9375,88059.5078125,87975.2265625,88059.5078125,200724480
2025-12-22 20:00:00+00:00,88098.5546875,88098.5546875,87994.7890625,88034.3359375,32780288
2025-12-22 20:05:00+00:00,88184.5,88184.5,88106.578125,88134.796875,232759296
2025-12-22 20:10:00+00:00,88158.0234375,88158.0234375,88099.15625,88099.9140625,198848512
2025-12-22 20:15:00+00:00,88028.546875,88142.3125,87942.46875,88142.3125,0
2025-12-22 20:20:00+00:00,87988.7734375,88087.78125,87952.25,88087.78125,188981248
2025-12-22 20:25:00+00:00,88002.5703125,88010.375,87933.328125,87962.9921875,0
2025-12-22 20:30:00+00:00,88134.7734375,88134.7734375,87996.765625,87996.765625,346488832
2025-12-22 20:35:00+00:00,88070.609375,88169.0546875,88038.9375,88169.0546875,87314432
2025-12-22 20:40:00+00:00,88205.1796875,88205.1796875,88096.625,88096.625,101117952
2025-12-22 20:45:00+00:00,88286.765625,88375.7578125,88286.765625,88323.0859375,0
2025-12-22 20:50:00+00:00,88155.7421875,88268.34375,88121.453125,88268.34375,0
2025-12-22 20:55:00+00:00,88403.3203125,88403.3203125,88188.15625,88188.15625,369410048
2025-12-22 21:00:00+00:00,88404.453125,88407.96875,88315.8125,88321.2578125,0
2025-12-22 21:05:00+00:00,88380.171875,88410.0625,88346.7265625,88389.4453125,117960704
2025-12-22 21:10:00+00:00,88306.15625,88377.984375,88306.15625,88377.984375,221052928
2025-12-22 21:15:00+00:00,88319.2109375,88327.59375,88280.0234375,88296.6953125,0
2025-12-22 21:20:00+00:00,88337.6953125,88337.6953125,88304.0234375,88337.203125,0
2025-12-22 21:25:00+00:00,88384.6171875,88384.6171875,88368.546875,88377.9453125,37679104
2025-12-22 21:30:00+00:00,88428.078125,88435.4453125,88392.6953125,88392.6953125,0
2025-12-22 21:35:00+00:00,88477.6875,88477.6875,88421.953125,88439.2578125,185208832
2025-12-22 21:40:00+00:00,88543.9921875,88551.3671875,88512.9765625,88512.9765625,107085824
2025-12-22 21:45:00+00:00,88303.5,88503.3515625,88303.5,88503.3515625,0
2025-12-22 21:50:00+00:00,88213.3828125,88307.296875,88213.3828125,88307.296875,270135296
2025-12-22 21:55:00+00:00,88231.4765625,88231.4765625,88218.21875,88218.21875,63426560
2025-12-22 22:00:00+00:00,88145.5625,88237.6484375,88145.5625,88237.6484375,96980992
2025-12-22 22:05:00+00:00,88136.109375,88218.5703125,88136.109375,88218.5703125,0
2025-12-22 22:10:00+00:00,88203.0078125,88203.0078125,88126.546875,88126.546875,104624128
2025-12-22 22:15:00+00:00,88320.875,88320.875,88237.5546875,88237.5546875,178659328
2025-12-22 22:20:00+00:00,88350.5703125,88381.1875,88343.828125,88381.1875,0
2025-12-22 22:25:00+00:00,88361.4296875,88373.3515625,88339.78125,88345.421875,0
2025-12-22 22:30:00+00:00,88291.2734375,88374.234375,88291.2734375,88374.234375,231882752
2025-12-22 22:35:00+00:00,88307.7265625,88307.7265625,88294.7734375,88301.8984375,95801344
2025-12-22 22:40:00+00:00,88361.9140625,88361.9140625,88321.1875,88321.7734375,0
2025-12-22 22:45:00+00:00,88464.8828125,88464.8828125,88323.515625,88323.515625,18522112
2025-12-22 22:50:00+00:00,88689.0390625,88689.0390625,88463.9609375,88463.9609375,56098816
2025-12-22 22:55:00+00:00,88598.8359375,88732.3828125,88598.8359375,88732.3828125,271548416
2025-12-22 23:00:00+00:00,88534.3046875,88550.96875,88534.1171875,88534.1171875,0
2025-12-22 23:05:00+00:00,88551.375,88551.375,88539.3125,88539.3125,9535488
2025-12-22 23:10:00+00:00,88593.59375,88621.3515625,88567.28125,88617.53125,0
2025-12-22 23:15:00+00:00,88516.1640625,88598.84375,88516.1640625,88598.84375,0
2025-12-22 23:20:00+00:00,88505.890625,88532.109375,88505.890625,88512.34375,17465344
2025-12-22 23:25:00+00:00,88593.4453125,88593.4453125,88510.265625,88510.265625,119091200
2025-12-22 23:30:00+00:00,88580.0234375,88595.578125,88521.875,88595.578125,0
2025-12-22 23:35:00+00:00,88438.1328125,88543.7734375,88438.1328125,88543.7734375,0
2025-12-22 23:40:00+00:00,88435.171875,88458.5625,88416.4765625,88458.5625,130211840
2025-12-22 23:45:00+00:00,88442.2421875,88442.2421875,88424.390625,88425.359375,50139136
2025-12-22 23:50:00+00:00,88441.0546875,88441.0546875,88395.0703125,88402.53125,0
2025-12-22 23:55:00+00:00,88488.765625,88495.5859375,88488.765625,88495.5859375,0
2025-12-23 00:00:00+00:00,88504.53125,88530.7265625,88493.4296875,88530.7265625,0
2025-12-23 00:05:00+00:00,88480.3671875,88480.3671875,88455.171875,88477.0625,0
2025-12-23 00:10:00+00:00,88469.4921875,88501.0390625,88464.8203125,88501.0390625,0
2025-12-23 00:15:00+00:00,88567.4921875,88567.4921875,88491.5703125,88494.0546875,0
2025-12-23 00:20:00+00:00,88514.8203125,88578.859375,88514.8203125,88578.859375,0
2025-12-23 00:25:00+00:00,88626.359375,88626.359375,88523.2265625,88523.2265625,0
2025-12-23 00:30:00+00:00,88677.6640625,88677.6640625,88543.6328125,88590.0,0
2025-12-23 00:35:00+00:00,88821.6796875,88821.6796875,88714.046875,88714.046875,68763648
2025-12-23 00:40:00+00:00,88663.5859375,88857.3046875,88663.5859375,88857.3046875,114270208
2025-12-23 00:45:00+00:00,88660.890625,88660.890625,88633.1171875,88633.1171875,116105216
2025-12-23 00:50:00+00:00,88735.8515625,88774.8671875,88722.078125,88722.078125,0
2025-12-23 00:55:00+00:00,88745.96875,88760.0078125,88740.3828125,88760.0078125,0
2025-12-23 01:00:00+00:00,88783.7265625,88810.0859375,88689.921875,88729.734375,0
2025-12-23 01:05:00+00:00,88665.859375,88780.7421875,88665.859375,88772.6875,0
2025-12-23 01:10:00+00:00,88631.5859375,88654.0078125,88615.609375,88654.0078125,0
2025-12-23 01:15:00+00:00,88551.921875,88610.1953125,88542.5625,88579.4609375,0
2025-12-23 01:20:00+00:00,88555.953125,88571.4296875,88551.3125,88571.4296875,0
2025-12-23 01:25:00+00:00,88561.703125,88582.8046875,88546.625,88559.1640625,0
2025-12-23 01:30:00+00:00,88583.296875,88583.296875,88563.21875,88563.21875,249495552
2025-12-23 01:35:00+00:00,88490.2578125,88511.34375,88483.6171875,88506.1953125,22167552
2025-12-23 01:40:00+00:00,88453.4765625,88456.5,88432.75,88446.0625,0
2025-12-23 01:45:00+00:00,88460.0859375,88467.7265625,88443.1484375,88443.1484375,168488960
2025-12-23 01:50:00+00:00,88437.140625,88493.125,88437.140625,88493.125,0
2025-12-23 01:55:00+00:00,88483.4453125,88483.4453125,88450.7421875,88450.7421875,0
2025-12-23 02:00:00+00:00,88355.8046875,88471.015625,88355.8046875,88471.015625,33120256
2025-12-23 02:05:00+00:00,88575.859375,88575.859375,88410.0234375,88410.0234375,0
2025-12-23 02:10:00+00:00,88498.578125,88560.2109375,88498.578125,88560.2109375,0
2025-12-23 02:15:00+00:00,88589.875,88610.3125,88517.3125,88517.3125,0
2025-12-23 02:20:00+00:00,88674.2578125,88674.2578125,88649.0703125,88657.28125,118571008
2025-12-23 02:25:00+00:00,88695.546875,88695.546875,88662.359375,88685.8984375,13545472
2025-12-23 02:30:00+00:00,88651.078125,88681.25,88646.2578125,88646.2578125,0
2025-12-23 02:35:00+00:00,88472.1015625,88622.7265625,88472.1015625,88622.7265625,2113536
2025-12-23 02:40:00+00:00,88250.828125,88354.0625,88250.828125,88354.0625,59719680
2025-12-23 02:45:00+00:00,88146.8203125,88184.9453125,88124.5703125,88124.5703125,67313664
2025-12-23 02:50:00+00:00,88240.71875,88256.5,88223.34375,88223.34375,9994240
2025-12-23 02:55:00+00:00,88155.4609375,88185.984375,88155.4609375,88185.984375,212164608
2025-12-23 03:00:00+00:00,88059.3046875,88151.4921875,88059.3046875,88151.4921875,0
2025-12-23 03:05:00+00:00,87883.34375,87983.4296875,87883.34375,87983.4296875,152272896
2025-12-23 03:10:00+00:00,88075.9453125,88075.9453125,87971.71875,87971.71875,0
2025-12-23 03:15:00+00:00,88167.6328125,88191.5234375,88095.7265625,88095.7265625,389836800
2025-12-23 03:20:00+00:00,88200.359375,88200.359375,88183.1484375,88183.1484375,18219008
2025-12-23 03:25:00+00:00,88166.65625,88171.390625,88123.9375,88126.2890625,158707712
2025-12-23 03:30:00+00:00,88171.09375,88177.7890625,88129.7890625,88157.4609375,0
2025-12-23 03:35:00+00:00,88204.7421875,88207.015625,88189.1484375,88207.015625,0
2025-12-23 03:40:00+00:00,88270.4609375,88280.78125,88219.734375,88219.734375,84856832
2025-12-23 03:45:00+00:00,88152.671875,88232.3828125,88152.671875,88232.3828125,101670912
2025-12-23 03:50:00+00:00,88152.4296875,88155.203125,88137.859375,88155.203125,0
2025-12-23 03:55:00+00:00,88181.9140625,88203.3515625,88169.6171875,88169.6171875,1055137792
2025-12-23 04:00:00+00:00,88045.625,88131.7890625,88045.625,88131.7890625,0
2025-12-23 04:05:00+00:00,88108.5,88108.5,88034.09375,88034.09375,0
2025-12-23 04:10:00+00:00,88252.375,88264.1875,88189.59375,88189.59375,215130112
2025-12-23 04:15:00+00:00,88233.953125,88237.234375,88208.8984375,88237.234375,181661696
2025-12-23 04:20:00+00:00,88212.84375,88237.6640625,88212.84375,88237.6640625,0
2025-12-23 04:25:00+00:00,88206.0859375,88304.8671875,88206.0859375,88304.8671875,0
2025-12-23 04:30:00+00:00,88090.2421875,88206.7421875,88090.2421875,88206.7421875,0
2025-12-23 04:35:00+00:00,88040.1484375,88117.4375,88040.1484375,88117.4375,0
2025-12-23 04:40:00+00:00,88065.9375,88065.9375,88031.0703125,88046.6875,290807808
2025-12-23 04:45:00+00:00,88072.0390625,88072.0390625,88056.734375,88056.734375,0
2025-12-23 04:50:00+00:00,88004.046875,88044.8984375,87962.84375,88044.8984375,0
2025-12-23 04:55:00+00:00,87902.828125,87950.7578125,87902.828125,87950.7578125,0
2025-12-23 05:00:00+00:00,87875.0859375,87909.8125,87875.0859375,87909.8125,81391616
2025-12-23 05:05:00+00:00,87835.421875,87866.6328125,87823.71875,87866.6328125,127483904
2025-12-23 05:10:00+00:00,87896.125,87908.7734375,87868.265625,87908.7734375,0
2025-12-23 05:15:00+00:00,87901.640625,87901.640625,87828.0234375,87851.8203125,156594176
2025-12-23 05:20:00+00:00,87937.6640625,87937.6640625,87903.3359375,87903.3359375,11915264
2025-12-23 05:25:00+00:00,87957.1640625,87960.296875,87949.03125,87960.296875,0
2025-12-23 05:30:00+00:00,87682.2890625,87948.953125,87682.2890625,87948.953125,0
2025-12-23 05:35:00+00:00,87718.4609375,87718.4609375,87595.2734375,87595.2734375,144322560
2025-12-23 05:40:00+00:00,87710.5625,87741.4375,87699.5546875,87699.5546875,325644288
2025-12-23 05:45:00+00:00,87612.7265625,87708.28125,87612.7265625,87708.28125,190955520
2025-12-23 05:50:00+00:00,87714.0625,87720.8203125,87636.3125,87636.3125,73895936
2025-12-23 05:55:00+00:00,87739.828125,87743.5,87708.6875,87708.6875,9740288
2025-12-23 06:00:00+00:00,87696.5546875,87696.5546875,87618.5234375,87625.6015625,73555968
2025-12-23 06:05:00+00:00,87710.90625,87710.90625,87662.71875,87662.71875,0
2025-12-23 06:10:00+00:00,87543.609375,87698.5625,87543.609375,87698.5625,177291264
2025-12-23 06:15:00+00:00,87254.3125,87544.03125,87240.109375,87544.03125,93683712
2025-12-23 06:20:00+00:00,87157.171875,87251.6875,87127.5625,87251.6875,0
2025-12-23 06:25:00+00:00,87162.6484375,87162.6484375,87061.8203125,87061.8203125,909058048
2025-12-23 06:30:00+00:00,87177.1796875,87177.1796875,87155.921875,87155.921875,342351872
2025-12-23 06:35:00+00:00,87148.2734375,87232.1640625,87114.0078125,87232.1640625,175628288
2025-12-23 06:40:00+00:00,87260.8359375,87260.8359375,87175.25,87175.25,0
2025-12-23 06:45:00+00:00,87243.625,87272.640625,87243.625,87272.640625,318234624
2025-12-23 06:50:00+00:00,87410.84375,87410.84375,87259.4921875,87259.4921875,166412288
2025-12-23 06:55:00+00:00,87352.9609375,87430.234375,87352.9609375,87430.234375,0
2025-12-23 07:00:00+00:00,87390.8359375,87392.9765625,87348.03125,87348.03125,137420800
2025-12-23 07:05:00+00:00,87443.890625,87443.890625,87402.7109375,87402.7109375,0
2025-12-23 07:10:00+00:00,87390.9140625,87462.1875,87362.5859375,87462.1875,519024640
2025-12-23 07:15:00+00:00,87438.8671875,87438.8671875,87372.9453125,87375.8359375,1194291200
2025-12-23 07:20:00+00:00,87483.7421875,87483.7421875,87436.1015625,87436.1015625,196145152
2025-12-23 07:25:00+00:00,87533.4140625,87533.4140625,87495.2109375,87495.5,0
2025-12-23 07:30:00+00:00,87555.609375,87555.609375,87535.984375,87535.984375,2489536512
2025-12-23 07:35:00+00:00,87473.6484375,87553.515625,87467.28125,87546.0546875,420380672
2025-12-23 07:40:00+00:00,87485.9453125,87499.984375,87467.8984375,87467.8984375,147476480
2025-12-23 07:45:00+00:00,87492.0078125,87492.0078125,87471.2421875,87471.2421875,18096128
2025-12-23 07:50:00+00:00,87616.640625,87616.640625,87505.734375,87505.734375,0
2025-12-23 07:55:00+00:00,87509.3359375,87563.3671875,87509.3359375,87556.78125,1180479488
2025-12-23 08:00:00+00:00,87474.3828125,87508.5546875,87474.3828125,87506.2421875,0
2025-12-23 08:05:00+00:00,87521.78125,87521.78125,87461.9453125,87461.9453125,77807616
2025-12-23 08:10:00+00:00,87482.6015625,87583.484375,87482.6015625,87554.9296875,595677184
2025-12-23 08:15:00+00:00,87609.125,87609.125,87540.3515625,87540.3515625,939069440
2025-12-23 08:20:00+00:00,87509.6875,87555.578125,87509.6875,87555.578125,609304576
2025-12-23 08:25:00+00:00,87544.0234375,87572.25,87541.1953125,87565.7578125,63225856
2025-12-23 08:30:00+00:00,87581.0390625,87581.0390625,87570.15625,87570.15625,0
2025-12-23 08:35:00+00:00,87600.5546875,87600.5546875,87585.0625,87585.0625,0
2025-12-23 08:40:00+00:00,87553.5703125,87600.203125,87533.90625,87600.203125,0
2025-12-23 08:45:00+00:00,87434.3046875,87548.7578125,87433.1796875,87548.7578125,0
2025-12-23 08:50:00+00:00,87404.5234375,87427.3203125,87396.5390625,87427.3203125,35598336
2025-12-23 08:55:00+00:00,87392.890625,87406.2109375,87390.453125,87390.453125,0
2025-12-23 09:00:00+00:00,87495.3046875,87520.0,87407.1953125,87407.1953125,48807936
2025-12-23 09:05:00+00:00,87512.8359375,87512.8359375,87503.65625,87503.65625,0
2025-12-23 09:10:00+00:00,87513.9140625,87524.7109375,87513.078125,87513.078125,0
2025-12-23 09:15:00+00:00,87547.40625,87547.40625,87443.4140625,87505.5390625,0
2025-12-23 09:20:00+00:00,87369.421875,87369.421875,87331.328125,87357.0546875,219553792
2025-12-23 09:25:00+00:00,87355.046875,87355.046875,87331.1640625,87340.234375,0
2025-12-23 09:30:00+00:00,87375.53125,87384.2890625,87348.8671875,87368.8125,0
2025-12-23 09:35:00+00:00,87269.53125,87379.1796875,87269.53125,87379.1796875,0
2025-12-23 09:40:00+00:00,87411.359375,87411.359375,87268.7265625,87268.7265625,0
2025-12-23 09:45:00+00:00,87432.2578125,87447.1796875,87411.1953125,87417.140625,0
2025-12-23 09:50:00+00:00,87451.703125,87454.671875,87434.5078125,87434.5078125,0
2025-12-23 09:55:00+00:00,87485.78125,87485.78125,87467.0078125,87467.0078125,26533888
2025-12-23 10:00:00+00:00,87529.015625,87529.015625,87473.9375,87473.9375,0
2025-12-23 10:05:00+00:00,87487.0859375,87560.9375,87487.0859375,87560.9375,0
2025-12-23 10:10:00+00:00,87481.765625,87481.765625,87469.125,87474.046875,0
2025-12-23 10:15:00+00:00,87500.53125,87500.53125,87472.265625,87472.265625,0
2025-12-23 10:20:00+00:00,87522.2265625,87522.2265625,87487.703125,87487.703125,0
2025-12-23 10:25:00+00:00,87561.8515625,87577.0390625,87545.296875,87545.296875,0
2025-12-23 10:30:00+00:00,87485.109375,87562.0625,87485.109375,87562.0625,0
2025-12-23 10:35:00+00:00,87544.9609375,87544.9609375,87496.9765625,87522.421875,0
2025-12-23 10:40:00+00:00,87548.046875,87553.71875,87548.03125,87553.71875,259002368
2025-12-23 10:45:00+00:00,87563.3515625,87571.453125,87527.5859375,87539.171875,0
2025-12-23 10:50:00+00:00,87598.6484375,87598.6484375,87569.8359375,87569.8359375,35336192
2025-12-23 10:55:00+00:00,87553.3515625,87559.2421875,87531.375,87559.2421875,0
2025-12-23 11:00:00+00:00,87525.765625,87555.0859375,87525.765625,87555.0859375,0
2025-12-23 11:05:00+00:00,87636.5,87638.3515625,87595.9296875,87595.9296875,0
2025-12-23 11:10:00+00:00,87634.3515625,87634.3515625,87613.4765625,87627.9375,0
2025-12-23 11:15:00+00:00,87709.4921875,87709.4921875,87626.9453125,87627.8671875,189878272
2025-12-23 11:20:00+00:00,87816.3984375,87816.3984375,87786.1484375,87786.1484375,0
2025-12-23 11:25:00+00:00,87701.84375,87732.5546875,87670.484375,87732.5546875,911740928
2025-12-23 11:30:00+00:00,87688.609375,87729.84375,87688.609375,87711.109375,196968448
2025-12-23 11:35:00+00:00,87659.9296875,87698.9453125,87659.9296875,87698.9453125,0
2025-12-23 11:40:00+00:00,87709.78125,87716.3515625,87666.78125,87666.78125,0
2025-12-23 11:45:00+00:00,87809.4921875,87809.90625,87764.6328125,87764.6328125,0
2025-12-23 11:50:00+00:00,87785.9375,87788.1953125,87780.390625,87788.1953125,8409088
2025-12-23 11:55:00+00:00,87819.015625,87819.015625,87791.5546875,87791.5546875,26021888
2025-12-23 12:00:00+00:00,87695.484375,87809.015625,87695.484375,87809.015625,0
2025-12-23 12:05:00+00:00,87790.5078125,87790.5078125,87737.796875,87737.796875,0
2025-12-23 12:10:00+00:00,87812.4609375,87862.21875,87795.515625,87862.21875,47079424
2025-12-23 12:15:00+00:00,87684.703125,87789.609375,87684.703125,87789.609375,51650560
2025-12-23 12:20:00+00:00,87696.4140625,87696.4140625,87627.03125,87680.4375,0
2025-12-23 12:25:00+00:00,87618.234375,87687.3046875,87618.234375,87687.3046875,0
2025-12-23 12:30:00+00:00,87746.0234375,87746.0234375,87612.5,87612.5,0
2025-12-23 12:35:00+00:00,87771.2890625,87779.203125,87764.1953125,87765.96875,0
2025-12-23 12:40:00+00:00,87824.9609375,87824.9609375,87785.8984375,87785.8984375,0
2025-12-23 12:45:00+00:00,87821.3359375,87854.7890625,87821.3359375,87844.9453125,0
2025-12-23 12:50:00+00:00,87775.5,87856.984375,87775.5,87856.984375,188776448
2025-12-23 12:55:00+00:00,87774.171875,87816.0625,87773.953125,87773.953125,0
2025-12-23 13:00:00+00:00,87696.9140625,87759.8515625,87696.9140625,87759.8515625,0
2025-12-23 13:05:00+00:00,87681.6484375,87722.7109375,87681.6484375,87722.7109375,0
2025-12-23 13:10:00+00:00,87721.6484375,87721.6484375,87672.1171875,87693.609375,754229248
2025-12-23 13:15:00+00:00,87687.6171875,87737.4140625,87683.21875,87729.453125,49131520
2025-12-23 13:20:00+00:00,87660.375,87735.71875,87660.375,87735.71875,0
2025-12-23 13:25:00+00:00,87646.1171875,87666.734375,87623.8515625,87666.734375,24125440
2025-12-23 13:30:00+00:00,87791.9140625,87791.9140625,87734.875,87777.3984375,0
2025-12-23 13:35:00+00:00,87506.2578125,87814.265625,87434.71875,87814.265625,362868736
2025-12-23 13:40:00+00:00,87629.984375,87629.984375,87500.6953125,87508.7578125,177958912
2025-12-23 13:45:00+00:00,87572.828125,87683.1015625,87572.828125,87683.1015625,0
2025-12-23 13:50:00+00:00,87581.1875,87581.1875,87508.5,87546.59375,151703552
2025-12-23 13:55:00+00:00,87605.765625,87629.7265625,87605.765625,87607.7734375,20025344
2025-12-23 14:00:00+00:00,87618.3984375,87655.21875,87562.90625,87562.90625,0
2025-12-23 14:05:00+00:00,87701.5078125,87707.9609375,87615.6953125,87615.6953125,0
2025-12-23 14:10:00+00:00,87737.3203125,87737.3203125,87702.859375,87727.8125,22966272
2025-12-23 14:15:00+00:00,87611.109375,87730.75,87555.59375,87730.75,0
2025-12-23 14:20:00+00:00,87663.2421875,87663.2421875,87613.328125,87613.328125,0
2025-12-23 14:25:00+00:00,87600.640625,87691.421875,87600.640625,87667.984375,914833408
2025-12-23 14:30:00+00:00,87564.078125,87607.3125,87563.171875,87600.03125,141201408
2025-12-23 14:35:00+00:00,87350.0390625,87681.0546875,87350.0390625,87681.0546875,0
2025-12-23 14:40:00+00:00,87432.5625,87504.21875,87303.0546875,87303.0546875,0
2025-12-23 14:45:00+00:00,87201.90625,87353.7734375,87201.90625,87353.7734375,0
2025-12-23 14:50:00+00:00,87047.71875,87174.375,87047.71875,87131.453125,0
2025-12-23 14:55:00+00:00,86656.34375,86744.6796875,86656.34375,86744.6796875,394981376
2025-12-23 15:00:00+00:00,86760.140625,86867.3828125,86760.140625,86822.3828125,284213248
2025-12-23 15:05:00+00:00,86820.828125,87036.3671875,86820.828125,87036.3671875,72900608
2025-12-23 15:10:00+00:00,86877.3828125,87062.359375,86877.3828125,87035.1875,263557120
2025-12-23 15:15:00+00:00,87191.28125,87216.6953125,86895.515625,86895.515625,0
2025-12-23 15:20:00+00:00,87295.3515625,87308.7109375,87295.3515625,87303.953125,0
2025-12-23 15:25:00+00:00,87209.453125,87240.4296875,87148.4453125,87240.4296875,0
2025-12-23 15:30:00+00:00,87349.125,87398.21875,87210.8828125,87210.8828125,171704320
2025-12-23 15:35:00+00:00,87412.0625,87412.0625,87299.2421875,87347.265625,0
2025-12-23 15:40:00+00:00,87350.953125,87438.9140625,87329.984375,87399.5703125,80474112
2025-12-23 15:45:00+00:00,87309.171875,87309.171875,87258.7265625,87258.7265625,165654528
2025-12-23 15:50:00+00:00,87386.53125,87386.53125,87228.7890625,87276.4765625,0
2025-12-23 15:55:00+00:00,87426.453125,87426.453125,87342.359375,87342.359375,0
2025-12-23 16:00:00+00:00,87866.203125,87866.203125,87376.0859375,87417.984375,0
2025-12-23 16:05:00+00:00,87890.1328125,87909.0078125,87866.203125,87866.203125,106557440
2025-12-23 16:10:00+00:00,87666.21875,87741.75,87654.2734375,87741.75,373276672
2025-12-23 16:15:00+00:00,87898.34375,87915.3125,87685.546875,87685.546875,155848704
2025-12-23 16:20:00+00:00,87815.7109375,87945.9375,87815.7109375,87945.9375,64745472
2025-12-23 16:25:00+00:00,87832.5078125,87838.96875,87815.7890625,87816.34375,0
2025-12-23 16:30:00+00:00,87711.5,87813.640625,87711.5,87813.640625,0
2025-12-23 16:35:00+00:00,87740.6640625,87751.9609375,87662.7890625,87697.84375,145670144
2025-12-23 16:40:00+00:00,87825.25,87825.25,87700.6015625,87700.6015625,0
2025-12-23 16:45:00+00:00,87946.3046875,88016.90625,87784.296875,87788.3046875,0
2025-12-23 16:50:00+00:00,88077.9140625,88077.9140625,87982.015625,87982.015625,0
2025-12-23 16:55:00+00:00,87986.765625,88042.453125,87986.765625,88042.453125,1041600512
2025-12-23 17:00:00+00:00,87941.421875,87996.625,87941.421875,87966.71875,0
2025-12-23 17:05:00+00:00,88109.515625,88117.2109375,88050.5546875,88050.5546875,0
2025-12-23 17:10:00+00:00,87902.546875,88094.2265625,87902.546875,88094.2265625,0
2025-12-23 17:15:00+00:00,87909.953125,87909.953125,87851.03125,87851.03125,0
2025-12-23 17:20:00+00:00,87886.140625,87999.25,87886.140625,87964.2734375,0
2025-12-23 17:25:00+00:00,87805.2734375,87912.8203125,87760.6875,87912.8203125,0
2025-12-23 17:30:00+00:00,87824.578125,87824.578125,87733.046875,87741.84375,176099328
2025-12-23 17:35:00+00:00,87650.8828125,87738.5078125,87650.8828125,87738.5078125,31207424
2025-12-23 17:40:00+00:00,87680.5234375,87705.875,87680.5234375,87705.875,192356352
2025-12-23 17:45:00+00:00,87695.1796875,87729.4765625,87663.4453125,87729.4765625,15056896
2025-12-23 17:50:00+00:00,87498.28125,87627.4296875,87495.4375,87627.4296875,21028864
2025-12-23 17:55:00+00:00,87378.0,87397.8359375,87372.65625,87372.65625,0
2025-12-23 18:00:00+00:00,87336.0703125,87336.0703125,87151.1953125,87151.1953125,59088896
2025-12-23 18:05:00+00:00,87420.2421875,87420.2421875,87351.203125,87351.203125,169074688
2025-12-23 18:10:00+00:00,87461.3984375,87461.3984375,87364.9765625,87421.125,0
2025-12-23 18:15:00+00:00,87685.65625,87769.515625,87543.1171875,87543.1171875,236720128
2025-12-23 18:20:00+00:00,87637.7890625,87672.6953125,87637.7890625,87672.6953125,0
2025-12-23 18:25:00+00:00,87784.2421875,87853.828125,87687.46875,87687.46875,115564544
2025-12-23 18:30:00+00:00,87876.7265625,87876.7265625,87754.7734375,87772.6015625,0
2025-12-23 18:35:00+00:00,88037.34375,88042.25,87883.796875,87883.796875,308207616
2025-12-23 18:40:00+00:00,88072.5703125,88072.5703125,88040.3359375,88044.921875,13606912
2025-12-23 18:45:00+00:00,87880.6015625,88045.1171875,87880.6015625,88045.1171875,174043136
2025-12-23 18:50:00+00:00,87907.0859375,87961.5546875,87891.515625,87961.5546875,0
2025-12-23 18:55:00+00:00,87947.7109375,87947.7109375,87888.71875,87888.71875,895262720
2025-12-23 19:00:00+00:00,87947.828125,87947.828125,87913.890625,87933.8125,0
2025-12-23 19:05:00+00:00,87967.328125,87986.5,87938.375,87938.375,0
2025-12-23 19:10:00+00:00,87814.1328125,87814.1328125,87770.046875,87810.171875,0
2025-12-23 19:15:00+00:00,87857.515625,87857.515625,87817.5234375,87817.5234375,159780864
2025-12-23 19:20:00+00:00,87856.390625,87918.5625,87856.390625,87883.484375,0
2025-12-23 19:25:00+00:00,87650.8828125,87806.5234375,87633.6015625,87806.5234375,0
2025-12-23 19:30:00+00:00,87631.3359375,87637.40625,87628.7421875,87629.0234375,0
2025-12-23 19:35:00+00:00,87799.7265625,87799.7265625,87637.8359375,87637.8359375,664489984
2025-12-23 19:40:00+00:00,87787.0078125,87827.3828125,87787.0078125,87827.3828125,0
2025-12-23 19:45:00+00:00,87658.234375,87781.34375,87658.234375,87781.34375,580632576
2025-12-23 19:50:00+00:00,87741.6875,87807.1484375,87723.265625,87723.265625,95391744
2025-12-23 19:55:00+00:00,87697.2734375,87735.4921875,87692.890625,87735.4921875,0
2025-12-23 20:00:00+00:00,87707.703125,87709.71875,87672.2578125,87709.71875,0
2025-12-23 20:05:00+00:00,87585.2890625,87660.3203125,87518.4140625,87660.3203125,583954432
2025-12-23 20:10:00+00:00,87615.375,87639.7265625,87583.53125,87583.53125,136912896
2025-12-23 20:15:00+00:00,87781.3203125,87781.3203125,87592.140625,87592.140625,0
2025-12-23 20:20:00+00:00,87794.609375,87812.3984375,87777.4921875,87812.3984375,0
2025-12-23 20:25:00+00:00,87747.7421875,87777.171875,87744.28125,87775.5234375,0
2025-12-23 20:30:00+00:00,87706.78125,87759.6171875,87706.78125,87725.1171875,0
2025-12-23 20:35:00+00:00,87774.828125,87774.828125,87674.6484375,87674.6484375,52277248
2025-12-23 20:40:00+00:00,88087.2109375,88087.2109375,87928.9453125,87928.9453125,0
2025-12-23 20:45:00+00:00,88022.453125,88271.2109375,88022.453125,88174.140625,0
2025-12-23 20:50:00+00:00,87877.015625,88083.5625,87877.015625,88083.5625,1043734528
2025-12-23 20:55:00+00:00,87651.453125,87867.1640625,87651.453125,87867.1640625,27656192
2025-12-23 21:00:00+00:00,87684.5546875,87686.6171875,87657.46875,87657.46875,0
2025-12-23 21:05:00+00:00,87530.2578125,87581.1953125,87530.2578125,87581.1953125,234819584
2025-12-23 21:10:00+00:00,87552.859375,87552.859375,87512.0234375,87523.0234375,0
2025-12-23 21:15:00+00:00,87722.3828125,87722.3828125,87623.96875,87644.5234375,59138048
2025-12-23 21:20:00+00:00,87769.21875,87773.9921875,87761.3984375,87773.9921875,36098048
2025-12-23 21:25:00+00:00,87732.015625,87794.1953125,87732.015625,87794.1953125,208347136
2025-12-23 21:30:00+00:00,87695.890625,87757.9453125,87695.890625,87757.9453125,0
2025-12-23 21:35:00+00:00,87675.8125,87702.4765625,87675.8125,87682.203125,0
2025-12-23 21:40:00+00:00,87658.7890625,87661.625,87619.65625,87661.625,148668416
2025-12-23 21:45:00+00:00,87662.7265625,87724.421875,87662.7265625,87724.421875,0
2025-12-23 21:50:00+00:00,87644.1328125,87647.296875,87595.8515625,87644.5859375,0
2025-12-23 21:55:00+00:00,87672.484375,87679.828125,87672.484375,87679.828125,126799872
2025-12-23 22:00:00+00:00,87666.40625,87671.9921875,87662.2890625,87669.0078125,0
2025-12-23 22:05:00+00:00,87708.8828125,87708.8828125,87665.8671875,87665.8671875,32075776
2025-12-23 22:10:00+00:00,87443.8203125,87680.5078125,87443.8203125,87680.5078125,32174080
2025-12-23 22:15:00+00:00,87538.4140625,87538.4140625,87449.4296875,87449.4296875,0
2025-12-23 22:20:00+00:00,87502.2890625,87529.578125,87479.8125,87529.578125,91217920
2025-12-23 22:25:00+00:00,87432.8671875,87558.9296875,87373.03125,87521.65625,231755776
2025-12-23 22:30:00+00:00,87367.8046875,87381.4609375,87365.96875,87369.390625,0
2025-12-23 22:35:00+00:00,87379.15625,87379.15625,87293.6953125,87312.578125,66854912
2025-12-23 22:40:00+00:00,87612.3671875,87612.3671875,87471.359375,87471.359375,0
2025-12-23 22:45:00+00:00,87556.2578125,87579.0234375,87513.71875,87513.71875,739397632
2025-12-23 22:50:00+00:00,87343.375,87343.390625,87343.375,87343.390625,152350720
2025-12-23 22:55:00+00:00,87343.171875,87403.125,87333.09375,87365.1015625,0
2025-12-23 23:00:00+00:00,87288.578125,87358.0859375,87217.5703125,87358.0859375,0
2025-12-23 23:05:00+00:00,87239.921875,87314.046875,87239.921875,87314.046875,0
2025-12-23 23:10:00+00:00,87242.4296875,87284.5859375,87230.0078125,87284.5859375,33177600
2025-12-23 23:15:00+00:00,87230.734375,87260.6640625,87217.7265625,87260.6640625,61353984
2025-12-23 23:20:00+00:00,87199.546875,87248.5546875,87199.546875,87248.5546875,30101504
2025-12-23 23:25:00+00:00,87358.6875,87358.6875,87174.4921875,87174.4921875,0
2025-12-23 23:30:00+00:00,87414.53125,87454.9140625,87414.53125,87436.203125,0
2025-12-23 23:35:00+00:00,87422.2890625,87422.2890625,87397.0078125,87397.0078125,912908288
2025-12-23 23:40:00+00:00,87436.4609375,87436.4609375,87388.1796875,87388.1796875,182108160
2025-12-23 23:45:00+00:00,87446.9296875,87446.9296875,87427.2578125,87440.1640625,0
2025-12-23 23:50:00+00:00,87416.703125,87437.0390625,87401.78125,87437.0390625,34619392
2025-12-23 23:55:00+00:00,87404.21875,87404.21875,87388.8515625,87392.5390625,67960832
2025-12-24 00:00:00+00:00,87506.9609375,87506.9609375,87421.7109375,87431.0859375,0
2025-12-24 00:05:00+00:00,87519.3828125,87578.046875,87442.421875,87442.421875,0
2025-12-24 00:10:00+00:00,87355.8515625,87499.6640625,87355.8515625,87499.6640625,79224832
2025-12-24 00:15:00+00:00,87351.8125,87374.15625,87347.34375,87347.34375,0
2025-12-24 00:20:00+00:00,87270.46875,87292.1953125,87239.0625,87292.1953125,881573888
2025-12-24 00:25:00+00:00,87270.515625,87302.625,87270.515625,87302.625,0
2025-12-24 00:30:00+00:00,87286.171875,87294.1640625,87247.0625,87294.1640625,40550400
2025-12-24 00:35:00+00:00,87441.6171875,87441.6171875,87316.65625,87316.65625,58544128
2025-12-24 00:40:00+00:00,87450.8125,87450.8125,87408.1640625,87408.1640625,0
2025-12-24 00:45:00+00:00,87517.09375,87520.9453125,87496.84375,87520.9453125,72417280
2025-12-24 00:50:00+00:00,87498.1953125,87513.484375,87492.515625,87507.234375,10010624
2025-12-24 00:55:00+00:00,87584.7890625,87593.640625,87539.3203125,87539.3203125,49917952
2025-12-24 01:00:00+00:00,87568.5078125,87673.171875,87568.5078125,87603.9921875,0
2025-12-24 01:05:00+00:00,87750.0546875,87750.0546875,87595.0390625,87595.0390625,90783744
2025-12-24 01:10:00+00:00,87669.2734375,87690.046875,87669.2734375,87689.40625,102473728
2025-12-24 01:15:00+00:00,87624.3671875,87675.28125,87615.8671875,87675.28125,70053888
2025-12-24 01:20:00+00:00,87612.0,87621.671875,87604.3125,87604.3125,0
2025-12-24 01:25:00+00:00,87655.71875,87661.515625,87637.9609375,87637.9609375,98521088
2025-12-24 01:30:00+00:00,87584.5625,87621.171875,87584.5625,87621.171875,82571264
2025-12-24 01:35:00+00:00,87691.6796875,87695.0703125,87593.7421875,87593.7421875,0
2025-12-24 01:40:00+00:00,87486.1640625,87556.8125,87486.1640625,87556.8125,0
2025-12-24 01:45:00+00:00,87482.2578125,87487.6015625,87463.390625,87487.6015625,88756224
2025-12-24 01:50:00+00:00,87552.2109375,87568.640625,87489.140625,87489.140625,246005760
2025-12-24 01:55:00+00:00,87600.0,87603.5546875,87580.8515625,87603.5546875,0
2025-12-24 02:00:00+00:00,87451.0546875,87595.78125,87451.0546875,87595.78125,0
2025-12-24 02:05:00+00:00,87441.8984375,87442.265625,87420.34375,87425.203125,0
2025-12-24 02:10:00+00:00,87347.421875,87376.0390625,87347.421875,87360.34375,0
2025-12-24 02:15:00+00:00,87396.65625,87401.234375,87355.9453125,87355.9453125,1075859456
2025-12-24 02:20:00+00:00,87376.828125,87401.2578125,87371.7890625,87401.2578125,0
2025-12-24 02:25:00+00:00,87344.859375,87345.8828125,87333.65625,87345.8828125,55222272
2025-12-24 02:30:00+00:00,87335.765625,87390.8671875,87335.765625,87390.8671875,404516864
2025-12-24 02:35:00+00:00,87286.453125,87369.171875,87286.453125,87369.171875,1015808
2025-12-24 02:40:00+00:00,87187.3984375,87249.8984375,87179.2109375,87249.8984375,0
2025-12-24 02:45:00+00:00,86912.3359375,87025.265625,86912.3359375,87025.265625,70979584
2025-12-24 02:50:00+00:00,87136.09375,87136.09375,87012.671875,87012.671875,28291072
2025-12-24 02:55:00+00:00,87113.875,87129.234375,87113.875,87129.234375,0
2025-12-24 03:00:00+00:00,86898.3828125,87085.3671875,86898.3828125,87085.3671875,0
2025-12-24 03:05:00+00:00,86937.265625,86954.9453125,86873.8515625,86873.8515625,0
2025-12-24 03:10:00+00:00,86971.28125,86982.859375,86966.125,86966.125,818216960
2025-12-24 03:15:00+00:00,87030.8125,87030.8125,86975.609375,86975.8046875,121204736
2025-12-24 03:20:00+00:00,87187.9765625,87197.84375,87082.9140625,87082.9140625,0
2025-12-24 03:25:00+00:00,87170.828125,87179.390625,87170.828125,87179.390625,0
2025-12-24 03:30:00+00:00,87211.5546875,87211.5546875,87178.1953125,87178.1953125,0
2025-12-24 03:35:00+00:00,87270.1640625,87270.1640625,87202.7734375,87213.65625,227164160
2025-12-24 03:40:00+00:00,87254.2734375,87270.7109375,87254.2734375,87259.265625,0
2025-12-24 03:45:00+00:00,87297.234375,87314.0546875,87256.796875,87256.796875,0
2025-12-24 03:50:00+00:00,87303.6171875,87337.1171875,87303.6171875,87318.8828125,0
2025-12-24 03:55:00+00:00,87287.046875,87332.125,87287.046875,87317.953125,273268736
2025-12-24 04:00:00+00:00,87327.40625,87327.40625,87281.5234375,87286.5234375,0
2025-12-24 04:05:00+00:00,87352.2734375,87352.2734375,87286.5625,87325.703125,0
2025-12-24 04:10:00+00:00,87374.921875,87401.4453125,87372.6328125,87401.4453125,18522112
2025-12-24 04:15:00+00:00,87295.828125,87368.8984375,87295.828125,87368.8984375,0
2025-12-24 04:20:00+00:00,87292.09375,87345.5,87292.09375,87298.765625,0
2025-12-24 04:25:00+00:00,87288.9765625,87297.265625,87273.765625,87273.765625,156164096
2025-12-24 04:30:00+00:00,87211.984375,87232.8203125,87211.984375,87232.8203125,0
2025-12-24 04:35:00+00:00,87253.90625,87253.90625,87172.78125,87198.921875,89370624
2025-12-24 04:40:00+00:00,87260.578125,87260.578125,87245.109375,87245.109375,123138048
2025-12-24 04:45:00+00:00,87246.6484375,87265.7421875,87241.5546875,87241.5546875,0
2025-12-24 04:50:00+00:00,87129.7734375,87226.921875,87129.7734375,87226.921875,6909952
2025-12-24 04:55:00+00:00,87079.703125,87120.4375,87077.109375,87120.4375,0
2025-12-24 05:00:00+00:00,87157.484375,87199.2578125,87079.421875,87079.421875,0
2025-12-24 05:05:00+00:00,87078.359375,87128.609375,87078.359375,87128.609375,114040832
2025-12-24 05:10:00+00:00,87068.546875,87068.546875,87017.1953125,87037.953125,0
2025-12-24 05:15:00+00:00,87060.0546875,87066.7109375,87044.78125,87046.171875,233209856
2025-12-24 05:20:00+00:00,87053.171875,87071.375,87013.046875,87062.515625,0
2025-12-24 05:25:00+00:00,87134.3359375,87184.875,87134.3359375,87184.875,113872896
2025-12-24 05:30:00+00:00,87053.109375,87104.765625,87053.109375,87103.265625,0
2025-12-24 05:35:00+00:00,86983.75,87058.3828125,86980.703125,87058.3828125,0
2025-12-24 05:40:00+00:00,86871.1328125,86986.28125,86871.1328125,86978.515625,771203072
2025-12-24 05:45:00+00:00,86854.1171875,86854.1171875,86755.796875,86800.796875,62828544
2025-12-24 05:50:00+00:00,86919.6796875,86919.6796875,86867.015625,86867.015625,9744384
2025-12-24 05:55:00+00:00,86905.234375,86928.4765625,86905.234375,86915.390625,22745088
2025-12-24 06:00:00+00:00,86894.890625,86910.2578125,86894.890625,86901.734375,0
2025-12-24 06:05:00+00:00,86848.765625,86872.1796875,86839.921875,86872.1796875,0
2025-12-24 06:10:00+00:00,86834.5078125,86895.5546875,86832.5625,86832.5625,231014400
2025-12-24 06:15:00+00:00,86825.8515625,86833.09375,86794.1796875,86833.09375,0
2025-12-24 06:20:00+00:00,86953.8046875,86953.8046875,86815.8203125,86815.8203125,0
2025-12-24 06:25:00+00:00,86905.5625,86917.6875,86905.5625,86917.6875,0
2025-12-24 06:30:00+00:00,86881.4453125,86910.484375,86866.9375,86910.484375,0
2025-12-24 06:35:00+00:00,86980.5390625,86980.5390625,86884.578125,86884.578125,54505472
2025-12-24 06:40:00+00:00,86939.2109375,86985.0703125,86931.390625,86985.0703125,47906816
2025-12-24 06:45:00+00:00,86964.125,86972.5078125,86945.4609375,86945.4609375,0
2025-12-24 06:50:00+00:00,86934.6484375,86986.0546875,86934.6484375,86970.8671875,209154048
2025-12-24 06:55:00+00:00,86941.0078125,86949.7578125,86931.1484375,86949.7578125,0
2025-12-24 07:00:00+00:00,86993.1328125,86997.4296875,86952.203125,86952.203125,0
2025-12-24 07:05:00+00:00,86960.1796875,86968.1484375,86948.21875,86968.1484375,0
2025-12-24 07:10:00+00:00,86986.125,86998.7109375,86974.015625,86980.2890625,0
2025-12-24 07:15:00+00:00,86950.0390625,87006.7890625,86948.171875,86990.265625,0
2025-12-24 07:20:00+00:00,86945.4296875,86961.28125,86921.8671875,86961.28125,0
2025-12-24 07:25:00+00:00,86945.7734375,86946.8515625,86932.4140625,86932.4140625,0
2025-12-24 07:30:00+00:00,86935.765625,86940.015625,86934.375,86934.375,64323584
2025-12-24 07:35:00+00:00,87084.0546875,87084.0546875,86977.1875,86977.1875,0
2025-12-24 07:40:00+00:00,87097.5625,87104.390625,87084.7265625,87084.7265625,0
2025-12-24 07:45:00+00:00,87075.7578125,87091.3984375,87075.7578125,87091.3984375,105938944
2025-12-24 07:50:00+00:00,87037.7734375,87092.2890625,87037.7734375,87092.2890625,159129600
2025-12-24 07:55:00+00:00,86921.6328125,87032.7265625,86921.6328125,87032.7265625,0
2025-12-24 08:00:00+00:00,86900.6171875,86900.6171875,86871.125,86877.7890625,0
2025-12-24 08:05:00+00:00,86869.1875,86899.953125,86869.1875,86899.953125,27852800
2025-12-24 08:10:00+00:00,86932.7578125,86940.2890625,86915.0625,86920.6640625,0
2025-12-24 08:15:00+00:00,86964.5234375,86964.5234375,86893.96875,86927.015625,0
2025-12-24 08:20:00+00:00,86847.4453125,86998.0859375,86847.4453125,86967.9296875,0
2025-12-24 08:25:00+00:00,86820.1640625,86820.1640625,86810.953125,86810.953125,0
2025-12-24 08:30:00+00:00,86781.7109375,86895.8515625,86781.7109375,86859.859375,67252224
2025-12-24 08:35:00+00:00,86789.796875,86789.796875,86767.2734375,86767.2734375,0
2025-12-24 08:40:00+00:00,86837.8046875,86837.8046875,86810.09375,86810.09375,123856896
2025-12-24 08:45:00+00:00,86875.171875,86902.125,86875.171875,86878.9453125,0
2025-12-24 08:50:00+00:00,86802.296875,86833.3359375,86802.296875,86833.3359375,0
2025-12-24 08:55:00+00:00,86749.8125,86787.359375,86749.8125,86787.359375,68532224
2025-12-24 09:00:00+00:00,86804.75,86814.8515625,86733.1953125,86733.1953125,0
2025-12-24 09:05:00+00:00,86783.6171875,86809.3515625,86783.6171875,86809.3515625,126021632
2025-12-24 09:10:00+00:00,86783.1015625,86803.6484375,86783.1015625,86797.875,13303808
2025-12-24 09:15:00+00:00,86811.3828125,86823.5859375,86804.8359375,86804.8359375,0
2025-12-24 09:20:00+00:00,86783.3125,86783.3125,86765.125,86765.125,0
2025-12-24 09:25:00+00:00,86750.5859375,86773.875,86750.5859375,86773.875,0
2025-12-24 09:30:00+00:00,86767.25,86779.390625,86762.234375,86762.234375,0
2025-12-24 09:35:00+00:00,86713.4296875,86779.2421875,86713.4296875,86770.734375,117819392
2025-12-24 09:40:00+00:00,86770.1484375,86770.1484375,86691.9375,86691.9375,0
2025-12-24 09:45:00+00:00,86793.8359375,86793.8359375,86741.7109375,86741.7109375,0
2025-12-24 09:50:00+00:00,86791.9296875,86823.796875,86789.4921875,86823.796875,174804992
2025-12-24 09:55:00+00:00,86757.4375,86760.796875,86747.1953125,86760.796875,89962496
2025-12-24 10:00:00+00:00,86775.5234375,86775.5234375,86748.75,86753.1640625,0
2025-12-24 10:05:00+00:00,86894.7421875,86894.7421875,86776.546875,86784.4453125,192258048
2025-12-24 10:10:00+00:00,86988.609375,87006.9921875,86934.8984375,86934.8984375,0
2025-12-24 10:15:00+00:00,86977.875,86989.7265625,86977.875,86989.7265625,0
2025-12-24 10:20:00+00:00,87044.890625,87044.890625,86997.5,86997.5,13797376
2025-12-24 10:25:00+00:00,86992.4453125,87008.5546875,86980.703125,86980.703125,138827776
2025-12-24 10:30:00+00:00,87042.53125,87042.53125,87009.4140625,87010.3984375,128075776
2025-12-24 10:35:00+00:00,87061.453125,87061.453125,87034.0234375,87034.0234375,4423680
2025-12-24 10:40:00+00:00,87062.953125,87076.59375,87058.171875,87058.171875,0
2025-12-24 10:45:00+00:00,87051.4296875,87054.7578125,87032.7265625,87054.7578125,51517440
2025-12-24 10:50:00+00:00,87107.46875,87107.46875,87026.7578125,87026.7578125,0
2025-12-24 10:55:00+00:00,87036.765625,87106.9765625,87036.765625,87100.0234375,67166208
2025-12-24 11:00:00+00:00,87123.578125,87137.9140625,87026.7734375,87026.7734375,43864064
2025-12-24 11:05:00+00:00,87218.8828125,87218.8828125,87146.375,87146.375,0
2025-12-24 11:10:00+00:00,87257.359375,87257.359375,87231.0859375,87231.0859375,0
2025-12-24 11:15:00+00:00,87223.109375,87241.078125,87216.3359375,87241.078125,0
2025-12-24 11:20:00+00:00,87251.3984375,87280.8046875,87251.3984375,87254.7421875,100567040
2025-12-24 11:25:00+00:00,87204.4609375,87254.3515625,87204.4609375,87254.3515625,0
2025-12-24 11:30:00+00:00,87178.8125,87205.9609375,87178.8125,87187.609375,153307136
2025-12-24 11:35:00+00:00,87185.3203125,87185.3203125,87178.203125,87182.453125,0
2025-12-24 11:40:00+00:00,87183.3125,87190.671875,87176.7421875,87176.7421875,54530048
2025-12-24 11:45:00+00:00,87190.234375,87205.4609375,87189.953125,87191.4140625,0
2025-12-24 11:50:00+00:00,87199.8203125,87208.21875,87197.2265625,87208.21875,7643136
2025-12-24 11:55:00+00:00,87156.0859375,87211.921875,87156.0859375,87211.921875,0
2025-12-24 12:00:00+00:00,87122.78125,87158.4140625,87108.1015625,87158.4140625,0
2025-12-24 12:05:00+00:00,87100.5078125,87121.6640625,87098.6171875,87121.6640625,0
2025-12-24 12:10:00+00:00,87235.5078125,87235.5078125,87181.453125,87181.453125,0
2025-12-24 12:15:00+00:00,87216.75,87296.7578125,87216.75,87237.3046875,27328512
2025-12-24 12:20:00+00:00,87255.34375,87270.65625,87255.34375,87270.65625,0
2025-12-24 12:25:00+00:00,87272.1171875,87272.1171875,87250.0078125,87250.0078125,226457600
2025-12-24 12:30:00+00:00,87282.03125,87282.03125,87272.5625,87274.375,0
2025-12-24 12:35:00+00:00,87330.9140625,87330.9140625,87305.8828125,87305.8828125,0
2025-12-24 12:40:00+00:00,87365.203125,87374.9375,87338.7421875,87338.7421875,25104384
2025-12-24 12:45:00+00:00,87287.3828125,87380.953125,87287.3828125,87380.953125,0
2025-12-24 12:50:00+00:00,87295.7265625,87295.7265625,87272.359375,87275.984375,34654208
2025-12-24 12:55:00+00:00,87391.71875,87420.4609375,87372.8125,87372.8125,0
2025-12-24 13:00:00+00:00,87389.453125,87389.453125,87370.90625,87383.5625,0
2025-12-24 13:05:00+00:00,87372.5234375,87382.140625,87372.5234375,87382.140625,187179008
2025-12-24 13:10:00+00:00,87264.390625,87329.2890625,87264.390625,87329.2890625,0
2025-12-24 13:15:00+00:00,87286.8359375,87286.8359375,87234.5625,87263.4609375,579420160
2025-12-24 13:20:00+00:00,87268.1640625,87268.1640625,87262.6171875,87266.84375,7081984
2025-12-24 13:25:00+00:00,87214.390625,87262.359375,87202.546875,87262.359375,213100544
2025-12-24 13:30:00+00:00,87059.578125,87231.6796875,87059.578125,87231.6796875,0
2025-12-24 13:35:00+00:00,87097.078125,87097.078125,87025.7421875,87040.421875,210055168
2025-12-24 13:40:00+00:00,87156.765625,87156.765625,87115.375,87154.53125,0
2025-12-24 13:45:00+00:00,87203.515625,87203.515625,87125.6953125,87125.6953125,0
2025-12-24 13:50:00+00:00,87224.8671875,87224.8671875,87175.796875,87185.0390625,0
2025-12-24 13:55:00+00:00,87244.0390625,87263.0703125,87244.0390625,87248.3671875,0
2025-12-24 14:00:00+00:00,87286.5,87299.0859375,87248.9296875,87248.9296875,0
2025-12-24 14:05:00+00:00,87312.6953125,87330.390625,87304.9375,87304.9375,0
2025-12-24 14:10:00+00:00,87376.875,87377.28125,87340.0625,87344.5625,0
2025-12-24 14:15:00+00:00,87261.1796875,87354.578125,87261.1796875,87354.578125,46780416
2025-12-24 14:20:00+00:00,87267.546875,87292.1328125,87267.546875,87292.1328125,5976064
2025-12-24 14:25:00+00:00,87188.2890625,87255.3046875,87188.2890625,87251.734375,0
2025-12-24 14:30:00+00:00,87077.1328125,87220.6640625,87077.1328125,87188.7578125,0
2025-12-24 14:35:00+00:00,86411.796875,86997.0625,86411.796875,86997.0625,3270656
2025-12-24 14:40:00+00:00,86965.3359375,86965.3359375,86575.6796875,86575.6796875,310312960
2025-12-24 14:45:00+00:00,86864.6328125,86894.59375,86782.7734375,86894.59375,237441024
2025-12-24 14:50:00+00:00,87000.0703125,87129.5078125,86821.21875,86821.21875,0
2025-12-24 14:55:00+00:00,86882.3984375,87052.5,86862.5390625,87052.5,538638336
2025-12-24 15:00:00+00:00,87015.515625,87099.6015625,87015.515625,87071.8515625,0
2025-12-24 15:05:00+00:00,86861.7421875,87012.65625,86861.7421875,87012.65625,0
2025-12-24 15:10:00+00:00,86907.7421875,86953.0546875,86873.09375,86873.09375,0
2025-12-24 15:15:00+00:00,86841.4765625,86938.890625,86841.4765625,86872.453125,82542592
2025-12-24 15:20:00+00:00,86648.859375,86912.8515625,86631.375,86912.8515625,0
2025-12-24 15:25:00+00:00,86789.1953125,86789.1953125,86587.953125,86587.953125,0
2025-12-24 15:30:00+00:00,87065.140625,87065.140625,86787.9609375,86787.9609375,157663232
2025-12-24 15:35:00+00:00,86899.78125,87104.203125,86899.78125,87060.75,829587456
2025-12-24 15:40:00+00:00,86971.3515625,86971.3515625,86883.046875,86883.046875,55173120
2025-12-24 15:45:00+00:00,86949.9921875,87057.6796875,86949.9921875,87020.375,0
2025-12-24 15:50:00+00:00,86975.4765625,86975.4765625,86931.1328125,86937.0703125,0
2025-12-24 15:55:00+00:00,86914.6015625,86941.234375,86914.6015625,86936.1796875,391094272
2025-12-24 16:00:00+00:00,87067.53125,87111.5234375,86941.2890625,86941.2890625,0
2025-12-24 16:05:00+00:00,87065.375,87141.921875,87065.375,87141.921875,0
2025-12-24 16:10:00+00:00,87071.1171875,87071.1171875,86992.390625,87035.3046875,0
2025-12-24 16:15:00+00:00,87064.375,87064.375,87035.6171875,87049.4921875,0
2025-12-24 16:20:00+00:00,86996.40625,87054.5078125,86996.40625,87054.5078125,0
2025-12-24 16:25:00+00:00,86904.109375,86957.484375,86904.109375,86957.484375,0
2025-12-24 16:30:00+00:00,87572.890625,87572.890625,86968.2578125,86968.2578125,579741696
2025-12-24 16:35:00+00:00,87391.5234375,87439.25,87340.9296875,87439.25,192198656
2025-12-24 16:40:00+00:00,87468.4765625,87468.4765625,87339.8359375,87339.8359375,114612224
2025-12-24 16:45:00+00:00,87328.6015625,87457.03125,87328.6015625,87457.03125,269615104
2025-12-24 16:50:00+00:00,87190.65625,87338.8125,87190.65625,87338.8125,0
2025-12-24 16:55:00+00:00,87168.1484375,87212.609375,87168.1484375,87212.609375,656824320
2025-12-24 17:00:00+00:00,87238.375,87297.2890625,87238.375,87247.875,0
2025-12-24 17:05:00+00:00,87371.234375,87371.234375,87257.4609375,87257.4609375,0
2025-12-24 17:10:00+00:00,87341.4296875,87341.4296875,87256.671875,87256.671875,182915072
2025-12-24 17:15:00+00:00,87302.5625,87340.71875,87299.3828125,87299.3828125,0
2025-12-24 17:20:00+00:00,87346.8671875,87370.984375,87331.4453125,87331.4453125,0
2025-12-24 17:25:00+00:00,87396.0703125,87397.4375,87301.71875,87344.8515625,0
2025-12-24 17:30:00+00:00,87432.75,87441.890625,87400.78125,87400.78125,43153408
2025-12-24 17:35:00+00:00,87464.2265625,87475.90625,87424.609375,87458.96875,0
2025-12-24 17:40:00+00:00,87300.6875,87410.0390625,87281.5546875,87410.0390625,0
2025-12-24 17:45:00+00:00,87375.3046875,87376.4765625,87328.8984375,87328.8984375,15814656
2025-12-24 17:50:00+00:00,87315.34375,87380.6640625,87264.515625,87380.6640625,14542848
2025-12-24 17:55:00+00:00,87216.53125,87292.5703125,87196.7578125,87292.5703125,0
2025-12-24 18:00:00+00:00,87203.0390625,87289.7578125,87203.0390625,87256.9921875,0
2025-12-24 18:05:00+00:00,87331.1484375,87340.78125,87219.1796875,87219.1796875,0
2025-12-24 18:10:00+00:00,87269.7265625,87279.1328125,87227.7890625,87279.1328125,0
2025-12-24 18:15:00+00:00,87390.140625,87400.7890625,87292.875,87292.875,0
2025-12-24 18:20:00+00:00,87426.46875,87426.46875,87376.5390625,87376.5390625,0
2025-12-24 18:25:00+00:00,87338.7265625,87391.765625,87338.7265625,87384.4453125,0
2025-12-24 18:30:00+00:00,87347.109375,87347.109375,87332.9296875,87341.703125,0
2025-12-24 18:35:00+00:00,87356.0,87373.3515625,87331.15625,87360.890625,48281600
2025-12-24 18:40:00+00:00,87397.0390625,87398.953125,87375.859375,87375.859375,0
2025-12-24 18:45:00+00:00,87429.921875,87430.4296875,87378.8515625,87406.2734375,0
2025-12-24 18:50:00+00:00,87412.8828125,87435.09375,87401.5234375,87435.09375,0
2025-12-24 18:55:00+00:00,87412.6171875,87417.2421875,87407.9921875,87407.9921875,0
2025-12-24 19:00:00+00:00,87422.1328125,87422.1328125,87393.6015625,87406.7890625,0
2025-12-24 19:05:00+00:00,87428.921875,87459.1484375,87428.921875,87434.4453125,0
2025-12-24 19:10:00+00:00,87355.875,87408.828125,87355.875,87408.828125,0
2025-12-24 19:15:00+00:00,87336.203125,87356.1640625,87307.3046875,87353.171875,0
2025-12-24 19:20:00+00:00,87369.1171875,87393.3359375,87369.1171875,87393.3359375,577327104
2025-12-24 19:25:00+00:00,87380.4453125,87380.4453125,87357.625,87357.625,45559808
2025-12-24 19:30:00+00:00,87412.5546875,87415.9140625,87393.046875,87393.046875,76955648
2025-12-24 19:35:00+00:00,87414.6953125,87414.6953125,87394.4609375,87394.4609375,0
2025-12-24 19:40:00+00:00,87426.765625,87430.5234375,87415.5078125,87430.5234375,0
2025-12-24 19:45:00+00:00,87482.0078125,87494.984375,87434.3828125,87447.1015625,29239296
2025-12-24 19:50:00+00:00,87490.125,87507.859375,87490.125,87491.8671875,0
2025-12-24 19:55:00+00:00,87495.484375,87495.484375,87481.5625,87481.671875,0
2025-12-24 20:00:00+00:00,87494.3359375,87507.8203125,87494.3359375,87507.8203125,0
2025-12-24 20:05:00+00:00,87507.890625,87516.5234375,87499.515625,87516.5234375,8884224
2025-12-24 20:10:00+00:00,87520.1796875,87591.8984375,87520.1796875,87522.59375,0
2025-12-24 20:15:00+00:00,87562.359375,87562.359375,87540.4375,87540.4375,0
2025-12-24 20:20:00+00:00,87574.7734375,87574.7734375,87571.3984375,87571.3984375,0
2025-12-24 20:25:00+00:00,87552.9921875,87571.109375,87550.7265625,87571.109375,243202048
2025-12-24 20:30:00+00:00,87580.9296875,87580.9296875,87557.4921875,87557.4921875,0
2025-12-24 20:35:00+00:00,87569.5625,87573.0546875,87547.609375,87547.734375,8024064
2025-12-24 20:40:00+00:00,87582.25,87582.25,87573.1953125,87573.1953125,0
2025-12-24 20:45:00+00:00,87527.9609375,87582.984375,87526.484375,87582.984375,0
2025-12-24 20:50:00+00:00,87510.203125,87523.7421875,87510.203125,87523.7421875,0
2025-12-24 20:55:00+00:00,87494.3671875,87494.3828125,87489.7734375,87491.15625,0
2025-12-24 21:00:00+00:00,87567.0546875,87567.0546875,87532.1640625,87532.1640625,0
2025-12-24 21:05:00+00:00,87592.46875,87604.015625,87570.703125,87570.703125,0
2025-12-24 21:10:00+00:00,87574.984375,87574.984375,87549.5078125,87569.546875,20344832
2025-12-24 21:15:00+00:00,87581.1015625,87581.1015625,87575.7578125,87575.7578125,0
2025-12-24 21:20:00+00:00,87583.5546875,87583.5546875,87566.59375,87566.59375,0
2025-12-24 21:25:00+00:00,87667.46875,87667.46875,87577.671875,87577.671875,0
2025-12-24 21:30:00+00:00,87658.2578125,87661.1796875,87646.53125,87653.859375,0
2025-12-24 21:35:00+00:00,87694.1171875,87695.6640625,87661.8984375,87661.8984375,0
2025-12-24 21:40:00+00:00,87708.2734375,87711.4921875,87701.78125,87701.78125,0
2025-12-24 21:45:00+00:00,87649.1171875,87705.828125,87640.609375,87705.828125,117846016
2025-12-24 21:50:00+00:00,87632.4609375,87643.6875,87624.1796875,87640.484375,0
2025-12-24 21:55:00+00:00,87607.796875,87632.8984375,87607.796875,87629.6640625,0
2025-12-24 22:00:00+00:00,87647.953125,87651.7578125,87629.796875,87629.796875,0
2025-12-24 22:05:00+00:00,87676.1953125,87676.1953125,87650.1171875,87650.1171875,0
2025-12-24 22:10:00+00:00,87775.3125,87775.3125,87753.609375,87753.609375,0
2025-12-24 22:15:00+00:00,87768.1640625,87781.9921875,87762.578125,87776.25,80601088
2025-12-24 22:20:00+00:00,87705.2578125,87750.9609375,87705.2578125,87750.3515625,0
2025-12-24 22:25:00+00:00,87726.3515625,87741.6640625,87704.296875,87704.296875,0
2025-12-24 22:30:00+00:00,87868.4375,87868.4375,87731.2734375,87731.2734375,0
2025-12-24 22:35:00+00:00,87947.0546875,87947.0546875,87881.984375,87881.984375,0
2025-12-24 22:40:00+00:00,87939.8828125,87939.8828125,87898.3515625,87898.3515625,65941504
2025-12-24 22:45:00+00:00,87915.203125,87935.5390625,87908.4765625,87935.5390625,0
2025-12-24 22:50:00+00:00,87943.609375,87943.609375,87909.53125,87911.828125,0
2025-12-24 22:55:00+00:00,87941.3515625,87941.3515625,87921.21875,87930.375,0
2025-12-24 23:00:00+00:00,87802.1875,87936.734375,87802.1875,87936.734375,0
2025-12-24 23:05:00+00:00,87766.7109375,87790.4609375,87766.7109375,87771.8203125,0
2025-12-24 23:10:00+00:00,87781.6796875,87781.6796875,87765.8046875,87768.1171875,0
2025-12-24 23:15:00+00:00,87734.7109375,87776.65625,87733.8203125,87776.65625,87289856
2025-12-24 23:20:00+00:00,87726.125,87745.421875,87719.9296875,87738.2109375,25929728
2025-12-24 23:25:00+00:00,87551.7109375,87617.34375,87551.7109375,87617.34375,0
2025-12-24 23:30:00+00:00,87629.78125,87629.78125,87562.0,87562.0,0
2025-12-24 23:35:00+00:00,87645.5078125,87645.9140625,87626.8046875,87626.8046875,0
2025-12-24 23:40:00+00:00,87563.4453125,87629.96875,87563.4453125,87629.96875,70860800
2025-12-24 23:45:00+00:00,87597.96875,87626.984375,87586.46875,87586.46875,0
2025-12-24 23:50:00+00:00,87628.921875,87628.921875,87610.90625,87610.90625,101468160
2025-12-24 23:55:00+00:00,87615.5703125,87657.796875,87615.5703125,87631.25,0
2025-12-25 00:00:00+00:00,87542.0234375,87608.0546875,87523.9296875,87608.0546875,0
2025-12-25 00:05:00+00:00,87618.8984375,87618.8984375,87566.421875,87566.421875,0
2025-12-25 00:10:00+00:00,87554.3046875,87655.578125,87554.3046875,87655.578125,38096896
2025-12-25 00:15:00+00:00,87659.046875,87659.046875,87598.421875,87598.421875,0
2025-12-25 00:20:00+00:00,87664.0625,87664.0625,87650.8203125,87658.6875,73918464
2025-12-25 00:25:00+00:00,87589.21875,87644.9296875,87589.21875,87644.9296875,0
2025-12-25 00:30:00+00:00,87628.1953125,87642.3984375,87552.109375,87562.40625,0
2025-12-25 00:35:00+00:00,87503.7734375,87632.1796875,87503.7734375,87632.1796875,7591936
2025-12-25 00:40:00+00:00,87505.421875,87505.9375,87488.328125,87488.328125,0
2025-12-25 00:45:00+00:00,87572.5546875,87584.7265625,87502.21875,87502.21875,406806528
2025-12-25 00:50:00+00:00,87528.5390625,87578.671875,87516.3125,87578.671875,133853184
2025-12-25 00:55:00+00:00,87490.3671875,87535.6015625,87490.3671875,87519.8359375,0
2025-12-25 01:00:00+00:00,87518.859375,87518.859375,87498.1875,87498.1875,0
2025-12-25 01:05:00+00:00,87528.6015625,87537.484375,87514.34375,87514.34375,0
2025-12-25 01:10:00+00:00,87597.9375,87597.9375,87557.8515625,87557.8515625,0
2025-12-25 01:15:00+00:00,87605.7578125,87605.7578125,87555.8515625,87598.0234375,0
2025-12-25 01:20:00+00:00,87646.6328125,87646.6328125,87606.2265625,87606.2265625,60452864
2025-12-25 01:25:00+00:00,87653.203125,87665.609375,87648.71875,87648.71875,0
2025-12-25 01:30:00+00:00,87592.8359375,87663.2109375,87592.8359375,87653.2734375,169861120
2025-12-25 01:35:00+00:00,87544.25,87547.0078125,87539.9765625,87545.1796875,0
2025-12-25 01:40:00+00:00,87654.7109375,87654.7109375,87552.953125,87552.953125,102408192
2025-12-25 01:45:00+00:00,87661.21875,87672.2265625,87661.21875,87672.2265625,0
2025-12-25 01:50:00+00:00,87660.578125,87685.4453125,87660.578125,87676.4140625,60442624
2025-12-25 01:55:00+00:00,87631.765625,87635.984375,87622.5859375,87635.984375,0
2025-12-25 02:00:00+00:00,87581.8828125,87636.96875,87529.2109375,87636.96875,57581568
2025-12-25 02:05:00+00:00,87568.9921875,87586.015625,87564.9140625,87570.84375,0
2025-12-25 02:10:00+00:00,87671.578125,87679.2421875,87576.171875,87576.5625,0
2025-12-25 02:15:00+00:00,87682.984375,87684.875,87670.3671875,87684.875,0
2025-12-25 02:20:00+00:00,87678.515625,87692.4921875,87678.515625,87692.4921875,0
2025-12-25 02:25:00+00:00,87675.3046875,87675.3046875,87659.015625,87659.015625,164161536
2025-12-25 02:30:00+00:00,87702.5,87702.5,87669.53125,87669.53125,0
2025-12-25 02:35:00+00:00,87706.7890625,87723.2265625,87694.6328125,87699.921875,0
2025-12-25 02:40:00+00:00,87807.7734375,87829.890625,87719.765625,87729.828125,49303552
2025-12-25 02:45:00+00:00,87821.6640625,87837.9140625,87821.6640625,87837.9140625,0
2025-12-25 02:50:00+00:00,87868.0625,87870.1171875,87812.078125,87812.078125,0
2025-12-25 02:55:00+00:00,87843.265625,87847.8046875,87834.28125,87834.28125,64952320
2025-12-25 03:00:00+00:00,87844.734375,87844.734375,87825.0234375,87827.7734375,0
2025-12-25 03:05:00+00:00,87834.7421875,87848.265625,87832.1171875,87848.265625,0
2025-12-25 03:10:00+00:00,87789.5859375,87789.5859375,87758.5078125,87764.0703125,0
2025-12-25 03:15:00+00:00,87782.5625,87788.515625,87770.65625,87788.515625,0
2025-12-25 03:20:00+00:00,87820.0859375,87826.0078125,87774.9296875,87774.9296875,0
2025-12-25 03:25:00+00:00,87795.8359375,87814.1015625,87795.8359375,87814.1015625,0
2025-12-25 03:30:00+00:00,87766.375,87787.6875,87766.375,87787.6875,0
2025-12-25 03:35:00+00:00,87745.90625,87760.515625,87745.90625,87760.515625,18368512
2025-12-25 03:40:00+00:00,87728.796875,87745.0546875,87728.796875,87745.0546875,0
2025-12-25 03:45:00+00:00,87734.046875,87743.875,87728.640625,87743.875,23310336
2025-12-25 03:50:00+00:00,87773.6953125,87773.6953125,87736.390625,87741.3125,54652928
2025-12-25 03:55:00+00:00,87792.0546875,87794.578125,87782.2734375,87782.2734375,0
2025-12-25 04:00:00+00:00,87732.59375,87789.609375,87732.59375,87788.71875,109907968
2025-12-25 04:05:00+00:00,87723.96875,87728.078125,87723.96875,87728.078125,0
2025-12-25 04:10:00+00:00,87699.0234375,87709.796875,87699.0234375,87709.375,0
2025-12-25 04:15:00+00:00,87777.5703125,87777.5703125,87718.6953125,87718.6953125,0
2025-12-25 04:20:00+00:00,87750.296875,87773.546875,87742.40625,87773.546875,0
2025-12-25 04:25:00+00:00,87717.796875,87753.0859375,87713.375,87753.0859375,23883776
2025-12-25 04:30:00+00:00,87738.3203125,87738.3203125,87706.71875,87706.71875,0
2025-12-25 04:35:00+00:00,87722.6328125,87734.9375,87722.6328125,87734.2890625,0
2025-12-25 04:40:00+00:00,87744.671875,87744.671875,87724.8046875,87730.9765625,0
2025-12-25 04:45:00+00:00,87731.2578125,87744.59375,87725.3828125,87725.3828125,33904640
2025-12-25 04:50:00+00:00,87768.9921875,87768.9921875,87729.75,87729.75,0
2025-12-25 04:55:00+00:00,87744.0078125,87767.328125,87744.0078125,87767.328125,30609408
2025-12-25 05:00:00+00:00,87695.5,87742.5234375,87695.5,87742.5234375,0
2025-12-25 05:05:00+00:00,87672.7578125,87672.7578125,87664.609375,87664.609375,48738304
2025-12-25 05:10:00+00:00,87613.1875,87670.109375,87613.1875,87670.109375,0
2025-12-25 05:15:00+00:00,87638.671875,87648.1484375,87616.9453125,87616.9453125,3100672
2025-12-25 05:20:00+00:00,87644.9453125,87663.3125,87641.21875,87651.921875,38088704
2025-12-25 05:25:00+00:00,87662.28125,87662.28125,87631.109375,87633.078125,10291200
2025-12-25 05:30:00+00:00,87708.1953125,87709.5859375,87664.3359375,87664.3359375,0
2025-12-25 05:35:00+00:00,87672.5546875,87692.2421875,87672.5546875,87692.2421875,0
2025-12-25 05:40:00+00:00,87707.3515625,87707.3515625,87683.0859375,87683.0859375,0
2025-12-25 05:45:00+00:00,87724.2734375,87724.2734375,87701.3984375,87701.3984375,0
2025-12-25 05:50:00+00:00,87717.171875,87734.0859375,87717.171875,87729.453125,0
2025-12-25 05:55:00+00:00,87702.3671875,87722.21875,87702.3671875,87722.21875,0
2025-12-25 06:00:00+00:00,87678.4765625,87703.8515625,87678.4765625,87703.8515625,0
2025-12-25 06:05:00+00:00,87659.4375,87683.359375,87659.4375,87683.359375,0
2025-12-25 06:10:00+00:00,87649.1640625,87656.46875,87645.6796875,87656.46875,91940864
2025-12-25 06:15:00+00:00,87682.2734375,87682.2734375,87648.421875,87648.421875,0
2025-12-25 06:20:00+00:00,87697.328125,87697.328125,87662.78125,87675.6953125,3577856
2025-12-25 06:25:00+00:00,87693.6484375,87695.2109375,87690.3046875,87695.2109375,0
2025-12-25 06:30:00+00:00,87710.8359375,87712.1328125,87689.265625,87689.265625,0
2025-12-25 06:35:00+00:00,87717.25,87748.1015625,87711.671875,87711.671875,43937792
2025-12-25 06:40:00+00:00,87710.796875,87718.0,87710.65625,87711.1484375,0
2025-12-25 06:45:00+00:00,87758.0859375,87758.0859375,87716.1796875,87716.6875,0
2025-12-25 06:50:00+00:00,87746.8671875,87759.1015625,87744.1015625,87759.1015625,0
2025-12-25 06:55:00+00:00,87773.6796875,87773.6796875,87765.4609375,87765.546875,0
2025-12-25 07:00:00+00:00,87764.6640625,87774.5703125,87763.6328125,87774.5703125,0
2025-12-25 07:05:00+00:00,87752.828125,87752.828125,87727.578125,87738.1875,0
2025-12-25 07:10:00+00:00,87757.5,87759.171875,87746.8515625,87759.171875,40499200
2025-12-25 07:15:00+00:00,87744.8984375,87754.1640625,87737.78125,87754.1640625,0
2025-12-25 07:20:00+00:00,87741.859375,87741.859375,87735.671875,87741.8515625,0
2025-12-25 07:25:00+00:00,87748.3828125,87763.5234375,87738.0625,87738.0625,4202496
2025-12-25 07:30:00+00:00,87731.1953125,87750.3125,87731.1953125,87750.3125,67223552
2025-12-25 07:35:00+00:00,87721.203125,87730.4765625,87715.8828125,87726.140625,0
2025-12-25 07:40:00+00:00,87717.2265625,87729.8203125,87707.5078125,87707.5078125,0
2025-12-25 07:45:00+00:00,87713.90625,87714.109375,87711.0078125,87714.109375,39239680
2025-12-25 07:50:00+00:00,87735.34375,87748.2421875,87714.21875,87714.21875,0
2025-12-25 07:55:00+00:00,87786.6875,87795.21875,87734.25,87734.25,1349632
2025-12-25 08:00:00+00:00,87783.0703125,87787.1484375,87782.921875,87782.921875,0
2025-12-25 08:05:00+00:00,87808.9375,87808.9375,87774.359375,87780.8046875,121864192
2025-12-25 08:10:00+00:00,87734.34375,87800.28125,87734.34375,87793.296875,0
2025-12-25 08:15:00+00:00,87582.359375,87654.4765625,87582.359375,87654.4765625,94758912
2025-12-25 08:20:00+00:00,87388.5703125,87585.1328125,87388.5703125,87572.515625,0
2025-12-25 08:25:00+00:00,87380.4453125,87403.03125,87339.2734375,87339.2734375,637120512
2025-12-25 08:30:00+00:00,87412.5546875,87412.5546875,87364.03125,87383.6328125,103575552
2025-12-25 08:35:00+00:00,87423.6484375,87423.6484375,87416.1015625,87419.1171875,0
2025-12-25 08:40:00+00:00,87444.0859375,87445.2265625,87435.6484375,87445.2265625,0
2025-12-25 08:45:00+00:00,87417.8359375,87443.8203125,87409.3984375,87443.8203125,36976640
2025-12-25 08:50:00+00:00,87456.8046875,87485.578125,87422.5703125,87422.5703125,104495104
2025-12-25 08:55:00+00:00,87508.9765625,87552.828125,87484.59375,87484.59375,0
2025-12-25 09:00:00+00:00,87491.484375,87525.859375,87491.484375,87525.859375,51820544
2025-12-25 09:05:00+00:00,87466.9375,87498.1171875,87459.5703125,87498.1171875,0
2025-12-25 09:10:00+00:00,87432.1328125,87471.0546875,87432.1328125,87471.0546875,0
2025-12-25 09:15:00+00:00,87437.34375,87437.34375,87422.6171875,87435.7734375,67260416
2025-12-25 09:20:00+00:00,87453.40625,87470.1953125,87453.40625,87470.1953125,4122624
2025-12-25 09:25:00+00:00,87433.7734375,87455.4765625,87428.8125,87455.4765625,0
2025-12-25 09:30:00+00:00,87411.65625,87434.578125,87411.65625,87430.7265625,58910720
2025-12-25 09:35:00+00:00,87414.28125,87414.28125,87392.3671875,87393.96875,0
2025-12-25 09:40:00+00:00,87413.96875,87432.265625,87413.96875,87432.265625,0
2025-12-25 09:45:00+00:00,87455.6015625,87455.6015625,87440.5703125,87444.6484375,78137344
2025-12-25 09:50:00+00:00,87459.3984375,87459.9921875,87454.5859375,87454.5859375,0
2025-12-25 09:55:00+00:00,87465.7109375,87465.7109375,87455.6171875,87460.3828125,75720704
2025-12-25 10:00:00+00:00,87452.7421875,87459.4375,87452.7421875,87459.4375,0
2025-12-25 10:05:00+00:00,87419.0546875,87424.375,87414.7265625,87424.375,54771712
2025-12-25 10:10:00+00:00,87381.7890625,87412.4765625,87366.40625,87412.4765625,17795072
2025-12-25 10:15:00+00:00,87331.2734375,87347.984375,87320.2109375,87347.984375,0
2025-12-25 10:20:00+00:00,87366.53125,87375.4453125,87358.8828125,87375.4453125,89350144
2025-12-25 10:25:00+00:00,87353.8828125,87376.578125,87353.8828125,87376.578125,0
2025-12-25 10:30:00+00:00,87362.671875,87362.671875,87339.9453125,87356.0390625,0
2025-12-25 10:35:00+00:00,87282.0234375,87368.1171875,87282.0234375,87368.1171875,30720
2025-12-25 10:40:00+00:00,87238.015625,87249.1484375,87238.015625,87249.1484375,146851840
2025-12-25 10:45:00+00:00,87310.703125,87310.703125,87261.8046875,87261.8046875,0
2025-12-25 10:50:00+00:00,87326.1015625,87332.5859375,87319.1015625,87319.1015625,0
2025-12-25 10:55:00+00:00,87361.8828125,87361.8828125,87324.2265625,87324.2265625,99446784
2025-12-25 11:00:00+00:00,87459.4140625,87459.4140625,87370.640625,87370.640625,51286016
2025-12-25 11:05:00+00:00,87444.0,87448.765625,87440.0,87448.765625,4724736
2025-12-25 11:10:00+00:00,87445.8125,87445.8125,87434.609375,87444.21875,0
2025-12-25 11:15:00+00:00,87437.703125,87467.9375,87437.703125,87445.5390625,33423360
2025-12-25 11:20:00+00:00,87440.734375,87440.734375,87437.6328125,87439.90625,0
2025-12-25 11:25:00+00:00,87508.1875,87508.1875,87422.625,87437.3515625,0
2025-12-25 11:30:00+00:00,87506.3984375,87517.3046875,87501.0703125,87501.0703125,0
2025-12-25 11:35:00+00:00,87461.734375,87485.34375,87459.046875,87485.34375,0
2025-12-25 11:40:00+00:00,87450.6640625,87470.609375,87450.6640625,87470.609375,0
2025-12-25 11:45:00+00:00,87452.4453125,87493.4140625,87452.4453125,87464.6640625,44290048
2025-12-25 11:50:00+00:00,87441.4765625,87443.859375,87429.375,87429.375,0
2025-12-25 11:55:00+00:00,87458.4921875,87477.90625,87458.4921875,87475.296875,0
2025-12-25 12:00:00+00:00,87497.9609375,87497.9609375,87455.9140625,87455.9140625,0
2025-12-25 12:05:00+00:00,87486.5,87496.0390625,87483.671875,87496.0390625,0
2025-12-25 12:10:00+00:00,87445.6796875,87487.3203125,87445.6796875,87487.3203125,0
2025-12-25 12:15:00+00:00,87479.015625,87479.015625,87441.921875,87441.921875,0
2025-12-25 12:20:00+00:00,87488.6015625,87488.6015625,87466.3828125,87466.3828125,0
2025-12-25 12:25:00+00:00,87509.75,87509.75,87465.65625,87489.9609375,0
2025-12-25 12:30:00+00:00,87524.6796875,87533.203125,87509.265625,87510.421875,0
2025-12-25 12:35:00+00:00,87506.3359375,87529.671875,87506.3359375,87529.671875,0
2025-12-25 12:40:00+00:00,87460.609375,87494.546875,87460.609375,87494.546875,3799040
2025-12-25 12:45:00+00:00,87467.9609375,87473.15625,87467.9609375,87473.15625,0
2025-12-25 12:50:00+00:00,87482.0625,87485.7734375,87472.9453125,87472.9453125,0
2025-12-25 12:55:00+00:00,87521.0859375,87521.0859375,87477.03125,87477.03125,5734400
2025-12-25 13:00:00+00:00,87485.7578125,87516.6328125,87485.7578125,87516.6328125,0
2025-12-25 13:05:00+00:00,87479.7109375,87493.5078125,87479.7109375,87493.5078125,0
2025-12-25 13:10:00+00:00,87458.5078125,87460.7109375,87453.8359375,87457.1328125,41750528
2025-12-25 13:15:00+00:00,87422.953125,87472.6953125,87422.953125,87472.5703125,0
2025-12-25 13:20:00+00:00,87401.421875,87406.796875,87373.84375,87373.84375,46108672
2025-12-25 13:25:00+00:00,87442.03125,87442.03125,87404.9765625,87404.9765625,0
2025-12-25 13:30:00+00:00,87442.703125,87450.125,87436.1953125,87450.125,0
2025-12-25 13:35:00+00:00,87434.7890625,87442.375,87434.7890625,87442.375,0
2025-12-25 13:40:00+00:00,87570.453125,87570.453125,87447.4140625,87447.4140625,0
2025-12-25 13:45:00+00:00,87562.3359375,87601.109375,87541.796875,87569.34375,0
2025-12-25 13:50:00+00:00,87607.109375,87607.109375,87551.890625,87551.890625,133382144
2025-12-25 13:55:00+00:00,87601.421875,87607.0859375,87600.375,87607.0859375,20946944
2025-12-25 14:00:00+00:00,87591.328125,87596.65625,87581.0234375,87581.0234375,0
2025-12-25 14:05:00+00:00,87630.140625,87630.140625,87588.9375,87604.6328125,0
2025-12-25 14:10:00+00:00,87665.890625,87665.890625,87637.390625,87643.40625,10694656
2025-12-25 14:15:00+00:00,87609.6015625,87665.3203125,87609.6015625,87656.8359375,0
2025-12-25 14:20:00+00:00,87589.390625,87589.390625,87575.96875,87575.96875,33298432
2025-12-25 14:25:00+00:00,87517.96875,87578.265625,87517.5,87577.71875,15900672
2025-12-25 14:30:00+00:00,87582.125,87587.96875,87530.1875,87530.1875,0
2025-12-25 14:35:00+00:00,87574.53125,87597.09375,87574.53125,87597.09375,0
2025-12-25 14:40:00+00:00,87569.7265625,87569.7265625,87529.2109375,87529.2109375,0
2025-12-25 14:45:00+00:00,87603.4453125,87603.4453125,87579.921875,87579.921875,0
2025-12-25 14:50:00+00:00,87667.9140625,87685.4765625,87667.9140625,87685.4765625,0
2025-12-25 14:55:00+00:00,87672.6953125,87672.6953125,87665.6953125,87665.6953125,0
2025-12-25 15:00:00+00:00,87680.9453125,87702.1015625,87667.3671875,87667.3671875,0
2025-12-25 15:05:00+00:00,87708.40625,87708.40625,87682.28125,87702.734375,0
2025-12-25 15:10:00+00:00,87715.046875,87715.046875,87691.1640625,87712.0859375,0
2025-12-25 15:15:00+00:00,87729.5,87729.5,87722.25,87722.25,0
2025-12-25 15:20:00+00:00,87800.796875,87815.1171875,87744.6015625,87744.6015625,0
2025-12-25 15:25:00+00:00,88038.7734375,88038.7734375,87788.5859375,87788.5859375,14686208
2025-12-25 15:30:00+00:00,88016.96875,88039.21875,88016.96875,88035.9609375,0
2025-12-25 15:35:00+00:00,87965.8828125,87976.4140625,87907.0625,87976.4140625,83103744
2025-12-25 15:40:00+00:00,88369.0390625,88369.0390625,88087.8671875,88117.21875,760866816
2025-12-25 15:45:00+00:00,88394.90625,88433.75,88341.109375,88433.75,339763200
2025-12-25 15:50:00+00:00,88442.9921875,88462.0703125,88404.578125,88404.578125,163741696
2025-12-25 15:55:00+00:00,88274.7890625,88368.09375,88259.4765625,88368.09375,0
2025-12-25 16:00:00+00:00,88250.0625,88302.6953125,88250.0625,88259.4140625,424189952
2025-12-25 16:05:00+00:00,88240.4296875,88254.703125,88222.65625,88222.65625,126904320
2025-12-25 16:10:00+00:00,88166.03125,88167.3125,88153.5546875,88153.5546875,7845888
2025-12-25 16:15:00+00:00,88301.390625,88358.3359375,88256.1875,88256.1875,5959680
2025-12-25 16:20:00+00:00,88298.671875,88321.140625,88298.671875,88321.140625,0
2025-12-25 16:25:00+00:00,88368.890625,88389.234375,88368.890625,88376.8203125,0
2025-12-25 16:30:00+00:00,88312.265625,88383.1015625,88312.265625,88383.1015625,0
2025-12-25 16:35:00+00:00,88159.9765625,88294.34375,88146.40625,88294.34375,0
2025-12-25 16:40:00+00:00,88238.328125,88238.328125,88171.1875,88171.1875,0
2025-12-25 16:45:00+00:00,88134.890625,88265.1796875,88134.890625,88265.1796875,0
2025-12-25 16:50:00+00:00,88060.2265625,88141.2578125,87948.015625,88141.2578125,0
2025-12-25 16:55:00+00:00,88053.796875,88060.4921875,88026.9921875,88026.9921875,632422400
2025-12-25 17:00:00+00:00,87963.8515625,88058.0234375,87963.8515625,88042.1328125,0
2025-12-25 17:05:00+00:00,88073.0390625,88073.0390625,88000.9375,88000.9375,0
2025-12-25 17:10:00+00:00,88045.0625,88104.7265625,88045.0625,88092.3359375,0
2025-12-25 17:15:00+00:00,88030.21875,88030.21875,87979.8828125,87993.859375,0
2025-12-25 17:20:00+00:00,88074.125,88074.3671875,88067.53125,88073.0078125,11417600
2025-12-25 17:25:00+00:00,88003.546875,88048.0546875,88003.546875,88048.0546875,0
2025-12-25 17:30:00+00:00,87995.1640625,87995.1640625,87978.0703125,87992.890625,0
2025-12-25 17:35:00+00:00,87991.109375,88016.15625,87991.109375,88003.0,0
2025-12-25 17:40:00+00:00,87998.6015625,87998.6015625,87994.296875,87996.8828125,29165568
2025-12-25 17:45:00+00:00,88026.078125,88029.5078125,87986.6953125,88001.7734375,0
2025-12-25 17:50:00+00:00,88118.4375,88119.046875,88111.1640625,88111.1640625,0
2025-12-25 17:55:00+00:00,88114.0546875,88126.40625,88114.0546875,88119.078125,0
2025-12-25 18:00:00+00:00,88193.4453125,88201.125,88103.953125,88103.953125,0
2025-12-25 18:05:00+00:00,88216.6328125,88240.4453125,88181.4140625,88181.4140625,0
2025-12-25 18:10:00+00:00,88235.3828125,88235.3828125,88228.4765625,88233.0546875,48281600
2025-12-25 18:15:00+00:00,88190.421875,88249.5546875,88190.421875,88249.5546875,0
2025-12-25 18:20:00+00:00,88169.4296875,88187.5625,88169.4296875,88187.5625,0
2025-12-25 18:25:00+00:00,88180.8515625,88181.6640625,88178.328125,88178.328125,0
2025-12-25 18:30:00+00:00,88203.9296875,88203.9296875,88176.9375,88183.8828125,0
2025-12-25 18:35:00+00:00,88142.578125,88156.8125,88105.0234375,88153.8828125,2457600
2025-12-25 18:40:00+00:00,88253.4921875,88253.4921875,88143.2421875,88143.2421875,0
2025-12-25 18:45:00+00:00,88209.9375,88233.0,88206.859375,88233.0,0
2025-12-25 18:50:00+00:00,88201.15625,88213.671875,88201.15625,88203.515625,81960960
2025-12-25 18:55:00+00:00,88185.5703125,88197.640625,88184.796875,88197.640625,0
2025-12-25 19:00:00+00:00,88180.6875,88186.1953125,88180.6875,88182.546875,0
2025-12-25 19:05:00+00:00,88110.1875,88162.265625,88110.1875,88162.265625,0
2025-12-25 19:10:00+00:00,88136.4453125,88136.4453125,88107.9296875,88107.9296875,0
2025-12-25 19:15:00+00:00,88082.2109375,88124.65625,88082.2109375,88124.65625,0
2025-12-25 19:20:00+00:00,88024.7734375,88069.953125,88024.7734375,88063.40625,23623680
2025-12-25 19:25:00+00:00,88046.6875,88058.7421875,88046.6875,88050.7890625,0
2025-12-25 19:30:00+00:00,88037.46875,88059.78125,88029.921875,88053.15625,56041472
2025-12-25 19:35:00+00:00,88057.4765625,88059.578125,88045.4921875,88045.4921875,0
2025-12-25 19:40:00+00:00,88087.578125,88087.578125,88039.734375,88039.734375,42571776
2025-12-25 19:45:00+00:00,88056.375,88090.328125,88055.4453125,88090.328125,0
2025-12-25 19:50:00+00:00,88090.8046875,88090.8046875,88065.3359375,88067.8515625,0
2025-12-25 19:55:00+00:00,88094.2265625,88100.7890625,88094.2265625,88099.6875,0
2025-12-25 20:00:00+00:00,88038.1875,88103.3125,88038.1875,88096.2109375,0
2025-12-25 20:05:00+00:00,88056.65625,88056.65625,88039.609375,88044.25,0
2025-12-25 20:10:00+00:00,88084.7890625,88084.7890625,88053.828125,88067.125,0
2025-12-25 20:15:00+00:00,88060.3203125,88065.1875,88046.5078125,88046.5078125,0
2025-12-25 20:20:00+00:00,87970.7109375,88017.5546875,87967.578125,88013.890625,0
2025-12-25 20:25:00+00:00,87729.4765625,87964.390625,87729.4765625,87960.5546875,65855488
2025-12-25 20:30:00+00:00,87718.890625,87765.6875,87687.015625,87687.4140625,94787584
2025-12-25 20:35:00+00:00,87741.3515625,87749.8515625,87725.1171875,87749.8515625,80177152
2025-12-25 20:40:00+00:00,87752.453125,87771.4921875,87740.9921875,87768.015625,67321856
2025-12-25 20:45:00+00:00,87822.0546875,87822.0546875,87751.1015625,87751.1015625,0
2025-12-25 20:50:00+00:00,87813.25,87823.7421875,87813.25,87816.1015625,94357504
2025-12-25 20:55:00+00:00,87821.90625,87826.71875,87800.953125,87817.7265625,0
2025-12-25 21:00:00+00:00,87815.359375,87838.140625,87815.359375,87838.140625,60628992
2025-12-25 21:05:00+00:00,87775.4453125,87828.109375,87775.4453125,87828.109375,21397504
2025-12-25 21:10:00+00:00,87921.65625,87921.65625,87857.09375,87857.09375,0
2025-12-25 21:15:00+00:00,87888.03125,87909.84375,87884.265625,87909.84375,0
2025-12-25 21:20:00+00:00,87873.3515625,87899.5234375,87873.3515625,87899.5234375,47724544
2025-12-25 21:25:00+00:00,87899.296875,87900.6796875,87887.4921875,87887.4921875,101701632
2025-12-25 21:30:00+00:00,87906.1640625,87906.1640625,87892.0546875,87901.796875,0
2025-12-25 21:35:00+00:00,87903.2265625,87910.3359375,87884.1484375,87884.1484375,0
2025-12-25 21:40:00+00:00,87900.078125,87907.0546875,87897.953125,87907.0546875,0
2025-12-25 21:45:00+00:00,87913.8828125,87913.8828125,87898.7734375,87902.0859375,48211968
2025-12-25 21:50:00+00:00,87870.34375,87901.046875,87870.34375,87901.046875,2662400
2025-12-25 21:55:00+00:00,87851.859375,87851.859375,87834.7734375,87837.5390625,0
2025-12-25 22:00:00+00:00,87862.6171875,87867.7421875,87845.4765625,87845.4765625,18432000
2025-12-25 22:05:00+00:00,87783.8203125,87852.4921875,87783.8203125,87852.4921875,0
2025-12-25 22:10:00+00:00,87804.03125,87804.03125,87766.3046875,87766.3046875,36460544
2025-12-25 22:15:00+00:00,87818.3359375,87818.3359375,87799.5859375,87811.3984375,32110592
2025-12-25 22:20:00+00:00,87784.453125,87813.8828125,87784.453125,87813.8828125,30226432
2025-12-25 22:25:00+00:00,87809.8515625,87809.8515625,87781.046875,87781.046875,0
2025-12-25 22:30:00+00:00,87803.0859375,87825.4140625,87795.078125,87795.078125,0
2025-12-25 22:35:00+00:00,87840.3828125,87840.3828125,87799.8671875,87799.8671875,7337984
2025-12-25 22:40:00+00:00,87746.7421875,87822.5625,87746.109375,87822.5625,0
2025-12-25 22:45:00+00:00,87482.6875,87586.9921875,87482.6875,87570.1015625,0
2025-12-25 22:50:00+00:00,87417.796875,87434.6953125,87351.3046875,87351.3046875,154038272
2025-12-25 22:55:00+00:00,87625.0625,87625.0625,87507.21875,87507.21875,255168512
2025-12-25 23:00:00+00:00,87536.78125,87541.421875,87454.515625,87541.421875,48969728
2025-12-25 23:05:00+00:00,87564.0078125,87590.8828125,87550.0859375,87590.8828125,0
2025-12-25 23:10:00+00:00,87690.484375,87690.484375,87583.9921875,87583.9921875,43976704
2025-12-25 23:15:00+00:00,87635.921875,87638.4765625,87625.328125,87638.4765625,159055872
2025-12-25 23:20:00+00:00,87512.0,87633.328125,87512.0,87633.328125,12804096
2025-12-25 23:25:00+00:00,87434.2109375,87530.3984375,87434.2109375,87497.0703125,26705920
2025-12-25 23:30:00+00:00,87151.953125,87324.2734375,87151.953125,87324.2734375,69713920
2025-12-25 23:35:00+00:00,87025.7421875,87146.7734375,87025.7421875,87146.7734375,125765632
2025-12-25 23:40:00+00:00,87059.8046875,87148.78125,87059.8046875,87074.375,193740800
2025-12-25 23:45:00+00:00,87056.828125,87056.828125,86971.5,87024.3125,216121344
2025-12-25 23:50:00+00:00,87224.6171875,87260.328125,87091.7734375,87103.203125,178853888
2025-12-25 23:55:00+00:00,87204.3671875,87254.0078125,87204.3671875,87254.0078125,141774848
2025-12-26 00:00:00+00:00,87232.4140625,87259.0390625,87214.5,87214.5,0
2025-12-26 00:05:00+00:00,87263.5625,87263.5625,87198.7890625,87198.7890625,0
2025-12-26 00:10:00+00:00,87061.0625,87061.0625,87015.1171875,87027.7734375,0
2025-12-26 00:15:00+00:00,87030.4609375,87145.78125,87030.4609375,87145.78125,580372480
2025-12-26 00:20:00+00:00,87057.171875,87057.875,87040.734375,87041.0703125,42921984
2025-12-26 00:25:00+00:00,86937.34375,87207.3125,86937.34375,87207.3125,0
2025-12-26 00:30:00+00:00,87141.2578125,87141.2578125,87015.109375,87015.109375,219367424
2025-12-26 00:35:00+00:00,87076.3046875,87147.9609375,87008.2421875,87147.9609375,92108800
2025-12-26 00:40:00+00:00,86925.6484375,87079.8359375,86925.6484375,87079.8359375,12359680
2025-12-26 00:45:00+00:00,86948.0234375,86948.0234375,86917.9765625,86923.6171875,133160960
2025-12-26 00:50:00+00:00,87047.5234375,87048.953125,86986.0546875,86986.0546875,50804736
2025-12-26 00:55:00+00:00,87041.6640625,87041.6640625,86998.140625,87028.578125,0
2025-12-26 01:00:00+00:00,87180.171875,87180.171875,87063.359375,87063.359375,446715904
2025-12-26 01:05:00+00:00,87224.5390625,87224.5390625,87159.1875,87159.1875,78045184
2025-12-26 01:10:00+00:00,87216.5703125,87274.1484375,87216.5703125,87250.203125,80603136
2025-12-26 01:15:00+00:00,87282.9765625,87282.9765625,87206.0703125,87206.0703125,59678720
2025-12-26 01:20:00+00:00,87229.875,87287.53125,87229.875,87250.9765625,38424576
2025-12-26 01:25:00+00:00,87317.375,87317.984375,87278.3203125,87285.375,50487296
2025-12-26 01:30:00+00:00,87280.875,87313.2265625,87273.484375,87278.9609375,94746624
2025-12-26 01:35:00+00:00,87300.09375,87309.4765625,87295.53125,87295.53125,12955648
2025-12-26 01:40:00+00:00,87307.5859375,87307.5859375,87282.21875,87286.6875,0
2025-12-26 01:45:00+00:00,87402.9296875,87402.9296875,87358.1171875,87360.1953125,81530880
2025-12-26 01:50:00+00:00,87373.203125,87411.6875,87373.203125,87409.0546875,16982016
2025-12-26 01:55:00+00:00,87385.875,87391.0390625,87374.7734375,87374.7734375,50712576
2025-12-26 02:00:00+00:00,87438.59375,87455.796875,87379.9609375,87379.9609375,0
2025-12-26 02:05:00+00:00,87461.484375,87461.484375,87422.046875,87435.421875,16738304
2025-12-26 02:10:00+00:00,87809.1484375,87809.1484375,87522.03125,87528.3671875,0
2025-12-26 02:15:00+00:00,88460.2578125,88460.2578125,88064.3828125,88064.3828125,606980096
2025-12-26 02:20:00+00:00,88881.7421875,88890.9296875,88584.0,88584.0,171376640
2025-12-26 02:25:00+00:00,89007.6640625,89131.7890625,89007.6640625,89131.7890625,646563840
2025-12-26 02:30:00+00:00,89232.1484375,89232.1484375,88924.9609375,88924.9609375,1173790720
2025-12-26 02:35:00+00:00,89117.453125,89208.6171875,89094.21875,89094.21875,0
2025-12-26 02:40:00+00:00,89160.796875,89163.796875,89104.0859375,89104.0859375,908537856
2025-12-26 02:45:00+00:00,88988.1484375,89205.5078125,88988.1484375,89205.5078125,542658560
2025-12-26 02:50:00+00:00,89133.421875,89133.421875,89018.4453125,89027.5859375,83220480
2025-12-26 02:55:00+00:00,89091.078125,89192.890625,89091.078125,89192.890625,516564992
2025-12-26 03:00:00+00:00,89069.25,89153.8984375,89069.25,89099.0078125,204769280
2025-12-26 03:05:00+00:00,89059.5078125,89072.5625,89017.5859375,89017.5859375,234569728
2025-12-26 03:10:00+00:00,88994.7734375,89158.734375,88994.7734375,89094.2734375,411674624
2025-12-26 03:15:00+00:00,88848.4921875,88955.6953125,88848.4921875,88955.6953125,0
2025-12-26 03:20:00+00:00,88705.359375,88762.515625,88705.359375,88749.9296875,0
2025-12-26 03:25:00+00:00,88744.71875,88780.765625,88732.421875,88780.765625,919339008
2025-12-26 03:30:00+00:00,88697.1796875,88784.171875,88683.5703125,88784.171875,20574208
2025-12-26 03:35:00+00:00,88667.5390625,88745.6015625,88667.5390625,88720.65625,277901312
2025-12-26 03:40:00+00:00,88639.0625,88648.765625,88639.0625,88648.765625,109193216
2025-12-26 03:45:00+00:00,88778.4921875,88809.8515625,88659.1875,88659.1875,12095488
2025-12-26 03:50:00+00:00,88750.078125,88765.1015625,88733.375,88765.1015625,250017792
2025-12-26 03:55:00+00:00,88742.3125,88742.3125,88685.1640625,88703.5625,311351296
2025-12-26 04:00:00+00:00,88530.2578125,88699.734375,88492.03125,88688.6484375,0
2025-12-26 04:05:00+00:00,88504.203125,88504.203125,88455.6328125,88478.7109375,217950208
2025-12-26 04:10:00+00:00,88634.6875,88634.6875,88554.9609375,88554.9609375,72376320
2025-12-26 04:15:00+00:00,88662.2890625,88662.2890625,88633.171875,88633.171875,90218496
2025-12-26 04:20:00+00:00,88595.484375,88678.125,88595.484375,88671.546875,84754432
2025-12-26 04:25:00+00:00,88620.9609375,88620.9609375,88606.703125,88616.203125,158025728
2025-12-26 04:30:00+00:00,88719.9453125,88719.9453125,88645.6796875,88645.6796875,0
2025-12-26 04:35:00+00:00,88741.0,88746.203125,88735.171875,88735.171875,0
2025-12-26 04:40:00+00:00,88918.9921875,88918.9921875,88783.953125,88783.953125,133062656
2025-12-26 04:45:00+00:00,88955.75,89020.203125,88955.75,88973.265625,251279360
2025-12-26 04:50:00+00:00,88959.375,88974.5078125,88959.375,88974.5078125,91537408
2025-12-26 04:55:00+00:00,88891.71875,88974.9140625,88891.71875,88974.9140625,93480960
2025-12-26 05:00:00+00:00,88914.578125,88914.578125,88893.8046875,88893.8046875,0
2025-12-26 05:05:00+00:00,88903.578125,88927.2734375,88903.578125,88924.328125,851570688
2025-12-26 05:10:00+00:00,88870.9453125,88886.171875,88836.203125,88886.171875,0
2025-12-26 05:15:00+00:00,88812.6171875,88872.140625,88812.6171875,88872.140625,0
2025-12-26 05:20:00+00:00,88792.625,88797.0390625,88787.125,88797.0390625,111302656
2025-12-26 05:25:00+00:00,88820.984375,88835.8046875,88818.9921875,88818.9921875,74715136
2025-12-26 05:30:00+00:00,88819.6953125,88834.90625,88790.6796875,88834.90625,117960704
2025-12-26 05:35:00+00:00,88778.8046875,88803.8984375,88778.09375,88791.8515625,81313792
2025-12-26 05:40:00+00:00,88790.8046875,88790.8046875,88769.390625,88775.515625,59250688
2025-12-26 05:45:00+00:00,88855.015625,88859.8046875,88792.0390625,88792.0390625,0
2025-12-26 05:50:00+00:00,88807.703125,88854.34375,88788.8046875,88854.34375,82753536
2025-12-26 05:55:00+00:00,88942.3828125,88942.3828125,88843.0625,88843.0625,0
2025-12-26 06:00:00+00:00,88964.1796875,88971.78125,88924.1953125,88924.1953125,0
2025-12-26 06:05:00+00:00,88979.203125,88980.5546875,88968.6953125,88980.5546875,175554560
2025-12-26 06:10:00+00:00,89030.8671875,89030.8671875,88972.84375,88993.3359375,97132544
2025-12-26 06:15:00+00:00,89040.9375,89066.2578125,89004.4140625,89004.4140625,62390272
2025-12-26 06:20:00+00:00,89037.671875,89037.671875,89008.0,89035.0390625,0
2025-12-26 06:25:00+00:00,89019.671875,89019.671875,89005.890625,89016.3515625,208041984
2025-12-26 06:30:00+00:00,88991.5703125,89017.4296875,88991.5703125,89011.2265625,142731264
2025-12-26 06:35:00+00:00,89025.671875,89025.671875,89003.9765625,89003.9765625,28440576
2025-12-26 06:40:00+00:00,89146.7421875,89156.7578125,89059.1171875,89059.1171875,0
2025-12-26 06:45:00+00:00,89071.8671875,89163.2578125,89071.8671875,89163.2578125,113772544
2025-12-26 06:50:00+00:00,89069.453125,89076.421875,89065.515625,89076.421875,27559936
2025-12-26 06:55:00+00:00,89133.1015625,89143.4609375,89070.234375,89070.234375,166899712
2025-12-26 07:00:00+00:00,89103.03125,89110.859375,89057.625,89072.8828125,0
2025-12-26 07:05:00+00:00,89123.859375,89123.859375,89090.6640625,89090.6640625,101754880
2025-12-26 07:10:00+00:00,89299.671875,89299.671875,89120.046875,89120.046875,0
2025-12-26 07:15:00+00:00,89300.921875,89300.921875,89257.1953125,89288.3203125,164198400
2025-12-26 07:20:00+00:00,89308.34375,89308.34375,89282.4765625,89304.453125,243822592
2025-12-26 07:25:00+00:00,89352.890625,89439.1171875,89352.890625,89411.8828125,178122752
2025-12-26 07:30:00+00:00,89138.6953125,89360.4921875,89138.6953125,89360.4921875,306960384
2025-12-26 07:35:00+00:00,89001.25,89116.8125,89001.25,89116.6171875,125669376
2025-12-26 07:40:00+00:00,88763.984375,88812.234375,88763.984375,88811.7890625,0
2025-12-26 07:45:00+00:00,88656.9140625,88726.5625,88656.9140625,88726.5625,1247830016
2025-12-26 07:50:00+00:00,88544.7890625,88563.109375,88544.7890625,88561.671875,217120768
2025-12-26 07:55:00+00:00,88372.125,88509.203125,88372.125,88509.203125,419708928
2025-12-26 08:00:00+00:00,88710.234375,88710.234375,88394.3984375,88394.3984375,555309056
2025-12-26 08:05:00+00:00,88634.3828125,88741.3828125,88604.2890625,88741.3828125,0
2025-12-26 08:10:00+00:00,88550.3515625,88550.3515625,88497.9609375,88544.4375,1179502592
2025-12-26 08:15:00+00:00,88586.6875,88633.1796875,88570.4296875,88570.4296875,79071232
2025-12-26 08:20:00+00:00,88654.578125,88673.1953125,88571.265625,88571.265625,0
2025-12-26 08:25:00+00:00,88655.46875,88696.8046875,88652.265625,88696.8046875,41175040
2025-12-26 08:30:00+00:00,88602.546875,88670.078125,88535.09375,88670.078125,0
2025-12-26 08:35:00+00:00,88589.203125,88605.015625,88582.671875,88605.015625,125519872
2025-12-26 08:40:00+00:00,88568.21875,88568.21875,88517.7421875,88557.515625,0
2025-12-26 08:45:00+00:00,88609.2578125,88609.2578125,88559.75,88564.2890625,0
2025-12-26 08:50:00+00:00,88636.0390625,88656.046875,88636.0390625,88656.046875,0
2025-12-26 08:55:00+00:00,88666.6328125,88676.9609375,88664.0703125,88664.0703125,0
2025-12-26 09:00:00+00:00,88688.6015625,88699.3203125,88677.171875,88677.171875,118415360
2025-12-26 09:05:00+00:00,88620.4921875,88686.78125,88620.4921875,88686.78125,6639616
2025-12-26 09:10:00+00:00,88615.0625,88631.328125,88615.0625,88628.375,9091072
2025-12-26 09:15:00+00:00,88633.828125,88633.828125,88621.0,88621.0,0
2025-12-26 09:20:00+00:00,88756.09375,88756.09375,88682.515625,88682.515625,35954688
2025-12-26 09:25:00+00:00,88681.921875,88700.5703125,88681.921875,88700.5703125,0
2025-12-26 09:30:00+00:00,88680.6484375,88683.171875,88676.96875,88683.171875,0
2025-12-26 09:35:00+00:00,88695.9140625,88704.1328125,88693.2734375,88694.046875,92391424
2025-12-26 09:40:00+00:00,88707.53125,88709.7421875,88691.0546875,88691.0546875,0
2025-12-26 09:45:00+00:00,88764.7421875,88764.7421875,88712.328125,88718.46875,227581952
2025-12-26 09:50:00+00:00,88797.3359375,88828.0625,88797.3359375,88813.359375,139188224
2025-12-26 09:55:00+00:00,88769.6171875,88796.6875,88769.6171875,88796.6875,36696064
2025-12-26 10:00:00+00:00,88778.8984375,88788.234375,88750.15625,88750.15625,7004160
2025-12-26 10:05:00+00:00,88731.9375,88769.0078125,88715.296875,88755.9453125,0
2025-12-26 10:10:00+00:00,88800.6875,88800.6875,88733.3515625,88733.3515625,78688256
2025-12-26 10:15:00+00:00,88719.0390625,88807.9609375,88719.0390625,88807.9609375,0
2025-12-26 10:20:00+00:00,88656.90625,88694.671875,88652.375,88694.671875,67278848
2025-12-26 10:25:00+00:00,88753.6640625,88753.6640625,88655.546875,88655.546875,53604352
2025-12-26 10:30:00+00:00,88654.0703125,88768.109375,88654.0703125,88768.109375,17813504
2025-12-26 10:35:00+00:00,88635.9375,88658.1328125,88635.9375,88658.1328125,0
2025-12-26 10:40:00+00:00,88652.09375,88652.09375,88638.71875,88642.921875,13203456
2025-12-26 10:45:00+00:00,88771.4375,88782.7734375,88687.1796875,88687.1796875,0
2025-12-26 10:50:00+00:00,88747.046875,88771.875,88741.890625,88771.875,109664256
2025-12-26 10:55:00+00:00,88716.546875,88739.5078125,88716.546875,88731.9375,22159360
2025-12-26 11:00:00+00:00,88665.8671875,88707.4609375,88661.9296875,88707.4609375,0
2025-12-26 11:05:00+00:00,88684.109375,88684.109375,88645.7734375,88645.7734375,0
2025-12-26 11:10:00+00:00,88628.3671875,88647.2421875,88628.3671875,88647.2421875,173862912
2025-12-26 11:15:00+00:00,88600.859375,88616.390625,88600.859375,88616.390625,35346432
2025-12-26 11:20:00+00:00,88559.8203125,88620.609375,88559.8203125,88619.0703125,0
2025-12-26 11:25:00+00:00,88572.1796875,88586.328125,88558.8671875,88586.328125,21590016
2025-12-26 11:30:00+00:00,88567.0625,88594.3203125,88563.015625,88563.015625,0
2025-12-26 11:35:00+00:00,88539.8984375,88555.40625,88528.84375,88555.40625,126978048
2025-12-26 11:40:00+00:00,88531.1171875,88558.9453125,88515.3515625,88549.1171875,0
2025-12-26 11:45:00+00:00,88498.59375,88534.171875,88498.59375,88534.171875,0
2025-12-26 11:50:00+00:00,88519.8359375,88529.6953125,88505.953125,88529.6953125,79882240
2025-12-26 11:55:00+00:00,88512.640625,88525.53125,88512.640625,88518.78125,9297920
2025-12-26 12:00:00+00:00,88552.8125,88552.8125,88493.953125,88493.953125,0
2025-12-26 12:05:00+00:00,88559.5625,88575.7265625,88559.5625,88575.7265625,110217216
2025-12-26 12:10:00+00:00,88633.671875,88647.1328125,88557.375,88557.375,0
2025-12-26 12:15:00+00:00,88623.1875,88623.1875,88599.015625,88599.015625,118560768
2025-12-26 12:20:00+00:00,88584.5625,88588.9765625,88582.6640625,88588.9765625,88737792
2025-12-26 12:25:00+00:00,88633.46875,88633.46875,88606.515625,88606.515625,41199616
2025-12-26 12:30:00+00:00,88616.28125,88633.3515625,88616.28125,88633.3515625,3155968
2025-12-26 12:35:00+00:00,88614.1640625,88620.4921875,88603.2265625,88620.4921875,0
2025-12-26 12:40:00+00:00,88676.984375,88681.40625,88658.8125,88658.8125,172662784
2025-12-26 12:45:00+00:00,88654.0546875,88682.6484375,88654.0546875,88675.6171875,97212416
2025-12-26 12:50:00+00:00,88653.3203125,88653.3203125,88633.078125,88646.203125,8736768
2025-12-26 12:55:00+00:00,88626.3984375,88636.15625,88614.609375,88636.15625,0
2025-12-26 13:00:00+00:00,88627.609375,88627.609375,88597.7109375,88618.734375,61177856
2025-12-26 13:05:00+00:00,88662.8046875,88665.6171875,88636.25,88636.25,7997440
2025-12-26 13:10:00+00:00,88754.015625,88754.015625,88686.1484375,88686.1484375,21225472
2025-12-26 13:15:00+00:00,88778.5625,88778.5625,88754.4453125,88772.484375,0
2025-12-26 13:20:00+00:00,88729.953125,88753.625,88727.875,88753.625,0
2025-12-26 13:25:00+00:00,88732.0859375,88747.296875,88732.0859375,88739.7578125,124928
2025-12-26 13:30:00+00:00,88765.015625,88765.015625,88714.7734375,88726.6875,0
2025-12-26 13:35:00+00:00,88836.0078125,88836.0078125,88781.3359375,88785.015625,1249280
2025-12-26 13:40:00+00:00,88900.53125,88942.5703125,88900.53125,88908.546875,49358848
2025-12-26 13:45:00+00:00,88921.78125,88921.78125,88868.6875,88868.6875,123885568
2025-12-26 13:50:00+00:00,88948.28125,88976.6875,88922.78125,88975.2734375,0
2025-12-26 13:55:00+00:00,88983.1640625,88983.1640625,88953.1640625,88953.1640625,0
2025-12-26 14:00:00+00:00,88931.34375,88931.34375,88855.453125,88873.515625,75534336
2025-12-26 14:05:00+00:00,88957.5625,88975.640625,88957.5625,88963.21875,49954816
2025-12-26 14:10:00+00:00,88904.7265625,88908.78125,88894.7578125,88898.3046875,8939520
2025-12-26 14:15:00+00:00,88953.1328125,88953.1328125,88894.375,88903.1953125,0
2025-12-26 14:20:00+00:00,88957.2578125,88957.2578125,88935.9296875,88935.9296875,0
2025-12-26 14:25:00+00:00,88933.96875,88958.5546875,88933.96875,88958.5546875,8374272
2025-12-26 14:30:00+00:00,88808.9453125,88947.8046875,88808.9453125,88925.296875,318599168
2025-12-26 14:35:00+00:00,88710.4140625,88759.2265625,88710.4140625,88759.2265625,0
2025-12-26 14:40:00+00:00,88353.765625,88573.359375,88353.765625,88573.359375,191995904
2025-12-26 14:45:00+00:00,88300.046875,88342.0625,88291.8046875,88342.0625,251572224
2025-12-26 14:50:00+00:00,87741.6875,87900.640625,87641.3203125,87900.640625,554045440
2025-12-26 14:55:00+00:00,87382.0,87620.2421875,87360.75,87620.2421875,850669568
2025-12-26 15:00:00+00:00,86957.25,87368.0703125,86940.6171875,87368.0703125,242720768
2025-12-26 15:05:00+00:00,86958.59375,87236.0390625,86958.59375,87236.0390625,1058459648
2025-12-26 15:10:00+00:00,86836.1171875,86982.859375,86814.3125,86982.859375,610762752
2025-12-26 15:15:00+00:00,86925.65625,86925.65625,86645.6328125,86708.6015625,724217856
2025-12-26 15:20:00+00:00,86961.5546875,86961.5546875,86877.9765625,86883.1640625,276262912
2025-12-26 15:25:00+00:00,86891.1328125,86975.203125,86786.3125,86975.203125,433233920
2025-12-26 15:30:00+00:00,87063.6953125,87063.6953125,86926.8515625,86926.8515625,0
2025-12-26 15:35:00+00:00,86967.828125,87069.4765625,86951.4296875,87069.4765625,609398784
2025-12-26 15:40:00+00:00,86884.6328125,86996.1875,86884.6328125,86996.1875,579702784
2025-12-26 15:45:00+00:00,87061.484375,87117.4921875,86929.15625,86929.15625,0
2025-12-26 15:50:00+00:00,86967.71875,87032.0625,86967.71875,87032.0625,22700032
2025-12-26 15:55:00+00:00,86991.421875,86991.421875,86960.46875,86960.46875,0
2025-12-26 16:00:00+00:00,87150.5234375,87158.1953125,87063.71875,87063.71875,104480768
2025-12-26 16:05:00+00:00,87072.640625,87159.453125,87042.203125,87159.453125,0
2025-12-26 16:10:00+00:00,86995.75,87097.71875,86978.3046875,87097.71875,249839616
2025-12-26 16:15:00+00:00,87057.2265625,87075.8359375,87019.4453125,87019.4453125,200744960
2025-12-26 16:20:00+00:00,87227.765625,87227.765625,87113.0,87113.0,0
2025-12-26 16:25:00+00:00,87153.53125,87167.1015625,87146.703125,87146.703125,1074438144
2025-12-26 16:30:00+00:00,87153.6015625,87217.4375,87153.6015625,87171.078125,199163904
2025-12-26 16:35:00+00:00,87258.8515625,87286.53125,87130.7421875,87130.7421875,39981056
2025-12-26 16:40:00+00:00,87230.6328125,87283.4140625,87230.6328125,87240.9296875,66609152
2025-12-26 16:45:00+00:00,87169.6484375,87211.2734375,87157.03125,87211.2734375,0
2025-12-26 16:50:00+00:00,87166.6171875,87210.3046875,87127.6875,87210.3046875,286068736
2025-12-26 16:55:00+00:00,86831.4453125,87164.8203125,86831.4453125,87164.8203125,0
2025-12-26 17:00:00+00:00,86934.4375,86934.4375,86785.90625,86785.90625,144068608
2025-12-26 17:05:00+00:00,86942.8203125,86997.3359375,86933.4453125,86933.4453125,91672576
2025-12-26 17:10:00+00:00,86922.1875,86940.625,86873.578125,86940.625,0
2025-12-26 17:15:00+00:00,86970.765625,86996.453125,86920.5078125,86921.03125,334462976
2025-12-26 17:20:00+00:00,86970.5,86982.984375,86918.6953125,86982.984375,0
2025-12-26 17:25:00+00:00,87193.0625,87193.0625,87007.4140625,87007.4140625,139071488
2025-12-26 17:30:00+00:00,87265.4921875,87283.421875,87214.5,87214.5,0
2025-12-26 17:35:00+00:00,87180.375,87205.4609375,87145.8046875,87205.4609375,97775616
2025-12-26 17:40:00+00:00,87359.15625,87359.15625,87248.4609375,87248.4609375,373342208
2025-12-26 17:45:00+00:00,87328.8671875,87328.8671875,87281.8125,87297.7109375,156594176
2025-12-26 17:50:00+00:00,87213.578125,87321.0390625,87213.578125,87321.0390625,0
2025-12-26 17:55:00+00:00,87238.2734375,87266.515625,87238.2734375,87248.2890625,0
2025-12-26 18:00:00+00:00,87178.3515625,87257.75,87178.3515625,87235.6484375,156938240
2025-12-26 18:05:00+00:00,87181.453125,87223.890625,87172.9765625,87198.8671875,52965376
2025-12-26 18:10:00+00:00,87282.5390625,87282.5390625,87180.875,87180.875,48304128
2025-12-26 18:15:00+00:00,87264.53125,87278.6171875,87229.6484375,87278.6171875,37359616
2025-12-26 18:20:00+00:00,87231.1015625,87261.5703125,87231.1015625,87261.5703125,0
2025-12-26 18:25:00+00:00,87151.8828125,87266.3359375,87151.8828125,87266.3359375,0
2025-12-26 18:30:00+00:00,87196.3984375,87198.65625,87145.3828125,87145.3828125,330366976
2025-12-26 18:35:00+00:00,87206.71875,87226.8515625,87188.15625,87201.7265625,0
2025-12-26 18:40:00+00:00,87194.25,87211.8359375,87155.5234375,87211.8359375,56709120
2025-12-26 18:45:00+00:00,87180.4296875,87180.4296875,87064.8125,87173.890625,113082368
2025-12-26 18:50:00+00:00,87198.296875,87232.34375,87198.296875,87225.859375,18268160
2025-12-26 18:55:00+00:00,87189.5859375,87222.0078125,87189.5859375,87220.5546875,0
2025-12-26 19:00:00+00:00,87266.828125,87266.828125,87171.859375,87196.3671875,16130048
2025-12-26 19:05:00+00:00,87225.46875,87301.6796875,87225.46875,87299.0078125,169947136
2025-12-26 19:10:00+00:00,87238.953125,87282.109375,87238.953125,87247.03125,67538944
2025-12-26 19:15:00+00:00,87286.03125,87286.03125,87175.828125,87245.3515625,29396992
2025-12-26 19:20:00+00:00,87316.375,87324.0625,87285.328125,87285.328125,59650048
2025-12-26 19:25:00+00:00,87296.2265625,87320.203125,87282.8203125,87320.203125,30523392
2025-12-26 19:30:00+00:00,87332.96875,87332.96875,87290.203125,87299.3125,48562176
2025-12-26 19:35:00+00:00,87379.3125,87379.3125,87336.046875,87336.046875,0
2025-12-26 19:40:00+00:00,87383.859375,87383.859375,87353.9140625,87356.2421875,210665472
2025-12-26 19:45:00+00:00,87433.6484375,87481.71875,87393.015625,87393.015625,0
2025-12-26 19:50:00+00:00,87400.265625,87420.46875,87385.671875,87406.203125,0
2025-12-26 19:55:00+00:00,87414.7265625,87414.7265625,87367.9609375,87403.703125,362917888
2025-12-26 20:00:00+00:00,87412.34375,87486.4609375,87412.34375,87447.5078125,143466496
2025-12-26 20:05:00+00:00,87407.2734375,87407.2734375,87349.5234375,87361.046875,0
2025-12-26 20:10:00+00:00,87404.5234375,87428.875,87382.8984375,87428.875,44453888
2025-12-26 20:15:00+00:00,87455.3984375,87459.703125,87448.5,87459.703125,37752832
2025-12-26 20:20:00+00:00,87491.4609375,87491.4609375,87445.203125,87445.5546875,125513728
2025-12-26 20:25:00+00:00,87538.359375,87541.5078125,87530.2265625,87533.1640625,0
2025-12-26 20:30:00+00:00,87536.9140625,87536.9140625,87519.8828125,87536.8046875,0
2025-12-26 20:35:00+00:00,87518.765625,87532.6796875,87507.1875,87532.6796875,264187904
2025-12-26 20:40:00+00:00,87535.3203125,87583.9453125,87528.96875,87583.9453125,0
2025-12-26 20:45:00+00:00,87658.046875,87698.7109375,87605.2734375,87605.2734375,180617216
2025-12-26 20:50:00+00:00,87642.4296875,87667.03125,87623.9453125,87623.9453125,54153216
2025-12-26 20:55:00+00:00,87553.0390625,87616.5546875,87553.0390625,87616.5546875,63455232
2025-12-26 21:00:00+00:00,87605.75,87623.390625,87524.1484375,87524.1484375,7516160
2025-12-26 21:05:00+00:00,87506.4375,87593.6015625,87492.6171875,87593.6015625,150441984
2025-12-26 21:10:00+00:00,87548.484375,87548.484375,87512.2109375,87512.2109375,0
2025-12-26 21:15:00+00:00,87561.71875,87584.234375,87561.71875,87575.71875,1037770752
2025-12-26 21:20:00+00:00,87547.9609375,87564.6328125,87547.9609375,87559.6953125,211709952
2025-12-26 21:25:00+00:00,87488.15625,87513.828125,87488.15625,87513.828125,49762304
2025-12-26 21:30:00+00:00,87440.703125,87510.1328125,87436.6875,87510.1328125,0
2025-12-26 21:35:00+00:00,87440.8515625,87440.8515625,87435.078125,87435.078125,68902912
2025-12-26 21:40:00+00:00,87427.4765625,87471.78125,87427.4765625,87471.78125,214216704
2025-12-26 21:45:00+00:00,87452.65625,87452.65625,87427.09375,87431.28125,10051584
2025-12-26 21:50:00+00:00,87441.125,87482.953125,87441.125,87452.9609375,0
2025-12-26 21:55:00+00:00,87422.9765625,87449.0546875,87422.9765625,87449.0546875,28839936
2025-12-26 22:00:00+00:00,87445.5546875,87445.5546875,87407.5546875,87407.5546875,0
2025-12-26 22:05:00+00:00,87490.0,87490.0,87445.5546875,87445.5546875,0
2025-12-26 22:10:00+00:00,87457.484375,87505.3828125,87457.484375,87489.234375,805584896
2025-12-26 22:15:00+00:00,87419.0859375,87420.65625,87391.8984375,87391.8984375,136450048
2025-12-26 22:20:00+00:00,87428.0078125,87442.7578125,87428.0078125,87438.203125,0
2025-12-26 22:25:00+00:00,87366.09375,87376.2578125,87335.390625,87335.390625,163545088
2025-12-26 22:30:00+00:00,87401.546875,87438.578125,87354.2890625,87354.2890625,0
2025-12-26 22:35:00+00:00,87398.203125,87399.953125,87392.1875,87399.953125,10846208
2025-12-26 22:40:00+00:00,87366.359375,87409.21875,87366.359375,87409.21875,22278144
2025-12-26 22:45:00+00:00,87355.171875,87355.171875,87284.5703125,87344.890625,0
2025-12-26 22:50:00+00:00,87398.859375,87426.5390625,87380.0546875,87380.0546875,0
2025-12-26 22:55:00+00:00,87418.5,87420.0078125,87374.578125,87380.1328125,0
2025-12-26 23:00:00+00:00,87441.40625,87468.765625,87441.40625,87468.765625,0
2025-12-26 23:05:00+00:00,87426.9921875,87457.3984375,87426.9921875,87437.6796875,0
2025-12-26 23:10:00+00:00,87418.140625,87426.4921875,87415.484375,87426.4921875,0
2025-12-26 23:15:00+00:00,87442.390625,87462.25,87414.671875,87418.4140625,0
2025-12-26 23:20:00+00:00,87412.3984375,87436.3671875,87403.03125,87436.3671875,0
2025-12-26 23:25:00+00:00,87411.796875,87414.375,87410.890625,87410.890625,0
2025-12-26 23:30:00+00:00,87389.21875,87404.5625,87389.21875,87404.5625,0
2025-12-26 23:35:00+00:00,87368.078125,87393.4765625,87368.078125,87379.5859375,0
2025-12-26 23:40:00+00:00,87314.953125,87353.8671875,87314.953125,87353.8671875,0
2025-12-26 23:45:00+00:00,87290.6015625,87298.3125,87281.6171875,87298.3125,0
2025-12-26 23:50:00+00:00,87318.8515625,87318.8515625,87278.109375,87278.109375,0
2025-12-26 23:55:00+00:00,87303.9375,87313.7578125,87303.9375,87313.7578125,0
2025-12-27 00:00:00+00:00,87292.4296875,87316.0078125,87292.4296875,87316.0078125,0
2025-12-27 00:05:00+00:00,87283.25,87287.125,87282.140625,87284.375,0
2025-12-27 00:10:00+00:00,87326.59375,87329.4140625,87286.7109375,87286.7109375,3297280
2025-12-27 00:15:00+00:00,87279.8828125,87279.8828125,87244.6953125,87244.6953125,0
2025-12-27 00:20:00+00:00,87196.078125,87257.8203125,87196.078125,87257.8203125,66146304
2025-12-27 00:25:00+00:00,87241.28125,87241.28125,87211.6484375,87213.671875,0
2025-12-27 00:30:00+00:00,87287.1640625,87287.1640625,87232.015625,87232.015625,0
2025-12-27 00:35:00+00:00,87290.078125,87299.046875,87285.8515625,87299.046875,0
2025-12-27 00:40:00+00:00,87309.0625,87309.0625,87296.921875,87302.625,0
2025-12-27 00:45:00+00:00,87323.5234375,87323.5234375,87310.234375,87310.234375,0
2025-12-27 00:50:00+00:00,87328.625,87328.625,87325.671875,87325.671875,0
2025-12-27 00:55:00+00:00,87338.203125,87340.015625,87328.1640625,87329.5390625,42483712
2025-12-27 01:00:00+00:00,87304.53125,87335.859375,87304.53125,87335.859375,82272256
2025-12-27 01:05:00+00:00,87308.7109375,87319.0078125,87301.5234375,87301.5234375,0
2025-12-27 01:10:00+00:00,87313.828125,87327.921875,87313.078125,87322.5703125,0
2025-12-27 01:15:00+00:00,87323.9453125,87335.46875,87320.296875,87320.296875,0
2025-12-27 01:20:00+00:00,87299.25,87299.25,87292.984375,87297.734375,0
2025-12-27 01:25:00+00:00,87320.859375,87322.78125,87309.96875,87309.96875,0
2025-12-27 01:30:00+00:00,87329.1484375,87329.1484375,87316.1171875,87316.1171875,0
2025-12-27 01:35:00+00:00,87385.140625,87409.8984375,87337.234375,87337.234375,0
2025-12-27 01:40:00+00:00,87381.46875,87403.3046875,87380.875,87380.875,257863680
2025-12-27 01:45:00+00:00,87383.0625,87387.8125,87378.203125,87378.203125,0
2025-12-27 01:50:00+00:00,87372.9453125,87390.4375,87358.296875,87390.4375,75878400
2025-12-27 01:55:00+00:00,87404.7734375,87406.5,87378.4765625,87378.4765625,0
2025-12-27 02:00:00+00:00,87377.5,87408.015625,87377.5,87408.015625,0
2025-12-27 02:05:00+00:00,87395.546875,87395.546875,87346.875,87346.875,0
2025-12-27 02:10:00+00:00,87409.6484375,87409.953125,87396.609375,87396.609375,0
2025-12-27 02:15:00+00:00,87382.3671875,87405.34375,87382.3671875,87405.34375,0
2025-12-27 02:20:00+00:00,87394.3984375,87394.875,87384.3984375,87384.3984375,0
2025-12-27 02:25:00+00:00,87369.15625,87385.328125,87369.15625,87385.328125,0
2025-12-27 02:30:00+00:00,87370.8828125,87386.125,87370.8828125,87384.8125,0
2025-12-27 02:35:00+00:00,87365.6796875,87372.15625,87365.015625,87372.15625,0
2025-12-27 02:40:00+00:00,87394.171875,87394.171875,87364.5546875,87364.5546875,0
2025-12-27 02:45:00+00:00,87401.671875,87401.671875,87377.9296875,87390.1875,0
2025-12-27 02:50:00+00:00,87404.2421875,87404.2421875,87401.7890625,87404.1953125,0
2025-12-27 02:55:00+00:00,87386.515625,87400.765625,87374.2421875,87400.765625,0
2025-12-27 03:00:00+00:00,87410.296875,87410.296875,87389.859375,87389.859375,0
2025-12-27 03:05:00+00:00,87364.203125,87400.7578125,87342.765625,87400.7578125,0
2025-12-27 03:10:00+00:00,87361.28125,87361.28125,87354.1640625,87359.328125,0
2025-12-27 03:15:00+00:00,87336.1640625,87340.2109375,87333.2578125,87340.2109375,0
2025-12-27 03:20:00+00:00,87347.75,87347.75,87332.03125,87332.03125,0
2025-12-27 03:25:00+00:00,87358.296875,87358.296875,87343.8671875,87352.1484375,0
2025-12-27 03:30:00+00:00,87412.6171875,87412.6171875,87355.2890625,87355.2890625,0
2025-12-27 03:35:00+00:00,87432.28125,87432.28125,87406.9921875,87406.9921875,47812608
2025-12-27 03:40:00+00:00,87433.7109375,87434.75,87428.6328125,87432.0,0
2025-12-27 03:45:00+00:00,87457.4296875,87457.4296875,87433.296875,87436.453125,0
2025-12-27 03:50:00+00:00,87460.59375,87463.1796875,87451.84375,87451.84375,0
2025-12-27 03:55:00+00:00,87448.96875,87453.6015625,87442.96875,87452.9140625,0
2025-12-27 04:00:00+00:00,87433.84375,87447.90625,87433.84375,87447.90625,0
2025-12-27 04:05:00+00:00,87433.03125,87433.03125,87424.390625,87424.390625,0
2025-12-27 04:10:00+00:00,87426.8984375,87431.59375,87424.625,87424.625,0
2025-12-27 04:15:00+00:00,87430.484375,87432.234375,87425.5,87425.5,0
2025-12-27 04:20:00+00:00,87412.8984375,87419.6171875,87411.5,87419.6171875,0
2025-12-27 04:25:00+00:00,87402.4375,87420.1953125,87402.4375,87420.1953125,0
2025-12-27 04:30:00+00:00,87402.3515625,87411.8203125,87398.3046875,87403.875,0
2025-12-27 04:35:00+00:00,87414.6171875,87414.6171875,87402.3671875,87402.3671875,0
2025-12-27 04:40:00+00:00,87428.1953125,87431.1015625,87423.0078125,87424.2890625,0
2025-12-27 04:45:00+00:00,87414.859375,87436.421875,87414.859375,87436.421875,0
2025-12-27 04:50:00+00:00,87416.4140625,87418.0703125,87412.3671875,87412.3671875,0
2025-12-27 04:55:00+00:00,87405.90625,87414.1640625,87405.90625,87408.8046875,0
2025-12-27 05:00:00+00:00,87412.640625,87415.9765625,87412.640625,87415.6640625,0
2025-12-27 05:05:00+00:00,87410.109375,87416.6640625,87410.109375,87416.1796875,0
2025-12-27 05:10:00+00:00,87405.828125,87405.828125,87398.0546875,87402.125,92420096
2025-12-27 05:15:00+00:00,87398.0625,87402.875,87398.0625,87399.5234375,0
2025-12-27 05:20:00+00:00,87396.25,87396.3203125,87387.8125,87392.6640625,0
2025-12-27 05:25:00+00:00,87400.234375,87406.078125,87394.8359375,87406.078125,0
2025-12-27 05:30:00+00:00,87405.5078125,87407.703125,87393.0234375,87393.0234375,210171904
2025-12-27 05:35:00+00:00,87419.3359375,87422.4609375,87419.078125,87422.4609375,0
2025-12-27 05:40:00+00:00,87424.96875,87429.3984375,87424.96875,87429.3984375,0
2025-12-27 05:45:00+00:00,87432.109375,87435.921875,87432.109375,87432.9140625,97292288
2025-12-27 05:50:00+00:00,87450.703125,87450.703125,87426.1484375,87426.1484375,0
2025-12-27 05:55:00+00:00,87451.359375,87451.359375,87439.765625,87439.765625,38289408
2025-12-27 06:00:00+00:00,87426.5859375,87448.6328125,87426.4375,87448.6328125,0
2025-12-27 06:05:00+00:00,87457.015625,87457.015625,87422.9921875,87425.1875,0
2025-12-27 06:10:00+00:00,87493.5625,87493.5625,87463.4375,87463.4375,5785600
2025-12-27 06:15:00+00:00,87434.78125,87481.703125,87434.78125,87481.703125,136849408
2025-12-27 06:20:00+00:00,87410.359375,87410.359375,87395.828125,87407.8125,0
2025-12-27 06:25:00+00:00,87413.75,87419.1484375,87413.75,87414.3984375,0
2025-12-27 06:30:00+00:00,87402.90625,87411.328125,87398.1640625,87411.328125,0
2025-12-27 06:35:00+00:00,87385.75,87409.6640625,87385.75,87409.6640625,0
2025-12-27 06:40:00+00:00,87404.7265625,87404.7265625,87369.2734375,87369.2734375,0
2025-12-27 06:45:00+00:00,87389.1171875,87406.0390625,87385.890625,87406.0390625,0
2025-12-27 06:50:00+00:00,87394.84375,87394.84375,87388.171875,87392.1796875,0
2025-12-27 06:55:00+00:00,87407.640625,87407.640625,87395.125,87403.296875,16930816
2025-12-27 07:00:00+00:00,87425.0234375,87425.0234375,87416.09375,87425.0234375,0
2025-12-27 07:05:00+00:00,87478.0,87478.0,87439.1328125,87439.1328125,0
2025-12-27 07:10:00+00:00,87484.8828125,87484.8828125,87477.9765625,87477.9765625,58343424
2025-12-27 07:15:00+00:00,87481.0234375,87507.34375,87481.0234375,87492.5859375,0
2025-12-27 07:20:00+00:00,87525.078125,87525.078125,87493.0078125,87493.0078125,0
2025-12-27 07:25:00+00:00,87585.421875,87642.4921875,87585.421875,87642.4921875,0
2025-12-27 07:30:00+00:00,87519.96875,87557.15625,87504.703125,87557.15625,0
2025-12-27 07:35:00+00:00,87486.265625,87516.4921875,87486.265625,87516.4921875,0
2025-12-27 07:40:00+00:00,87490.1015625,87491.046875,87486.6484375,87487.3828125,0
2025-12-27 07:45:00+00:00,87489.28125,87489.28125,87465.296875,87488.453125,0
2025-12-27 07:50:00+00:00,87480.8984375,87488.84375,87480.8984375,87488.84375,0
2025-12-27 07:55:00+00:00,87478.546875,87490.1015625,87478.546875,87481.390625,0
2025-12-27 08:00:00+00:00,87504.9296875,87504.9296875,87488.0703125,87488.0703125,0
2025-12-27 08:05:00+00:00,87538.4140625,87538.4140625,87512.53125,87512.53125,0
2025-12-27 08:10:00+00:00,87496.265625,87542.0390625,87496.265625,87542.0390625,0
2025-12-27 08:15:00+00:00,87505.796875,87510.1484375,87505.796875,87506.0390625,0
2025-12-27 08:20:00+00:00,87553.8125,87553.8125,87537.1484375,87544.8359375,0
2025-12-27 08:25:00+00:00,87575.15625,87606.2109375,87562.640625,87562.640625,0
2025-12-27 08:30:00+00:00,87557.671875,87563.7109375,87548.765625,87548.765625,0
2025-12-27 08:35:00+00:00,87553.0234375,87553.0234375,87537.2421875,87543.21875,29601792
2025-12-27 08:40:00+00:00,87549.4375,87556.09375,87543.4765625,87556.09375,0
2025-12-27 08:45:00+00:00,87529.9375,87550.890625,87529.9375,87547.671875,0
2025-12-27 08:50:00+00:00,87532.8046875,87535.203125,87532.0546875,87532.0546875,127707136
2025-12-27 08:55:00+00:00,87530.71875,87536.59375,87527.6796875,87527.6796875,0
2025-12-27 09:00:00+00:00,87547.25,87547.25,87519.296875,87519.296875,0
2025-12-27 09:05:00+00:00,87561.28125,87561.28125,87554.8359375,87556.734375,24266752
2025-12-27 09:10:00+00:00,87599.453125,87599.453125,87555.8984375,87555.8984375,0
2025-12-27 09:15:00+00:00,87604.3671875,87604.3671875,87598.25,87599.546875,60710912
2025-12-27 09:20:00+00:00,87544.015625,87570.5390625,87544.015625,87570.5390625,109631488
2025-12-27 09:25:00+00:00,87497.1484375,87564.5859375,87497.1484375,87546.8046875,0
2025-12-27 09:30:00+00:00,87557.2890625,87557.2890625,87506.625,87506.625,196595712
2025-12-27 09:35:00+00:00,87556.390625,87574.25,87556.390625,87563.8984375,0
2025-12-27 09:40:00+00:00,87539.1875,87554.5234375,87539.1875,87554.5234375,43454464
2025-12-27 09:45:00+00:00,87560.109375,87560.109375,87542.6640625,87542.6640625,0
2025-12-27 09:50:00+00:00,87561.65625,87563.125,87550.28125,87550.28125,0
2025-12-27 09:55:00+00:00,87565.796875,87584.3203125,87562.203125,87562.203125,0
2025-12-27 10:00:00+00:00,87552.1796875,87565.4765625,87552.1796875,87560.59375,0
2025-12-27 10:05:00+00:00,87534.6796875,87546.1796875,87527.125,87546.1796875,0
2025-12-27 10:10:00+00:00,87522.7890625,87562.3046875,87522.7890625,87562.3046875,38578176
2025-12-27 10:15:00+00:00,87529.4921875,87529.4921875,87502.9765625,87504.8125,0
2025-12-27 10:20:00+00:00,87526.1171875,87556.9296875,87526.1171875,87556.9296875,0
2025-12-27 10:25:00+00:00,87527.984375,87543.234375,87527.984375,87543.234375,0
2025-12-27 10:30:00+00:00,87455.2734375,87509.921875,87455.2734375,87509.921875,108269568
2025-12-27 10:35:00+00:00,87397.234375,87450.6015625,87397.234375,87450.6015625,35889152
2025-12-27 10:40:00+00:00,87367.0859375,87406.6015625,87367.0859375,87393.859375,0
2025-12-27 10:45:00+00:00,87416.3125,87416.8671875,87380.296875,87393.03125,0
2025-12-27 10:50:00+00:00,87431.8203125,87431.8203125,87422.53125,87427.7109375,139747328
2025-12-27 10:55:00+00:00,87456.3046875,87456.3046875,87437.640625,87443.53125,20983808
2025-12-27 11:00:00+00:00,87446.046875,87453.125,87446.046875,87449.3203125,0
2025-12-27 11:05:00+00:00,87449.2265625,87449.2265625,87407.4296875,87444.8984375,3532800
2025-12-27 11:10:00+00:00,87460.625,87460.625,87453.953125,87459.7265625,2506752
2025-12-27 11:15:00+00:00,87456.71875,87468.6015625,87456.71875,87468.6015625,0
2025-12-27 11:20:00+00:00,87485.0078125,87485.0078125,87482.84375,87483.9453125,0
2025-12-27 11:25:00+00:00,87447.8984375,87478.6484375,87447.8984375,87478.6484375,89155584
2025-12-27 11:30:00+00:00,87461.5234375,87465.171875,87446.3828125,87446.3828125,0
2025-12-27 11:35:00+00:00,87433.109375,87468.953125,87433.109375,87468.953125,0
2025-12-27 11:40:00+00:00,87433.578125,87443.765625,87432.3359375,87443.765625,0
2025-12-27 11:45:00+00:00,87433.8359375,87433.8359375,87427.109375,87432.109375,0
2025-12-27 11:50:00+00:00,87466.140625,87477.0390625,87443.4453125,87443.4453125,65007616
2025-12-27 11:55:00+00:00,87416.84375,87462.015625,87415.984375,87447.453125,0
2025-12-27 12:00:00+00:00,87425.03125,87451.8359375,87424.84375,87451.8359375,86312960
2025-12-27 12:05:00+00:00,87443.859375,87454.765625,87429.9765625,87429.9765625,11292672
2025-12-27 12:10:00+00:00,87401.7421875,87449.6328125,87401.7421875,87449.6328125,0
2025-12-27 12:15:00+00:00,87406.7578125,87406.7578125,87400.4375,87400.4375,0
2025-12-27 12:20:00+00:00,87408.7109375,87419.5546875,87408.7109375,87419.5546875,1056471040
2025-12-27 12:25:00+00:00,87433.0390625,87439.953125,87412.6328125,87416.171875,0
2025-12-27 12:30:00+00:00,87438.375,87444.8359375,87431.9609375,87444.8359375,0
2025-12-27 12:35:00+00:00,87453.7578125,87465.46875,87442.9375,87442.9375,0
2025-12-27 12:40:00+00:00,87449.5078125,87456.5234375,87449.5078125,87450.4765625,0
2025-12-27 12:45:00+00:00,87458.2734375,87468.3828125,87452.390625,87461.0703125,0
2025-12-27 12:50:00+00:00,87424.7734375,87452.9296875,87411.4921875,87452.9296875,78938112
2025-12-27 12:55:00+00:00,87426.546875,87426.546875,87420.6171875,87421.375,0
2025-12-27 13:00:00+00:00,87404.203125,87425.359375,87404.203125,87425.359375,21106688
2025-12-27 13:05:00+00:00,87402.4609375,87402.4609375,87371.0,87379.03125,0
2025-12-27 13:10:00+00:00,87410.4921875,87410.4921875,87395.4453125,87395.4453125,41310208
2025-12-27 13:15:00+00:00,87397.6484375,87410.34375,87375.9453125,87410.34375,6029312
2025-12-27 13:20:00+00:00,87370.4375,87392.0546875,87364.234375,87392.0546875,0
2025-12-27 13:25:00+00:00,87368.7578125,87368.7578125,87357.5859375,87358.703125,0
2025-12-27 13:30:00+00:00,87357.7265625,87357.7265625,87346.75,87346.75,0
2025-12-27 13:35:00+00:00,87409.125,87416.359375,87294.828125,87294.828125,36157440
2025-12-27 13:40:00+00:00,87405.5234375,87405.7109375,87405.4140625,87405.4140625,0
2025-12-27 13:45:00+00:00,87416.7109375,87418.9921875,87412.0625,87412.0625,0
2025-12-27 13:50:00+00:00,87415.1328125,87434.828125,87412.3671875,87434.828125,0
2025-12-27 13:55:00+00:00,87424.0546875,87424.0546875,87409.2734375,87409.2734375,0
2025-12-27 14:00:00+00:00,87372.78125,87408.390625,87372.78125,87405.484375,0
2025-12-27 14:05:00+00:00,87366.625,87393.109375,87366.625,87393.109375,0
2025-12-27 14:10:00+00:00,87402.1484375,87402.1484375,87384.25,87384.25,70250496
2025-12-27 14:15:00+00:00,87401.6015625,87404.75,87393.25,87393.25,0
2025-12-27 14:20:00+00:00,87370.75,87400.328125,87370.75,87400.328125,74170368
2025-12-27 14:25:00+00:00,87372.5390625,87372.5390625,87363.5859375,87363.7109375,103159808
2025-12-27 14:30:00+00:00,87389.2734375,87389.2734375,87367.2265625,87367.2265625,0
2025-12-27 14:35:00+00:00,87419.578125,87427.609375,87419.578125,87427.609375,0
2025-12-27 14:40:00+00:00,87420.390625,87422.046875,87419.6796875,87422.046875,0
2025-12-27 14:45:00+00:00,87477.6015625,87477.6015625,87445.859375,87445.859375,0
2025-12-27 14:50:00+00:00,87465.484375,87481.8359375,87465.484375,87481.8359375,0
2025-12-27 14:55:00+00:00,87485.0625,87486.171875,87462.3828125,87462.3828125,0
2025-12-27 15:00:00+00:00,87447.3984375,87475.2421875,87447.3984375,87475.1015625,0
2025-12-27 15:05:00+00:00,87496.4765625,87496.4765625,87464.140625,87464.140625,0
2025-12-27 15:10:00+00:00,87477.375,87477.375,87472.1875,87472.1875,0
2025-12-27 15:15:00+00:00,87466.6484375,87490.4140625,87466.6484375,87490.4140625,0
2025-12-27 15:20:00+00:00,87460.4609375,87462.859375,87456.2109375,87462.859375,0
2025-12-27 15:25:00+00:00,87476.9921875,87476.9921875,87476.328125,87476.7109375,0
2025-12-27 15:30:00+00:00,87513.28125,87513.28125,87476.4296875,87476.4296875,0
2025-12-27 15:35:00+00:00,87525.046875,87525.046875,87516.125,87516.125,0
2025-12-27 15:40:00+00:00,87530.640625,87530.640625,87518.890625,87518.890625,0
2025-12-27 15:45:00+00:00,87535.71875,87535.71875,87529.828125,87535.5,0
2025-12-27 15:50:00+00:00,87516.0546875,87545.8046875,87512.0625,87520.515625,0
2025-12-27 15:55:00+00:00,87516.34375,87516.34375,87512.7578125,87513.5625,0
2025-12-27 16:00:00+00:00,87516.578125,87525.015625,87492.6640625,87492.6640625,0
2025-12-27 16:05:00+00:00,87494.015625,87514.7109375,87494.015625,87509.1171875,0
2025-12-27 16:10:00+00:00,87480.5859375,87490.09375,87474.125,87490.09375,0
2025-12-27 16:15:00+00:00,87454.78125,87464.609375,87449.4921875,87464.609375,0
2025-12-27 16:20:00+00:00,87428.125,87441.8125,87428.125,87441.8125,0
2025-12-27 16:25:00+00:00,87400.0,87443.3828125,87400.0,87443.3828125,0
2025-12-27 16:30:00+00:00,87458.3671875,87459.6953125,87412.5,87412.5,0
2025-12-27 16:35:00+00:00,87492.8828125,87492.8828125,87461.265625,87462.015625,0
2025-12-27 16:40:00+00:00,87491.6875,87513.53125,87491.6875,87494.796875,0
2025-12-27 16:45:00+00:00,87451.9921875,87493.1953125,87451.9921875,87489.53125,53566464
2025-12-27 16:50:00+00:00,87465.078125,87469.7734375,87460.859375,87469.7734375,0
2025-12-27 16:55:00+00:00,87449.171875,87453.796875,87445.765625,87452.78125,0
2025-12-27 17:00:00+00:00,87454.4296875,87465.1015625,87450.875,87451.09375,0
2025-12-27 17:05:00+00:00,87460.4765625,87460.484375,87455.96875,87458.625,0
2025-12-27 17:10:00+00:00,87450.09375,87450.09375,87446.4375,87446.4375,0
2025-12-27 17:15:00+00:00,87448.0625,87471.3203125,87448.0625,87459.8125,0
2025-12-27 17:20:00+00:00,87460.6796875,87463.0703125,87450.6875,87450.6875,0
2025-12-27 17:25:00+00:00,87482.34375,87484.8515625,87482.34375,87484.8515625,0
2025-12-27 17:30:00+00:00,87472.125,87479.671875,87466.234375,87479.671875,0
2025-12-27 17:35:00+00:00,87476.40625,87479.3046875,87466.0625,87466.0625,0
2025-12-27 17:40:00+00:00,87484.46875,87484.46875,87478.765625,87483.4453125,0
2025-12-27 17:45:00+00:00,87507.9921875,87507.9921875,87489.796875,87489.796875,0
2025-12-27 17:50:00+00:00,87499.6953125,87513.7578125,87499.6953125,87513.7578125,0
2025-12-27 17:55:00+00:00,87501.921875,87507.671875,87501.921875,87504.1484375,0
2025-12-27 18:00:00+00:00,87502.2890625,87504.515625,87498.328125,87502.015625,0
2025-12-27 18:05:00+00:00,87475.71875,87501.578125,87475.71875,87501.578125,0
2025-12-27 18:10:00+00:00,87468.765625,87483.3046875,87468.765625,87477.328125,0
2025-12-27 18:15:00+00:00,87486.03125,87486.03125,87464.6171875,87464.6171875,0
2025-12-27 18:20:00+00:00,87460.9921875,87476.609375,87460.875,87476.609375,0
2025-12-27 18:25:00+00:00,87496.5078125,87496.5078125,87492.0625,87492.0625,0
2025-12-27 18:30:00+00:00,87483.03125,87487.2109375,87478.546875,87487.2109375,0
2025-12-27 18:35:00+00:00,87483.3359375,87484.5234375,87476.2578125,87482.6484375,0
2025-12-27 18:40:00+00:00,87478.1328125,87485.1171875,87474.875,87480.0078125,0
2025-12-27 18:45:00+00:00,87461.8203125,87468.7578125,87461.8203125,87463.1015625,0
2025-12-27 18:50:00+00:00,87414.4453125,87433.328125,87409.7109375,87433.328125,0
2025-12-27 18:55:00+00:00,87433.75,87437.3515625,87417.109375,87417.109375,0
2025-12-27 19:00:00+00:00,87451.1328125,87454.1015625,87438.8515625,87438.8515625,0
2025-12-27 19:05:00+00:00,87507.2734375,87507.2734375,87438.296875,87438.296875,9004032
2025-12-27 19:10:00+00:00,87507.421875,87507.421875,87492.765625,87503.3984375,0
2025-12-27 19:15:00+00:00,87483.875,87502.5546875,87482.3828125,87500.6015625,0
2025-12-27 19:20:00+00:00,87498.0,87498.0,87478.9765625,87478.9765625,0
2025-12-27 19:25:00+00:00,87496.6796875,87499.9921875,87496.6796875,87498.2421875,11383808
2025-12-27 19:30:00+00:00,87499.796875,87499.796875,87495.53125,87496.9921875,0
2025-12-27 19:35:00+00:00,87496.9453125,87507.0,87495.140625,87495.140625,0
2025-12-27 19:40:00+00:00,87488.796875,87498.3984375,87488.796875,87498.3984375,0
2025-12-27 19:45:00+00:00,87498.78125,87498.78125,87490.71875,87490.8359375,0
2025-12-27 19:50:00+00:00,87513.8203125,87513.8203125,87505.6875,87505.6875,0
2025-12-27 19:55:00+00:00,87512.390625,87512.390625,87504.7890625,87504.7890625,0
2025-12-27 20:00:00+00:00,87518.9765625,87523.9375,87518.2421875,87523.9375,0
2025-12-27 20:05:00+00:00,87548.0078125,87557.1328125,87527.0078125,87529.484375,0
2025-12-27 20:10:00+00:00,87533.3515625,87549.65625,87527.2265625,87548.3203125,0
2025-12-27 20:15:00+00:00,87531.5859375,87534.5859375,87531.5859375,87534.5859375,0
2025-12-27 20:20:00+00:00,87508.8984375,87522.6328125,87508.8984375,87522.6328125,0
2025-12-27 20:25:00+00:00,87497.6484375,87533.0078125,87488.828125,87520.90625,0
2025-12-27 20:30:00+00:00,87488.1015625,87497.203125,87488.1015625,87497.203125,0
2025-12-27 20:35:00+00:00,87495.1015625,87496.15625,87493.78125,87495.9765625,0
2025-12-27 20:40:00+00:00,87496.2734375,87497.765625,87479.7890625,87497.765625,0
2025-12-27 20:45:00+00:00,87495.171875,87498.5234375,87495.171875,87496.3984375,0
2025-12-27 20:50:00+00:00,87498.9453125,87498.9453125,87492.5703125,87498.296875,0
2025-12-27 20:55:00+00:00,87495.9375,87497.5546875,87494.2109375,87495.0625,0
2025-12-27 21:00:00+00:00,87495.3515625,87506.359375,87495.3515625,87498.109375,0
2025-12-27 21:05:00+00:00,87539.4140625,87539.4140625,87505.0390625,87505.0390625,5098496
2025-12-27 21:10:00+00:00,87556.28125,87556.28125,87543.015625,87543.015625,0
2025-12-27 21:15:00+00:00,87573.6796875,87573.6796875,87557.7734375,87565.9765625,0
2025-12-27 21:20:00+00:00,87576.046875,87576.046875,87573.3046875,87573.3046875,0
2025-12-27 21:25:00+00:00,87577.796875,87577.796875,87574.1484375,87574.1484375,0
2025-12-27 21:30:00+00:00,87602.875,87602.875,87575.4296875,87578.3203125,0
2025-12-27 21:35:00+00:00,87607.03125,87607.03125,87600.140625,87600.140625,0
2025-12-27 21:40:00+00:00,87579.578125,87598.5859375,87579.578125,87598.5859375,0
2025-12-27 21:45:00+00:00,87578.140625,87578.46875,87576.453125,87576.453125,0
2025-12-27 21:50:00+00:00,87603.2421875,87603.2421875,87592.7421875,87593.5703125,0
2025-12-27 21:55:00+00:00,87605.6640625,87609.6875,87604.9453125,87604.9453125,0
2025-12-27 22:00:00+00:00,87606.5625,87606.5625,87604.3828125,87605.15625,0
2025-12-27 22:05:00+00:00,87601.4140625,87609.3046875,87572.6015625,87598.296875,26019840
2025-12-27 22:10:00+00:00,87704.140625,87704.140625,87609.2109375,87610.0546875,41878528
2025-12-27 22:15:00+00:00,87709.84375,87830.609375,87709.84375,87789.3125,198144000
2025-12-27 22:20:00+00:00,87729.4296875,87729.4296875,87652.1953125,87703.0,0
2025-12-27 22:25:00+00:00,87646.1171875,87664.90625,87646.1171875,87664.90625,25314304
2025-12-27 22:30:00+00:00,87536.3828125,87609.203125,87536.3828125,87609.203125,0
2025-12-27 22:35:00+00:00,87507.7578125,87554.859375,87507.7578125,87554.859375,0
2025-12-27 22:40:00+00:00,87527.65625,87527.65625,87480.53125,87480.53125,0
2025-12-27 22:45:00+00:00,87544.6484375,87544.6484375,87499.7265625,87517.1875,0
2025-12-27 22:50:00+00:00,87565.1171875,87588.5390625,87560.9453125,87560.9453125,30169088
2025-12-27 22:55:00+00:00,87587.4609375,87587.4609375,87553.65625,87574.921875,0
2025-12-27 23:00:00+00:00,87538.171875,87538.171875,87509.40625,87509.40625,0
2025-12-27 23:05:00+00:00,87542.96875,87542.96875,87511.90625,87511.90625,6819840
2025-12-27 23:10:00+00:00,87539.890625,87571.2578125,87538.2421875,87562.84375,38600704
2025-12-27 23:15:00+00:00,87622.8515625,87622.8515625,87584.4765625,87584.4765625,25786368
2025-12-27 23:20:00+00:00,87634.53125,87644.03125,87620.421875,87620.421875,0
2025-12-27 23:25:00+00:00,87600.7265625,87628.484375,87600.7265625,87628.484375,66735104
2025-12-27 23:30:00+00:00,87600.7265625,87609.453125,87599.5625,87600.609375,0
2025-12-27 23:35:00+00:00,87607.328125,87607.328125,87602.953125,87604.78125,0
2025-12-27 23:40:00+00:00,87621.71875,87625.1796875,87603.484375,87603.484375,0
2025-12-27 23:45:00+00:00,87808.296875,87823.5390625,87618.140625,87618.140625,21056512
2025-12-27 23:50:00+00:00,87809.5546875,87863.984375,87805.9375,87863.984375,83810304
2025-12-27 23:55:00+00:00,87805.5625,87810.0625,87805.296875,87805.296875,101488640
2025-12-28 00:00:00+00:00,87833.40625,87856.9140625,87806.0546875,87806.0546875,0
2025-12-28 00:05:00+00:00,87757.796875,87840.2109375,87752.953125,87836.7890625,16984064
2025-12-28 00:10:00+00:00,87781.4296875,87785.609375,87765.9140625,87765.9140625,20490240
2025-12-28 00:15:00+00:00,87747.7734375,87763.421875,87747.7734375,87756.21875,0
2025-12-28 00:20:00+00:00,87740.703125,87744.53125,87731.9609375,87731.9609375,21373952
2025-12-28 00:25:00+00:00,87709.9609375,87734.2578125,87704.765625,87734.2578125,0
2025-12-28 00:30:00+00:00,87725.4765625,87726.7890625,87657.78125,87657.78125,71148544
2025-12-28 00:35:00+00:00,87770.9921875,87770.9921875,87731.140625,87741.9296875,0
2025-12-28 00:40:00+00:00,87794.2265625,87808.65625,87794.2265625,87808.65625,444291072
2025-12-28 00:45:00+00:00,87837.34375,87857.3125,87779.046875,87779.046875,17380352
2025-12-28 00:50:00+00:00,87826.3359375,87848.6875,87825.34375,87834.6171875,0
2025-12-28 00:55:00+00:00,87781.640625,87800.5234375,87781.640625,87800.5234375,26884096
2025-12-28 01:00:00+00:00,87832.84375,87844.84375,87786.984375,87786.984375,0
2025-12-28 01:05:00+00:00,87831.2734375,87866.5859375,87831.2734375,87866.5859375,21419008
2025-12-28 01:10:00+00:00,87801.875,87826.7734375,87801.875,87826.7734375,0
2025-12-28 01:15:00+00:00,87765.4765625,87792.0390625,87692.8359375,87792.0390625,468634624
2025-12-28 01:20:00+00:00,87751.8125,87762.953125,87739.4296875,87762.953125,0
2025-12-28 01:25:00+00:00,87736.1796875,87743.296875,87736.1796875,87743.296875,51280896
2025-12-28 01:30:00+00:00,87720.4375,87737.7265625,87710.53125,87737.7265625,67988480
2025-12-28 01:35:00+00:00,87757.609375,87763.5625,87751.40625,87761.484375,8770560
2025-12-28 01:40:00+00:00,87780.765625,87784.9609375,87763.4375,87763.4375,0
2025-12-28 01:45:00+00:00,87748.5859375,87759.4609375,87741.9296875,87759.4609375,3299328
2025-12-28 01:50:00+00:00,87729.3828125,87749.59375,87729.3828125,87747.078125,0
2025-12-28 01:55:00+00:00,87717.453125,87724.3828125,87717.453125,87724.3828125,70068224
2025-12-28 02:00:00+00:00,87690.1328125,87723.5,87690.1328125,87723.5,8609792
2025-12-28 02:05:00+00:00,87706.71875,87713.4765625,87692.9296875,87692.9296875,0
2025-12-28 02:10:00+00:00,87724.6796875,87724.6796875,87703.1328125,87705.2890625,39483392
2025-12-28 02:15:00+00:00,87743.34375,87743.34375,87726.09375,87726.09375,16020480
2025-12-28 02:20:00+00:00,87738.171875,87741.5859375,87731.53125,87738.6015625,0
2025-12-28 02:25:00+00:00,87746.5078125,87746.5078125,87739.8359375,87739.8359375,0
2025-12-28 02:30:00+00:00,87805.1015625,87805.1015625,87741.078125,87741.078125,17729536
2025-12-28 02:35:00+00:00,87784.265625,87791.0703125,87778.890625,87791.0703125,58356736
2025-12-28 02:40:00+00:00,87769.703125,87779.1796875,87769.703125,87779.1796875,0
2025-12-28 02:45:00+00:00,87773.0,87781.9140625,87773.0,87777.046875,0
2025-12-28 02:50:00+00:00,87739.890625,87742.9921875,87736.8828125,87742.9921875,0
2025-12-28 02:55:00+00:00,87748.28125,87750.0703125,87743.7578125,87743.7578125,46047232
2025-12-28 03:00:00+00:00,87736.15625,87743.90625,87736.15625,87743.90625,0
2025-12-28 03:05:00+00:00,87759.5703125,87760.0,87734.1328125,87734.1328125,0
2025-12-28 03:10:00+00:00,87726.890625,87744.921875,87710.8515625,87744.921875,0
2025-12-28 03:15:00+00:00,87718.625,87728.1796875,87715.15625,87715.15625,0
2025-12-28 03:20:00+00:00,87700.0703125,87722.484375,87700.0703125,87721.2109375,557056
2025-12-28 03:25:00+00:00,87681.453125,87701.234375,87681.453125,87700.9765625,0
2025-12-28 03:30:00+00:00,87696.3046875,87696.3046875,87669.8828125,87669.8828125,7480320
2025-12-28 03:35:00+00:00,87695.0078125,87708.765625,87694.2578125,87708.765625,25235456
2025-12-28 03:40:00+00:00,87702.171875,87702.171875,87698.46875,87700.7890625,0
2025-12-28 03:45:00+00:00,87687.4453125,87700.3984375,87682.859375,87700.3984375,42362880
2025-12-28 03:50:00+00:00,87691.6953125,87696.1484375,87686.8828125,87686.8828125,0
2025-12-28 03:55:00+00:00,87688.1015625,87692.9765625,87688.1015625,87692.46875,34282496
2025-12-28 04:00:00+00:00,87670.59375,87684.0703125,87635.578125,87684.0703125,0
2025-12-28 04:05:00+00:00,87694.0234375,87704.1875,87676.328125,87704.1875,7069696
2025-12-28 04:10:00+00:00,87733.5703125,87733.5703125,87712.0546875,87712.0546875,0
2025-12-28 04:15:00+00:00,87728.671875,87743.640625,87728.671875,87743.640625,27564032
2025-12-28 04:20:00+00:00,87730.6796875,87731.53125,87729.5859375,87729.5859375,0
2025-12-28 04:25:00+00:00,87736.3125,87736.3125,87731.7734375,87731.78125,24374272
2025-12-28 04:30:00+00:00,87728.875,87741.8359375,87728.875,87739.84375,0
2025-12-28 04:35:00+00:00,87690.21875,87725.9296875,87678.953125,87725.9296875,43731968
2025-12-28 04:40:00+00:00,87689.3359375,87699.6640625,87687.796875,87699.6640625,5007360
2025-12-28 04:45:00+00:00,87672.2890625,87698.3515625,87672.2890625,87685.4140625,22880256
2025-12-28 04:50:00+00:00,87653.8671875,87656.4375,87653.1796875,87653.1796875,0
2025-12-28 04:55:00+00:00,87661.0078125,87661.0078125,87653.453125,87653.453125,0
2025-12-28 05:00:00+00:00,87596.4921875,87655.5546875,87571.375,87655.5546875,21864448
2025-12-28 05:05:00+00:00,87633.1640625,87633.1640625,87608.125,87608.125,0
2025-12-28 05:10:00+00:00,87619.7734375,87630.1875,87616.0703125,87620.8671875,31421440
2025-12-28 05:15:00+00:00,87619.671875,87627.671875,87616.2109375,87619.71875,2148352
2025-12-28 05:20:00+00:00,87598.65625,87612.140625,87589.984375,87599.21875,37225472
2025-12-28 05:25:00+00:00,87574.484375,87574.484375,87567.34375,87573.2890625,20646912
2025-12-28 05:30:00+00:00,87591.8984375,87599.0078125,87555.765625,87556.46875,13159424
2025-12-28 05:35:00+00:00,87602.0859375,87602.0859375,87586.9453125,87586.9453125,0
2025-12-28 05:40:00+00:00,87603.3046875,87615.28125,87591.6640625,87593.0390625,27642880
2025-12-28 05:45:00+00:00,87614.984375,87632.1640625,87607.765625,87612.8828125,15166464
2025-12-28 05:50:00+00:00,87635.65625,87635.65625,87602.8828125,87603.515625,31875072
2025-12-28 05:55:00+00:00,87589.0390625,87645.78125,87575.2890625,87645.78125,0
2025-12-28 06:00:00+00:00,87580.6796875,87588.984375,87580.6796875,87588.984375,0
2025-12-28 06:05:00+00:00,87616.890625,87616.890625,87577.40625,87577.40625,39668736
2025-12-28 06:10:00+00:00,87623.0,87623.0,87616.5,87616.5,0
2025-12-28 06:15:00+00:00,87633.5859375,87642.1171875,87631.9296875,87640.140625,30626816
2025-12-28 06:20:00+00:00,87666.0703125,87666.0703125,87659.6328125,87664.9375,0
2025-12-28 06:25:00+00:00,87661.8359375,87671.890625,87661.8359375,87671.890625,0
2025-12-28 06:30:00+00:00,87671.7265625,87671.7265625,87665.828125,87665.828125,0
2025-12-28 06:35:00+00:00,87682.65625,87704.1328125,87676.6328125,87704.1328125,8501248
2025-12-28 06:40:00+00:00,87718.1640625,87718.1640625,87702.0546875,87707.0859375,0
2025-12-28 06:45:00+00:00,87700.2890625,87720.3125,87695.0078125,87720.3125,14403584
2025-12-28 06:50:00+00:00,87697.421875,87700.6640625,87689.296875,87700.6640625,37880832
2025-12-28 06:55:00+00:00,87681.515625,87701.171875,87681.515625,87698.34375,0
2025-12-28 07:00:00+00:00,87629.1484375,87666.84375,87626.34375,87666.84375,0
2025-12-28 07:05:00+00:00,87632.2109375,87650.109375,87627.625,87627.625,54496256
2025-12-28 07:10:00+00:00,87629.3984375,87637.03125,87626.3671875,87637.03125,3290112
2025-12-28 07:15:00+00:00,87621.859375,87639.875,87619.5234375,87639.875,0
2025-12-28 07:20:00+00:00,87625.4296875,87625.4296875,87617.2734375,87617.2734375,22877184
2025-12-28 07:25:00+00:00,87618.3046875,87633.71875,87613.8671875,87633.71875,0
2025-12-28 07:30:00+00:00,87625.8671875,87625.8671875,87615.8515625,87615.8515625,0
2025-12-28 07:35:00+00:00,87617.1640625,87622.0546875,87604.1484375,87622.0546875,0
2025-12-28 07:40:00+00:00,87604.8984375,87617.8359375,87599.5859375,87617.8359375,0
2025-12-28 07:45:00+00:00,87670.8125,87670.8125,87597.859375,87597.859375,2240512
2025-12-28 07:50:00+00:00,87650.1953125,87659.5625,87650.1953125,87659.5625,12533760
2025-12-28 07:55:00+00:00,87665.2734375,87665.2734375,87651.0234375,87653.3828125,0
2025-12-28 08:00:00+00:00,87679.90625,87679.90625,87657.328125,87657.328125,1650688
2025-12-28 08:05:00+00:00,87721.6171875,87721.6171875,87674.5078125,87674.5078125,0
2025-12-28 08:10:00+00:00,87724.6875,87748.203125,87724.6875,87748.203125,3179520
2025-12-28 08:15:00+00:00,87729.3046875,87733.6953125,87726.234375,87726.234375,34840576
2025-12-28 08:20:00+00:00,87715.2109375,87727.0703125,87715.2109375,87726.0859375,0
2025-12-28 08:25:00+00:00,87712.78125,87720.921875,87708.2890625,87720.921875,0
2025-12-28 08:30:00+00:00,87702.53125,87719.640625,87702.53125,87715.9765625,0
2025-12-28 08:35:00+00:00,87708.109375,87708.53125,87699.9765625,87699.9765625,0
2025-12-28 08:40:00+00:00,87836.109375,87881.53125,87779.234375,87779.234375,107507712
2025-12-28 08:45:00+00:00,87784.265625,87797.875,87779.375,87779.375,109282304
2025-12-28 08:50:00+00:00,87744.3515625,87753.234375,87744.3515625,87753.234375,46857216
2025-12-28 08:55:00+00:00,87760.6171875,87760.6171875,87753.59375,87753.59375,21928960
2025-12-28 09:00:00+00:00,87764.953125,87764.953125,87733.6015625,87733.6015625,0
2025-12-28 09:05:00+00:00,87757.71875,87757.71875,87754.6640625,87755.4921875,31508480
2025-12-28 09:10:00+00:00,87795.6171875,87795.6171875,87778.15625,87778.15625,0
2025-12-28 09:15:00+00:00,87787.3046875,87801.0390625,87787.3046875,87795.453125,0
2025-12-28 09:20:00+00:00,87805.2890625,87809.8046875,87803.1484375,87803.1484375,0
2025-12-28 09:25:00+00:00,87819.640625,87832.34375,87819.640625,87819.8203125,0
2025-12-28 09:30:00+00:00,87767.25,87821.3125,87767.25,87821.3125,0
2025-12-28 09:35:00+00:00,87690.953125,87748.84375,87690.953125,87748.84375,0
2025-12-28 09:40:00+00:00,87709.796875,87719.578125,87706.359375,87719.578125,0
2025-12-28 09:45:00+00:00,87713.9921875,87715.7265625,87706.3671875,87714.75,412990464
2025-12-28 09:50:00+00:00,87712.921875,87713.40625,87709.3046875,87713.40625,0
2025-12-28 09:55:00+00:00,87730.890625,87730.890625,87710.671875,87715.03125,0
2025-12-28 10:00:00+00:00,87773.03125,87773.03125,87733.5234375,87737.75,11320320
2025-12-28 10:05:00+00:00,87865.7265625,87872.1484375,87786.2421875,87786.2421875,0
2025-12-28 10:10:00+00:00,87877.609375,87878.015625,87874.3828125,87874.3828125,972800
2025-12-28 10:15:00+00:00,87858.9453125,87858.9453125,87837.0703125,87839.4296875,130492416
2025-12-28 10:20:00+00:00,87853.9453125,87863.3125,87814.453125,87863.3125,12710912
2025-12-28 10:25:00+00:00,87875.8515625,87878.984375,87868.53125,87868.53125,67474432
2025-12-28 10:30:00+00:00,87853.8359375,87879.5390625,87853.8359375,87879.5390625,0
2025-12-28 10:35:00+00:00,87836.015625,87881.890625,87836.015625,87852.3671875,64678912
2025-12-28 10:40:00+00:00,87787.3515625,87821.453125,87773.9296875,87821.453125,43247616
2025-12-28 10:45:00+00:00,87779.0,87786.9296875,87779.0,87784.3671875,5983232
2025-12-28 10:50:00+00:00,87783.53125,87787.8203125,87780.3984375,87780.3984375,0
2025-12-28 10:55:00+00:00,87787.6796875,87788.875,87783.1875,87785.4453125,0
2025-12-28 11:00:00+00:00,87853.6328125,87853.6328125,87788.359375,87788.359375,0
2025-12-28 11:05:00+00:00,87843.8828125,87850.375,87826.5546875,87826.5546875,0
2025-12-28 11:10:00+00:00,87850.0078125,87850.6640625,87843.0234375,87845.3828125,0
2025-12-28 11:15:00+00:00,87836.359375,87862.765625,87836.359375,87862.765625,0
2025-12-28 11:20:00+00:00,87827.2265625,87834.2265625,87826.40625,87826.40625,0
2025-12-28 11:25:00+00:00,87820.703125,87831.0859375,87820.703125,87831.0859375,17296384
2025-12-28 11:30:00+00:00,87816.3203125,87829.5703125,87816.3203125,87829.5703125,0
2025-12-28 11:35:00+00:00,87800.6875,87810.6953125,87794.2734375,87810.6953125,16510976
2025-12-28 11:40:00+00:00,87766.046875,87772.2109375,87743.9921875,87772.2109375,49472512
2025-12-28 11:45:00+00:00,87763.7578125,87764.7890625,87762.90625,87762.90625,0
2025-12-28 11:50:00+00:00,87795.7890625,87803.5546875,87795.4453125,87799.9921875,38403072
2025-12-28 11:55:00+00:00,87789.5546875,87803.46875,87785.9921875,87785.9921875,17026048
2025-12-28 12:00:00+00:00,87793.3671875,87813.84375,87790.515625,87813.84375,0
2025-12-28 12:05:00+00:00,87794.765625,87797.0,87789.4140625,87793.4609375,0
2025-12-28 12:10:00+00:00,87770.6875,87770.6875,87757.53125,87759.0625,17914880
2025-12-28 12:15:00+00:00,87759.609375,87768.6875,87759.609375,87768.6875,0
2025-12-28 12:20:00+00:00,87781.1875,87781.1875,87758.875,87758.875,33022976
2025-12-28 12:25:00+00:00,87776.8125,87785.828125,87776.8125,87785.828125,0
2025-12-28 12:30:00+00:00,87786.8515625,87786.8515625,87777.421875,87777.421875,10885120
2025-12-28 12:35:00+00:00,87784.4140625,87784.4140625,87781.59375,87781.59375,30130176
2025-12-28 12:40:00+00:00,87760.9765625,87764.703125,87760.9765625,87762.7421875,3762176
2025-12-28 12:45:00+00:00,87759.96875,87766.7734375,87751.0234375,87766.7734375,24868864
2025-12-28 12:50:00+00:00,87764.2578125,87764.2578125,87749.59375,87749.59375,17751040
2025-12-28 12:55:00+00:00,87786.7890625,87792.921875,87758.15625,87758.15625,43334656
2025-12-28 13:00:00+00:00,87824.4140625,87824.4140625,87772.8203125,87772.8203125,0
2025-12-28 13:05:00+00:00,87832.2890625,87864.09375,87819.15625,87819.15625,0
2025-12-28 13:10:00+00:00,87825.2109375,87825.2109375,87810.28125,87813.734375,14415872
2025-12-28 13:15:00+00:00,87762.84375,87807.8671875,87752.4765625,87807.8671875,67037184
2025-12-28 13:20:00+00:00,87819.2734375,87819.2734375,87764.3828125,87764.3828125,0
2025-12-28 13:25:00+00:00,87806.578125,87819.171875,87806.578125,87819.171875,59302912
2025-12-28 13:30:00+00:00,87803.7890625,87804.7265625,87796.3203125,87796.3203125,33711104
2025-12-28 13:35:00+00:00,87851.5625,87858.2421875,87827.0,87827.0,0
2025-12-28 13:40:00+00:00,87847.265625,87854.6484375,87842.890625,87854.6484375,0
2025-12-28 13:45:00+00:00,87840.6484375,87845.015625,87835.8984375,87845.015625,0
2025-12-28 13:50:00+00:00,87838.8046875,87849.140625,87838.8046875,87845.578125,23784448
2025-12-28 13:55:00+00:00,87833.6640625,87841.0625,87821.8203125,87822.390625,55959552
2025-12-28 14:00:00+00:00,87900.9296875,87901.71875,87826.2734375,87826.2734375,0
2025-12-28 14:05:00+00:00,87919.96875,87919.96875,87906.9375,87906.9375,37584896
2025-12-28 14:10:00+00:00,87920.6875,87928.75,87920.6875,87928.75,64075776
2025-12-28 14:15:00+00:00,87909.7421875,87913.21875,87905.9609375,87911.078125,0
2025-12-28 14:20:00+00:00,87894.8203125,87911.6640625,87894.8203125,87911.6640625,0
2025-12-28 14:25:00+00:00,87892.546875,87892.546875,87882.453125,87886.609375,0
2025-12-28 14:30:00+00:00,87881.0,87902.3359375,87881.0,87899.2890625,0
2025-12-28 14:35:00+00:00,87911.0,87911.0,87889.0390625,87897.78125,0
2025-12-28 14:40:00+00:00,87926.328125,87951.984375,87891.328125,87891.328125,0
2025-12-28 14:45:00+00:00,87930.96875,87938.5546875,87929.921875,87929.921875,106897408
2025-12-28 14:50:00+00:00,87921.546875,87942.2421875,87921.546875,87942.2421875,10652672
2025-12-28 14:55:00+00:00,87865.4140625,87873.421875,87859.1796875,87873.421875,0
2025-12-28 15:00:00+00:00,87857.1171875,87857.1171875,87841.125,87848.40625,325074944
2025-12-28 15:05:00+00:00,87892.8125,87917.484375,87877.921875,87877.921875,72387584
2025-12-28 15:10:00+00:00,87913.3984375,87917.609375,87896.765625,87896.765625,22652928
2025-12-28 15:15:00+00:00,87935.75,87935.75,87922.8125,87922.8125,20930560
2025-12-28 15:20:00+00:00,87907.453125,87921.9453125,87906.34375,87921.9453125,40179712
2025-12-28 15:25:00+00:00,87899.765625,87903.2734375,87894.015625,87895.78125,0
2025-12-28 15:30:00+00:00,87877.8046875,87898.2578125,87873.3046875,87898.2578125,45883392
2025-12-28 15:35:00+00:00,87853.2265625,87862.546875,87853.2265625,87856.796875,4414464
2025-12-28 15:40:00+00:00,87877.3359375,87877.3359375,87862.8515625,87871.6953125,0
2025-12-28 15:45:00+00:00,87871.3203125,87872.46875,87862.75,87862.75,0
2025-12-28 15:50:00+00:00,87830.0703125,87902.015625,87830.0703125,87877.859375,10209280
2025-12-28 15:55:00+00:00,87780.0625,87807.171875,87780.0625,87807.171875,31434752
2025-12-28 16:00:00+00:00,87776.0703125,87779.65625,87761.4921875,87779.65625,98384896
2025-12-28 16:05:00+00:00,87799.1875,87813.8984375,87789.078125,87789.078125,0
2025-12-28 16:10:00+00:00,87785.4296875,87797.171875,87785.4296875,87797.171875,0
2025-12-28 16:15:00+00:00,87821.40625,87821.40625,87798.375,87799.21875,16526336
2025-12-28 16:20:00+00:00,87782.2890625,87833.5078125,87782.2890625,87833.5078125,19141632
2025-12-28 16:25:00+00:00,87719.40625,87743.15625,87719.40625,87721.8046875,75341824
2025-12-28 16:30:00+00:00,87756.328125,87756.328125,87723.7421875,87723.7421875,45177856
2025-12-28 16:35:00+00:00,87751.0703125,87770.234375,87739.453125,87739.453125,0
2025-12-28 16:40:00+00:00,87758.5859375,87760.65625,87749.9765625,87749.9765625,49356800
2025-12-28 16:45:00+00:00,87762.6796875,87773.640625,87737.2890625,87745.171875,0
2025-12-28 16:50:00+00:00,87761.265625,87769.21875,87755.875,87755.875,4332544
2025-12-28 16:55:00+00:00,87750.1171875,87750.1171875,87748.1640625,87748.1640625,0
2025-12-28 17:00:00+00:00,87753.296875,87758.890625,87749.4453125,87749.4453125,0
2025-12-28 17:05:00+00:00,87774.171875,87774.171875,87755.7265625,87755.7265625,38129664
2025-12-28 17:10:00+00:00,87818.796875,87821.9765625,87786.125,87786.125,0
2025-12-28 17:15:00+00:00,87857.578125,87857.578125,87828.8984375,87828.8984375,0
2025-12-28 17:20:00+00:00,87829.484375,87833.3515625,87824.390625,87824.390625,0
2025-12-28 17:25:00+00:00,87820.78125,87843.078125,87816.2578125,87843.078125,8889344
2025-12-28 17:30:00+00:00,87781.3984375,87825.90625,87781.3984375,87825.0078125,101456896
2025-12-28 17:35:00+00:00,87760.09375,87766.0859375,87755.625,87766.0859375,0
2025-12-28 17:40:00+00:00,87750.3359375,87763.4296875,87750.3359375,87763.4296875,37313536
2025-12-28 17:45:00+00:00,87749.7890625,87756.453125,87742.5,87749.5703125,22363136
2025-12-28 17:50:00+00:00,87727.6484375,87739.7109375,87727.6484375,87739.7109375,0
2025-12-28 17:55:00+00:00,87693.71875,87722.1171875,87686.4609375,87722.1171875,2727936
2025-12-28 18:00:00+00:00,87607.34375,87695.40625,87607.34375,87693.3828125,0
2025-12-28 18:05:00+00:00,87619.4140625,87623.859375,87607.015625,87623.859375,126940160
2025-12-28 18:10:00+00:00,87623.703125,87628.0703125,87617.84375,87617.84375,14452736
2025-12-28 18:15:00+00:00,87532.296875,87614.375,87482.78125,87614.375,196471808
2025-12-28 18:20:00+00:00,87586.5234375,87601.875,87574.0703125,87574.0703125,80451584
2025-12-28 18:25:00+00:00,87651.046875,87651.046875,87608.2578125,87608.2578125,0
2025-12-28 18:30:00+00:00,87671.875,87671.875,87648.875,87651.984375,8728576
2025-12-28 18:35:00+00:00,87662.90625,87673.3125,87661.046875,87668.3515625,64477184
2025-12-28 18:40:00+00:00,87659.1484375,87675.3984375,87659.1484375,87667.71875,0
2025-12-28 18:45:00+00:00,87575.4765625,87644.796875,87575.4765625,87644.796875,40134656
2025-12-28 18:50:00+00:00,87529.0078125,87577.4140625,87529.0078125,87572.375,60999680
2025-12-28 18:55:00+00:00,87537.0703125,87540.9296875,87486.921875,87486.921875,26927104
2025-12-28 19:00:00+00:00,87494.0,87567.3515625,87494.0,87538.5546875,52927488
2025-12-28 19:05:00+00:00,87530.8046875,87530.8046875,87481.734375,87481.734375,52751360
2025-12-28 19:10:00+00:00,87603.4921875,87607.9765625,87560.34375,87560.34375,0
2025-12-28 19:15:00+00:00,87572.5,87581.8984375,87570.625,87581.8984375,0
2025-12-28 19:20:00+00:00,87513.4921875,87576.296875,87513.4921875,87559.296875,0
2025-12-28 19:25:00+00:00,87461.3046875,87474.3984375,87460.7265625,87474.3984375,174804992
2025-12-28 19:30:00+00:00,87538.1015625,87545.890625,87444.390625,87444.390625,59622400
2025-12-28 19:35:00+00:00,87548.953125,87566.765625,87548.953125,87556.34375,0
2025-12-28 19:40:00+00:00,87555.625,87564.5234375,87555.46875,87557.8515625,72502272
2025-12-28 19:45:00+00:00,87546.75,87550.25,87524.9375,87529.5390625,4504576
2025-12-28 19:50:00+00:00,87516.125,87547.1640625,87516.125,87547.1640625,55319552
2025-12-28 19:55:00+00:00,87485.578125,87506.734375,87484.21875,87506.734375,20989952
2025-12-28 20:00:00+00:00,87452.296875,87476.078125,87452.296875,87476.078125,4513792
2025-12-28 20:05:00+00:00,87503.375,87503.375,87396.0390625,87396.0390625,3793920
2025-12-28 20:10:00+00:00,87443.1015625,87483.890625,87428.265625,87483.890625,42784768
2025-12-28 20:15:00+00:00,87513.3671875,87513.3671875,87472.609375,87472.609375,14974976
2025-12-28 20:20:00+00:00,87511.4140625,87511.4140625,87508.71875,87510.140625,4186112
2025-12-28 20:25:00+00:00,87495.875,87511.3984375,87495.0234375,87511.3984375,6135808
2025-12-28 20:30:00+00:00,87539.015625,87539.015625,87501.1875,87501.1875,0
2025-12-28 20:35:00+00:00,87532.21875,87542.703125,87532.21875,87542.703125,4819968
2025-12-28 20:40:00+00:00,87529.640625,87536.5703125,87529.640625,87536.5703125,25318400
2025-12-28 20:45:00+00:00,87536.3125,87536.3125,87521.0078125,87532.8046875,0
2025-12-28 20:50:00+00:00,87563.96875,87579.25,87563.96875,87566.828125,0
2025-12-28 20:55:00+00:00,87477.890625,87505.765625,87477.890625,87505.765625,79264768
2025-12-28 21:00:00+00:00,87427.96875,87464.8984375,87427.96875,87459.7578125,0
2025-12-28 21:05:00+00:00,87421.4921875,87421.8984375,87402.84375,87421.8984375,9620480
2025-12-28 21:10:00+00:00,87473.1640625,87473.1640625,87447.28125,87459.125,95059968
2025-12-28 21:15:00+00:00,87496.421875,87517.9765625,87477.0859375,87477.0859375,0
2025-12-28 21:20:00+00:00,87447.640625,87499.9140625,87443.171875,87499.9140625,73839616
2025-12-28 21:25:00+00:00,87470.0703125,87470.46875,87443.5078125,87446.3203125,0
2025-12-28 21:30:00+00:00,87483.125,87483.9609375,87477.5859375,87477.5859375,59867136
2025-12-28 21:35:00+00:00,87523.078125,87523.078125,87493.96875,87493.96875,0
2025-12-28 21:40:00+00:00,87521.7265625,87522.5546875,87508.9375,87522.5546875,0
2025-12-28 21:45:00+00:00,87517.71875,87527.0390625,87517.71875,87520.2421875,0
2025-12-28 21:50:00+00:00,87509.0859375,87516.375,87509.0859375,87516.375,54874112
2025-12-28 21:55:00+00:00,87500.2265625,87500.3984375,87498.96875,87500.3984375,0
2025-12-28 22:00:00+00:00,87505.171875,87518.6015625,87503.65625,87503.65625,0
2025-12-28 22:05:00+00:00,87505.765625,87505.765625,87497.0078125,87500.5234375,33769472
2025-12-28 22:10:00+00:00,87489.296875,87503.1484375,87489.296875,87503.1484375,0
2025-12-28 22:15:00+00:00,87448.3671875,87460.34375,87445.984375,87460.34375,0
2025-12-28 22:20:00+00:00,87514.8203125,87514.8203125,87460.6875,87460.6875,0
2025-12-28 22:25:00+00:00,87537.171875,87537.171875,87509.75,87510.5,7775232
2025-12-28 22:30:00+00:00,87538.3515625,87541.90625,87532.4609375,87541.90625,1796096
2025-12-28 22:35:00+00:00,87576.359375,87576.359375,87533.578125,87535.8671875,0
2025-12-28 22:40:00+00:00,87611.9140625,87611.9140625,87581.21875,87592.171875,0
2025-12-28 22:45:00+00:00,87692.9609375,87692.9609375,87593.1640625,87593.1640625,26265600
2025-12-28 22:50:00+00:00,87898.421875,87898.421875,87764.953125,87764.953125,49740800
2025-12-28 22:55:00+00:00,87843.0078125,87888.7578125,87843.0078125,87888.7578125,38608896
2025-12-28 23:00:00+00:00,87773.453125,87831.65625,87756.921875,87831.65625,102931456
2025-12-28 23:05:00+00:00,87666.75,87718.0859375,87653.9453125,87718.0859375,73505792
2025-12-28 23:10:00+00:00,87626.609375,87668.0625,87626.609375,87664.2109375,122765312
2025-12-28 23:15:00+00:00,87724.2109375,87747.546875,87628.421875,87628.421875,0
2025-12-28 23:20:00+00:00,87712.3203125,87728.0,87692.5234375,87728.0,40770560
2025-12-28 23:25:00+00:00,87652.1953125,87679.5390625,87648.03125,87679.5390625,0
2025-12-28 23:30:00+00:00,87646.2109375,87657.015625,87604.8515625,87657.015625,112437248
2025-12-28 23:35:00+00:00,87710.203125,87710.203125,87681.859375,87681.859375,0
2025-12-28 23:40:00+00:00,87731.390625,87731.390625,87717.5390625,87727.6796875,0
2025-12-28 23:45:00+00:00,87781.03125,87781.03125,87746.0703125,87746.0703125,58984448
2025-12-28 23:50:00+00:00,87818.2578125,87844.625,87791.8515625,87791.8515625,0
2025-12-28 23:55:00+00:00,87830.1171875,87834.3515625,87830.1171875,87834.3515625,0
2025-12-29 00:00:00+00:00,87779.6640625,87858.109375,87764.9140625,87858.109375,0
2025-12-29 00:05:00+00:00,87854.984375,87854.984375,87783.453125,87783.453125,14000128
2025-12-29 00:10:00+00:00,87814.3828125,87851.0078125,87814.3828125,87833.2734375,0
2025-12-29 00:15:00+00:00,87774.453125,87814.8984375,87774.453125,87814.8984375,64637952
2025-12-29 00:20:00+00:00,87794.5859375,87794.5859375,87756.3671875,87779.4609375,0
2025-12-29 00:25:00+00:00,87889.4765625,87891.15625,87864.4453125,87864.4453125,12854272
2025-12-29 00:30:00+00:00,88062.5234375,88106.4140625,87943.234375,87943.234375,301077504
2025-12-29 00:35:00+00:00,88095.890625,88124.5859375,88049.7421875,88049.7421875,111049728
2025-12-29 00:40:00+00:00,88142.328125,88142.328125,88113.703125,88113.703125,96956416
2025-12-29 00:45:00+00:00,88228.3046875,88228.3046875,88079.65625,88104.515625,84291584
2025-12-29 00:50:00+00:00,88191.2265625,88234.0,88157.7734375,88234.0,92429312
2025-12-29 00:55:00+00:00,88226.78125,88226.78125,88201.6015625,88213.78125,216663040
2025-12-29 01:00:00+00:00,88026.9765625,88226.6875,88026.9765625,88226.6875,28570624
2025-12-29 01:05:00+00:00,87987.03125,87987.03125,87976.40625,87985.640625,0
2025-12-29 01:10:00+00:00,87996.375,88007.5546875,87996.375,88007.5546875,556641280
2025-12-29 01:15:00+00:00,87925.5,87987.5546875,87833.65625,87987.5546875,62920704
2025-12-29 01:20:00+00:00,87917.5078125,87945.2265625,87898.0546875,87943.3046875,49669120
2025-12-29 01:25:00+00:00,87973.1796875,87973.1796875,87905.5078125,87918.9453125,7805952
2025-12-29 01:30:00+00:00,87963.171875,87968.0390625,87883.8515625,87921.0234375,27613184
2025-12-29 01:35:00+00:00,88011.34375,88011.34375,87974.8515625,87974.8515625,57780224
2025-12-29 01:40:00+00:00,88257.6796875,88380.2578125,88158.8203125,88158.8203125,123857920
2025-12-29 01:45:00+00:00,88325.0859375,88325.0859375,88224.078125,88224.078125,193062912
2025-12-29 01:50:00+00:00,88250.0234375,88326.2265625,88250.0234375,88324.96875,72366080
2025-12-29 01:55:00+00:00,88314.171875,88374.953125,88301.984375,88301.984375,202241024
2025-12-29 02:00:00+00:00,88700.265625,88712.984375,88353.5078125,88353.5078125,0
2025-12-29 02:05:00+00:00,89030.3828125,89110.5859375,88770.828125,88770.828125,1934529536
2025-12-29 02:10:00+00:00,89113.4140625,89144.8515625,88968.6171875,88968.6171875,175069184
2025-12-29 02:15:00+00:00,88910.015625,89236.6171875,88910.015625,89236.6171875,863952896
2025-12-29 02:20:00+00:00,88822.890625,88976.046875,88822.890625,88933.6328125,231684096
2025-12-29 02:25:00+00:00,88934.8203125,88934.8203125,88812.46875,88812.46875,105439232
2025-12-29 02:30:00+00:00,88963.6875,89146.9921875,88963.6875,89146.9921875,179556352
2025-12-29 02:35:00+00:00,88982.4609375,89099.1171875,88982.4609375,89099.1171875,97941504
2025-12-29 02:40:00+00:00,88988.9609375,89024.7890625,88950.4609375,88950.4609375,268308480
2025-12-29 02:45:00+00:00,89085.578125,89094.40625,89005.890625,89005.890625,100825088
2025-12-29 02:50:00+00:00,89172.6875,89195.6171875,89129.609375,89129.609375,37429248
2025-12-29 02:55:00+00:00,89102.625,89187.5078125,89086.625,89166.765625,429254656
2025-12-29 03:00:00+00:00,89026.6328125,89108.234375,89026.6328125,89086.8125,272822272
2025-12-29 03:05:00+00:00,89158.7734375,89158.7734375,89032.28125,89032.28125,0
2025-12-29 03:10:00+00:00,89367.078125,89367.078125,89178.6484375,89178.6484375,262735872
2025-12-29 03:15:00+00:00,89378.8671875,89378.8671875,89352.6953125,89369.609375,129894400
2025-12-29 03:20:00+00:00,89331.8203125,89397.953125,89321.2109375,89397.953125,141936640
2025-12-29 03:25:00+00:00,89402.75,89402.75,89279.3359375,89279.3359375,163172352
2025-12-29 03:30:00+00:00,89596.7890625,89596.7890625,89394.640625,89394.640625,334438400
2025-12-29 03:35:00+00:00,89627.6015625,89639.9296875,89602.0546875,89639.9296875,0
2025-12-29 03:40:00+00:00,89762.171875,89822.109375,89762.171875,89808.84375,1079500800
2025-12-29 03:45:00+00:00,89806.734375,89901.8671875,89777.4140625,89884.796875,427456512
2025-12-29 03:50:00+00:00,89978.7265625,89978.7265625,89820.40625,89820.40625,0
2025-12-29 03:55:00+00:00,90032.4140625,90032.4140625,89930.265625,89930.265625,1291325440
2025-12-29 04:00:00+00:00,89907.5,90012.6328125,89907.5,90012.6328125,548988928
2025-12-29 04:05:00+00:00,89979.5078125,90010.4140625,89903.0703125,89903.0703125,94906368
2025-12-29 04:10:00+00:00,89952.8671875,89974.8046875,89934.609375,89974.8046875,431396864
2025-12-29 04:15:00+00:00,90055.75,90084.21875,90025.578125,90025.578125,225484800
2025-12-29 04:20:00+00:00,89949.25,90117.984375,89949.25,90062.9296875,0
2025-12-29 04:25:00+00:00,89942.3046875,89954.9140625,89919.4453125,89919.4453125,234180608
2025-12-29 04:30:00+00:00,89996.625,89996.625,89995.484375,89995.484375,26757120
2025-12-29 04:35:00+00:00,90269.015625,90269.015625,90086.0234375,90086.0234375,230037504
2025-12-29 04:40:00+00:00,90162.25,90228.6953125,90161.71875,90228.6953125,279400448
2025-12-29 04:45:00+00:00,90187.828125,90191.2421875,90140.0546875,90140.0546875,13623296
2025-12-29 04:50:00+00:00,90093.046875,90173.8984375,90093.046875,90173.8984375,260190208
2025-12-29 04:55:00+00:00,90100.4140625,90104.1875,90086.625,90104.1875,37181440
2025-12-29 05:00:00+00:00,90021.5390625,90070.7578125,90021.5390625,90070.7578125,172331008
2025-12-29 05:05:00+00:00,90194.328125,90194.328125,90026.4609375,90026.4609375,287807488
2025-12-29 05:10:00+00:00,90137.9296875,90137.9296875,90094.9765625,90094.9765625,187262976
2025-12-29 05:15:00+00:00,90022.3125,90121.890625,90022.3125,90121.890625,172138496
2025-12-29 05:20:00+00:00,90022.7890625,90045.578125,89997.09375,89997.09375,169750528
2025-12-29 05:25:00+00:00,90010.1640625,90016.7109375,89998.9453125,90016.7109375,0
2025-12-29 05:30:00+00:00,89970.46875,89988.0859375,89970.46875,89988.0859375,71270400
2025-12-29 05:35:00+00:00,90074.2578125,90074.2578125,89950.421875,89950.421875,136642560
2025-12-29 05:40:00+00:00,90024.2265625,90037.6875,90002.4140625,90002.4140625,0
2025-12-29 05:45:00+00:00,89986.078125,90034.4296875,89986.078125,90031.3515625,117106688
2025-12-29 05:50:00+00:00,89873.2578125,89973.0390625,89873.2578125,89973.0390625,280076288
2025-12-29 05:55:00+00:00,89927.6875,89927.6875,89911.15625,89912.3125,91551744
2025-12-29 06:00:00+00:00,89844.2265625,89908.9921875,89834.9765625,89908.9921875,0
2025-12-29 06:05:00+00:00,89875.4453125,89914.5390625,89847.7890625,89847.7890625,136435712
2025-12-29 06:10:00+00:00,89917.828125,89917.828125,89876.234375,89876.234375,335810560
2025-12-29 06:15:00+00:00,90015.6875,90022.5,89917.0703125,89917.0703125,0
2025-12-29 06:20:00+00:00,89959.984375,90028.6171875,89959.984375,90028.6171875,77606912
2025-12-29 06:25:00+00:00,89894.3828125,89963.4765625,89894.3828125,89963.4765625,0
2025-12-29 06:30:00+00:00,89847.3046875,89890.0390625,89847.3046875,89868.3828125,461516800
2025-12-29 06:35:00+00:00,89829.1015625,89843.546875,89814.1796875,89814.1796875,0
2025-12-29 06:40:00+00:00,89825.2890625,89834.140625,89825.2890625,89829.859375,114554880
2025-12-29 06:45:00+00:00,89735.96875,89818.8046875,89735.96875,89818.8046875,126107648
2025-12-29 06:50:00+00:00,89751.1328125,89768.7109375,89743.015625,89749.2265625,240193536
2025-12-29 06:55:00+00:00,89672.9609375,89719.828125,89666.796875,89719.828125,154580992
2025-12-29 07:00:00+00:00,89609.8828125,89708.859375,89609.8828125,89672.7109375,134608896
2025-12-29 07:05:00+00:00,89470.859375,89632.5234375,89470.859375,89610.71875,42854400
2025-12-29 07:10:00+00:00,89537.109375,89595.96875,89520.6953125,89520.6953125,265408512
2025-12-29 07:15:00+00:00,89519.984375,89578.5546875,89519.984375,89578.5546875,147001344
2025-12-29 07:20:00+00:00,89452.9921875,89511.7421875,89446.2734375,89511.7421875,98813952
2025-12-29 07:25:00+00:00,89460.0078125,89460.0078125,89436.0234375,89436.0234375,0
2025-12-29 07:30:00+00:00,89517.890625,89517.890625,89415.9765625,89415.9765625,640047104
2025-12-29 07:35:00+00:00,89548.3515625,89571.375,89512.6875,89512.6875,91279360
2025-12-29 07:40:00+00:00,89480.234375,89557.8984375,89480.234375,89557.8984375,143599616
2025-12-29 07:45:00+00:00,89483.078125,89483.078125,89448.6875,89458.96875,114929664
2025-12-29 07:50:00+00:00,89527.703125,89527.953125,89513.0703125,89527.953125,130222080
2025-12-29 07:55:00+00:00,89518.6171875,89547.859375,89518.6171875,89539.75,0
2025-12-29 08:00:00+00:00,89505.890625,89528.65625,89505.28125,89505.28125,416204800
2025-12-29 08:05:00+00:00,89423.046875,89430.5078125,89399.90625,89399.90625,0
2025-12-29 08:10:00+00:00,89512.0625,89512.0625,89417.5859375,89417.5859375,0
2025-12-29 08:15:00+00:00,89598.2421875,89600.828125,89533.5625,89533.5625,1068986368
2025-12-29 08:20:00+00:00,89693.53125,89693.53125,89607.640625,89608.3125,94834688
2025-12-29 08:25:00+00:00,89677.953125,89694.109375,89677.953125,89694.109375,106385408
2025-12-29 08:30:00+00:00,89630.0,89672.3828125,89630.0,89672.3828125,314660864
2025-12-29 08:35:00+00:00,89588.0390625,89633.7578125,89588.0390625,89625.0234375,124594176
2025-12-29 08:40:00+00:00,89589.1640625,89589.1640625,89541.15625,89541.15625,0
2025-12-29 08:45:00+00:00,89581.46875,89602.5859375,89567.1171875,89602.5859375,0
2025-12-29 08:50:00+00:00,89449.328125,89654.6640625,89449.328125,89654.6640625,201863168
2025-12-29 08:55:00+00:00,89451.8984375,89451.8984375,89410.6953125,89410.6953125,287232000
2025-12-29 09:00:00+00:00,89457.75,89457.75,89398.8984375,89438.515625,595480576
2025-12-29 09:05:00+00:00,89398.21875,89489.328125,89374.4296875,89462.453125,0
2025-12-29 09:10:00+00:00,89410.859375,89410.859375,89385.9140625,89385.9140625,203991040
2025-12-29 09:15:00+00:00,89347.9453125,89401.2578125,89347.9453125,89401.2578125,118597632
2025-12-29 09:20:00+00:00,89332.703125,89370.140625,89332.703125,89370.140625,101634048
2025-12-29 09:25:00+00:00,89205.9140625,89321.9453125,89202.8671875,89321.9453125,0
2025-12-29 09:30:00+00:00,88703.203125,89204.5625,88703.203125,89204.5625,467482624
2025-12-29 09:35:00+00:00,88382.6015625,88613.5234375,88366.4921875,88613.5234375,389771264
2025-12-29 09:40:00+00:00,88143.90625,88424.1640625,88143.90625,88424.1640625,373235712
2025-12-29 09:45:00+00:00,87944.21875,88146.265625,87921.2734375,88146.265625,935706624
2025-12-29 09:50:00+00:00,87856.0,87984.8984375,87818.2109375,87984.8984375,224880640
2025-12-29 09:55:00+00:00,87940.6015625,87969.5546875,87795.0078125,87795.0078125,678164480
2025-12-29 10:00:00+00:00,88026.7578125,88026.7578125,87962.421875,87981.0859375,352956416
2025-12-29 10:05:00+00:00,88011.578125,88011.578125,87874.6484375,87993.65625,0
2025-12-29 10:10:00+00:00,88065.671875,88137.9609375,88049.65625,88088.2109375,158748672
2025-12-29 10:15:00+00:00,87874.6015625,87976.1953125,87874.6015625,87976.1953125,0
2025-12-29 10:20:00+00:00,87938.0,87938.0,87878.6015625,87878.6015625,1239678976
2025-12-29 10:25:00+00:00,87874.7109375,87898.109375,87874.7109375,87898.109375,14721024
2025-12-29 10:30:00+00:00,87893.0,87906.59375,87860.171875,87906.59375,10620928
2025-12-29 10:35:00+00:00,87855.6015625,87886.484375,87847.0234375,87886.484375,20230144
2025-12-29 10:40:00+00:00,87814.203125,87828.4375,87802.6171875,87828.4375,41730048
2025-12-29 10:45:00+00:00,87790.4140625,87826.1484375,87790.4140625,87826.1484375,129687552
2025-12-29 10:50:00+00:00,87799.703125,87799.703125,87776.3515625,87777.7265625,0
2025-12-29 10:55:00+00:00,87678.9453125,87807.53125,87602.5078125,87807.53125,91725824
2025-12-29 11:00:00+00:00,87626.65625,87626.65625,87608.828125,87620.4375,512507904
2025-12-29 11:05:00+00:00,87672.6171875,87672.6171875,87573.8359375,87620.859375,50610176
2025-12-29 11:10:00+00:00,87673.21875,87673.21875,87651.4140625,87657.1640625,0
2025-12-29 11:15:00+00:00,87680.171875,87680.171875,87640.7109375,87641.1875,0
2025-12-29 11:20:00+00:00,87652.890625,87686.4296875,87652.890625,87685.875,147173376
2025-12-29 11:25:00+00:00,87669.6640625,87669.6640625,87635.7421875,87635.7421875,242020352
2025-12-29 11:30:00+00:00,87603.890625,87661.4765625,87603.890625,87661.4765625,98291712
2025-12-29 11:35:00+00:00,87573.09375,87633.328125,87573.09375,87633.328125,151220224
2025-12-29 11:40:00+00:00,87581.3125,87581.3125,87538.546875,87538.546875,0
2025-12-29 11:45:00+00:00,87519.0,87546.6796875,87485.3203125,87546.6796875,953503744
2025-12-29 11:50:00+00:00,87536.6015625,87545.6640625,87515.2421875,87541.421875,0
2025-12-29 11:55:00+00:00,87508.1796875,87534.9765625,87495.609375,87534.9765625,0
2025-12-29 12:00:00+00:00,87495.796875,87508.265625,87446.671875,87485.1015625,486404096
2025-12-29 12:05:00+00:00,86989.6640625,87485.0859375,86989.6640625,87485.0859375,74375168
2025-12-29 12:10:00+00:00,86825.65625,86991.4609375,86825.65625,86962.515625,223244288
2025-12-29 12:15:00+00:00,86906.8828125,86906.8828125,86760.265625,86886.078125,1064898560
2025-12-29 12:20:00+00:00,86943.1015625,86943.1015625,86781.953125,86858.6484375,73863168
2025-12-29 12:25:00+00:00,87216.8671875,87216.8671875,87053.828125,87092.46875,325382144
2025-12-29 12:30:00+00:00,87285.3984375,87285.3984375,87144.8359375,87144.8359375,467378176
2025-12-29 12:35:00+00:00,87272.1875,87272.1875,87250.1171875,87257.1796875,171249664
2025-12-29 12:40:00+00:00,87243.3984375,87284.4140625,87243.3984375,87251.34375,28176384
2025-12-29 12:45:00+00:00,87257.0,87257.0,87188.0703125,87188.0703125,0
2025-12-29 12:50:00+00:00,87256.890625,87256.890625,87248.703125,87248.703125,23363584
2025-12-29 12:55:00+00:00,87242.8046875,87282.1171875,87240.109375,87282.1171875,296300544
2025-12-29 13:00:00+00:00,87393.125,87393.125,87252.3203125,87252.3203125,48152576
2025-12-29 13:05:00+00:00,87274.7265625,87391.671875,87272.3828125,87391.671875,92241920
2025-12-29 13:10:00+00:00,87278.46875,87282.859375,87272.9765625,87272.9765625,75165696
2025-12-29 13:15:00+00:00,87304.734375,87304.734375,87267.5859375,87267.5859375,554061824
2025-12-29 13:20:00+00:00,87323.0,87344.40625,87323.0,87344.40625,0
2025-12-29 13:25:00+00:00,87194.1953125,87283.90625,87194.1953125,87283.90625,63315968
2025-12-29 13:30:00+00:00,87231.0859375,87234.2734375,87181.6328125,87181.6328125,0
2025-12-29 13:35:00+00:00,87241.96875,87241.96875,87204.984375,87222.5390625,0
2025-12-29 13:40:00+00:00,87161.1953125,87203.3671875,87161.1953125,87203.3671875,224165888
2025-12-29 13:45:00+00:00,87159.875,87201.96875,87159.875,87169.21875,120250368
2025-12-29 13:50:00+00:00,87192.5078125,87192.5078125,87125.609375,87125.609375,75010048
2025-12-29 13:55:00+00:00,87222.25,87222.25,87171.765625,87171.765625,0
2025-12-29 14:00:00+00:00,87259.53125,87280.8984375,87255.890625,87255.890625,1413206016
2025-12-29 14:05:00+00:00,87258.6171875,87258.6171875,87176.984375,87227.921875,624267264
2025-12-29 14:10:00+00:00,87237.421875,87237.421875,87193.796875,87193.796875,69632000
2025-12-29 14:15:00+00:00,87380.25,87380.25,87321.3125,87321.3125,87048192
2025-12-29 14:20:00+00:00,87262.8125,87316.53125,87262.8125,87316.53125,0
2025-12-29 14:25:00+00:00,87405.796875,87405.796875,87300.2890625,87300.2890625,381267968
2025-12-29 14:30:00+00:00,87707.6875,87839.890625,87348.734375,87348.734375,0
2025-12-29 14:35:00+00:00,88001.8671875,88007.96875,87843.984375,87843.984375,336502784
2025-12-29 14:40:00+00:00,87899.9453125,87979.4921875,87819.71875,87908.890625,352550912
2025-12-29 14:45:00+00:00,87910.984375,87987.53125,87910.984375,87972.953125,204505088
2025-12-29 14:50:00+00:00,87635.0703125,87834.1015625,87635.0703125,87834.1015625,0
2025-12-29 14:55:00+00:00,87322.015625,87549.3984375,87322.015625,87499.515625,0
2025-12-29 15:00:00+00:00,87252.9921875,87288.6015625,87236.734375,87288.6015625,949694464
2025-12-29 15:05:00+00:00,87208.09375,87242.296875,87196.8359375,87211.4609375,0
2025-12-29 15:10:00+00:00,87592.015625,87592.015625,87438.2578125,87503.2421875,689647616
2025-12-29 15:15:00+00:00,87661.453125,87760.9296875,87611.296875,87611.296875,394031104
2025-12-29 15:20:00+00:00,87436.53125,87466.6171875,87411.0546875,87411.0546875,37183488
2025-12-29 15:25:00+00:00,87625.1484375,87650.6875,87592.359375,87592.359375,0
2025-12-29 15:30:00+00:00,87646.2421875,87646.2421875,87601.3046875,87643.0,232239104
2025-12-29 15:35:00+00:00,87628.6328125,87728.3515625,87628.6328125,87674.9921875,402165760
2025-12-29 15:40:00+00:00,87740.375,87740.375,87667.484375,87667.484375,262328320
2025-12-29 15:45:00+00:00,87662.390625,87742.875,87662.390625,87742.875,152477696
2025-12-29 15:50:00+00:00,87549.90625,87608.3359375,87548.8046875,87608.3359375,0
2025-12-29 15:55:00+00:00,87636.625,87649.78125,87580.765625,87580.765625,339308544
2025-12-29 16:00:00+00:00,87571.734375,87637.2734375,87565.40625,87600.4453125,0
2025-12-29 16:05:00+00:00,87646.2109375,87646.2109375,87568.0078125,87568.0078125,222457856
2025-12-29 16:10:00+00:00,87691.0234375,87691.0234375,87632.171875,87671.71875,356958208
2025-12-29 16:15:00+00:00,87634.3828125,87676.1875,87541.1640625,87676.1875,0
2025-12-29 16:20:00+00:00,87541.0234375,87567.96875,87541.0234375,87566.84375,237883392
2025-12-29 16:25:00+00:00,87424.9765625,87561.140625,87364.8984375,87561.140625,0
2025-12-29 16:30:00+00:00,87527.6953125,87542.0625,87438.5,87438.5,150642688
2025-12-29 16:35:00+00:00,87589.7578125,87619.2734375,87543.0546875,87543.0546875,0
2025-12-29 16:40:00+00:00,87533.9296875,87547.984375,87533.9296875,87547.984375,454696960
2025-12-29 16:45:00+00:00,87602.7421875,87638.046875,87539.484375,87539.484375,0
2025-12-29 16:50:00+00:00,87527.2734375,87662.609375,87527.2734375,87623.671875,0
2025-12-29 16:55:00+00:00,87538.171875,87570.3828125,87479.515625,87479.515625,1198112768
2025-12-29 17:00:00+00:00,87579.2265625,87651.8359375,87529.6015625,87529.6015625,169578496
2025-12-29 17:05:00+00:00,87537.9296875,87624.890625,87537.9296875,87624.890625,280244224
2025-12-29 17:10:00+00:00,87510.6015625,87540.5390625,87510.6015625,87540.5390625,0
2025-12-29 17:15:00+00:00,87571.0234375,87571.0234375,87471.1015625,87521.234375,782381056
2025-12-29 17:20:00+00:00,87488.5390625,87562.65625,87488.5390625,87562.65625,0
2025-12-29 17:25:00+00:00,87378.3984375,87460.65625,87378.3984375,87460.65625,304459776
2025-12-29 17:30:00+00:00,87383.625,87413.6171875,87327.8984375,87327.8984375,0
2025-12-29 17:35:00+00:00,87434.3359375,87434.3359375,87385.8046875,87385.8046875,584400896
2025-12-29 17:40:00+00:00,87527.0546875,87527.0546875,87406.578125,87406.578125,0
2025-12-29 17:45:00+00:00,87675.53125,87675.53125,87508.3515625,87508.3515625,192544768
2025-12-29 17:50:00+00:00,87691.6796875,87695.1171875,87671.25,87671.25,0
2025-12-29 17:55:00+00:00,87697.2265625,87697.2265625,87680.90625,87682.0078125,472276992
2025-12-29 18:00:00+00:00,87861.734375,87863.1484375,87734.7890625,87734.7890625,675540992
2025-12-29 18:05:00+00:00,87740.546875,87870.671875,87740.546875,87870.671875,15880192
2025-12-29 18:10:00+00:00,87698.3515625,87698.3515625,87611.3828125,87653.9375,107425792
2025-12-29 18:15:00+00:00,87707.2890625,87716.84375,87702.96875,87702.96875,0
2025-12-29 18:20:00+00:00,87756.6640625,87757.359375,87702.3515625,87702.3515625,0
2025-12-29 18:25:00+00:00,87620.8671875,87752.484375,87620.8671875,87752.484375,654254080
2025-12-29 18:30:00+00:00,87656.9921875,87657.3515625,87612.0,87612.0,107245568
2025-12-29 18:35:00+00:00,87627.0,87641.5703125,87627.0,87639.984375,13328384
2025-12-29 18:40:00+00:00,87530.859375,87551.171875,87495.6015625,87551.171875,58802176
2025-12-29 18:45:00+00:00,87506.5546875,87506.5546875,87465.8671875,87504.0078125,74067968
2025-12-29 18:50:00+00:00,87449.109375,87507.75,87449.109375,87507.75,146219008
2025-12-29 18:55:00+00:00,87357.53125,87381.6015625,87307.2421875,87381.6015625,0
2025-12-29 19:00:00+00:00,87252.59375,87370.015625,87252.59375,87336.90625,132960256
2025-12-29 19:05:00+00:00,87453.46875,87465.5859375,87287.3828125,87287.3828125,0
2025-12-29 19:10:00+00:00,87465.5546875,87547.25,87465.5546875,87504.265625,216375296
2025-12-29 19:15:00+00:00,87415.1171875,87474.203125,87415.1171875,87474.140625,42934272
2025-12-29 19:20:00+00:00,87431.2109375,87470.59375,87431.2109375,87455.828125,0
2025-12-29 19:25:00+00:00,87395.703125,87412.71875,87395.703125,87412.71875,778346496
2025-12-29 19:30:00+00:00,87454.7890625,87481.671875,87408.2265625,87408.2265625,0
2025-12-29 19:35:00+00:00,87302.171875,87420.9765625,87302.171875,87420.9765625,136822784
2025-12-29 19:40:00+00:00,87324.3828125,87324.3828125,87300.2578125,87324.1328125,438616064
2025-12-29 19:45:00+00:00,87347.3828125,87347.3828125,87303.1796875,87315.515625,313946112
2025-12-29 19:50:00+00:00,87244.9453125,87294.6953125,87244.9453125,87282.90625,0
2025-12-29 19:55:00+00:00,87238.1015625,87284.2578125,87238.1015625,87284.2578125,554303488
2025-12-29 20:00:00+00:00,87277.8984375,87277.8984375,87230.1484375,87246.40625,0
2025-12-29 20:05:00+00:00,87403.9921875,87403.9921875,87299.15625,87299.15625,760754176
2025-12-29 20:10:00+00:00,87305.3046875,87401.3203125,87305.3046875,87401.3203125,110190592
2025-12-29 20:15:00+00:00,87456.765625,87482.46875,87425.8671875,87425.8671875,0
2025-12-29 20:20:00+00:00,87334.53125,87387.59375,87334.53125,87387.59375,0
2025-12-29 20:25:00+00:00,87270.953125,87314.796875,87228.2890625,87314.796875,431788032
2025-12-29 20:30:00+00:00,87255.65625,87285.7109375,87241.0078125,87253.3671875,151527424
2025-12-29 20:35:00+00:00,87158.640625,87237.9609375,87158.640625,87221.9453125,168484864
2025-12-29 20:40:00+00:00,87131.625,87182.8203125,87118.2734375,87182.8203125,93265920
2025-12-29 20:45:00+00:00,87047.921875,87115.6875,87047.921875,87115.6875,0
2025-12-29 20:50:00+00:00,86993.21875,86998.1484375,86975.015625,86998.1484375,47038464
2025-12-29 20:55:00+00:00,87121.6796875,87121.6796875,87094.4609375,87100.4765625,57806848
2025-12-29 21:00:00+00:00,87142.9765625,87159.0,87142.9765625,87157.78125,137379840
2025-12-29 21:05:00+00:00,87169.3359375,87181.6796875,87153.8203125,87176.765625,631304192
2025-12-29 21:10:00+00:00,87239.8125,87246.6953125,87176.4140625,87176.4140625,0
2025-12-29 21:15:00+00:00,87230.140625,87246.4375,87230.140625,87245.1796875,406368256
2025-12-29 21:20:00+00:00,87129.8515625,87222.90625,87129.8515625,87222.90625,0
2025-12-29 21:25:00+00:00,87189.1484375,87211.109375,87136.984375,87136.984375,0
2025-12-29 21:30:00+00:00,87175.421875,87183.0234375,87168.9921875,87183.0234375,120586240
2025-12-29 21:35:00+00:00,87193.15625,87198.2109375,87181.65625,87181.65625,113967104
2025-12-29 21:40:00+00:00,87235.5703125,87235.5703125,87190.8828125,87190.8828125,327520256
2025-12-29 21:45:00+00:00,87210.9375,87241.015625,87210.9375,87241.015625,26718208
2025-12-29 21:50:00+00:00,87230.421875,87230.421875,87221.75,87221.75,15228928
2025-12-29 21:55:00+00:00,87224.9609375,87230.2109375,87212.4453125,87212.4453125,0
2025-12-29 22:00:00+00:00,87189.6484375,87227.59375,87180.6953125,87227.59375,139907072
2025-12-29 22:05:00+00:00,87094.4765625,87150.53125,87094.4765625,87150.53125,0
2025-12-29 22:10:00+00:00,86993.3046875,87027.609375,86983.703125,87027.609375,77217792
2025-12-29 22:15:00+00:00,87047.3515625,87070.3984375,87017.734375,87017.734375,440958976
2025-12-29 22:20:00+00:00,87099.8046875,87099.8046875,87050.390625,87050.390625,353447936
2025-12-29 22:25:00+00:00,87110.171875,87139.375,87103.7578125,87139.375,0
2025-12-29 22:30:00+00:00,87201.703125,87202.109375,87106.7109375,87106.7109375,248279040
2025-12-29 22:35:00+00:00,87167.8359375,87206.8046875,87167.8359375,87198.3203125,0
2025-12-29 22:40:00+00:00,87247.0234375,87247.0234375,87167.9375,87167.9375,0
2025-12-29 22:45:00+00:00,87276.2421875,87276.2421875,87235.0390625,87268.859375,116453376
2025-12-29 22:50:00+00:00,87259.6953125,87286.21875,87259.6953125,87286.21875,0
2025-12-29 22:55:00+00:00,87260.8046875,87285.5859375,87260.8046875,87274.3828125,0
2025-12-29 23:00:00+00:00,87249.828125,87249.828125,87203.953125,87237.921875,0
2025-12-29 23:05:00+00:00,87270.875,87276.5234375,87252.53125,87253.6015625,0
2025-12-29 23:10:00+00:00,87278.4921875,87291.375,87278.4921875,87291.375,359305216
2025-12-29 23:15:00+00:00,87235.8828125,87265.078125,87235.8828125,87265.078125,22622208
2025-12-29 23:20:00+00:00,87247.484375,87247.484375,87225.1171875,87225.1171875,0
2025-12-29 23:25:00+00:00,87212.9609375,87222.265625,87206.3125,87222.265625,90439680
2025-12-29 23:30:00+00:00,87135.640625,87148.59375,87113.5625,87113.5625,0
2025-12-29 23:35:00+00:00,87122.765625,87138.7421875,87116.8125,87138.7421875,96366592
2025-12-29 23:40:00+00:00,87103.8515625,87103.8515625,87079.765625,87090.4921875,292560896
2025-12-29 23:45:00+00:00,87114.140625,87114.140625,87095.1328125,87102.1796875,0
2025-12-29 23:50:00+00:00,87133.0859375,87133.0859375,87112.4375,87112.4375,0
2025-12-29 23:55:00+00:00,87145.21875,87145.21875,87135.2265625,87135.2265625,0
2025-12-30 00:00:00+00:00,87173.78125,87173.78125,87142.078125,87142.078125,0
2025-12-30 00:05:00+00:00,87191.875,87191.875,87109.578125,87130.1328125,0
2025-12-30 00:10:00+00:00,87192.0078125,87221.9140625,87184.734375,87184.734375,0
2025-12-30 00:15:00+00:00,87227.0625,87233.5234375,87193.0546875,87193.0546875,0
2025-12-30 00:20:00+00:00,87199.109375,87218.515625,87199.109375,87218.515625,5136384
2025-12-30 00:25:00+00:00,87210.59375,87221.8828125,87210.59375,87218.6875,46256128
2025-12-30 00:30:00+00:00,87056.34375,87193.921875,87056.34375,87193.921875,330702848
2025-12-30 00:35:00+00:00,87012.90625,87068.375,87012.90625,87068.375,0
2025-12-30 00:40:00+00:00,87018.1875,87037.796875,87010.6171875,87010.6171875,0
2025-12-30 00:45:00+00:00,87111.4296875,87111.4296875,87023.171875,87023.171875,116609024
2025-12-30 00:50:00+00:00,87123.5390625,87125.3515625,87117.7734375,87118.8984375,0
2025-12-30 00:55:00+00:00,87129.7890625,87156.3125,87129.7890625,87156.3125,1788239872
2025-12-30 01:00:00+00:00,87048.265625,87139.046875,87048.265625,87139.046875,0
2025-12-30 01:05:00+00:00,87077.84375,87077.84375,87059.34375,87059.34375,0
2025-12-30 01:10:00+00:00,87145.140625,87145.140625,87072.3984375,87072.3984375,381378560
2025-12-30 01:15:00+00:00,87168.0390625,87168.0390625,87081.6640625,87116.4375,0
2025-12-30 01:20:00+00:00,87143.921875,87183.0390625,87134.0703125,87183.0390625,74133504
2025-12-30 01:25:00+00:00,87095.2265625,87139.3671875,87095.2265625,87139.3671875,0
2025-12-30 01:30:00+00:00,87068.3671875,87102.6875,87068.3671875,87085.8984375,52584448
2025-12-30 01:35:00+00:00,87074.5234375,87074.5234375,87033.828125,87052.0859375,0
2025-12-30 01:40:00+00:00,87155.015625,87157.5,87089.484375,87089.484375,183197696
2025-12-30 01:45:00+00:00,87222.9453125,87222.9453125,87158.484375,87158.484375,0
2025-12-30 01:50:00+00:00,87225.53125,87225.53125,87183.5546875,87219.2109375,0
2025-12-30 01:55:00+00:00,87191.5703125,87228.65625,87191.5703125,87228.65625,0
2025-12-30 02:00:00+00:00,87114.671875,87206.671875,87114.671875,87206.671875,0
2025-12-30 02:05:00+00:00,87097.3359375,87104.4921875,87062.0703125,87104.4921875,0
2025-12-30 02:10:00+00:00,87067.5078125,87067.5078125,87026.53125,87052.234375,1209458688
2025-12-30 02:15:00+00:00,87205.828125,87205.828125,87098.015625,87098.015625,489451520
2025-12-30 02:20:00+00:00,87171.0859375,87230.3828125,87171.0859375,87230.3828125,0
2025-12-30 02:25:00+00:00,87171.84375,87171.84375,87159.421875,87159.421875,0
2025-12-30 02:30:00+00:00,86961.109375,87143.765625,86961.109375,87136.25,220266496
2025-12-30 02:35:00+00:00,87006.96875,87019.875,86991.6875,86991.6875,0
2025-12-30 02:40:00+00:00,86958.7890625,87021.265625,86907.703125,87021.265625,0
2025-12-30 02:45:00+00:00,86959.765625,87003.7890625,86959.765625,86996.15625,23826432
2025-12-30 02:50:00+00:00,86985.03125,86985.03125,86913.3671875,86944.640625,39124992
2025-12-30 02:55:00+00:00,86975.734375,86989.9921875,86972.359375,86981.25,0
2025-12-30 03:00:00+00:00,86964.078125,86987.84375,86964.078125,86987.84375,0
2025-12-30 03:05:00+00:00,86922.4765625,86948.984375,86922.4765625,86948.984375,0
2025-12-30 03:10:00+00:00,86851.921875,86907.2734375,86851.921875,86907.2734375,0
2025-12-30 03:15:00+00:00,86818.265625,86830.46875,86737.0703125,86830.46875,59543552
2025-12-30 03:20:00+00:00,87037.4375,87037.4375,86968.2578125,86968.2578125,181534720
2025-12-30 03:25:00+00:00,87148.1640625,87182.34375,87106.953125,87106.953125,0
2025-12-30 03:30:00+00:00,87110.8359375,87173.875,87110.8359375,87157.2890625,1257459712
2025-12-30 03:35:00+00:00,87137.546875,87152.96875,87136.1953125,87152.96875,298786816
2025-12-30 03:40:00+00:00,87121.875,87127.5703125,87121.875,87127.3046875,0
2025-12-30 03:45:00+00:00,87249.9765625,87249.9765625,87153.28125,87153.28125,0
2025-12-30 03:50:00+00:00,87283.390625,87283.390625,87232.3046875,87232.3046875,0
2025-12-30 03:55:00+00:00,87285.1484375,87305.9375,87283.65625,87283.65625,226504704
2025-12-30 04:00:00+00:00,87296.6484375,87298.1953125,87263.125,87263.125,0
2025-12-30 04:05:00+00:00,87219.6171875,87291.0,87219.6171875,87291.0,0
2025-12-30 04:10:00+00:00,87221.4453125,87244.2734375,87196.625,87244.2734375,0
2025-12-30 04:15:00+00:00,87237.59375,87237.59375,87205.59375,87210.4296875,0
2025-12-30 04:20:00+00:00,87338.3125,87338.3125,87249.4375,87267.0,159567872
2025-12-30 04:25:00+00:00,87365.34375,87374.3671875,87329.1484375,87334.1875,0
2025-12-30 04:30:00+00:00,87306.90625,87359.7890625,87302.3515625,87347.3671875,0
2025-12-30 04:35:00+00:00,87326.1640625,87326.1640625,87292.4453125,87299.0234375,0
2025-12-30 04:40:00+00:00,87326.5703125,87330.0,87308.8984375,87309.4609375,0
2025-12-30 04:45:00+00:00,87272.4921875,87332.5390625,87272.4921875,87332.5390625,0
2025-12-30 04:50:00+00:00,87255.1328125,87262.1875,87247.1953125,87262.1875,205369344
2025-12-30 04:55:00+00:00,87199.7421875,87233.9296875,87199.7421875,87233.9296875,0
2025-12-30 05:00:00+00:00,87222.1015625,87222.1015625,87199.875,87199.890625,0
2025-12-30 05:05:00+00:00,87219.59375,87227.84375,87186.8828125,87227.84375,0
2025-12-30 05:10:00+00:00,87231.640625,87231.640625,87208.4921875,87219.796875,0
2025-12-30 05:15:00+00:00,87201.171875,87250.3671875,87201.171875,87250.3671875,0
2025-12-30 05:20:00+00:00,87142.5078125,87189.203125,87141.125,87186.046875,0
2025-12-30 05:25:00+00:00,87171.1953125,87171.1953125,87141.234375,87148.609375,96509952
2025-12-30 05:30:00+00:00,87069.328125,87166.078125,87069.328125,87166.078125,0
2025-12-30 05:35:00+00:00,87099.1328125,87099.1328125,87052.0546875,87052.0546875,0
2025-12-30 05:40:00+00:00,87107.7734375,87120.4140625,87088.8671875,87088.8671875,19697664
2025-12-30 05:45:00+00:00,87105.390625,87118.75,87096.1171875,87118.75,132386816
2025-12-30 05:50:00+00:00,87131.5390625,87131.5390625,87088.3984375,87088.3984375,0
2025-12-30 05:55:00+00:00,87129.546875,87130.703125,87120.21875,87130.703125,0
2025-12-30 06:00:00+00:00,87148.1953125,87148.1953125,87121.984375,87132.8359375,0
2025-12-30 06:05:00+00:00,87189.9765625,87189.9765625,87164.3515625,87165.71875,66052096
2025-12-30 06:10:00+00:00,87212.671875,87212.671875,87178.8359375,87182.921875,0
2025-12-30 06:15:00+00:00,87257.2421875,87279.578125,87221.96875,87221.96875,51986432
2025-12-30 06:20:00+00:00,87258.40625,87258.40625,87239.84375,87257.2421875,0
2025-12-30 06:25:00+00:00,87253.2890625,87253.2890625,87244.78125,87245.1953125,0
2025-12-30 06:30:00+00:00,87310.6796875,87310.6796875,87261.515625,87261.515625,320327680
2025-12-30 06:35:00+00:00,87321.53125,87341.3203125,87280.4765625,87341.3203125,0
2025-12-30 06:40:00+00:00,87380.046875,87380.046875,87341.4375,87341.4375,0
2025-12-30 06:45:00+00:00,87381.4609375,87396.1328125,87357.171875,87366.734375,55771136
2025-12-30 06:50:00+00:00,87353.4140625,87375.03125,87348.4609375,87375.03125,0
2025-12-30 06:55:00+00:00,87317.140625,87346.421875,87317.140625,87346.421875,34570240
2025-12-30 07:00:00+00:00,87312.2890625,87326.1796875,87311.859375,87326.1796875,0
2025-12-30 07:05:00+00:00,87388.59375,87388.59375,87326.734375,87334.2734375,303263744
2025-12-30 07:10:00+00:00,87408.609375,87408.609375,87362.4296875,87393.9296875,0
2025-12-30 07:15:00+00:00,87322.3828125,87472.65625,87322.3828125,87472.65625,418803712
2025-12-30 07:20:00+00:00,87283.8828125,87345.5390625,87282.90625,87345.5390625,0
2025-12-30 07:25:00+00:00,87321.984375,87321.984375,87278.7578125,87278.7578125,0
2025-12-30 07:30:00+00:00,87325.53125,87325.53125,87302.484375,87304.7421875,0
2025-12-30 07:35:00+00:00,87409.1640625,87412.8828125,87345.734375,87345.734375,0
2025-12-30 07:40:00+00:00,87399.65625,87402.71875,87381.1640625,87402.71875,0
2025-12-30 07:45:00+00:00,87381.1796875,87384.2421875,87379.9609375,87380.4921875,0
2025-12-30 07:50:00+00:00,87367.7578125,87392.5078125,87367.7578125,87392.5078125,0
2025-12-30 07:55:00+00:00,87378.296875,87385.5078125,87375.3671875,87375.3671875,0
2025-12-30 08:00:00+00:00,87529.8125,87529.8125,87377.125,87377.125,292003840
2025-12-30 08:05:00+00:00,87673.8984375,87693.140625,87574.015625,87578.7421875,0
2025-12-30 08:10:00+00:00,87853.3125,87853.3125,87678.7109375,87678.7109375,132800512
2025-12-30 08:15:00+00:00,87978.9296875,88028.765625,87922.6875,87942.5,0
2025-12-30 08:20:00+00:00,87777.1953125,88039.8984375,87691.109375,88039.8984375,1855434752
2025-12-30 08:25:00+00:00,87757.421875,87816.7890625,87739.6328125,87814.90625,0
2025-12-30 08:30:00+00:00,87686.625,87782.75,87686.625,87736.2109375,538824704
2025-12-30 08:35:00+00:00,87827.5546875,87827.5546875,87691.1640625,87698.3203125,0
2025-12-30 08:40:00+00:00,87804.6875,87807.1484375,87773.46875,87807.1484375,0
2025-12-30 08:45:00+00:00,87781.0078125,87795.8515625,87770.3046875,87795.8515625,0
2025-12-30 08:50:00+00:00,87764.7890625,87855.9140625,87764.7890625,87855.9140625,25460736
2025-12-30 08:55:00+00:00,87771.765625,87771.765625,87729.046875,87748.5234375,0
2025-12-30 09:00:00+00:00,87751.71875,87792.046875,87722.78125,87760.78125,0
2025-12-30 09:05:00+00:00,87785.90625,87790.5078125,87751.2421875,87769.046875,0
2025-12-30 09:10:00+00:00,87701.5078125,87758.4453125,87701.5078125,87758.4453125,122970112
2025-12-30 09:15:00+00:00,87609.1875,87664.3515625,87591.46875,87664.3515625,0
2025-12-30 09:20:00+00:00,87593.90625,87595.3515625,87574.0234375,87574.0234375,1037090816
2025-12-30 09:25:00+00:00,87609.375,87619.4921875,87550.1875,87550.1875,93728768
2025-12-30 09:30:00+00:00,87643.9453125,87643.9453125,87590.5390625,87590.5390625,0
2025-12-30 09:35:00+00:00,87640.6875,87654.015625,87631.2265625,87631.2265625,0
2025-12-30 09:40:00+00:00,87671.078125,87671.078125,87646.1875,87646.1875,0
2025-12-30 09:45:00+00:00,87797.34375,87797.34375,87728.21875,87728.21875,0
2025-12-30 09:50:00+00:00,87849.453125,87867.3125,87797.015625,87797.015625,0
2025-12-30 09:55:00+00:00,87881.125,87881.125,87843.015625,87843.015625,0
2025-12-30 10:00:00+00:00,87933.453125,87989.34375,87878.875,87878.875,0
2025-12-30 10:05:00+00:00,87929.15625,87929.15625,87917.3125,87917.3125,125620224
2025-12-30 10:10:00+00:00,87916.8828125,87926.6171875,87884.234375,87926.6171875,0
2025-12-30 10:15:00+00:00,87954.25,87963.6015625,87914.9765625,87914.9765625,0
2025-12-30 10:20:00+00:00,87860.9140625,87926.6328125,87860.9140625,87926.6328125,0
2025-12-30 10:25:00+00:00,87884.6171875,87884.6171875,87853.65625,87855.421875,0
2025-12-30 10:30:00+00:00,87886.28125,87908.0234375,87816.4375,87908.0234375,301707264
2025-12-30 10:35:00+00:00,87936.765625,87936.765625,87887.671875,87887.671875,0
2025-12-30 10:40:00+00:00,88009.4453125,88009.4453125,87923.7109375,87923.7109375,0
2025-12-30 10:45:00+00:00,87968.40625,88056.640625,87968.40625,88043.078125,0
2025-12-30 10:50:00+00:00,87886.4765625,88008.9609375,87886.4765625,88008.9609375,949516288
2025-12-30 10:55:00+00:00,87844.3203125,87844.3203125,87830.8828125,87830.8828125,237959168
2025-12-30 11:00:00+00:00,87795.7109375,87843.2734375,87795.7109375,87843.2734375,0
2025-12-30 11:05:00+00:00,87810.1875,87814.1484375,87801.2578125,87807.03125,0
2025-12-30 11:10:00+00:00,87897.7265625,87897.7265625,87870.0859375,87870.0859375,0
2025-12-30 11:15:00+00:00,87843.734375,87912.9140625,87843.734375,87911.2421875,88426496
2025-12-30 11:20:00+00:00,87821.9609375,87826.65625,87806.3828125,87806.3828125,0
2025-12-30 11:25:00+00:00,87820.9609375,87832.453125,87819.953125,87832.453125,0
2025-12-30 11:30:00+00:00,87856.0625,87856.0625,87819.0859375,87821.984375,0
2025-12-30 11:35:00+00:00,87885.8515625,87887.765625,87871.8125,87871.8125,0
2025-12-30 11:40:00+00:00,87778.9765625,87847.7578125,87778.9765625,87847.7578125,423137280
2025-12-30 11:45:00+00:00,87816.0625,87816.0625,87771.9765625,87771.9765625,0
2025-12-30 11:50:00+00:00,87700.8671875,87771.1015625,87700.8671875,87771.1015625,0
2025-12-30 11:55:00+00:00,87751.421875,87751.421875,87665.15625,87665.15625,560048128
2025-12-30 12:00:00+00:00,87838.8671875,87852.3671875,87838.8671875,87845.296875,41613312
2025-12-30 12:05:00+00:00,87826.0625,87856.546875,87826.0625,87856.546875,0
2025-12-30 12:10:00+00:00,87924.6953125,87924.6953125,87822.1953125,87822.1953125,0
2025-12-30 12:15:00+00:00,87937.9296875,87957.671875,87919.9609375,87919.9609375,0
2025-12-30 12:20:00+00:00,87939.4296875,87970.3515625,87939.4296875,87949.8984375,0
2025-12-30 12:25:00+00:00,87892.5390625,87913.9453125,87892.5390625,87913.9453125,0
2025-12-30 12:30:00+00:00,87884.15625,87945.6484375,87882.1328125,87882.1328125,0
2025-12-30 12:35:00+00:00,87863.09375,87884.2421875,87863.09375,87884.2421875,0
2025-12-30 12:40:00+00:00,87872.96875,87897.5390625,87872.96875,87897.5390625,0
2025-12-30 12:45:00+00:00,87846.140625,87880.28125,87846.140625,87879.4296875,41371648
2025-12-30 12:50:00+00:00,87881.4765625,87892.1796875,87860.3671875,87860.3671875,0
2025-12-30 12:55:00+00:00,87888.2265625,87897.7421875,87888.2265625,87896.2265625,0
2025-12-30 13:00:00+00:00,87878.796875,87913.5703125,87878.796875,87913.5703125,0
2025-12-30 13:05:00+00:00,87831.8828125,87922.109375,87829.5,87878.546875,0
2025-12-30 13:10:00+00:00,87830.6796875,87867.7265625,87830.6796875,87867.7265625,0
2025-12-30 13:15:00+00:00,87862.6953125,87862.6953125,87813.5078125,87843.5,0
2025-12-30 13:20:00+00:00,87855.2421875,87892.3125,87847.1796875,87892.3125,0
2025-12-30 13:25:00+00:00,87954.9296875,87987.71875,87905.1484375,87905.1484375,25341952
2025-12-30 13:30:00+00:00,87840.71875,88012.078125,87840.71875,87975.7109375,0
2025-12-30 13:35:00+00:00,87897.359375,87897.359375,87853.140625,87853.140625,0
2025-12-30 13:40:00+00:00,87950.734375,87966.84375,87937.140625,87943.90625,1183002624
2025-12-30 13:45:00+00:00,87941.390625,87968.8359375,87941.390625,87968.8359375,0
2025-12-30 13:50:00+00:00,87940.0703125,87956.15625,87931.7734375,87956.15625,0
2025-12-30 13:55:00+00:00,88002.9453125,88002.9453125,87986.1953125,87986.1953125,82227200
2025-12-30 14:00:00+00:00,87749.84375,88003.203125,87749.84375,88003.203125,0
2025-12-30 14:05:00+00:00,87898.2109375,87898.2109375,87762.234375,87762.234375,0
2025-12-30 14:10:00+00:00,87952.5546875,87952.5546875,87905.2578125,87905.2578125,267804672
2025-12-30 14:15:00+00:00,87997.859375,87997.859375,87924.1875,87924.1875,0
2025-12-30 14:20:00+00:00,88108.015625,88128.8203125,88054.59375,88128.8203125,140171264
2025-12-30 14:25:00+00:00,88033.953125,88094.921875,88028.6796875,88094.921875,27508736
2025-12-30 14:30:00+00:00,87933.65625,88015.6171875,87892.109375,88015.6171875,0
2025-12-30 14:35:00+00:00,87922.40625,88111.0546875,87922.40625,87931.046875,292782080
2025-12-30 14:40:00+00:00,87898.8984375,87898.8984375,87845.8828125,87845.8828125,0
2025-12-30 14:45:00+00:00,88130.1796875,88130.1796875,87977.765625,87977.765625,0
2025-12-30 14:50:00+00:00,88729.7890625,88729.7890625,88209.8046875,88209.8046875,393746432
2025-12-30 14:55:00+00:00,88834.1796875,88890.40625,88684.7421875,88751.5703125,724033536
2025-12-30 15:00:00+00:00,88303.7421875,88811.78125,88303.7421875,88811.78125,312381440
2025-12-30 15:05:00+00:00,88226.9921875,88297.640625,88191.7109375,88249.1796875,204886016
2025-12-30 15:10:00+00:00,88324.7890625,88328.4140625,88196.703125,88196.703125,130951168
2025-12-30 15:15:00+00:00,88155.7265625,88287.546875,88155.7265625,88261.0703125,0
2025-12-30 15:20:00+00:00,88181.6796875,88219.5546875,88153.78125,88219.5546875,752670720
2025-12-30 15:25:00+00:00,88441.6875,88441.6875,88270.9453125,88270.9453125,206649344
2025-12-30 15:30:00+00:00,88437.5078125,88458.328125,88370.4609375,88370.4609375,124241920
2025-12-30 15:35:00+00:00,88548.6328125,88588.765625,88402.578125,88402.578125,0
2025-12-30 15:40:00+00:00,88555.765625,88563.3984375,88504.453125,88563.3984375,0
2025-12-30 15:45:00+00:00,88727.875,88727.875,88634.2890625,88671.859375,555155456
2025-12-30 15:50:00+00:00,88891.640625,88891.640625,88802.7578125,88802.7578125,0
2025-12-30 15:55:00+00:00,88947.28125,88973.1015625,88947.28125,88973.1015625,415840256
2025-12-30 16:00:00+00:00,88783.2421875,89005.0078125,88783.2421875,88916.6796875,0
2025-12-30 16:05:00+00:00,88873.2265625,88933.578125,88858.96875,88858.96875,182767616
2025-12-30 16:10:00+00:00,88851.5859375,89001.9140625,88851.5859375,88896.7109375,192256000
2025-12-30 16:15:00+00:00,89129.0546875,89129.0546875,88864.2109375,88864.2109375,418729984
2025-12-30 16:20:00+00:00,89152.1953125,89291.796875,89148.1640625,89148.1640625,239321088
2025-12-30 16:25:00+00:00,89134.484375,89185.1953125,89112.6171875,89185.1953125,351778816
2025-12-30 16:30:00+00:00,88980.515625,89136.0078125,88980.515625,89113.5625,290967552
2025-12-30 16:35:00+00:00,88772.9296875,88879.78125,88764.734375,88879.78125,72654848
2025-12-30 16:40:00+00:00,88634.4375,88747.0625,88610.7734375,88747.0625,28950528
2025-12-30 16:45:00+00:00,88596.875,88618.5859375,88559.3359375,88618.5859375,0
2025-12-30 16:50:00+00:00,88589.8828125,88594.671875,88527.8359375,88594.671875,1066690560
2025-12-30 16:55:00+00:00,88672.234375,88672.234375,88557.453125,88557.453125,493383680
2025-12-30 17:00:00+00:00,88689.703125,88734.2265625,88678.78125,88678.78125,18657280
2025-12-30 17:05:00+00:00,88732.1015625,88766.90625,88732.1015625,88738.828125,0
2025-12-30 17:10:00+00:00,88799.6328125,88799.6328125,88762.0625,88775.71875,0
2025-12-30 17:15:00+00:00,88518.8828125,88703.2421875,88518.8828125,88703.2421875,0
2025-12-30 17:20:00+00:00,88542.078125,88542.078125,88434.5546875,88493.4921875,0
2025-12-30 17:25:00+00:00,88509.1328125,88592.2265625,88509.1328125,88592.2265625,183955456
2025-12-30 17:30:00+00:00,88534.9140625,88534.9140625,88492.9375,88526.09375,270794752
2025-12-30 17:35:00+00:00,88556.7109375,88578.09375,88556.7109375,88559.75,1822720
2025-12-30 17:40:00+00:00,88449.0625,88593.1015625,88449.0625,88593.1015625,0
2025-12-30 17:45:00+00:00,88166.84375,88448.78125,88135.7890625,88448.78125,120000512
2025-12-30 17:50:00+00:00,88351.2109375,88351.2109375,88179.5078125,88179.5078125,145846272
2025-12-30 17:55:00+00:00,88334.1015625,88349.359375,88317.734375,88317.734375,287821824
2025-12-30 18:00:00+00:00,88260.5703125,88302.4765625,88237.046875,88302.4765625,0
2025-12-30 18:05:00+00:00,88274.84375,88317.5234375,88274.84375,88292.0390625,0
2025-12-30 18:10:00+00:00,88220.796875,88239.6328125,88220.796875,88239.6328125,53583872
2025-12-30 18:15:00+00:00,88249.703125,88270.34375,88222.9765625,88222.9765625,110284800
2025-12-30 18:20:00+00:00,88304.0390625,88307.6953125,88252.25,88253.953125,0
2025-12-30 18:25:00+00:00,88306.1875,88326.75,88290.0390625,88326.75,172425216
2025-12-30 18:30:00+00:00,88305.0234375,88310.90625,88298.5625,88306.1484375,0
2025-12-30 18:35:00+00:00,88355.5,88378.7421875,88300.7734375,88318.3046875,323379200
2025-12-30 18:40:00+00:00,88267.8828125,88338.1640625,88267.8828125,88338.1640625,10088448
2025-12-30 18:45:00+00:00,88215.3984375,88293.0703125,88215.3984375,88293.0703125,0
2025-12-30 18:50:00+00:00,88146.9296875,88178.7421875,88086.2578125,88178.7421875,3661824
2025-12-30 18:55:00+00:00,88238.75,88248.46875,88138.1328125,88138.1328125,148467712
2025-12-30 19:00:00+00:00,88145.21875,88240.765625,88145.21875,88240.765625,0
2025-12-30 19:05:00+00:00,87975.6171875,88144.8828125,87956.203125,88144.8828125,104427520
2025-12-30 19:10:00+00:00,87995.3515625,88006.0390625,87927.6328125,87939.296875,0
2025-12-30 19:15:00+00:00,87997.328125,88029.359375,87988.9453125,87988.9453125,0
2025-12-30 19:20:00+00:00,88155.6796875,88155.6796875,88025.140625,88025.140625,84275200
2025-12-30 19:25:00+00:00,88241.8828125,88251.84375,88147.0234375,88147.0234375,200417280
2025-12-30 19:30:00+00:00,88240.828125,88329.6484375,88240.828125,88260.6015625,0
2025-12-30 19:35:00+00:00,88217.0234375,88248.78125,88212.046875,88248.78125,757186560
2025-12-30 19:40:00+00:00,88216.1875,88235.953125,88209.6953125,88209.6953125,146354176
2025-12-30 19:45:00+00:00,88191.9296875,88243.671875,88191.9296875,88206.859375,45367296
2025-12-30 19:50:00+00:00,88088.15625,88132.8359375,88081.078125,88132.8359375,0
2025-12-30 19:55:00+00:00,88153.5390625,88155.671875,88139.9375,88143.359375,0
2025-12-30 20:00:00+00:00,88040.609375,88142.3359375,88040.609375,88142.3359375,0
2025-12-30 20:05:00+00:00,88057.296875,88113.046875,88055.3125,88101.40625,0
2025-12-30 20:10:00+00:00,88073.734375,88079.8046875,88049.2734375,88049.2734375,0
2025-12-30 20:15:00+00:00,88122.1015625,88122.1015625,88036.0078125,88054.015625,75608064
2025-12-30 20:20:00+00:00,88098.765625,88120.1796875,88098.765625,88120.1796875,0
2025-12-30 20:25:00+00:00,87978.2734375,88049.75,87978.2734375,88036.3515625,0
2025-12-30 20:30:00+00:00,88040.0390625,88043.09375,87970.015625,87984.203125,337940480
2025-12-30 20:35:00+00:00,88021.9609375,88084.3828125,88002.640625,88054.3359375,0
2025-12-30 20:40:00+00:00,87997.734375,88008.8828125,87977.203125,87977.203125,0
2025-12-30 20:45:00+00:00,87938.3046875,87995.984375,87904.203125,87995.984375,0
2025-12-30 20:50:00+00:00,87859.9453125,87931.421875,87859.9453125,87931.421875,0
2025-12-30 20:55:00+00:00,87831.0859375,87833.7578125,87814.0234375,87833.7578125,71790592
2025-12-30 21:00:00+00:00,87932.6953125,87950.796875,87821.828125,87821.828125,0
2025-12-30 21:05:00+00:00,87999.265625,87999.265625,87914.359375,87928.3515625,0
2025-12-30 21:10:00+00:00,87967.65625,87969.2109375,87952.953125,87952.953125,1168400384
2025-12-30 21:15:00+00:00,88068.234375,88068.234375,87988.5625,87988.5625,1413120
2025-12-30 21:20:00+00:00,88085.984375,88085.984375,88056.71875,88071.0078125,10948608
2025-12-30 21:25:00+00:00,88065.609375,88083.640625,88063.7890625,88083.640625,0
2025-12-30 21:30:00+00:00,88157.375,88174.8515625,88090.3359375,88090.3359375,249749504
2025-12-30 21:35:00+00:00,88161.8046875,88184.5234375,88147.6875,88159.375,0
2025-12-30 21:40:00+00:00,88182.0,88182.0,88165.6875,88165.6875,0
2025-12-30 21:45:00+00:00,88192.484375,88224.8828125,88186.15625,88186.15625,0
2025-12-30 21:50:00+00:00,88169.125,88169.125,88150.375,88168.828125,21532672
2025-12-30 21:55:00+00:00,88172.453125,88176.875,88158.296875,88176.875,0
2025-12-30 22:00:00+00:00,88315.4296875,88315.4296875,88182.109375,88182.109375,274296832
2025-12-30 22:05:00+00:00,88271.859375,88311.796875,88271.859375,88311.796875,0
2025-12-30 22:10:00+00:00,88352.734375,88352.734375,88273.234375,88273.234375,300752896
2025-12-30 22:15:00+00:00,88287.1484375,88367.234375,88287.1484375,88367.234375,0
2025-12-30 22:20:00+00:00,88307.6875,88307.6875,88298.1796875,88300.6484375,95834112
2025-12-30 22:25:00+00:00,88342.109375,88346.7578125,88328.4765625,88328.4765625,0
2025-12-30 22:30:00+00:00,88302.921875,88360.546875,88302.921875,88342.671875,0
2025-12-30 22:35:00+00:00,88236.546875,88314.625,88236.546875,88309.328125,0
2025-12-30 22:40:00+00:00,88231.5625,88278.9921875,88219.8671875,88278.9921875,25178112
2025-12-30 22:45:00+00:00,88271.7109375,88271.7109375,88217.5625,88217.5625,140054528
2025-12-30 22:50:00+00:00,88257.171875,88265.8046875,88228.4375,88265.8046875,0
2025-12-30 22:55:00+00:00,88325.125,88325.125,88279.265625,88284.953125,32690176
2025-12-30 23:00:00+00:00,88337.953125,88354.75,88329.578125,88329.578125,76169216
2025-12-30 23:05:00+00:00,88339.9375,88364.8984375,88318.5859375,88321.6875,113086464
2025-12-30 23:10:00+00:00,88387.4375,88398.7890625,88347.4296875,88347.4296875,0
2025-12-30 23:15:00+00:00,88399.5,88439.1953125,88332.5078125,88373.9609375,608468992
2025-12-30 23:20:00+00:00,88386.09375,88434.4375,88386.09375,88434.4375,0
2025-12-30 23:25:00+00:00,88434.8359375,88434.8359375,88403.15625,88404.546875,59932672
2025-12-30 23:30:00+00:00,88442.53125,88477.875,88437.25,88477.875,0
2025-12-30 23:35:00+00:00,88460.4140625,88466.8984375,88453.359375,88453.359375,0
2025-12-30 23:40:00+00:00,88458.890625,88458.890625,88436.359375,88436.359375,0
2025-12-30 23:45:00+00:00,88439.125,88458.1640625,88427.15625,88458.1640625,0
2025-12-30 23:50:00+00:00,88410.2578125,88440.671875,88410.2578125,88431.40625,16392192
2025-12-30 23:55:00+00:00,88423.140625,88440.7421875,88413.5390625,88413.5390625,133713920
2025-12-31 00:00:00+00:00,88314.84375,88407.7265625,88314.84375,88407.7265625,0
2025-12-31 00:05:00+00:00,88286.71875,88344.390625,88286.71875,88318.984375,0
2025-12-31 00:10:00+00:00,88286.3671875,88303.5,88263.5,88303.5,53829632
2025-12-31 00:15:00+00:00,88217.96875,88298.0078125,88217.96875,88296.0234375,26705920
2025-12-31 00:20:00+00:00,88243.6796875,88251.3984375,88213.9765625,88213.9765625,44433408
2025-12-31 00:25:00+00:00,88300.28125,88300.28125,88229.3828125,88234.1015625,0
2025-12-31 00:30:00+00:00,88233.8828125,88294.0859375,88196.328125,88294.0859375,188563456
2025-12-31 00:35:00+00:00,88247.171875,88259.0703125,88234.3515625,88259.0703125,0
2025-12-31 00:40:00+00:00,88247.2890625,88247.2890625,88217.1328125,88218.6796875,0
2025-12-31 00:45:00+00:00,88197.3828125,88239.9375,88197.3828125,88239.9375,238297088
2025-12-31 00:50:00+00:00,88164.1484375,88203.4609375,88164.1484375,88196.203125,0
2025-12-31 00:55:00+00:00,88161.0546875,88182.234375,88161.0546875,88182.234375,0
2025-12-31 01:00:00+00:00,88183.9296875,88183.9296875,88148.671875,88148.671875,5447680
2025-12-31 01:05:00+00:00,88130.375,88202.0546875,88130.375,88186.390625,69992448
2025-12-31 01:10:00+00:00,88203.296875,88203.296875,88085.4921875,88102.8125,0
2025-12-31 01:15:00+00:00,88349.625,88349.625,88209.4921875,88209.4921875,0
2025-12-31 01:20:00+00:00,88562.953125,88562.953125,88480.0703125,88486.609375,194060288
2025-12-31 01:25:00+00:00,88482.5703125,88561.875,88482.5703125,88561.875,0
2025-12-31 01:30:00+00:00,88557.6640625,88557.6640625,88490.8671875,88490.8671875,197922816
2025-12-31 01:35:00+00:00,88583.9453125,88645.015625,88583.9453125,88645.015625,0
2025-12-31 01:40:00+00:00,88610.7578125,88638.6015625,88556.078125,88556.078125,257875968
2025-12-31 01:45:00+00:00,88639.9609375,88639.9609375,88627.90625,88627.90625,0
2025-12-31 01:50:00+00:00,88585.4609375,88639.7109375,88565.5,88639.7109375,75046912
2025-12-31 01:55:00+00:00,88552.8984375,88552.8984375,88521.46875,88532.1796875,0
2025-12-31 02:00:00+00:00,88524.0859375,88524.0859375,88500.2578125,88501.4921875,271540224
2025-12-31 02:05:00+00:00,88495.109375,88539.6328125,88495.109375,88539.6328125,0
2025-12-31 02:10:00+00:00,88568.265625,88568.265625,88492.6171875,88492.6171875,174112768
2025-12-31 02:15:00+00:00,88560.4296875,88583.34375,88557.5078125,88582.6953125,0
2025-12-31 02:20:00+00:00,88600.59375,88602.203125,88589.8515625,88594.703125,0
2025-12-31 02:25:00+00:00,88556.703125,88622.90625,88556.703125,88622.90625,286339072
2025-12-31 02:30:00+00:00,88607.9453125,88629.28125,88571.109375,88571.109375,0
2025-12-31 02:35:00+00:00,88593.859375,88620.96875,88593.859375,88594.3203125,96362496
2025-12-31 02:40:00+00:00,88488.921875,88545.390625,88488.46875,88545.390625,0
2025-12-31 02:45:00+00:00,88541.578125,88555.4765625,88492.1171875,88492.1171875,1536000
2025-12-31 02:50:00+00:00,88526.7578125,88526.7578125,88437.21875,88437.21875,0
2025-12-31 02:55:00+00:00,88585.5859375,88594.546875,88582.1171875,88594.546875,0
2025-12-31 03:00:00+00:00,88602.3828125,88619.8984375,88575.71875,88575.71875,202600448
2025-12-31 03:05:00+00:00,88658.828125,88658.828125,88628.7265625,88628.7265625,0
2025-12-31 03:10:00+00:00,88653.0234375,88665.9609375,88651.9765625,88665.6328125,85299200
2025-12-31 03:15:00+00:00,88571.171875,88654.6328125,88556.1796875,88654.6328125,0
2025-12-31 03:20:00+00:00,88478.8515625,88530.90625,88470.625,88530.90625,0
2025-12-31 03:25:00+00:00,88436.5234375,88474.484375,88436.5234375,88474.484375,972771328
2025-12-31 03:30:00+00:00,88416.7265625,88438.53125,88416.7265625,88438.53125,0
2025-12-31 03:35:00+00:00,88295.9453125,88382.25,88295.9453125,88382.25,117915648
2025-12-31 03:40:00+00:00,88317.8203125,88317.8203125,88289.765625,88289.765625,0
2025-12-31 03:45:00+00:00,88335.078125,88360.78125,88335.078125,88343.953125,0
2025-12-31 03:50:00+00:00,88361.0078125,88366.8515625,88349.6171875,88349.6171875,0
2025-12-31 03:55:00+00:00,88338.7890625,88349.640625,88338.7890625,88349.3125,74145792
2025-12-31 04:00:00+00:00,88349.640625,88353.4921875,88326.90625,88342.203125,0
2025-12-31 04:05:00+00:00,88334.953125,88365.640625,88334.953125,88347.1640625,30019584
2025-12-31 04:10:00+00:00,88356.296875,88356.296875,88325.546875,88336.09375,0
2025-12-31 04:15:00+00:00,88397.2734375,88400.0,88370.6015625,88370.6015625,0
2025-12-31 04:20:00+00:00,88344.234375,88440.0234375,88335.0390625,88440.0234375,189734912
2025-12-31 04:25:00+00:00,88310.796875,88333.7109375,88286.234375,88333.7109375,0
2025-12-31 04:30:00+00:00,88339.9609375,88341.7109375,88325.828125,88326.875,927078400
2025-12-31 04:35:00+00:00,88339.203125,88340.015625,88337.28125,88340.015625,0
2025-12-31 04:40:00+00:00,88292.90625,88328.3359375,88292.90625,88328.3359375,0
2025-12-31 04:45:00+00:00,88244.0546875,88286.1875,88239.9140625,88286.1875,28962816
2025-12-31 04:50:00+00:00,88288.4140625,88288.4140625,88267.9296875,88267.9296875,87109632
2025-12-31 04:55:00+00:00,88229.0546875,88273.015625,88229.0546875,88273.015625,0
2025-12-31 05:00:00+00:00,88306.546875,88306.546875,88239.765625,88239.765625,0
2025-12-31 05:05:00+00:00,88326.375,88335.2109375,88326.375,88335.2109375,366129152
2025-12-31 05:10:00+00:00,88295.890625,88318.1875,88282.5,88318.1875,179666944
2025-12-31 05:15:00+00:00,88257.078125,88306.5234375,88257.078125,88304.515625,0
2025-12-31 05:20:00+00:00,88285.8984375,88285.8984375,88249.625,88249.625,0
2025-12-31 05:25:00+00:00,88307.6953125,88328.40625,88304.53125,88309.21875,72409088
2025-12-31 05:30:00+00:00,88361.5546875,88361.5546875,88338.609375,88338.609375,11055104
2025-12-31 05:35:00+00:00,88357.8671875,88357.8671875,88330.296875,88355.28125,30666752
2025-12-31 05:40:00+00:00,88401.015625,88401.015625,88346.140625,88353.7734375,410767360
2025-12-31 05:45:00+00:00,88395.6328125,88413.234375,88395.6328125,88408.390625,0
2025-12-31 05:50:00+00:00,88339.9140625,88385.1875,88339.9140625,88385.1875,0
2025-12-31 05:55:00+00:00,88354.6484375,88375.8359375,88343.5625,88362.8125,372154368
2025-12-31 06:00:00+00:00,88371.234375,88371.234375,88349.3515625,88352.7578125,0
2025-12-31 06:05:00+00:00,88385.3046875,88385.3046875,88361.8984375,88361.8984375,93048832
2025-12-31 06:10:00+00:00,88405.4375,88414.515625,88396.3203125,88396.3203125,21299200
2025-12-31 06:15:00+00:00,88371.640625,88413.265625,88371.640625,88413.265625,0
2025-12-31 06:20:00+00:00,88447.6953125,88447.6953125,88384.3359375,88384.3359375,126291968
2025-12-31 06:25:00+00:00,88437.1796875,88437.1796875,88410.796875,88432.125,0
2025-12-31 06:30:00+00:00,88445.296875,88454.7421875,88423.2734375,88423.2734375,32350208
2025-12-31 06:35:00+00:00,88409.0625,88457.7578125,88409.0625,88457.7578125,0
2025-12-31 06:40:00+00:00,88392.8125,88413.25,88392.8125,88409.015625,0
2025-12-31 06:45:00+00:00,88418.671875,88418.671875,88393.4921875,88393.4921875,93286400
2025-12-31 06:50:00+00:00,88398.5,88416.9609375,88398.5,88416.9609375,32813056
2025-12-31 06:55:00+00:00,88396.65625,88404.0859375,88390.9140625,88401.7578125,0
2025-12-31 07:00:00+00:00,88343.328125,88401.96875,88343.328125,88401.96875,0
2025-12-31 07:05:00+00:00,88369.8359375,88378.953125,88361.6484375,88361.6484375,33382400
2025-12-31 07:10:00+00:00,88369.421875,88377.7578125,88369.421875,88376.71875,75964416
2025-12-31 07:15:00+00:00,88368.4140625,88372.9453125,88368.4140625,88372.9453125,122703872
2025-12-31 07:20:00+00:00,88344.6015625,88349.71875,88342.2109375,88346.40625,0
2025-12-31 07:25:00+00:00,88452.328125,88452.328125,88366.46875,88366.46875,20402176
2025-12-31 07:30:00+00:00,88433.2734375,88438.1640625,88429.796875,88429.8984375,51519488
2025-12-31 07:35:00+00:00,88468.1484375,88478.2421875,88440.5625,88440.5625,235024384
2025-12-31 07:40:00+00:00,88498.5,88517.1484375,88498.5,88503.6796875,0
2025-12-31 07:45:00+00:00,88491.53125,88496.8828125,88472.9765625,88472.9765625,1140779008
2025-12-31 07:50:00+00:00,88489.796875,88489.796875,88473.4453125,88489.5234375,0
2025-12-31 07:55:00+00:00,88496.046875,88513.09375,88496.046875,88497.0,53862400
2025-12-31 08:00:00+00:00,88554.828125,88561.1796875,88492.7265625,88492.7265625,0
2025-12-31 08:05:00+00:00,88589.4921875,88589.4921875,88558.125,88566.7109375,162443264
2025-12-31 08:10:00+00:00,88575.4140625,88604.8359375,88575.4140625,88600.6328125,0
2025-12-31 08:15:00+00:00,88550.6796875,88583.2734375,88528.6015625,88583.2734375,0
2025-12-31 08:20:00+00:00,88561.09375,88572.03125,88554.8046875,88554.8046875,164102144
2025-12-31 08:25:00+00:00,88551.0390625,88551.0390625,88531.375,88547.296875,0
2025-12-31 08:30:00+00:00,88483.6328125,88547.75,88483.6328125,88547.75,0
2025-12-31 08:35:00+00:00,88443.1171875,88484.140625,88443.1171875,88484.140625,26081280
2025-12-31 08:40:00+00:00,88302.9921875,88356.078125,88302.9921875,88356.078125,0
2025-12-31 08:45:00+00:00,88315.0078125,88315.0078125,88304.6015625,88305.359375,45764608
2025-12-31 08:50:00+00:00,88330.0390625,88341.7421875,88319.8984375,88341.7421875,0
2025-12-31 08:55:00+00:00,88321.921875,88323.921875,88317.6796875,88323.921875,0
2025-12-31 09:00:00+00:00,88416.3203125,88416.3203125,88324.9453125,88324.9453125,458985472
2025-12-31 09:05:00+00:00,88400.375,88447.484375,88400.375,88447.484375,0
2025-12-31 09:10:00+00:00,88434.6171875,88460.2109375,88434.6171875,88460.2109375,70948864
2025-12-31 09:15:00+00:00,88458.484375,88462.0703125,88441.8515625,88441.8515625,0
2025-12-31 09:20:00+00:00,88480.8671875,88481.2578125,88464.421875,88464.421875,0
2025-12-31 09:25:00+00:00,88474.4765625,88474.4765625,88462.015625,88462.015625,77957120
2025-12-31 09:30:00+00:00,88465.8671875,88476.953125,88465.8671875,88476.953125,0
2025-12-31 09:35:00+00:00,88531.2265625,88531.2265625,88461.5,88461.5,74608640
2025-12-31 09:40:00+00:00,88539.1328125,88546.125,88532.1328125,88546.125,0
2025-12-31 09:45:00+00:00,88566.03125,88569.546875,88538.3203125,88538.5234375,60678144
2025-12-31 09:50:00+00:00,88566.6484375,88573.6328125,88552.53125,88567.109375,0
2025-12-31 09:55:00+00:00,88585.390625,88587.1953125,88580.671875,88587.1953125,0
2025-12-31 10:00:00+00:00,88586.0390625,88591.5078125,88553.96875,88553.96875,0
2025-12-31 10:05:00+00:00,88589.09375,88599.9765625,88577.578125,88583.515625,0
2025-12-31 10:10:00+00:00,88677.421875,88685.28125,88607.828125,88607.828125,122888192
2025-12-31 10:15:00+00:00,88698.1328125,88699.6171875,88682.8359375,88682.8359375,0
2025-12-31 10:20:00+00:00,88614.3125,88693.0546875,88606.1953125,88693.0546875,261558272
2025-12-31 10:25:00+00:00,88648.703125,88681.328125,88648.703125,88681.328125,0
2025-12-31 10:30:00+00:00,88592.8984375,88648.3515625,88592.8984375,88648.3515625,775321600
2025-12-31 10:35:00+00:00,88570.5390625,88596.515625,88561.125,88596.515625,0
2025-12-31 10:40:00+00:00,88583.4921875,88583.4921875,88559.7578125,88559.7578125,1059411968
2025-12-31 10:45:00+00:00,88668.0078125,88668.0078125,88617.7890625,88627.1015625,53166080
2025-12-31 10:50:00+00:00,88653.640625,88656.875,88645.8515625,88656.875,0
2025-12-31 10:55:00+00:00,88697.6796875,88697.6796875,88618.65625,88649.015625,0
2025-12-31 11:00:00+00:00,88734.328125,88734.328125,88720.625,88732.7578125,0
2025-12-31 11:05:00+00:00,88785.5625,88803.96875,88736.2578125,88736.2578125,0
2025-12-31 11:10:00+00:00,88807.03125,88815.8984375,88798.3125,88804.7421875,0
2025-12-31 11:15:00+00:00,88706.0234375,88770.3203125,88706.0234375,88770.3203125,1098919936
2025-12-31 11:20:00+00:00,88769.8046875,88769.8046875,88703.1484375,88730.28125,32755712
2025-12-31 11:25:00+00:00,88807.203125,88813.4765625,88762.2578125,88762.2578125,92395520
2025-12-31 11:30:00+00:00,88841.046875,88841.046875,88817.078125,88826.53125,12218368
2025-12-31 11:35:00+00:00,88825.0234375,88830.3671875,88825.0234375,88830.3671875,43837440
2025-12-31 11:40:00+00:00,88876.453125,88877.59375,88813.90625,88813.90625,389847040
2025-12-31 11:45:00+00:00,88847.203125,88894.6484375,88847.203125,88894.6484375,0
2025-12-31 11:50:00+00:00,88855.28125,88878.0546875,88845.2734375,88869.8359375,154689536
2025-12-31 11:55:00+00:00,88863.515625,88884.2734375,88857.859375,88857.859375,0
2025-12-31 12:00:00+00:00,88847.4921875,88910.5,88847.4921875,88910.5,94449664
2025-12-31 12:05:00+00:00,88846.03125,88854.5390625,88839.375,88846.8984375,0
2025-12-31 12:10:00+00:00,88863.5546875,88874.4375,88863.5546875,88867.7265625,0
2025-12-31 12:15:00+00:00,88883.2265625,88883.2265625,88834.3671875,88834.3671875,186718208
2025-12-31 12:20:00+00:00,88863.546875,88881.109375,88863.546875,88881.109375,553641984
2025-12-31 12:25:00+00:00,88812.3359375,88862.1875,88812.3359375,88852.625,0
2025-12-31 12:30:00+00:00,88834.0703125,88875.3984375,88834.0703125,88835.3828125,171407360
2025-12-31 12:35:00+00:00,88747.8203125,88848.140625,88747.8203125,88848.140625,0
2025-12-31 12:40:00+00:00,88717.546875,88758.8671875,88717.546875,88724.90625,0
2025-12-31 12:45:00+00:00,88746.9765625,88746.9765625,88715.3984375,88715.3984375,258105344
2025-12-31 12:50:00+00:00,88669.609375,88723.25,88669.609375,88723.25,65103872
2025-12-31 12:55:00+00:00,88668.21875,88682.8359375,88658.2421875,88668.25,119056384
2025-12-31 13:00:00+00:00,88684.6484375,88684.6484375,88664.0078125,88680.65625,55613440
2025-12-31 13:05:00+00:00,88708.859375,88738.1875,88694.03125,88696.40625,0
2025-12-31 13:10:00+00:00,88715.875,88715.875,88694.296875,88699.6796875,247934976
2025-12-31 13:15:00+00:00,88726.34375,88726.34375,88711.0859375,88711.0859375,0
2025-12-31 13:20:00+00:00,88775.6484375,88794.1484375,88755.3359375,88755.3359375,98299904
2025-12-31 13:25:00+00:00,88748.6015625,88768.390625,88748.6015625,88765.09375,0
2025-12-31 13:30:00+00:00,88685.4375,88733.8046875,88670.0546875,88733.8046875,0
2025-12-31 13:35:00+00:00,88651.765625,88677.0546875,88642.578125,88677.0546875,0
2025-12-31 13:40:00+00:00,88694.7578125,88694.7578125,88647.25,88647.6015625,341592064
2025-12-31 13:45:00+00:00,88701.875,88723.8984375,88675.6640625,88687.203125,0
2025-12-31 13:50:00+00:00,88920.6171875,88921.734375,88742.9609375,88742.9609375,245628928
2025-12-31 13:55:00+00:00,88856.4609375,88916.703125,88856.4609375,88916.703125,0
2025-12-31 14:00:00+00:00,88938.7890625,88938.7890625,88872.7109375,88872.7109375,0
2025-12-31 14:05:00+00:00,89019.9375,89019.9375,88870.671875,88951.5625,119375872
2025-12-31 14:10:00+00:00,89004.65625,89008.2890625,88955.0546875,89008.2890625,322854912
2025-12-31 14:15:00+00:00,88978.2734375,89012.4140625,88952.2265625,89012.4140625,0
2025-12-31 14:20:00+00:00,88876.6953125,88942.2578125,88876.6953125,88942.2578125,0
2025-12-31 14:25:00+00:00,88868.2421875,88886.96875,88868.2421875,88886.96875,0
2025-12-31 14:30:00+00:00,88704.515625,88850.21875,88697.625,88850.21875,96528384
2025-12-31 14:35:00+00:00,88562.875,88722.15625,88504.1875,88678.359375,193202176
2025-12-31 14:40:00+00:00,88483.390625,88567.546875,88483.390625,88567.546875,95188992
2025-12-31 14:45:00+00:00,88244.0234375,88530.078125,88244.0234375,88530.078125,82812928
2025-12-31 14:50:00+00:00,88347.78125,88405.8828125,88218.484375,88218.484375,0
2025-12-31 14:55:00+00:00,88323.921875,88405.75,88323.921875,88350.8203125,0
2025-12-31 15:00:00+00:00,88237.3359375,88371.0,88237.3359375,88371.0,0
2025-12-31 15:05:00+00:00,88250.703125,88271.8046875,88220.7578125,88271.8046875,251480064
2025-12-31 15:10:00+00:00,88021.8984375,88221.1953125,87902.6171875,88221.1953125,0
2025-12-31 15:15:00+00:00,87952.7734375,88083.265625,87952.7734375,88083.265625,205131776
2025-12-31 15:20:00+00:00,87960.5625,87993.125,87928.1640625,87928.1640625,0
2025-12-31 15:25:00+00:00,87910.28125,87930.625,87816.875,87816.875,782127104
2025-12-31 15:30:00+00:00,87773.1171875,87865.8984375,87728.4140625,87865.8984375,174397440
2025-12-31 15:35:00+00:00,87875.859375,87875.859375,87793.4140625,87793.4140625,0
2025-12-31 15:40:00+00:00,87941.5703125,87975.5546875,87882.1015625,87955.3671875,887664640
2025-12-31 15:45:00+00:00,87936.8203125,87960.6015625,87915.2890625,87923.578125,0
2025-12-31 15:50:00+00:00,87909.234375,88007.453125,87909.234375,88007.453125,0
2025-12-31 15:55:00+00:00,87911.6328125,87941.28125,87898.4453125,87941.28125,66729984
2025-12-31 16:00:00+00:00,87739.1640625,87845.2421875,87739.1640625,87845.2421875,0
2025-12-31 16:05:00+00:00,87749.8359375,87785.8671875,87717.8046875,87765.46875,132608000
2025-12-31 16:10:00+00:00,87831.3515625,87831.3515625,87733.1171875,87733.1171875,46542848
2025-12-31 16:15:00+00:00,87903.6875,87903.6875,87812.046875,87812.046875,0
2025-12-31 16:20:00+00:00,87730.0390625,87866.0234375,87730.0390625,87866.0234375,0
2025-12-31 16:25:00+00:00,87797.125,87797.125,87665.703125,87665.703125,0
2025-12-31 16:30:00+00:00,87742.125,87794.3828125,87716.171875,87788.609375,64888832
2025-12-31 16:35:00+00:00,87622.1171875,87659.8046875,87574.390625,87659.8046875,0
2025-12-31 16:40:00+00:00,87343.0234375,87661.0859375,87343.0234375,87661.0859375,206123008
2025-12-31 16:45:00+00:00,87424.2890625,87424.2890625,87334.125,87334.125,153919488
2025-12-31 16:50:00+00:00,87451.421875,87451.421875,87392.109375,87392.109375,141260800
2025-12-31 16:55:00+00:00,87558.6171875,87558.6171875,87438.40625,87438.40625,0
2025-12-31 17:00:00+00:00,87560.0546875,87560.0546875,87512.6484375,87539.96875,13656064
2025-12-31 17:05:00+00:00,87424.9375,87530.6875,87424.9375,87530.6875,276447232
2025-12-31 17:10:00+00:00,87408.3984375,87413.390625,87395.765625,87402.6484375,0
2025-12-31 17:15:00+00:00,87561.078125,87561.078125,87385.9609375,87419.15625,34306048
2025-12-31 17:20:00+00:00,87492.734375,87520.1328125,87490.6171875,87520.1328125,172120064
2025-12-31 17:25:00+00:00,87543.40625,87558.4453125,87500.984375,87500.984375,0
2025-12-31 17:30:00+00:00,87545.9375,87545.9375,87499.5390625,87512.9453125,294957056
2025-12-31 17:35:00+00:00,87455.796875,87547.21875,87455.796875,87547.21875,70014976
2025-12-31 17:40:00+00:00,87486.328125,87486.328125,87463.6875,87477.265625,0
2025-12-31 17:45:00+00:00,87515.4921875,87515.4921875,87470.9453125,87506.7578125,0
2025-12-31 17:50:00+00:00,87541.7734375,87541.7734375,87454.140625,87507.671875,57296896
2025-12-31 17:55:00+00:00,87490.890625,87544.171875,87483.8203125,87544.171875,0
2025-12-31 18:00:00+00:00,87527.8046875,87527.8046875,87458.5078125,87502.9296875,0
2025-12-31 18:05:00+00:00,87763.5703125,87763.5703125,87521.765625,87540.8671875,0
2025-12-31 18:10:00+00:00,87771.7578125,87791.890625,87760.09375,87760.09375,94124032
2025-12-31 18:15:00+00:00,87770.03125,87803.234375,87770.03125,87782.5078125,43956224
2025-12-31 18:20:00+00:00,87811.4375,87811.4375,87733.515625,87733.515625,18266112
2025-12-31 18:25:00+00:00,87838.8203125,87838.8203125,87803.90625,87803.90625,195895296
2025-12-31 18:30:00+00:00,87775.4375,87830.546875,87775.4375,87830.546875,0
2025-12-31 18:35:00+00:00,87740.765625,87786.53125,87740.765625,87765.453125,0
2025-12-31 18:40:00+00:00,87709.875,87763.1171875,87709.875,87725.953125,13877248
2025-12-31 18:45:00+00:00,87644.6796875,87744.8203125,87644.6796875,87742.1875,22454272
2025-12-31 18:50:00+00:00,87592.9765625,87640.0703125,87585.5390625,87640.0703125,0
2025-12-31 18:55:00+00:00,87575.078125,87615.1640625,87575.078125,87613.71875,0
2025-12-31 19:00:00+00:00,87662.359375,87662.359375,87561.8515625,87561.8515625,216766464
2025-12-31 19:05:00+00:00,87646.71875,87657.15625,87613.9921875,87657.15625,0
2025-12-31 19:10:00+00:00,87712.1328125,87712.1328125,87662.046875,87662.046875,0
2025-12-31 19:15:00+00:00,87662.59375,87683.8125,87662.59375,87683.8125,0
2025-12-31 19:20:00+00:00,87636.5,87692.3515625,87598.71875,87661.3359375,9635840
2025-12-31 19:25:00+00:00,87612.9296875,87622.15625,87582.4609375,87622.15625,203923456
2025-12-31 19:30:00+00:00,87587.328125,87606.3828125,87570.6015625,87606.3828125,106260480
2025-12-31 19:35:00+00:00,87526.4453125,87571.5,87526.4453125,87571.5,0
2025-12-31 19:40:00+00:00,87523.7109375,87556.1953125,87523.7109375,87546.0546875,74203136
2025-12-31 19:45:00+00:00,87520.9296875,87528.5390625,87510.734375,87510.734375,255006720
2025-12-31 19:50:00+00:00,87514.5078125,87554.5234375,87514.5078125,87554.5234375,87648256
2025-12-31 19:55:00+00:00,87455.484375,87508.5625,87420.515625,87508.5625,0
2025-12-31 20:00:00+00:00,87382.265625,87419.890625,87381.75,87419.890625,260317184
2025-12-31 20:05:00+00:00,87323.9296875,87365.015625,87321.03125,87365.015625,0
2025-12-31 20:10:00+00:00,87325.5234375,87327.9296875,87283.2421875,87327.9296875,0
2025-12-31 20:15:00+00:00,87383.828125,87394.828125,87381.6484375,87381.6484375,260233216
2025-12-31 20:20:00+00:00,87356.6796875,87365.703125,87312.2578125,87365.703125,246947840
2025-12-31 20:25:00+00:00,87350.1171875,87350.1171875,87308.7421875,87325.8046875,0
2025-12-31 20:30:00+00:00,87330.4609375,87371.6328125,87325.0546875,87354.609375,11986944
2025-12-31 20:35:00+00:00,87191.3984375,87274.1328125,87191.3984375,87274.1328125,20901888
2025-12-31 20:40:00+00:00,87262.2109375,87262.2109375,87141.0078125,87141.0078125,0
2025-12-31 20:45:00+00:00,87255.359375,87267.6484375,87243.65625,87267.6484375,226836480
2025-12-31 20:50:00+00:00,87337.0390625,87337.0390625,87246.2265625,87258.0859375,45340672
2025-12-31 20:55:00+00:00,87534.90625,87534.90625,87372.9296875,87372.9296875,0
2025-12-31 21:00:00+00:00,87581.609375,87581.609375,87531.6328125,87531.6328125,887836672
2025-12-31 21:05:00+00:00,87585.5078125,87634.390625,87573.4296875,87573.4296875,0
2025-12-31 21:10:00+00:00,87567.046875,87570.328125,87565.53125,87570.328125,118325248
2025-12-31 21:15:00+00:00,87570.8984375,87585.65625,87570.8984375,87585.65625,10987520
2025-12-31 21:20:00+00:00,87614.7890625,87614.7890625,87588.34375,87588.34375,33079296
2025-12-31 21:25:00+00:00,87611.21875,87611.25,87599.375,87599.375,0
2025-12-31 21:30:00+00:00,87635.3515625,87635.3515625,87609.7421875,87609.7421875,0
2025-12-31 21:35:00+00:00,87668.9296875,87668.9296875,87645.59375,87645.59375,198750208
2025-12-31 21:40:00+00:00,87675.28125,87692.2890625,87675.28125,87684.75,0
2025-12-31 21:45:00+00:00,87675.3203125,87680.21875,87669.53125,87675.453125,30693376
2025-12-31 21:50:00+00:00,87672.75,87672.75,87657.8671875,87672.7265625,405979136
2025-12-31 21:55:00+00:00,87637.1953125,87673.3359375,87637.1953125,87668.09375,0
2025-12-31 22:00:00+00:00,87639.265625,87652.2734375,87630.5859375,87652.2734375,45326336
2025-12-31 22:05:00+00:00,87629.7734375,87650.3125,87629.7734375,87641.3828125,0
2025-12-31 22:10:00+00:00,87658.1953125,87658.1953125,87632.2578125,87632.859375,0
2025-12-31 22:15:00+00:00,87683.7109375,87687.4453125,87667.1640625,87673.671875,88211456
2025-12-31 22:20:00+00:00,87693.3359375,87693.3359375,87682.828125,87683.4375,0
2025-12-31 22:25:00+00:00,87729.359375,87738.6171875,87719.234375,87719.234375,74510336
2025-12-31 22:30:00+00:00,87651.0703125,87725.78125,87651.0703125,87725.78125,0
2025-12-31 22:35:00+00:00,87649.2265625,87649.2265625,87611.71875,87611.71875,165441536
2025-12-31 22:40:00+00:00,87578.375,87638.7265625,87578.375,87638.7265625,127606784
2025-12-31 22:45:00+00:00,87583.640625,87603.609375,87583.640625,87597.703125,45381632
2025-12-31 22:50:00+00:00,87592.03125,87612.9140625,87592.03125,87597.34375,6817792
2025-12-31 22:55:00+00:00,87561.1953125,87584.3515625,87561.1953125,87581.3359375,0
2025-12-31 23:00:00+00:00,87587.4140625,87587.4140625,87583.453125,87585.8203125,0
2025-12-31 23:05:00+00:00,87560.15625,87560.15625,87531.6796875,87544.3125,859539456
2025-12-31 23:10:00+00:00,87556.09375,87556.09375,87536.0390625,87546.8203125,47325184
2025-12-31 23:15:00+00:00,87541.3046875,87547.5546875,87541.3046875,87546.9375,0
2025-12-31 23:20:00+00:00,87534.0234375,87534.0234375,87508.9453125,87527.7265625,37476352
2025-12-31 23:25:00+00:00,87526.7890625,87557.203125,87526.7890625,87546.421875,23572480
2025-12-31 23:30:00+00:00,87534.296875,87540.046875,87531.8828125,87531.8828125,12705792
2025-12-31 23:35:00+00:00,87509.5859375,87538.125,87509.5859375,87538.125,0
2025-12-31 23:40:00+00:00,87537.1796875,87537.8203125,87512.359375,87512.359375,96737280
2025-12-31 23:45:00+00:00,87529.28125,87536.375,87522.5625,87536.375,0
2025-12-31 23:50:00+00:00,87505.2734375,87549.3203125,87505.2734375,87549.3203125,8898560
2025-12-31 23:55:00+00:00,87501.953125,87518.7734375,87501.953125,87507.25,50151424
2026-01-01 00:00:00+00:00,87552.4375,87552.4375,87512.875,87512.875,0
2026-01-01 00:05:00+00:00,87610.0625,87621.671875,87560.3046875,87560.3046875,0
2026-01-01 00:10:00+00:00,87603.0859375,87622.9375,87603.0859375,87622.9375,134350848
2026-01-01 00:15:00+00:00,87607.6796875,87607.828125,87597.9765625,87597.9765625,0
2026-01-01 00:20:00+00:00,87618.6328125,87618.6328125,87608.53125,87608.53125,0
2026-01-01 00:25:00+00:00,87622.3984375,87624.7890625,87615.8984375,87624.7890625,0
2026-01-01 00:30:00+00:00,87611.8125,87625.546875,87601.546875,87620.7578125,0
2026-01-01 00:35:00+00:00,87600.890625,87601.125,87583.1796875,87598.9375,1107968
2026-01-01 00:40:00+00:00,87592.6796875,87601.2890625,87592.6796875,87593.3984375,0
2026-01-01 00:45:00+00:00,87622.375,87622.375,87598.2109375,87599.5390625,0
2026-01-01 00:50:00+00:00,87664.3984375,87673.8828125,87655.3671875,87655.3671875,0
2026-01-01 00:55:00+00:00,87675.9296875,87679.9375,87661.2421875,87661.2421875,139149312
2026-01-01 01:00:00+00:00,87701.703125,87701.703125,87665.65625,87665.65625,0
2026-01-01 01:05:00+00:00,87787.5703125,87787.5703125,87703.796875,87703.796875,36610048
2026-01-01 01:10:00+00:00,87851.1875,87855.5078125,87790.734375,87798.84375,0
2026-01-01 01:15:00+00:00,87825.28125,87890.0234375,87825.28125,87843.9921875,4372480
2026-01-01 01:20:00+00:00,87779.6640625,87805.4375,87779.6640625,87800.6328125,67786752
2026-01-01 01:25:00+00:00,87752.7109375,87786.4765625,87752.7109375,87786.4765625,0
2026-01-01 01:30:00+00:00,87739.453125,87753.1953125,87720.09375,87720.09375,0
2026-01-01 01:35:00+00:00,87698.328125,87743.4296875,87698.328125,87743.4296875,0
2026-01-01 01:40:00+00:00,87740.4609375,87740.4609375,87706.203125,87706.203125,112967680
2026-01-01 01:45:00+00:00,87753.046875,87753.046875,87734.171875,87734.171875,0
2026-01-01 01:50:00+00:00,87809.4765625,87809.4765625,87766.7265625,87766.7265625,0
2026-01-01 01:55:00+00:00,87817.6171875,87842.8515625,87817.6171875,87835.3125,0
2026-01-01 02:00:00+00:00,87766.359375,87812.1875,87760.9140625,87812.1875,0
2026-01-01 02:05:00+00:00,87844.421875,87861.8671875,87798.5,87798.5,0
2026-01-01 02:10:00+00:00,87845.875,87872.53125,87845.875,87867.3125,1034295296
2026-01-01 02:15:00+00:00,87922.5234375,87922.5234375,87843.34375,87843.34375,2603008
2026-01-01 02:20:00+00:00,87821.625,87885.9140625,87821.625,87882.9921875,0
2026-01-01 02:25:00+00:00,87807.515625,87816.65625,87794.296875,87816.65625,0
2026-01-01 02:30:00+00:00,87902.234375,87902.234375,87808.765625,87809.8984375,31555584
2026-01-01 02:35:00+00:00,87815.4921875,87860.1953125,87796.390625,87860.1953125,0
2026-01-01 02:40:00+00:00,87807.0234375,87848.8828125,87807.0234375,87848.8828125,0
2026-01-01 02:45:00+00:00,87804.90625,87804.90625,87802.71875,87803.625,221054976
2026-01-01 02:50:00+00:00,87757.3828125,87772.1953125,87757.3828125,87772.1953125,0
2026-01-01 02:55:00+00:00,87776.4921875,87776.4921875,87751.6171875,87751.6171875,0
2026-01-01 03:00:00+00:00,87745.8515625,87752.9453125,87742.9609375,87748.3203125,0
2026-01-01 03:05:00+00:00,87754.9453125,87772.3125,87754.9453125,87764.6796875,0
2026-01-01 03:10:00+00:00,87792.2265625,87792.2265625,87773.078125,87773.078125,0
2026-01-01 03:15:00+00:00,87844.7734375,87844.7734375,87812.234375,87816.6015625,0
2026-01-01 03:20:00+00:00,87800.2421875,87857.46875,87800.2421875,87856.9453125,0
2026-01-01 03:25:00+00:00,87784.3671875,87784.3671875,87762.6171875,87781.9140625,0
2026-01-01 03:30:00+00:00,87768.03125,87775.4296875,87765.1640625,87775.4296875,0
2026-01-01 03:35:00+00:00,87784.703125,87784.703125,87773.2421875,87775.765625,161640448
2026-01-01 03:40:00+00:00,87795.21875,87803.25,87795.21875,87797.1328125,0
2026-01-01 03:45:00+00:00,87768.390625,87796.9765625,87768.390625,87796.9765625,0
2026-01-01 03:50:00+00:00,87712.078125,87763.609375,87712.078125,87763.609375,0
2026-01-01 03:55:00+00:00,87710.953125,87716.3515625,87700.390625,87712.78125,115945472
2026-01-01 04:00:00+00:00,87671.53125,87698.5078125,87671.53125,87698.5078125,5261312
2026-01-01 04:05:00+00:00,87578.8203125,87674.9296875,87578.8203125,87674.9296875,61112320
2026-01-01 04:10:00+00:00,87522.5078125,87560.5078125,87522.5078125,87560.5078125,0
2026-01-01 04:15:00+00:00,87440.6796875,87510.6875,87440.6796875,87510.6875,928632832
2026-01-01 04:20:00+00:00,87445.7890625,87445.7890625,87418.4765625,87418.4765625,193034240
2026-01-01 04:25:00+00:00,87482.046875,87534.3828125,87474.65625,87474.65625,0
2026-01-01 04:30:00+00:00,87480.390625,87508.46875,87474.9375,87474.9375,245417984
2026-01-01 04:35:00+00:00,87436.015625,87446.96875,87436.015625,87443.75,0
2026-01-01 04:40:00+00:00,87440.5859375,87476.296875,87440.5859375,87451.4609375,81262592
2026-01-01 04:45:00+00:00,87448.875,87448.875,87413.7578125,87413.7578125,0
2026-01-01 04:50:00+00:00,87442.4375,87447.0703125,87439.1796875,87447.0703125,198459392
2026-01-01 04:55:00+00:00,87441.4609375,87446.2890625,87434.265625,87446.2890625,0
2026-01-01 05:00:00+00:00,87487.2734375,87487.2734375,87452.7890625,87452.7890625,53780480
2026-01-01 05:05:00+00:00,87545.8515625,87547.40625,87510.4375,87512.8046875,0
2026-01-01 05:10:00+00:00,87546.4765625,87553.6171875,87546.4765625,87549.53125,0
2026-01-01 05:15:00+00:00,87565.53125,87565.53125,87545.0625,87545.0625,23341056
2026-01-01 05:20:00+00:00,87545.1875,87562.375,87545.1875,87562.375,42207232
2026-01-01 05:25:00+00:00,87557.0078125,87557.0078125,87530.0390625,87540.734375,0
2026-01-01 05:30:00+00:00,87577.171875,87577.171875,87509.6484375,87549.4140625,63272960
2026-01-01 05:35:00+00:00,87539.9765625,87570.90625,87539.9765625,87570.90625,0
2026-01-01 05:40:00+00:00,87548.6796875,87548.6796875,87539.6953125,87539.6953125,16805888
2026-01-01 05:45:00+00:00,87559.25,87559.25,87546.8671875,87546.8671875,0
2026-01-01 05:50:00+00:00,87563.28125,87563.28125,87549.6875,87557.90625,225482752
2026-01-01 05:55:00+00:00,87558.3359375,87561.4609375,87553.84375,87558.1875,0
2026-01-01 06:00:00+00:00,87523.703125,87555.4453125,87515.234375,87555.4453125,45486080
2026-01-01 06:05:00+00:00,87493.7109375,87523.59375,87493.7109375,87523.59375,0
2026-01-01 06:10:00+00:00,87494.8046875,87494.8046875,87486.953125,87486.953125,0
2026-01-01 06:15:00+00:00,87497.0234375,87512.0546875,87497.0234375,87498.5078125,0
2026-01-01 06:20:00+00:00,87498.75,87502.65625,87497.6328125,87497.6328125,0
2026-01-01 06:25:00+00:00,87500.84375,87505.109375,87498.34375,87505.109375,0
2026-01-01 06:30:00+00:00,87504.859375,87504.859375,87498.2265625,87499.390625,23558144
2026-01-01 06:35:00+00:00,87517.9921875,87523.921875,87511.625,87523.921875,0
2026-01-01 06:40:00+00:00,87519.421875,87519.421875,87513.1171875,87513.1171875,23218176
2026-01-01 06:45:00+00:00,87505.5390625,87510.71875,87505.5390625,87506.4921875,0
2026-01-01 06:50:00+00:00,87500.25,87504.0078125,87500.25,87504.0078125,0
2026-01-01 06:55:00+00:00,87506.2578125,87506.2578125,87502.671875,87504.984375,0
2026-01-01 07:00:00+00:00,87500.796875,87504.5390625,87500.796875,87504.0,0
2026-01-01 07:05:00+00:00,87528.1171875,87528.1171875,87506.609375,87506.609375,7921664
2026-01-01 07:10:00+00:00,87478.0078125,87527.3515625,87475.453125,87527.3515625,214597632
2026-01-01 07:15:00+00:00,87510.140625,87521.8203125,87482.28125,87482.28125,0
2026-01-01 07:20:00+00:00,87511.5625,87515.375,87508.1171875,87515.375,0
2026-01-01 07:25:00+00:00,87492.671875,87510.4453125,87484.765625,87506.3046875,30269440
2026-01-01 07:30:00+00:00,87507.09375,87507.09375,87468.5625,87468.5625,0
2026-01-01 07:35:00+00:00,87522.671875,87522.671875,87500.7421875,87512.2421875,0
2026-01-01 07:40:00+00:00,87500.4375,87507.1328125,87500.4375,87504.6484375,0
2026-01-01 07:45:00+00:00,87487.09375,87498.09375,87487.09375,87496.953125,0
2026-01-01 07:50:00+00:00,87503.4921875,87506.828125,87497.4296875,87497.4296875,35106816
2026-01-01 07:55:00+00:00,87479.6875,87509.953125,87479.6875,87509.953125,0
2026-01-01 08:00:00+00:00,87507.765625,87512.9375,87486.9296875,87486.9296875,0
2026-01-01 08:05:00+00:00,87594.9921875,87594.9921875,87506.4296875,87506.4296875,2265088
2026-01-01 08:10:00+00:00,87609.8984375,87633.3515625,87609.8984375,87633.3515625,0
2026-01-01 08:15:00+00:00,87587.109375,87602.3984375,87587.109375,87591.3984375,0
2026-01-01 08:20:00+00:00,87581.953125,87589.125,87566.734375,87566.734375,50550784
2026-01-01 08:25:00+00:00,87586.0703125,87586.0703125,87584.5,87585.640625,28962816
2026-01-01 08:30:00+00:00,87604.6640625,87604.6640625,87587.8203125,87587.8203125,0
2026-01-01 08:35:00+00:00,87600.1640625,87616.296875,87600.1640625,87616.296875,79316992
2026-01-01 08:40:00+00:00,87571.1171875,87598.515625,87571.1171875,87598.515625,0
2026-01-01 08:45:00+00:00,87569.84375,87577.7578125,87565.34375,87565.34375,58007552
2026-01-01 08:50:00+00:00,87593.484375,87593.484375,87572.828125,87572.828125,0
2026-01-01 08:55:00+00:00,87598.375,87598.375,87589.4765625,87589.4765625,0
2026-01-01 09:00:00+00:00,87619.8203125,87623.3046875,87619.8203125,87623.3046875,0
2026-01-01 09:05:00+00:00,87618.5234375,87622.2265625,87618.5234375,87622.2265625,160294912
2026-01-01 09:10:00+00:00,87694.3984375,87694.3984375,87645.1953125,87645.1953125,0
2026-01-01 09:15:00+00:00,87736.78125,87736.78125,87701.578125,87701.578125,0
2026-01-01 09:20:00+00:00,87739.765625,87789.7890625,87739.765625,87789.7890625,32358400
2026-01-01 09:25:00+00:00,87700.34375,87724.5546875,87688.375,87724.5546875,0
2026-01-01 09:30:00+00:00,87697.078125,87703.6953125,87692.3515625,87692.3515625,0
2026-01-01 09:35:00+00:00,87689.9375,87694.609375,87688.2109375,87694.609375,0
2026-01-01 09:40:00+00:00,87734.8046875,87736.59375,87729.0859375,87729.0859375,0
2026-01-01 09:45:00+00:00,87724.2265625,87736.234375,87718.640625,87736.234375,0
2026-01-01 09:50:00+00:00,87717.171875,87723.0,87716.1953125,87716.1953125,0
2026-01-01 09:55:00+00:00,87724.84375,87727.828125,87714.625,87714.625,0
2026-01-01 10:00:00+00:00,87735.65625,87738.1875,87732.3203125,87732.3203125,0
2026-01-01 10:05:00+00:00,87720.609375,87737.5390625,87720.609375,87737.5390625,0
2026-01-01 10:10:00+00:00,87720.546875,87729.7578125,87720.546875,87728.109375,0
2026-01-01 10:15:00+00:00,87689.984375,87722.6796875,87688.0234375,87722.6796875,0
2026-01-01 10:20:00+00:00,87672.6328125,87684.3828125,87659.03125,87684.3828125,0
2026-01-01 10:25:00+00:00,87682.25,87682.25,87666.5234375,87666.5234375,198979584
2026-01-01 10:30:00+00:00,87700.3203125,87700.84375,87683.3671875,87683.3671875,0
2026-01-01 10:35:00+00:00,87705.609375,87705.609375,87702.390625,87702.390625,0
2026-01-01 10:40:00+00:00,87697.3046875,87703.2265625,87696.8125,87696.8125,53567488
2026-01-01 10:45:00+00:00,87698.3203125,87698.828125,87693.3046875,87696.1875,0
2026-01-01 10:50:00+00:00,87713.90625,87713.90625,87695.796875,87706.515625,38086656
2026-01-01 10:55:00+00:00,87716.8125,87718.9375,87713.9296875,87718.9375,0
2026-01-01 11:00:00+00:00,87717.4921875,87717.4921875,87716.4140625,87716.4140625,0
2026-01-01 11:05:00+00:00,87734.0546875,87734.0546875,87728.9375,87728.9375,0
2026-01-01 11:10:00+00:00,87794.3984375,87794.3984375,87738.1953125,87738.1953125,221184
2026-01-01 11:15:00+00:00,87794.5078125,87838.578125,87793.390625,87793.390625,0
2026-01-01 11:20:00+00:00,87799.703125,87800.125,87798.515625,87798.515625,0
2026-01-01 11:25:00+00:00,87779.7421875,87797.15625,87779.7421875,87797.15625,71520256
2026-01-01 11:30:00+00:00,87791.78125,87810.4375,87791.78125,87797.3984375,0
2026-01-01 11:35:00+00:00,87740.9296875,87786.234375,87740.9296875,87786.234375,0
2026-01-01 11:40:00+00:00,87753.484375,87771.0,87742.0,87742.0,192077824
2026-01-01 11:45:00+00:00,87802.46875,87809.2265625,87777.6171875,87777.6171875,0
2026-01-01 11:50:00+00:00,87839.0625,87839.0625,87813.6640625,87813.6640625,0
2026-01-01 11:55:00+00:00,87875.796875,87875.796875,87834.4765625,87836.40625,0
2026-01-01 12:00:00+00:00,87855.5625,87878.8671875,87855.5625,87878.8671875,0
2026-01-01 12:05:00+00:00,87870.9140625,87881.6796875,87870.9140625,87881.6796875,0
2026-01-01 12:10:00+00:00,87880.984375,87889.703125,87873.5625,87873.5625,382529536
2026-01-01 12:15:00+00:00,87856.625,87869.96875,87856.625,87869.96875,0
2026-01-01 12:20:00+00:00,87818.859375,87849.2265625,87818.859375,87849.2265625,98836480
2026-01-01 12:25:00+00:00,87861.265625,87872.171875,87831.7890625,87831.7890625,41166848
2026-01-01 12:30:00+00:00,87809.875,87865.015625,87809.875,87865.015625,0
2026-01-01 12:35:00+00:00,87829.5546875,87829.5546875,87806.5234375,87806.5234375,102901760
2026-01-01 12:40:00+00:00,87844.890625,87844.890625,87838.1328125,87838.765625,0
2026-01-01 12:45:00+00:00,87835.8125,87837.8203125,87832.3125,87837.8203125,0
2026-01-01 12:50:00+00:00,87842.3125,87846.4296875,87839.234375,87839.234375,40402944
2026-01-01 12:55:00+00:00,87838.296875,87845.6328125,87838.296875,87839.0390625,0
2026-01-01 13:00:00+00:00,87795.828125,87829.3203125,87788.71875,87829.3203125,0
2026-01-01 13:05:00+00:00,87804.359375,87815.8046875,87804.359375,87815.8046875,5574656
2026-01-01 13:10:00+00:00,87855.59375,87855.59375,87829.203125,87830.765625,179679232
2026-01-01 13:15:00+00:00,87849.6484375,87849.6484375,87847.203125,87847.203125,0
2026-01-01 13:20:00+00:00,87884.8515625,87884.8515625,87851.0703125,87851.0703125,0
2026-01-01 13:25:00+00:00,87852.1640625,87866.7265625,87841.2265625,87866.7265625,75466752
2026-01-01 13:30:00+00:00,87834.984375,87850.6953125,87832.5,87850.6953125,0
2026-01-01 13:35:00+00:00,87846.0,87859.015625,87838.0,87838.0,191483904
2026-01-01 13:40:00+00:00,87858.2890625,87858.2890625,87847.140625,87847.140625,3237888
2026-01-01 13:45:00+00:00,87842.125,87859.0859375,87832.40625,87859.0859375,0
2026-01-01 13:50:00+00:00,87777.96875,87810.40625,87759.8359375,87759.8359375,0
2026-01-01 13:55:00+00:00,87786.3515625,87810.4921875,87786.3515625,87804.265625,0
2026-01-01 14:00:00+00:00,87731.96875,87793.8515625,87731.96875,87793.8515625,0
2026-01-01 14:05:00+00:00,87743.15625,87760.5625,87725.8046875,87760.5625,0
2026-01-01 14:10:00+00:00,87832.3828125,87833.6875,87755.7109375,87755.7109375,0
2026-01-01 14:15:00+00:00,87838.5625,87838.5625,87829.015625,87829.015625,0
2026-01-01 14:20:00+00:00,87833.8125,87849.6015625,87826.0390625,87849.6015625,738066432
2026-01-01 14:25:00+00:00,87791.703125,87798.28125,87784.53125,87798.125,29796352
2026-01-01 14:30:00+00:00,87730.53125,87766.828125,87713.8515625,87766.828125,0
2026-01-01 14:35:00+00:00,87769.15625,87769.15625,87737.171875,87737.171875,0
2026-01-01 14:40:00+00:00,87768.3125,87783.1796875,87768.3125,87773.7265625,0
2026-01-01 14:45:00+00:00,87792.4375,87792.4375,87781.203125,87781.203125,0
2026-01-01 14:50:00+00:00,87846.21875,87846.21875,87787.6328125,87787.6328125,0
2026-01-01 14:55:00+00:00,87840.1640625,87849.296875,87839.03125,87849.296875,0
2026-01-01 15:00:00+00:00,87832.125,87849.0078125,87832.125,87848.578125,375435264
2026-01-01 15:05:00+00:00,87849.0703125,87849.0703125,87846.6015625,87846.6015625,0
2026-01-01 15:10:00+00:00,87821.875,87821.875,87814.3984375,87814.3984375,0
2026-01-01 15:15:00+00:00,87941.4140625,87941.4140625,87857.9140625,87857.9140625,0
2026-01-01 15:20:00+00:00,87886.0703125,87919.6015625,87886.0703125,87919.6015625,0
2026-01-01 15:25:00+00:00,87868.4765625,87878.6953125,87868.4765625,87878.6953125,0
2026-01-01 15:30:00+00:00,87876.796875,87882.1640625,87871.828125,87882.1640625,0
2026-01-01 15:35:00+00:00,87870.296875,87870.296875,87843.5546875,87859.765625,0
2026-01-01 15:40:00+00:00,87917.3125,87926.21875,87850.625,87850.625,0
2026-01-01 15:45:00+00:00,87883.4453125,87936.1640625,87883.4453125,87906.734375,0
2026-01-01 15:50:00+00:00,87900.265625,87900.265625,87882.7734375,87882.7734375,0
2026-01-01 15:55:00+00:00,87922.0625,87924.2890625,87922.0625,87924.2890625,0
2026-01-01 16:00:00+00:00,87878.21875,87920.5625,87874.4921875,87920.5625,0
2026-01-01 16:05:00+00:00,87869.140625,87869.140625,87853.9296875,87853.9296875,0
2026-01-01 16:10:00+00:00,87832.3125,87848.0859375,87831.5625,87848.0859375,0
2026-01-01 16:15:00+00:00,87808.8359375,87837.7265625,87808.8359375,87835.9921875,0
2026-01-01 16:20:00+00:00,87779.5703125,87802.328125,87762.65625,87802.328125,0
2026-01-01 16:25:00+00:00,87840.6796875,87840.6796875,87794.9140625,87794.9140625,0
2026-01-01 16:30:00+00:00,87862.734375,87866.515625,87824.125,87838.296875,0
2026-01-01 16:35:00+00:00,87852.34375,87861.6484375,87852.34375,87853.0625,0
2026-01-01 16:40:00+00:00,87835.84375,87846.9921875,87833.6875,87846.9921875,0
2026-01-01 16:45:00+00:00,87859.75,87859.75,87826.265625,87826.265625,0
2026-01-01 16:50:00+00:00,87854.734375,87868.7265625,87851.6640625,87868.7265625,0
2026-01-01 16:55:00+00:00,87863.2734375,87863.2734375,87852.234375,87857.6953125,0
2026-01-01 17:00:00+00:00,87861.5390625,87871.9453125,87856.0234375,87868.3359375,0
2026-01-01 17:05:00+00:00,87882.0,87882.453125,87869.2890625,87869.2890625,0
2026-01-01 17:10:00+00:00,87922.53125,87922.53125,87884.640625,87884.640625,0
2026-01-01 17:15:00+00:00,87947.390625,87954.3359375,87936.09375,87936.09375,0
2026-01-01 17:20:00+00:00,88088.6484375,88130.1484375,87948.8984375,87948.8984375,0
2026-01-01 17:25:00+00:00,88123.0078125,88123.0078125,88076.2265625,88076.2265625,81469440
2026-01-01 17:30:00+00:00,88289.1796875,88358.0390625,88129.5859375,88129.5859375,0
2026-01-01 17:35:00+00:00,88291.7890625,88291.7890625,88241.1328125,88241.1328125,21168128
2026-01-01 17:40:00+00:00,88260.0390625,88323.6015625,88260.0390625,88321.46875,0
2026-01-01 17:45:00+00:00,88222.9375,88234.8828125,88222.9375,88229.3125,73822208
2026-01-01 17:50:00+00:00,88299.265625,88302.9140625,88213.9921875,88213.9921875,140793856
2026-01-01 17:55:00+00:00,88187.8203125,88220.734375,88181.5,88220.734375,0
2026-01-01 18:00:00+00:00,88166.328125,88239.390625,88166.328125,88239.390625,0
2026-01-01 18:05:00+00:00,88105.1796875,88107.7734375,88105.1796875,88107.7734375,176486400
2026-01-01 18:10:00+00:00,88095.5703125,88126.5703125,88095.5703125,88126.5703125,0
2026-01-01 18:15:00+00:00,88025.8203125,88057.2890625,88025.734375,88057.2890625,0
2026-01-01 18:20:00+00:00,88113.9765625,88113.9765625,88065.140625,88065.140625,14698496
2026-01-01 18:25:00+00:00,88012.1640625,88062.7421875,88012.1640625,88062.7421875,0
2026-01-01 18:30:00+00:00,88009.8828125,88009.8828125,87984.6015625,87984.6015625,0
2026-01-01 18:35:00+00:00,88039.3203125,88040.28125,88009.40625,88009.40625,33245184
2026-01-01 18:40:00+00:00,88043.375,88043.375,88033.4296875,88033.4296875,9721856
2026-01-01 18:45:00+00:00,88082.703125,88089.0546875,88076.421875,88076.421875,0
2026-01-01 18:50:00+00:00,88069.96875,88076.3203125,88069.34375,88070.8359375,25227264
2026-01-01 18:55:00+00:00,88055.2578125,88055.2578125,88031.4609375,88032.6328125,0
2026-01-01 19:00:00+00:00,88042.21875,88067.7734375,88042.21875,88062.9765625,0
2026-01-01 19:05:00+00:00,88049.6953125,88049.6953125,88044.4765625,88044.4765625,0
2026-01-01 19:10:00+00:00,87970.1875,88018.90625,87970.1875,88010.5703125,0
2026-01-01 19:15:00+00:00,88021.765625,88021.765625,87985.8046875,87985.8046875,0
2026-01-01 19:20:00+00:00,88029.7734375,88029.7734375,88016.03125,88016.03125,47511552
2026-01-01 19:25:00+00:00,88043.2890625,88043.2890625,88030.453125,88031.703125,0
2026-01-01 19:30:00+00:00,88046.703125,88046.703125,88038.125,88041.96875,0
2026-01-01 19:35:00+00:00,88117.03125,88117.03125,88047.1484375,88047.1484375,0
2026-01-01 19:40:00+00:00,88205.0234375,88205.0234375,88176.59375,88176.59375,72556544
2026-01-01 19:45:00+00:00,88206.015625,88206.015625,88193.4609375,88193.8203125,0
2026-01-01 19:50:00+00:00,88278.203125,88297.9296875,88259.921875,88259.921875,88745984
2026-01-01 19:55:00+00:00,88222.2578125,88276.4921875,88222.2578125,88276.4921875,0
2026-01-01 20:00:00+00:00,88225.1484375,88244.1015625,88225.1484375,88239.71875,0
2026-01-01 20:05:00+00:00,88206.2578125,88213.4453125,88202.90625,88202.90625,0
2026-01-01 20:10:00+00:00,88215.109375,88219.078125,88200.3203125,88208.203125,0
2026-01-01 20:15:00+00:00,88237.5546875,88237.5546875,88210.6953125,88223.4296875,0
2026-01-01 20:20:00+00:00,88227.65625,88237.9296875,88202.8359375,88237.9296875,0
2026-01-01 20:25:00+00:00,88226.65625,88226.65625,88217.4609375,88221.65625,67672064
2026-01-01 20:30:00+00:00,88202.671875,88233.5390625,88202.671875,88231.796875,0
2026-01-01 20:35:00+00:00,88185.3828125,88211.4765625,88185.3828125,88210.296875,0
2026-01-01 20:40:00+00:00,88176.4609375,88206.6484375,88173.9296875,88173.9296875,0
2026-01-01 20:45:00+00:00,88163.1171875,88163.1171875,88145.21875,88145.21875,0
2026-01-01 20:50:00+00:00,88146.671875,88168.8515625,88133.1328125,88162.0078125,0
2026-01-01 20:55:00+00:00,88146.328125,88153.6875,88146.328125,88153.6875,0
2026-01-01 21:00:00+00:00,88152.6171875,88152.6171875,88147.4296875,88147.5546875,0
2026-01-01 21:05:00+00:00,88159.7734375,88159.7734375,88142.515625,88149.328125,0
2026-01-01 21:10:00+00:00,88273.1484375,88273.1484375,88192.78125,88192.78125,0
2026-01-01 21:15:00+00:00,88261.4921875,88275.21875,88258.25,88275.21875,49412096
2026-01-01 21:20:00+00:00,88250.1328125,88250.1328125,88243.703125,88243.703125,0
2026-01-01 21:25:00+00:00,88267.640625,88274.7734375,88253.78125,88253.78125,0
2026-01-01 21:30:00+00:00,88257.3984375,88269.3046875,88257.3984375,88269.3046875,0
2026-01-01 21:35:00+00:00,88245.1484375,88259.5,88245.1484375,88247.625,0
2026-01-01 21:40:00+00:00,88241.0234375,88260.921875,88241.0234375,88243.6796875,0
2026-01-01 21:45:00+00:00,88217.578125,88224.484375,88201.046875,88224.484375,0
2026-01-01 21:50:00+00:00,88271.96875,88279.6796875,88227.9765625,88227.9765625,0
2026-01-01 21:55:00+00:00,88270.203125,88280.140625,88268.1484375,88280.140625,0
2026-01-01 22:00:00+00:00,88324.3203125,88328.484375,88271.7734375,88271.7734375,0
2026-01-01 22:05:00+00:00,88357.4609375,88357.4609375,88346.1875,88346.1875,0
2026-01-01 22:10:00+00:00,88383.5546875,88428.9140625,88381.5234375,88425.7265625,85252096
2026-01-01 22:15:00+00:00,88398.0234375,88401.1640625,88388.2890625,88388.2890625,3962880
2026-01-01 22:20:00+00:00,88387.5546875,88387.5546875,88365.7890625,88380.3984375,0
2026-01-01 22:25:00+00:00,88445.875,88448.0390625,88394.0703125,88394.0703125,96043008
2026-01-01 22:30:00+00:00,88447.390625,88473.015625,88428.703125,88428.703125,22429696
2026-01-01 22:35:00+00:00,88367.59375,88382.0390625,88318.109375,88382.0390625,21782528
2026-01-01 22:40:00+00:00,88450.40625,88450.40625,88376.2890625,88376.2890625,20385792
2026-01-01 22:45:00+00:00,88471.6640625,88473.8671875,88468.9453125,88473.8671875,0
2026-01-01 22:50:00+00:00,88532.4140625,88532.4140625,88485.1328125,88485.1328125,42362880
2026-01-01 22:55:00+00:00,88562.9765625,88565.015625,88543.0859375,88543.0859375,59308032
2026-01-01 23:00:00+00:00,88412.5625,88607.640625,88412.5625,88530.3203125,122249216
2026-01-01 23:05:00+00:00,88481.8125,88481.8125,88378.5078125,88378.5078125,28254208
2026-01-01 23:10:00+00:00,88470.125,88522.7421875,88437.1328125,88495.7734375,0
2026-01-01 23:15:00+00:00,88581.625,88581.625,88469.6171875,88469.6171875,0
2026-01-01 23:20:00+00:00,88647.6171875,88664.1328125,88573.75,88573.75,99471360
2026-01-01 23:25:00+00:00,88621.15625,88647.125,88616.515625,88647.125,0
2026-01-01 23:30:00+00:00,88688.0625,88689.125,88619.2265625,88619.2265625,31041536
2026-01-01 23:35:00+00:00,88682.421875,88698.46875,88673.015625,88673.015625,0
2026-01-01 23:40:00+00:00,88731.125,88731.125,88686.328125,88686.328125,98570240
2026-01-01 23:45:00+00:00,88677.171875,88791.9765625,88677.171875,88777.8203125,270499840
2026-01-01 23:50:00+00:00,88752.0390625,88752.0390625,88650.5234375,88650.5234375,11188224
2026-01-01 23:55:00+00:00,88722.0703125,88734.203125,88722.0703125,88722.25,0
2026-01-02 00:00:00+00:00,88664.9375,88750.7734375,88664.9375,88725.46875,0
2026-01-02 00:05:00+00:00,88559.078125,88620.7265625,88559.078125,88620.7265625,0
2026-01-02 00:10:00+00:00,88518.953125,88532.71875,88518.953125,88523.4453125,105400320
2026-01-02 00:15:00+00:00,88517.0859375,88557.5234375,88517.0859375,88539.9609375,87019520
2026-01-02 00:20:00+00:00,88588.6953125,88588.6953125,88498.2890625,88498.2890625,20418560
2026-01-02 00:25:00+00:00,88576.28125,88589.8828125,88576.28125,88581.6953125,46086144
2026-01-02 00:30:00+00:00,88754.1875,88754.3984375,88602.6875,88602.6875,0
2026-01-02 00:35:00+00:00,88721.0390625,88728.875,88721.0390625,88723.9140625,62060544
2026-01-02 00:40:00+00:00,88537.15625,88682.875,88537.15625,88682.875,37167104
2026-01-02 00:45:00+00:00,88718.875,88718.875,88620.59375,88620.59375,183355392
2026-01-02 00:50:00+00:00,88680.140625,88749.78125,88680.140625,88722.1328125,26578944
2026-01-02 00:55:00+00:00,88675.3984375,88697.8984375,88675.3984375,88697.8984375,24483840
2026-01-02 01:00:00+00:00,88659.6171875,88739.828125,88659.6171875,88710.0625,0
2026-01-02 01:05:00+00:00,88665.859375,88700.2421875,88658.421875,88658.421875,0
2026-01-02 01:10:00+00:00,88699.71875,88706.828125,88642.4375,88642.4375,0
2026-01-02 01:15:00+00:00,88614.2578125,88626.953125,88614.2578125,88619.3671875,0
2026-01-02 01:20:00+00:00,88615.15625,88627.2890625,88610.6171875,88610.6171875,136550400
2026-01-02 01:25:00+00:00,88606.3125,88606.3125,88594.640625,88599.5,70055936
2026-01-02 01:30:00+00:00,88550.6796875,88596.6875,88550.6796875,88588.6953125,0
2026-01-02 01:35:00+00:00,88450.109375,88466.6953125,88433.0234375,88466.6953125,130811904
2026-01-02 01:40:00+00:00,88536.78125,88536.78125,88469.9140625,88469.9140625,162033664
2026-01-02 01:45:00+00:00,88501.6796875,88535.046875,88494.84375,88529.421875,0
2026-01-02 01:50:00+00:00,88524.1328125,88542.734375,88515.515625,88515.515625,189063168
2026-01-02 01:55:00+00:00,88534.2890625,88538.78125,88523.9453125,88523.9453125,0
2026-01-02 02:00:00+00:00,88471.125,88550.125,88471.125,88535.265625,0
2026-01-02 02:05:00+00:00,88335.375,88442.3984375,88335.375,88442.3984375,34205696
2026-01-02 02:10:00+00:00,88380.9375,88383.2265625,88364.921875,88364.921875,0
2026-01-02 02:15:00+00:00,88361.9140625,88382.5078125,88361.9140625,88382.5078125,557412352
2026-01-02 02:20:00+00:00,88333.5390625,88394.0859375,88298.6171875,88394.0859375,71600128
2026-01-02 02:25:00+00:00,88322.203125,88346.1328125,88322.203125,88330.75,52377600
2026-01-02 02:30:00+00:00,88330.0234375,88330.0234375,88312.765625,88323.34375,48857088
2026-01-02 02:35:00+00:00,88353.9453125,88356.7890625,88338.9609375,88345.8515625,0
2026-01-02 02:40:00+00:00,88382.0390625,88406.5234375,88351.75,88351.75,0
2026-01-02 02:45:00+00:00,88421.8359375,88421.8359375,88373.5,88373.5,0
2026-01-02 02:50:00+00:00,88509.578125,88513.921875,88447.5234375,88447.5234375,37869568
2026-01-02 02:55:00+00:00,88498.0546875,88510.078125,88498.0546875,88510.078125,125548544
2026-01-02 03:00:00+00:00,88490.96875,88519.609375,88479.9140625,88519.609375,92334080
2026-01-02 03:05:00+00:00,88682.7265625,88696.8046875,88471.65625,88471.65625,0
2026-01-02 03:10:00+00:00,88747.671875,88747.671875,88635.625,88635.625,65382400
2026-01-02 03:15:00+00:00,88755.75,88830.75,88755.75,88830.75,98635776
2026-01-02 03:20:00+00:00,88730.8359375,88748.7890625,88730.8359375,88748.7890625,56774656
2026-01-02 03:25:00+00:00,88755.2578125,88784.3203125,88707.8203125,88707.8203125,184850432
2026-01-02 03:30:00+00:00,88780.8984375,88806.5390625,88761.703125,88761.703125,172945408
2026-01-02 03:35:00+00:00,88829.328125,88829.328125,88756.7421875,88756.7421875,47923200
2026-01-02 03:40:00+00:00,88864.953125,88985.9609375,88851.7890625,88851.7890625,94760960
2026-01-02 03:45:00+00:00,88923.96875,88926.0078125,88861.375,88861.375,252944384
2026-01-02 03:50:00+00:00,88951.7578125,88968.0546875,88938.734375,88948.5546875,29212672
2026-01-02 03:55:00+00:00,88778.703125,88940.1484375,88778.703125,88940.1484375,21178368
2026-01-02 04:00:00+00:00,88862.59375,88862.59375,88832.3828125,88832.3828125,35862528
2026-01-02 04:05:00+00:00,88787.5,88799.9296875,88787.5,88799.9296875,60528640
2026-01-02 04:10:00+00:00,88724.4453125,88746.1171875,88709.5390625,88740.5234375,27650048
2026-01-02 04:15:00+00:00,88716.0546875,88722.1484375,88716.0546875,88722.1484375,31526912
2026-01-02 04:20:00+00:00,88672.828125,88712.609375,88662.390625,88712.609375,177461248
2026-01-02 04:25:00+00:00,88643.0390625,88683.734375,88643.0390625,88683.734375,0
2026-01-02 04:30:00+00:00,88686.78125,88704.1796875,88643.5859375,88643.5859375,0
2026-01-02 04:35:00+00:00,88708.5078125,88708.5078125,88679.0390625,88679.0390625,0
2026-01-02 04:40:00+00:00,88682.765625,88711.765625,88682.765625,88711.765625,0
2026-01-02 04:45:00+00:00,88595.828125,88637.7109375,88595.828125,88637.7109375,0
2026-01-02 04:50:00+00:00,88648.3671875,88648.3671875,88603.125,88603.125,0
2026-01-02 04:55:00+00:00,88530.375,88581.5546875,88530.375,88581.5078125,59148288
2026-01-02 05:00:00+00:00,88536.6953125,88542.2578125,88525.78125,88529.6484375,0
2026-01-02 05:05:00+00:00,88581.78125,88581.78125,88550.328125,88550.328125,77314048
2026-01-02 05:10:00+00:00,88577.78125,88596.59375,88576.3046875,88576.3046875,0
2026-01-02 05:15:00+00:00,88604.484375,88604.484375,88575.6875,88575.6875,298541056
2026-01-02 05:20:00+00:00,88508.40625,88649.3203125,88508.40625,88649.3203125,49944576
2026-01-02 05:25:00+00:00,88496.84375,88519.3125,88496.84375,88519.3125,0
2026-01-02 05:30:00+00:00,88511.6953125,88511.6953125,88477.3984375,88478.078125,0
2026-01-02 05:35:00+00:00,88548.2109375,88570.7421875,88500.9765625,88500.9765625,0
2026-01-02 05:40:00+00:00,88575.6640625,88575.6640625,88554.4609375,88554.4609375,89839616
2026-01-02 05:45:00+00:00,88590.078125,88617.4140625,88590.078125,88597.078125,0
2026-01-02 05:50:00+00:00,88664.5625,88670.9765625,88597.6875,88597.6875,66037760
2026-01-02 05:55:00+00:00,88652.2890625,88670.84375,88652.2890625,88667.1953125,0
2026-01-02 06:00:00+00:00,88729.625,88729.625,88636.3359375,88636.3359375,127782912
2026-01-02 06:05:00+00:00,88626.7421875,88667.921875,88626.7421875,88667.921875,20348928
2026-01-02 06:10:00+00:00,88703.6171875,88703.6171875,88631.8203125,88631.8203125,26843136
2026-01-02 06:15:00+00:00,88713.359375,88713.359375,88682.640625,88685.7578125,43137024
2026-01-02 06:20:00+00:00,88764.71875,88764.71875,88718.6484375,88723.953125,0
2026-01-02 06:25:00+00:00,88815.515625,88815.515625,88763.2109375,88763.421875,89368576
2026-01-02 06:30:00+00:00,88832.25,88839.6484375,88809.53125,88809.53125,120188928
2026-01-02 06:35:00+00:00,88843.90625,88848.1953125,88830.0390625,88830.0390625,0
2026-01-02 06:40:00+00:00,88903.8359375,88956.0703125,88903.8359375,88914.640625,168708096
2026-01-02 06:45:00+00:00,88870.7734375,88919.515625,88870.7734375,88919.515625,112855040
2026-01-02 06:50:00+00:00,88896.4453125,88918.4296875,88895.9140625,88895.9140625,31062016
2026-01-02 06:55:00+00:00,88838.5703125,88898.0625,88838.5703125,88898.0625,5019648
2026-01-02 07:00:00+00:00,88864.6953125,88878.3203125,88830.1875,88830.1875,110186496
2026-01-02 07:05:00+00:00,88903.0078125,88903.0078125,88858.2109375,88858.2109375,0
2026-01-02 07:10:00+00:00,88920.1953125,88920.1953125,88897.875,88897.875,57237504
2026-01-02 07:15:00+00:00,88918.6171875,88934.4296875,88918.6171875,88934.4296875,44068864
2026-01-02 07:20:00+00:00,88858.1796875,88879.9140625,88858.1796875,88879.9140625,68356096
2026-01-02 07:25:00+00:00,88797.96875,88863.53125,88797.96875,88863.53125,80363520
2026-01-02 07:30:00+00:00,88774.65625,88786.1953125,88756.5625,88786.1953125,39901184
2026-01-02 07:35:00+00:00,88755.671875,88768.609375,88752.2890625,88767.5859375,0
2026-01-02 07:40:00+00:00,88752.09375,88781.09375,88752.09375,88777.734375,31191040
2026-01-02 07:45:00+00:00,88766.25,88783.0078125,88757.890625,88757.890625,40998912
2026-01-02 07:50:00+00:00,88777.3046875,88777.3046875,88748.6640625,88748.6640625,56772608
2026-01-02 07:55:00+00:00,88773.3203125,88774.90625,88771.3671875,88771.3671875,0
2026-01-02 08:00:00+00:00,88711.90625,88778.921875,88711.90625,88754.0859375,136376320
2026-01-02 08:05:00+00:00,88876.71875,88876.71875,88738.9375,88738.9375,187987968
2026-01-02 08:10:00+00:00,88957.015625,88957.015625,88870.3125,88870.3125,0
2026-01-02 08:15:00+00:00,88925.9375,88962.953125,88925.9375,88962.953125,0
2026-01-02 08:20:00+00:00,88964.421875,88964.421875,88880.5625,88880.5625,118919168
2026-01-02 08:25:00+00:00,88973.890625,88991.78125,88973.890625,88991.515625,157761536
2026-01-02 08:30:00+00:00,88968.140625,88968.140625,88933.3359375,88952.5859375,0
2026-01-02 08:35:00+00:00,88980.21875,89030.09375,88980.21875,89001.3203125,37627904
2026-01-02 08:40:00+00:00,88995.25,88995.25,88989.2109375,88989.2109375,0
2026-01-02 08:45:00+00:00,88985.6171875,88995.9765625,88985.6171875,88995.9765625,74735616
2026-01-02 08:50:00+00:00,89027.53125,89027.53125,89002.6328125,89014.4296875,41553920
2026-01-02 08:55:00+00:00,89049.5703125,89049.5703125,88989.109375,88989.109375,63717376
2026-01-02 09:00:00+00:00,89032.8046875,89082.34375,89032.8046875,89068.890625,91379712
2026-01-02 09:05:00+00:00,89025.7578125,89028.3046875,89025.7578125,89028.3046875,73826304
2026-01-02 09:10:00+00:00,89116.046875,89178.140625,89031.4375,89031.4375,224548864
2026-01-02 09:15:00+00:00,89037.59375,89097.84375,89037.59375,89097.84375,213452800
2026-01-02 09:20:00+00:00,89066.34375,89074.7265625,89034.0703125,89034.0703125,0
2026-01-02 09:25:00+00:00,89056.765625,89056.765625,89049.625,89049.625,663209984
2026-01-02 09:30:00+00:00,89044.0546875,89081.5234375,89044.0546875,89051.96875,107110400
2026-01-02 09:35:00+00:00,89057.6015625,89065.7265625,89036.640625,89036.640625,44318720
2026-01-02 09:40:00+00:00,89093.1171875,89093.1171875,89024.6328125,89037.0234375,248778752
2026-01-02 09:45:00+00:00,89144.0234375,89144.0234375,89097.421875,89097.421875,92784640
2026-01-02 09:50:00+00:00,89316.6875,89346.9765625,89264.140625,89346.9765625,285337600
2026-01-02 09:55:00+00:00,89344.4140625,89344.4140625,89322.265625,89335.53125,299966464
2026-01-02 10:00:00+00:00,89394.4609375,89432.21875,89356.6328125,89356.6328125,233342976
2026-01-02 10:05:00+00:00,89647.4296875,89647.4296875,89374.140625,89374.140625,0
2026-01-02 10:10:00+00:00,89606.8828125,89668.8515625,89606.8828125,89668.8515625,0
2026-01-02 10:15:00+00:00,89758.578125,89786.4921875,89717.1484375,89717.1484375,979750912
2026-01-02 10:20:00+00:00,89758.5,89779.890625,89752.59375,89763.7265625,521771008
2026-01-02 10:25:00+00:00,89561.984375,89690.3046875,89561.984375,89690.3046875,394285056
2026-01-02 10:30:00+00:00,89541.5546875,89553.3125,89507.90625,89507.90625,37980160
2026-01-02 10:35:00+00:00,89582.0703125,89582.0703125,89514.21875,89514.21875,386189312
2026-01-02 10:40:00+00:00,89597.2265625,89598.4921875,89584.546875,89598.4921875,0
2026-01-02 10:45:00+00:00,89637.1796875,89637.1796875,89596.25,89596.25,814817280
2026-01-02 10:50:00+00:00,89607.21875,89654.84375,89607.21875,89633.3359375,0
2026-01-02 10:55:00+00:00,89544.265625,89566.859375,89544.265625,89566.859375,173410304
2026-01-02 11:00:00+00:00,89488.7734375,89557.59375,89488.7734375,89557.59375,132763648
2026-01-02 11:05:00+00:00,89454.15625,89522.5703125,89454.15625,89484.203125,0
2026-01-02 11:10:00+00:00,89435.4140625,89447.453125,89427.03125,89427.03125,0
2026-01-02 11:15:00+00:00,89391.3125,89435.7890625,89391.3125,89435.7890625,127012864
2026-01-02 11:20:00+00:00,89454.0078125,89454.0078125,89416.0546875,89416.0546875,202885120
2026-01-02 11:25:00+00:00,89374.328125,89426.0078125,89374.328125,89426.0078125,111753216
2026-01-02 11:30:00+00:00,89317.9296875,89317.9296875,89280.6015625,89280.6015625,0
2026-01-02 11:35:00+00:00,89385.765625,89419.8203125,89339.8515625,89339.8515625,289855488
2026-01-02 11:40:00+00:00,89360.578125,89360.578125,89356.6171875,89357.9375,174667776
2026-01-02 11:45:00+00:00,89447.875,89447.875,89410.1015625,89412.3203125,89432064
2026-01-02 11:50:00+00:00,89441.140625,89441.140625,89411.25,89433.765625,0
2026-01-02 11:55:00+00:00,89428.8046875,89472.0546875,89428.8046875,89472.0546875,247527424
2026-01-02 12:00:00+00:00,89334.9375,89436.0390625,89334.9375,89412.015625,0
2026-01-02 12:05:00+00:00,89330.359375,89342.9375,89330.359375,89342.9375,0
2026-01-02 12:10:00+00:00,89373.15625,89373.15625,89293.984375,89293.984375,104290304
2026-01-02 12:15:00+00:00,89430.546875,89430.546875,89387.4609375,89387.4609375,0
2026-01-02 12:20:00+00:00,89374.5078125,89481.9453125,89349.109375,89481.9453125,72349696
2026-01-02 12:25:00+00:00,89379.9453125,89436.9453125,89379.9453125,89398.9140625,303972352
2026-01-02 12:30:00+00:00,89346.4375,89376.7265625,89346.4375,89376.7265625,0
2026-01-02 12:35:00+00:00,89393.734375,89402.0703125,89383.8515625,89402.0703125,22740992
2026-01-02 12:40:00+00:00,89429.4609375,89429.4609375,89393.9921875,89410.0625,118306816
2026-01-02 12:45:00+00:00,89439.296875,89449.53125,89429.6875,89429.6875,299235328
2026-01-02 12:50:00+00:00,89382.2578125,89415.671875,89382.2578125,89415.671875,36210688
2026-01-02 12:55:00+00:00,89321.921875,89374.7578125,89318.765625,89374.7578125,0
2026-01-02 13:00:00+00:00,89307.671875,89319.8125,89297.921875,89312.8671875,202498048
2026-01-02 13:05:00+00:00,89427.4296875,89427.4296875,89312.2265625,89325.828125,82688000
2026-01-02 13:10:00+00:00,89353.40625,89381.328125,89353.40625,89380.3359375,14624768
2026-01-02 13:15:00+00:00,89453.7265625,89509.953125,89372.484375,89372.484375,100331520
2026-01-02 13:20:00+00:00,89514.296875,89557.453125,89514.296875,89518.3828125,83763200
2026-01-02 13:25:00+00:00,89491.484375,89502.015625,89485.234375,89485.234375,104636416
2026-01-02 13:30:00+00:00,89367.96875,89480.578125,89367.96875,89480.578125,20625408
2026-01-02 13:35:00+00:00,89340.625,89358.0078125,89340.625,89358.0078125,0
2026-01-02 13:40:00+00:00,89363.9921875,89363.9921875,89344.421875,89344.421875,1019281408
2026-01-02 13:45:00+00:00,89435.0234375,89435.0234375,89360.78125,89402.71875,10270720
2026-01-02 13:50:00+00:00,89408.328125,89423.625,89408.328125,89423.625,0
2026-01-02 13:55:00+00:00,89291.1015625,89386.3046875,89291.1015625,89386.3046875,0
2026-01-02 14:00:00+00:00,89278.6015625,89290.6796875,89278.6015625,89290.6796875,0
2026-01-02 14:05:00+00:00,89268.171875,89294.3125,89257.3046875,89294.3125,137172992
2026-01-02 14:10:00+00:00,89088.328125,89214.6796875,89088.328125,89214.6796875,0
2026-01-02 14:15:00+00:00,88962.90625,89053.2890625,88962.90625,89052.5234375,75239424
2026-01-02 14:20:00+00:00,88712.4609375,88727.9609375,88662.1640625,88727.9609375,365031424
2026-01-02 14:25:00+00:00,88838.515625,88838.515625,88791.6015625,88791.6015625,207577088
2026-01-02 14:30:00+00:00,88506.0078125,88837.5078125,88506.0078125,88837.5078125,266561536
2026-01-02 14:35:00+00:00,88824.28125,88824.28125,88534.0703125,88550.9609375,91709440
2026-01-02 14:40:00+00:00,89351.6875,89351.6875,89060.5234375,89069.046875,618133504
2026-01-02 14:45:00+00:00,89377.3671875,89377.3671875,89074.3125,89192.09375,267778048
2026-01-02 14:50:00+00:00,89628.671875,89990.46875,89628.671875,89705.34375,688015360
2026-01-02 14:55:00+00:00,89565.3359375,89565.3359375,89465.7734375,89563.703125,725368832
2026-01-02 15:00:00+00:00,89353.5859375,89728.6640625,89353.5859375,89728.6640625,436910080
2026-01-02 15:05:00+00:00,89309.875,89309.875,89190.3046875,89234.09375,196235264
2026-01-02 15:10:00+00:00,89145.6015625,89349.140625,89136.96875,89349.140625,458752000
2026-01-02 15:15:00+00:00,89099.3828125,89194.390625,89049.3515625,89049.3515625,112986112
2026-01-02 15:20:00+00:00,88892.3125,89066.078125,88885.34375,89066.078125,482768896
2026-01-02 15:25:00+00:00,89028.546875,89043.703125,88834.8515625,88834.8515625,196704256
2026-01-02 15:30:00+00:00,89403.7265625,89403.7265625,89049.4140625,89049.4140625,255715328
2026-01-02 15:35:00+00:00,89413.2734375,89461.875,89399.0703125,89399.0703125,155709440
2026-01-02 15:40:00+00:00,89667.25,89667.25,89526.640625,89526.640625,350543872
2026-01-02 15:45:00+00:00,89762.53125,89762.53125,89689.390625,89700.984375,301811712
2026-01-02 15:50:00+00:00,89498.7890625,89691.8828125,89498.7890625,89691.8828125,440576000
2026-01-02 15:55:00+00:00,89319.90625,89618.015625,89319.90625,89618.015625,125292544
2026-01-02 16:00:00+00:00,89250.390625,89375.8828125,89250.390625,89318.4140625,246386688
2026-01-02 16:05:00+00:00,89398.28125,89398.28125,89190.1171875,89236.5546875,147378176
2026-01-02 16:10:00+00:00,89634.0625,89634.0625,89487.375,89487.375,299642880
2026-01-02 16:15:00+00:00,89997.703125,90000.78125,89935.7578125,89935.7578125,86515712
2026-01-02 16:20:00+00:00,89924.65625,89952.59375,89754.109375,89754.109375,722780160
2026-01-02 16:25:00+00:00,89913.1640625,89979.65625,89905.640625,89979.65625,286584832
2026-01-02 16:30:00+00:00,90383.2109375,90430.9453125,90013.5625,90013.5625,406233088
2026-01-02 16:35:00+00:00,90478.015625,90740.125,90478.015625,90740.125,793853952
2026-01-02 16:40:00+00:00,90224.375,90526.9921875,90224.375,90508.4296875,737681408
2026-01-02 16:45:00+00:00,90135.140625,90135.140625,90012.6484375,90094.0234375,206274560
2026-01-02 16:50:00+00:00,90104.0234375,90207.796875,89925.875,90207.796875,306921472
2026-01-02 16:55:00+00:00,90346.578125,90346.578125,90191.0625,90191.0625,519999488
2026-01-02 17:00:00+00:00,90525.7421875,90525.7421875,90338.5234375,90338.5234375,131821568
2026-01-02 17:05:00+00:00,90490.5625,90647.3671875,90490.5625,90609.984375,329502720
2026-01-02 17:10:00+00:00,90663.8203125,90663.8203125,90542.1328125,90542.1328125,342904832
2026-01-02 17:15:00+00:00,90792.359375,90865.4453125,90792.359375,90807.96875,393752576
2026-01-02 17:20:00+00:00,90769.34375,90832.8671875,90768.265625,90832.8671875,367779840
2026-01-02 17:25:00+00:00,90536.15625,90544.375,90536.15625,90544.375,232951808
2026-01-02 17:30:00+00:00,90509.46875,90555.421875,90500.296875,90555.421875,185319424
2026-01-02 17:35:00+00:00,90406.28125,90518.265625,90403.1484375,90403.1484375,0
2026-01-02 17:40:00+00:00,90467.5,90512.0546875,90415.2578125,90415.2578125,65642496
2026-01-02 17:45:00+00:00,90371.84375,90497.1796875,90371.84375,90492.5546875,310575104
2026-01-02 17:50:00+00:00,90311.6640625,90311.6640625,90239.125,90239.125,35086336
2026-01-02 17:55:00+00:00,90283.484375,90327.1875,90283.484375,90327.1875,0
2026-01-02 18:00:00+00:00,90482.734375,90482.734375,90320.3125,90320.3125,0
2026-01-02 18:05:00+00:00,90312.6796875,90401.8046875,90312.6796875,90401.8046875,346980352
2026-01-02 18:10:00+00:00,90214.5625,90292.40625,90214.5625,90292.40625,0
2026-01-02 18:15:00+00:00,90326.046875,90326.046875,90292.2578125,90292.2578125,126599168
2026-01-02 18:20:00+00:00,90362.4453125,90510.9296875,90362.4453125,90424.46875,209264640
2026-01-02 18:25:00+00:00,90268.2578125,90333.0,90268.2578125,90333.0,98394112
2026-01-02 18:30:00+00:00,90141.140625,90292.6640625,90124.2109375,90292.6640625,0
2026-01-02 18:35:00+00:00,90161.8125,90161.8125,89969.3515625,89969.3515625,35209216
2026-01-02 18:40:00+00:00,89959.5703125,90105.625,89958.5859375,90105.625,309096448
2026-01-02 18:45:00+00:00,89954.96875,90029.578125,89954.96875,89981.1328125,163786752
2026-01-02 18:50:00+00:00,89526.8203125,89835.0859375,89526.8203125,89835.0859375,145076224
2026-01-02 18:55:00+00:00,89776.4609375,89776.4609375,89611.4375,89611.4375,520200192
2026-01-02 19:00:00+00:00,89720.25,89747.5859375,89683.1171875,89739.390625,81698816
2026-01-02 19:05:00+00:00,89780.7890625,89780.7890625,89697.4921875,89697.4921875,185409536
2026-01-02 19:10:00+00:00,89882.90625,89882.90625,89783.609375,89827.890625,0
2026-01-02 19:15:00+00:00,90054.0,90054.0,89936.1875,89936.1875,1402654720
2026-01-02 19:20:00+00:00,89961.0,89976.9765625,89955.1796875,89976.9765625,102535168
2026-01-02 19:25:00+00:00,89919.5703125,89933.140625,89828.515625,89933.140625,135516160
2026-01-02 19:30:00+00:00,89945.3515625,89962.015625,89925.8984375,89925.8984375,149852160
2026-01-02 19:35:00+00:00,89926.9609375,89926.9609375,89868.2734375,89920.0546875,54022144
2026-01-02 19:40:00+00:00,90023.296875,90023.296875,89972.859375,89993.359375,255651840
2026-01-02 19:45:00+00:00,89945.15625,90039.4375,89945.15625,89997.125,0
2026-01-02 19:50:00+00:00,89900.5546875,89963.703125,89900.5546875,89963.703125,0
2026-01-02 19:55:00+00:00,89878.859375,89923.265625,89878.859375,89896.03125,328982528
2026-01-02 20:00:00+00:00,89947.5859375,89947.5859375,89853.421875,89869.515625,121982976
2026-01-02 20:05:00+00:00,89801.53125,89886.40625,89801.53125,89886.40625,29331456
2026-01-02 20:10:00+00:00,89868.1015625,89903.7890625,89776.3515625,89776.3515625,119386112
2026-01-02 20:15:00+00:00,89867.5546875,89944.796875,89867.5546875,89944.796875,0
2026-01-02 20:20:00+00:00,89918.8671875,90025.4140625,89918.8671875,89949.8984375,407126016
2026-01-02 20:25:00+00:00,89891.9609375,89935.2421875,89891.9609375,89935.2421875,109760512
2026-01-02 20:30:00+00:00,89799.5078125,89860.6171875,89783.546875,89860.6171875,0
2026-01-02 20:35:00+00:00,89850.328125,89909.5234375,89824.453125,89824.453125,0
2026-01-02 20:40:00+00:00,89897.296875,89897.296875,89849.8828125,89867.765625,189403136
2026-01-02 20:45:00+00:00,89725.8203125,89868.3515625,89725.8203125,89868.3515625,44363776
2026-01-02 20:50:00+00:00,89635.2109375,89727.15625,89635.2109375,89727.15625,76423168
2026-01-02 20:55:00+00:00,89695.359375,89695.359375,89599.8515625,89599.8515625,388825088
2026-01-02 21:00:00+00:00,89782.234375,89782.234375,89724.6796875,89724.6796875,54231040
2026-01-02 21:05:00+00:00,89762.1640625,89763.96875,89762.1640625,89763.15625,0
2026-01-02 21:10:00+00:00,89760.8828125,89760.8828125,89727.6953125,89754.40625,158474240
2026-01-02 21:15:00+00:00,89804.125,89816.171875,89762.515625,89762.515625,18923520
2026-01-02 21:20:00+00:00,89878.7734375,89878.7734375,89818.46875,89823.5,33959936
2026-01-02 21:25:00+00:00,89950.8828125,89950.8828125,89873.015625,89873.015625,0
2026-01-02 21:30:00+00:00,89944.8359375,89960.265625,89932.78125,89960.265625,0
2026-01-02 21:35:00+00:00,89845.6953125,89933.5859375,89845.6953125,89933.5859375,0
2026-01-02 21:40:00+00:00,89868.2109375,89868.8515625,89848.5390625,89868.8515625,56102912
2026-01-02 21:45:00+00:00,89923.671875,89923.671875,89897.125,89897.125,382054400
2026-01-02 21:50:00+00:00,90092.3203125,90092.3203125,89884.8828125,89927.828125,0
2026-01-02 21:55:00+00:00,90046.5703125,90070.875,90041.8671875,90050.875,70787072
2026-01-02 22:00:00+00:00,90052.9375,90073.2109375,89990.53125,89990.53125,169205760
2026-01-02 22:05:00+00:00,90141.796875,90239.1015625,90121.0546875,90239.1015625,0
2026-01-02 22:10:00+00:00,90078.6484375,90157.90625,90078.6484375,90157.359375,144990208
2026-01-02 22:15:00+00:00,90103.421875,90103.421875,90062.9765625,90062.9765625,126148608
2026-01-02 22:20:00+00:00,90100.7890625,90166.0859375,90100.7890625,90145.2734375,27549696
2026-01-02 22:25:00+00:00,90103.578125,90110.6328125,90098.015625,90110.6328125,0
2026-01-02 22:30:00+00:00,90109.953125,90159.5703125,90099.234375,90099.234375,0
2026-01-02 22:35:00+00:00,90132.40625,90152.34375,90033.09375,90053.96875,0
2026-01-02 22:40:00+00:00,90209.171875,90209.171875,90164.5,90164.5,261435392
2026-01-02 22:45:00+00:00,90347.03125,90347.03125,90265.0,90279.671875,0
2026-01-02 22:50:00+00:00,90234.9609375,90292.1171875,90234.9609375,90292.1171875,0
2026-01-02 22:55:00+00:00,90159.9921875,90224.1875,90159.9921875,90224.1875,266805248
2026-01-02 23:00:00+00:00,90103.65625,90168.9921875,90103.65625,90168.9921875,0
2026-01-02 23:05:00+00:00,90112.484375,90149.15625,90112.484375,90149.15625,0
2026-01-02 23:10:00+00:00,90055.875,90104.0625,90048.2109375,90104.0625,167981056
2026-01-02 23:15:00+00:00,90074.234375,90089.03125,90049.0390625,90049.0390625,0
2026-01-02 23:20:00+00:00,89951.7109375,90057.765625,89951.7109375,90057.765625,0
2026-01-02 23:25:00+00:00,89930.171875,89931.8125,89920.8828125,89920.8828125,0
2026-01-02 23:30:00+00:00,89913.515625,89913.515625,89904.609375,89904.625,71561216
2026-01-02 23:35:00+00:00,89930.9296875,89930.9296875,89873.859375,89899.4296875,27344896
2026-01-02 23:40:00+00:00,89919.0625,89933.5234375,89919.0625,89933.5234375,0
2026-01-02 23:45:00+00:00,89909.3984375,89937.921875,89883.1484375,89937.921875,107491328
2026-01-02 23:50:00+00:00,89897.71875,89913.15625,89897.71875,89905.921875,0
2026-01-02 23:55:00+00:00,89946.1171875,89946.1171875,89934.3359375,89945.5234375,7397376
2026-01-03 00:00:00+00:00,89997.3046875,89997.3046875,89948.5625,89948.5625,0
2026-01-03 00:05:00+00:00,90062.2890625,90062.2890625,90031.71875,90031.71875,0
2026-01-03 00:10:00+00:00,90032.5625,90098.140625,90032.5625,90049.0625,0
2026-01-03 00:15:00+00:00,89947.8046875,90019.1484375,89947.8046875,90019.1484375,54980608
2026-01-03 00:20:00+00:00,89986.7265625,89991.796875,89929.8984375,89929.8984375,0
2026-01-03 00:25:00+00:00,89997.59375,90050.40625,89997.59375,90050.40625,0
2026-01-03 00:30:00+00:00,90018.6328125,90041.7109375,90011.7265625,90041.7109375,299831296
2026-01-03 00:35:00+00:00,90006.6796875,90031.890625,90006.6796875,90031.890625,0
2026-01-03 00:40:00+00:00,90064.859375,90064.859375,90008.9765625,90023.96875,0
2026-01-03 00:45:00+00:00,90065.9453125,90089.1015625,90044.1328125,90057.5078125,0
2026-01-03 00:50:00+00:00,90143.2421875,90143.2421875,90071.59375,90071.59375,0
2026-01-03 00:55:00+00:00,90098.6640625,90153.2421875,90098.6640625,90133.734375,0
2026-01-03 01:00:00+00:00,90117.2265625,90131.015625,90116.734375,90120.7890625,0
2026-01-03 01:05:00+00:00,90117.84375,90150.953125,90117.84375,90150.953125,151306240
2026-01-03 01:10:00+00:00,90186.453125,90191.609375,90137.0390625,90137.0390625,0
2026-01-03 01:15:00+00:00,90153.8671875,90182.0546875,90153.8671875,90182.0546875,0
2026-01-03 01:20:00+00:00,90063.4453125,90131.90625,90054.0703125,90131.90625,46858240
2026-01-03 01:25:00+00:00,90050.734375,90074.0234375,90047.109375,90047.109375,0
2026-01-03 01:30:00+00:00,90119.1875,90119.1875,90048.765625,90048.765625,43458560
2026-01-03 01:35:00+00:00,90136.328125,90150.5546875,90112.7578125,90112.7578125,0
2026-01-03 01:40:00+00:00,90123.4453125,90151.875,90123.4453125,90151.875,1181171712
2026-01-03 01:45:00+00:00,90162.8046875,90176.9921875,90135.9140625,90140.078125,12251136
2026-01-03 01:50:00+00:00,90144.8203125,90166.4921875,90144.8203125,90159.125,7286784
2026-01-03 01:55:00+00:00,90253.984375,90253.984375,90145.0859375,90149.8046875,23121920
2026-01-03 02:00:00+00:00,90144.6171875,90221.046875,90144.6171875,90221.046875,8814592
2026-01-03 02:05:00+00:00,90127.1015625,90156.921875,90116.15625,90116.15625,0
2026-01-03 02:10:00+00:00,90129.03125,90129.03125,90095.8046875,90113.0390625,0
2026-01-03 02:15:00+00:00,90133.0078125,90133.171875,90108.046875,90133.171875,179519488
2026-01-03 02:20:00+00:00,90193.140625,90193.140625,90123.984375,90131.2734375,0
2026-01-03 02:25:00+00:00,90215.8046875,90248.0234375,90196.0703125,90248.0234375,150614016
2026-01-03 02:30:00+00:00,90252.34375,90290.4609375,90216.09375,90224.1640625,0
2026-01-03 02:35:00+00:00,90235.6171875,90251.8125,90235.453125,90244.484375,0
2026-01-03 02:40:00+00:00,90266.1953125,90266.1953125,90252.703125,90252.703125,61722624
2026-01-03 02:45:00+00:00,90362.2578125,90362.2578125,90273.484375,90273.484375,0
2026-01-03 02:50:00+00:00,90314.25,90351.375,90307.1875,90351.375,40488960
2026-01-03 02:55:00+00:00,90304.015625,90309.15625,90302.9609375,90309.15625,59219968
2026-01-03 03:00:00+00:00,90281.2578125,90315.015625,90266.2890625,90295.59375,0
2026-01-03 03:05:00+00:00,90256.6484375,90259.2578125,90256.6484375,90259.2578125,0
2026-01-03 03:10:00+00:00,90197.2734375,90224.40625,90197.2734375,90224.40625,0
2026-01-03 03:15:00+00:00,90226.8203125,90256.1796875,90226.8203125,90256.1796875,0
2026-01-03 03:20:00+00:00,90199.296875,90229.0859375,90186.4609375,90229.0859375,0
2026-01-03 03:25:00+00:00,90176.9765625,90196.3203125,90176.9765625,90196.0625,0
2026-01-03 03:30:00+00:00,90181.140625,90204.25,90181.140625,90189.7109375,0
2026-01-03 03:35:00+00:00,90168.3046875,90180.890625,90165.5859375,90177.890625,0
2026-01-03 03:40:00+00:00,90230.921875,90230.921875,90170.15625,90170.15625,0
2026-01-03 03:45:00+00:00,90322.953125,90322.953125,90236.7890625,90237.1015625,0
2026-01-03 03:50:00+00:00,90319.3046875,90335.0625,90306.1015625,90335.0625,39464960
2026-01-03 03:55:00+00:00,90293.8828125,90312.4375,90293.8828125,90310.9296875,0
2026-01-03 04:00:00+00:00,90391.078125,90391.078125,90321.4921875,90321.4921875,0
2026-01-03 04:05:00+00:00,90276.5078125,90377.0078125,90269.3046875,90377.0078125,0
2026-01-03 04:10:00+00:00,90229.828125,90279.0078125,90229.828125,90279.0078125,0
2026-01-03 04:15:00+00:00,90244.8046875,90244.8046875,90227.640625,90227.640625,11943936
2026-01-03 04:20:00+00:00,90221.6796875,90246.8359375,90221.6796875,90246.8359375,0
2026-01-03 04:25:00+00:00,90260.1171875,90260.1171875,90248.171875,90248.171875,183480320
2026-01-03 04:30:00+00:00,90209.484375,90242.0078125,90209.484375,90242.0078125,0
2026-01-03 04:35:00+00:00,90129.46875,90206.1640625,90129.46875,90206.1640625,21663744
2026-01-03 04:40:00+00:00,90112.2109375,90122.7421875,90104.6328125,90122.7421875,0
2026-01-03 04:45:00+00:00,90112.7734375,90112.7734375,90082.1171875,90082.1171875,248188928
2026-01-03 04:50:00+00:00,90082.2421875,90119.2890625,90082.2421875,90119.2890625,1265664
2026-01-03 04:55:00+00:00,90122.328125,90122.328125,90076.90625,90117.1015625,101609472
2026-01-03 05:00:00+00:00,90152.578125,90152.75,90148.15625,90148.15625,0
2026-01-03 05:05:00+00:00,90139.359375,90168.8515625,90139.359375,90168.8515625,64512000
2026-01-03 05:10:00+00:00,90094.6484375,90144.046875,90094.6484375,90144.046875,27328512
2026-01-03 05:15:00+00:00,90027.5859375,90042.796875,90017.9609375,90017.9609375,54206464
2026-01-03 05:20:00+00:00,90008.515625,90027.2265625,90008.515625,90027.2265625,40325120
2026-01-03 05:25:00+00:00,89996.40625,90017.765625,89996.40625,90012.2734375,0
2026-01-03 05:30:00+00:00,90006.328125,90006.328125,89975.8125,89992.7578125,107642880
2026-01-03 05:35:00+00:00,89939.8984375,89947.140625,89937.1953125,89943.828125,0
2026-01-03 05:40:00+00:00,89920.640625,89934.46875,89895.671875,89934.46875,54267904
2026-01-03 05:45:00+00:00,89935.953125,89935.953125,89906.390625,89925.9609375,0
2026-01-03 05:50:00+00:00,89977.3984375,89985.234375,89952.3359375,89952.3359375,13049856
2026-01-03 05:55:00+00:00,90002.6171875,90002.6171875,89968.2578125,89968.2578125,49377280
2026-01-03 06:00:00+00:00,90026.875,90026.875,89993.5625,89993.5625,0
2026-01-03 06:05:00+00:00,90066.1328125,90066.1328125,90017.84375,90017.84375,0
2026-01-03 06:10:00+00:00,90078.8359375,90090.3359375,90078.8359375,90083.0234375,0
2026-01-03 06:15:00+00:00,90049.921875,90063.75,90049.921875,90061.9609375,24952832
2026-01-03 06:20:00+00:00,90012.9765625,90032.515625,90012.9765625,90023.921875,53026816
2026-01-03 06:25:00+00:00,89950.359375,90012.453125,89950.359375,90012.453125,130715648
2026-01-03 06:30:00+00:00,89997.5859375,89997.5859375,89916.0390625,89942.0859375,0
2026-01-03 06:35:00+00:00,89961.4765625,90005.6875,89953.2578125,90005.6875,1195069440
2026-01-03 06:40:00+00:00,89917.2734375,89942.640625,89915.84375,89935.2421875,0
2026-01-03 06:45:00+00:00,89832.8046875,89891.8359375,89832.8046875,89891.8359375,0
2026-01-03 06:50:00+00:00,89847.3984375,89847.3984375,89833.625,89833.625,48844800
2026-01-03 06:55:00+00:00,89853.4140625,89854.125,89826.4765625,89826.4765625,189583360
2026-01-03 07:00:00+00:00,89893.734375,89922.953125,89841.5703125,89849.4296875,0
2026-01-03 07:05:00+00:00,89904.9609375,89904.9609375,89864.015625,89864.015625,93265920
2026-01-03 07:10:00+00:00,89753.359375,89910.3984375,89753.359375,89910.3984375,0
2026-01-03 07:15:00+00:00,89677.2578125,89748.796875,89677.2578125,89739.09375,59895808
2026-01-03 07:20:00+00:00,89506.3125,89667.3515625,89461.15625,89667.3515625,0
2026-01-03 07:25:00+00:00,89449.140625,89560.03125,89449.140625,89560.03125,183566336
2026-01-03 07:30:00+00:00,89429.3671875,89466.0,89386.046875,89386.046875,258506752
2026-01-03 07:35:00+00:00,89483.2890625,89483.2890625,89407.46875,89407.46875,280285184
2026-01-03 07:40:00+00:00,89537.1953125,89538.7109375,89530.578125,89538.7109375,161001472
2026-01-03 07:45:00+00:00,89519.296875,89521.6640625,89467.546875,89521.6640625,59813888
2026-01-03 07:50:00+00:00,89497.640625,89513.625,89497.1796875,89503.890625,0
2026-01-03 07:55:00+00:00,89553.9609375,89553.9609375,89511.28125,89511.28125,22573056
2026-01-03 08:00:00+00:00,89665.0234375,89665.0234375,89515.1796875,89515.1796875,0
2026-01-03 08:05:00+00:00,89438.5,89597.734375,89438.5,89597.734375,0
2026-01-03 08:10:00+00:00,89502.8515625,89502.8515625,89476.2578125,89499.5859375,0
2026-01-03 08:15:00+00:00,89542.578125,89542.578125,89495.5390625,89495.5390625,1315827712
2026-01-03 08:20:00+00:00,89543.671875,89543.671875,89524.578125,89524.578125,0
2026-01-03 08:25:00+00:00,89734.765625,89734.765625,89597.1015625,89597.1015625,41635840
2026-01-03 08:30:00+00:00,89716.2109375,89716.2109375,89674.875,89690.328125,253984768
2026-01-03 08:35:00+00:00,89756.3359375,89760.5390625,89720.0,89756.1015625,4927488
2026-01-03 08:40:00+00:00,89782.8203125,89782.8203125,89736.734375,89738.09375,5451776
2026-01-03 08:45:00+00:00,89751.109375,89790.5234375,89751.109375,89769.2109375,52985856
2026-01-03 08:50:00+00:00,89709.6171875,89728.578125,89707.6640625,89709.8125,0
2026-01-03 08:55:00+00:00,89646.4609375,89677.5703125,89642.5390625,89677.5703125,0
2026-01-03 09:00:00+00:00,89662.21875,89681.3359375,89633.375,89636.7890625,0
2026-01-03 09:05:00+00:00,89645.8046875,89674.3515625,89645.8046875,89674.3515625,0
2026-01-03 09:10:00+00:00,89655.9140625,89682.984375,89634.328125,89634.328125,0
2026-01-03 09:15:00+00:00,89633.1640625,89662.1796875,89633.1640625,89662.1796875,0
2026-01-03 09:20:00+00:00,89654.515625,89654.515625,89613.03125,89645.7421875,0
2026-01-03 09:25:00+00:00,89796.4765625,89796.4765625,89651.9140625,89651.9140625,0
2026-01-03 09:30:00+00:00,89900.9453125,89900.9453125,89786.609375,89786.609375,99520512
2026-01-03 09:35:00+00:00,89884.734375,89942.8671875,89837.375,89942.8671875,88711168
2026-01-03 09:40:00+00:00,89892.5234375,89892.5234375,89862.9453125,89865.1171875,72306688
2026-01-03 09:45:00+00:00,89852.078125,89922.34375,89852.078125,89894.59375,0
2026-01-03 09:50:00+00:00,89817.03125,89821.1328125,89817.03125,89820.1953125,0
2026-01-03 09:55:00+00:00,89810.0703125,89810.0703125,89788.828125,89788.828125,0
2026-01-03 10:00:00+00:00,89748.90625,89770.8828125,89715.6953125,89766.7109375,0
2026-01-03 10:05:00+00:00,89670.390625,89716.765625,89670.390625,89716.765625,0
2026-01-03 10:10:00+00:00,89729.9375,89764.9140625,89729.9375,89764.9140625,0
2026-01-03 10:15:00+00:00,89708.90625,89731.4921875,89704.2578125,89704.2578125,0
2026-01-03 10:20:00+00:00,89693.421875,89711.171875,89693.421875,89706.0625,0
2026-01-03 10:25:00+00:00,89712.2265625,89726.921875,89712.2265625,89720.578125,0
2026-01-03 10:30:00+00:00,89751.359375,89766.703125,89714.1015625,89714.1015625,0
2026-01-03 10:35:00+00:00,89842.7109375,89842.8984375,89776.046875,89776.046875,51253248
2026-01-03 10:40:00+00:00,89797.7421875,89837.8125,89797.7421875,89837.8125,0
2026-01-03 10:45:00+00:00,89763.9140625,89784.1015625,89760.34375,89784.1015625,0
2026-01-03 10:50:00+00:00,89781.046875,89787.8046875,89776.9609375,89776.9609375,104284160
2026-01-03 10:55:00+00:00,89766.546875,89778.6796875,89766.546875,89770.765625,0
2026-01-03 11:00:00+00:00,89720.171875,89737.3125,89719.78125,89719.78125,0
2026-01-03 11:05:00+00:00,89704.5546875,89730.046875,89704.5546875,89730.046875,0
2026-01-03 11:10:00+00:00,89661.1875,89674.9453125,89643.8515625,89674.9453125,0
2026-01-03 11:15:00+00:00,89643.015625,89655.3125,89643.015625,89655.3125,0
2026-01-03 11:20:00+00:00,89711.9609375,89711.9609375,89649.1640625,89649.1640625,0
2026-01-03 11:25:00+00:00,89683.984375,89707.046875,89683.984375,89700.09375,0
2026-01-03 11:30:00+00:00,89678.171875,89681.6953125,89665.25,89681.6953125,3399680
2026-01-03 11:35:00+00:00,89684.6796875,89684.6796875,89661.6328125,89663.9453125,0
2026-01-03 11:40:00+00:00,89722.3984375,89725.4609375,89708.2578125,89708.2578125,0
2026-01-03 11:45:00+00:00,89715.8203125,89730.484375,89715.8203125,89726.1171875,87863296
2026-01-03 11:50:00+00:00,89687.625,89698.859375,89678.8046875,89698.859375,0
2026-01-03 11:55:00+00:00,89713.3671875,89721.671875,89674.671875,89674.671875,78761984
2026-01-03 12:00:00+00:00,89669.2421875,89686.890625,89663.0234375,89686.890625,0
2026-01-03 12:05:00+00:00,89631.953125,89661.3984375,89631.953125,89661.3984375,0
2026-01-03 12:10:00+00:00,89638.671875,89638.671875,89618.546875,89618.546875,102477824
2026-01-03 12:15:00+00:00,89652.9140625,89652.9140625,89621.09375,89630.171875,0
2026-01-03 12:20:00+00:00,89662.2734375,89665.28125,89645.5859375,89645.5859375,0
2026-01-03 12:25:00+00:00,89716.171875,89716.171875,89700.96875,89700.96875,0
2026-01-03 12:30:00+00:00,89717.5234375,89740.8046875,89717.5234375,89740.8046875,92024832
2026-01-03 12:35:00+00:00,89721.609375,89742.015625,89721.609375,89729.4609375,0
2026-01-03 12:40:00+00:00,89742.1328125,89742.1328125,89708.9140625,89708.9140625,0
2026-01-03 12:45:00+00:00,89898.515625,89969.359375,89757.21875,89757.21875,114540544
2026-01-03 12:50:00+00:00,89891.1640625,89908.0859375,89891.1640625,89895.2890625,0
2026-01-03 12:55:00+00:00,89922.1875,89927.984375,89913.2734375,89926.453125,109379584
2026-01-03 13:00:00+00:00,89935.6953125,89955.921875,89928.609375,89955.921875,56496128
2026-01-03 13:05:00+00:00,89947.015625,89947.015625,89940.421875,89940.421875,65470464
2026-01-03 13:10:00+00:00,89878.421875,89916.5859375,89878.421875,89916.5859375,0
2026-01-03 13:15:00+00:00,89954.734375,89966.6328125,89881.0078125,89881.0078125,0
2026-01-03 13:20:00+00:00,89974.1171875,89974.1171875,89928.5390625,89960.9140625,0
2026-01-03 13:25:00+00:00,89942.703125,89980.6953125,89932.234375,89980.6953125,0
2026-01-03 13:30:00+00:00,89912.453125,89927.1015625,89912.453125,89917.7265625,0
2026-01-03 13:35:00+00:00,89970.0703125,89970.0703125,89954.359375,89959.78125,0
2026-01-03 13:40:00+00:00,89929.3515625,89984.7421875,89929.3515625,89984.7421875,0
2026-01-03 13:45:00+00:00,89949.9453125,89949.9453125,89926.359375,89926.359375,0
2026-01-03 13:50:00+00:00,89966.8046875,89983.9765625,89966.8046875,89983.9765625,10936320
2026-01-03 13:55:00+00:00,89956.140625,89959.125,89934.9609375,89934.9609375,0
2026-01-03 14:00:00+00:00,89947.1171875,89965.75,89947.1171875,89953.1875,0
2026-01-03 14:05:00+00:00,89956.921875,89958.390625,89941.8828125,89958.390625,0
2026-01-03 14:10:00+00:00,89985.734375,89993.6328125,89947.53125,89947.53125,0
2026-01-03 14:15:00+00:00,90011.109375,90017.390625,89998.6328125,89998.6328125,339968
2026-01-03 14:20:00+00:00,90059.65625,90059.65625,89980.109375,89980.109375,0
2026-01-03 14:25:00+00:00,90121.140625,90160.0703125,90109.328125,90142.421875,0
2026-01-03 14:30:00+00:00,90147.4453125,90183.1015625,90147.4453125,90147.9609375,0
2026-01-03 14:35:00+00:00,90171.2421875,90171.2421875,90122.7578125,90122.7578125,0
2026-01-03 14:40:00+00:00,90128.625,90172.046875,90128.625,90172.046875,0
2026-01-03 14:45:00+00:00,90073.15625,90125.6640625,90055.4296875,90125.6640625,0
2026-01-03 14:50:00+00:00,90047.09375,90053.9453125,90043.8515625,90053.9453125,0
2026-01-03 14:55:00+00:00,90062.0703125,90062.0703125,90051.5859375,90051.5859375,0
2026-01-03 15:00:00+00:00,90026.03125,90090.2265625,90023.5234375,90090.2265625,0
2026-01-03 15:05:00+00:00,89974.6640625,90020.2109375,89969.828125,90018.1484375,0
2026-01-03 15:10:00+00:00,89968.2734375,89972.53125,89956.5078125,89968.6328125,0
2026-01-03 15:15:00+00:00,89957.0390625,89966.2578125,89951.3828125,89966.2578125,0
2026-01-03 15:20:00+00:00,89972.5546875,89984.84375,89931.1875,89931.1875,0
2026-01-03 15:25:00+00:00,90022.6953125,90023.703125,89977.203125,89977.203125,0
2026-01-03 15:30:00+00:00,90028.4765625,90039.3359375,90022.8984375,90022.8984375,0
2026-01-03 15:35:00+00:00,90004.46875,90016.796875,89992.9765625,90016.796875,0
2026-01-03 15:40:00+00:00,89984.390625,89992.8359375,89964.234375,89992.8359375,0
2026-01-03 15:45:00+00:00,89951.9765625,89958.0546875,89946.03125,89952.9375,0
2026-01-03 15:50:00+00:00,89939.1015625,89944.625,89934.765625,89944.625,0
2026-01-03 15:55:00+00:00,89927.828125,89937.9375,89926.546875,89937.9375,0
2026-01-03 16:00:00+00:00,89921.8046875,89938.4921875,89917.1640625,89917.1640625,0
2026-01-03 16:05:00+00:00,89925.4921875,89937.3515625,89923.3203125,89923.3203125,0
2026-01-03 16:10:00+00:00,89966.734375,89967.875,89926.7578125,89927.7265625,0
2026-01-03 16:15:00+00:00,89968.8125,89970.2890625,89968.8125,89969.953125,0
2026-01-03 16:20:00+00:00,89875.0,90027.484375,89875.0,90027.484375,0
2026-01-03 16:25:00+00:00,90011.4453125,90011.4453125,89906.6328125,89906.6328125,0
2026-01-03 16:30:00+00:00,90047.1953125,90048.6640625,90003.265625,90003.265625,0
2026-01-03 16:35:00+00:00,90098.359375,90098.359375,90087.3828125,90087.3828125,0
2026-01-03 16:40:00+00:00,90087.8125,90107.6640625,90087.8125,90103.7265625,463179776
2026-01-03 16:45:00+00:00,90114.5390625,90114.5390625,90093.9609375,90093.9609375,0
2026-01-03 16:50:00+00:00,90145.453125,90147.7734375,90124.4453125,90124.4453125,0
2026-01-03 16:55:00+00:00,90055.75,90103.8125,90055.75,90096.3359375,0
2026-01-03 17:00:00+00:00,90081.8203125,90081.8203125,90057.7109375,90057.7109375,0
2026-01-03 17:05:00+00:00,90004.765625,90072.140625,90004.765625,90072.140625,0
2026-01-03 17:10:00+00:00,90014.90625,90020.671875,89985.140625,89985.140625,0
2026-01-03 17:15:00+00:00,90000.5703125,90019.1015625,90000.5703125,90016.7890625,738097152
2026-01-03 17:20:00+00:00,89990.125,89997.71875,89979.828125,89997.71875,0
2026-01-03 17:25:00+00:00,90011.03125,90025.53125,90011.03125,90016.2890625,0
2026-01-03 17:30:00+00:00,90032.9140625,90033.6796875,90012.8203125,90012.8203125,0
2026-01-03 17:35:00+00:00,90056.0390625,90064.5546875,90043.140625,90043.140625,0
2026-01-03 17:40:00+00:00,90053.78125,90055.078125,90053.78125,90055.078125,0
2026-01-03 17:45:00+00:00,90013.890625,90064.4765625,90013.890625,90064.4765625,0
2026-01-03 17:50:00+00:00,90042.5703125,90042.5703125,90022.15625,90022.15625,0
2026-01-03 17:55:00+00:00,90044.3828125,90044.3828125,90037.328125,90039.1015625,0
2026-01-03 18:00:00+00:00,89999.234375,90035.0234375,89999.234375,90030.875,0
2026-01-03 18:05:00+00:00,89997.2265625,90005.25,89997.2265625,90005.25,0
2026-01-03 18:10:00+00:00,89992.796875,89992.796875,89982.390625,89989.6328125,0
2026-01-03 18:15:00+00:00,90023.3984375,90023.3984375,90003.515625,90003.515625,0
2026-01-03 18:20:00+00:00,90066.265625,90066.265625,90035.9609375,90035.9609375,0
2026-01-03 18:25:00+00:00,90113.546875,90135.5,90086.171875,90122.1796875,0
2026-01-03 18:30:00+00:00,90136.3515625,90136.3515625,90112.5078125,90122.3671875,0
2026-01-03 18:35:00+00:00,90103.546875,90139.1171875,90103.546875,90139.1171875,0
2026-01-03 18:40:00+00:00,90087.953125,90100.8125,90087.953125,90098.453125,0
2026-01-03 18:45:00+00:00,90110.1328125,90111.2890625,90095.2265625,90095.2265625,0
2026-01-03 18:50:00+00:00,90093.234375,90097.875,90070.2578125,90097.875,0
2026-01-03 18:55:00+00:00,90090.171875,90094.15625,90086.25,90086.25,0
2026-01-03 19:00:00+00:00,90069.3203125,90091.8671875,90047.734375,90091.8671875,0
2026-01-03 19:05:00+00:00,90030.625,90069.4921875,90030.625,90066.7265625,0
2026-01-03 19:10:00+00:00,90008.546875,90021.3828125,90007.125,90021.3828125,0
2026-01-03 19:15:00+00:00,90067.1328125,90067.1328125,90010.921875,90010.921875,0
2026-01-03 19:20:00+00:00,90059.28125,90059.28125,90041.0234375,90043.8984375,0
2026-01-03 19:25:00+00:00,90085.6015625,90085.6015625,90061.6875,90061.6875,0
2026-01-03 19:30:00+00:00,90081.265625,90095.0546875,90081.265625,90095.0546875,0
2026-01-03 19:35:00+00:00,90077.046875,90083.1875,90077.046875,90082.265625,0
2026-01-03 19:40:00+00:00,90075.640625,90080.75,90075.640625,90080.75,13860864
2026-01-03 19:45:00+00:00,90065.0625,90073.28125,90054.0,90073.28125,0
2026-01-03 19:50:00+00:00,90057.2265625,90072.328125,90057.2265625,90059.15625,0
2026-01-03 19:55:00+00:00,90056.625,90061.171875,90056.625,90058.3203125,0
2026-01-03 20:00:00+00:00,90048.5390625,90076.2890625,90048.5390625,90065.5546875,0
2026-01-03 20:05:00+00:00,90001.5,90006.3984375,89992.4609375,90006.3984375,0
2026-01-03 20:10:00+00:00,90013.59375,90013.59375,89995.5546875,90001.3515625,0
2026-01-03 20:15:00+00:00,90027.5546875,90030.5625,90017.6796875,90017.6796875,0
2026-01-03 20:20:00+00:00,90043.40625,90043.40625,90014.6875,90014.6875,6244352
2026-01-03 20:25:00+00:00,90066.15625,90066.15625,90055.5,90055.5,0
2026-01-03 20:30:00+00:00,90150.4375,90150.4375,90062.7109375,90062.7109375,0
2026-01-03 20:35:00+00:00,90189.234375,90220.9140625,90163.796875,90163.796875,0
2026-01-03 20:40:00+00:00,90204.09375,90204.09375,90174.3515625,90192.6953125,0
2026-01-03 20:45:00+00:00,90278.8046875,90278.8046875,90235.9921875,90235.9921875,0
2026-01-03 20:50:00+00:00,90285.390625,90301.0703125,90285.390625,90296.5625,20082688
2026-01-03 20:55:00+00:00,90301.4765625,90301.4765625,90285.8984375,90285.8984375,0
2026-01-03 21:00:00+00:00,90278.3515625,90310.5,90277.953125,90310.5,0
2026-01-03 21:05:00+00:00,90307.3984375,90310.46875,90285.3203125,90285.3203125,0
2026-01-03 21:10:00+00:00,90289.84375,90301.515625,90289.84375,90301.515625,0
2026-01-03 21:15:00+00:00,90350.3515625,90350.3515625,90307.796875,90308.9609375,0
2026-01-03 21:20:00+00:00,90431.0234375,90431.0234375,90360.0703125,90360.0703125,32184320
2026-01-03 21:25:00+00:00,90405.5078125,90407.9296875,90383.984375,90407.9296875,15257600
2026-01-03 21:30:00+00:00,90592.6953125,90643.890625,90409.75,90409.75,102262784
2026-01-03 21:35:00+00:00,90592.4453125,90592.4453125,90526.1875,90526.1875,68575232
2026-01-03 21:40:00+00:00,90555.6484375,90558.2734375,90544.7109375,90558.2734375,32270336
2026-01-03 21:45:00+00:00,90489.359375,90503.9765625,90489.359375,90503.9765625,0
2026-01-03 21:50:00+00:00,90467.71875,90467.71875,90454.1875,90465.0234375,13445120
2026-01-03 21:55:00+00:00,90486.7578125,90486.7578125,90433.03125,90450.578125,0
2026-01-03 22:00:00+00:00,90478.5546875,90487.3125,90474.2734375,90487.3125,0
2026-01-03 22:05:00+00:00,90463.4296875,90476.5703125,90450.015625,90476.5703125,0
2026-01-03 22:10:00+00:00,90473.2890625,90473.2890625,90467.0078125,90467.0078125,0
2026-01-03 22:15:00+00:00,90560.1484375,90560.1484375,90503.25,90503.25,0
2026-01-03 22:20:00+00:00,90606.9609375,90606.9609375,90569.9375,90569.9375,0
2026-01-03 22:25:00+00:00,90631.0546875,90672.265625,90616.9765625,90616.9765625,118237184
2026-01-03 22:30:00+00:00,90572.78125,90595.8046875,90568.53125,90568.53125,0
2026-01-03 22:35:00+00:00,90647.15625,90647.15625,90547.5234375,90559.046875,0
2026-01-03 22:40:00+00:00,90568.2109375,90596.65625,90531.6875,90596.65625,93493248
2026-01-03 22:45:00+00:00,90516.1953125,90559.5859375,90516.1953125,90559.5859375,0
2026-01-03 22:50:00+00:00,90485.015625,90509.984375,90475.359375,90475.359375,0
2026-01-03 22:55:00+00:00,90526.171875,90526.171875,90464.4921875,90464.4921875,637145088
2026-01-03 23:00:00+00:00,90545.6015625,90602.0,90545.6015625,90548.421875,0
2026-01-03 23:05:00+00:00,90492.5703125,90528.4296875,90481.078125,90505.3515625,48893952
2026-01-03 23:10:00+00:00,90470.75,90470.75,90441.15625,90441.15625,62711808
2026-01-03 23:15:00+00:00,90611.7265625,90611.7265625,90545.1875,90545.1875,0
2026-01-03 23:20:00+00:00,90640.9453125,90640.9453125,90590.0625,90592.0078125,0
2026-01-03 23:25:00+00:00,90572.734375,90600.875,90572.734375,90600.875,0
2026-01-03 23:30:00+00:00,90632.6328125,90632.6328125,90588.109375,90588.109375,67661824
2026-01-03 23:35:00+00:00,90655.4609375,90655.4609375,90619.40625,90619.40625,0
2026-01-03 23:40:00+00:00,90634.5703125,90637.0703125,90633.5546875,90633.5546875,24444928
2026-01-03 23:45:00+00:00,90602.0,90629.515625,90589.796875,90629.515625,0
2026-01-03 23:50:00+00:00,90590.1875,90603.78125,90590.1875,90600.46875,55019520
2026-01-03 23:55:00+00:00,90600.7421875,90600.7421875,90594.2890625,90594.2890625,0
2026-01-04 00:00:00+00:00,90860.2734375,90860.2734375,90615.3671875,90615.3671875,0
2026-01-04 00:05:00+00:00,91390.7265625,91390.7265625,90910.3671875,90910.3671875,557221888
2026-01-04 00:10:00+00:00,91358.15625,91358.15625,91225.859375,91225.859375,561911808
2026-01-04 00:15:00+00:00,91268.921875,91352.03125,91213.171875,91352.03125,332161024
2026-01-04 00:20:00+00:00,91200.4296875,91200.4296875,91131.2109375,91131.2109375,201046016
2026-01-04 00:25:00+00:00,91185.8203125,91234.1875,91185.8203125,91234.1875,168679424
2026-01-04 00:30:00+00:00,91155.1875,91155.1875,91058.40625,91060.625,149782528
2026-01-04 00:35:00+00:00,91056.4296875,91191.5859375,91056.4296875,91191.5859375,72728576
2026-01-04 00:40:00+00:00,91136.328125,91136.328125,91050.9453125,91053.4921875,0
2026-01-04 00:45:00+00:00,91242.8515625,91242.8515625,91111.046875,91111.046875,814491648
2026-01-04 00:50:00+00:00,91215.5546875,91233.4609375,91165.515625,91233.4609375,25155584
2026-01-04 00:55:00+00:00,91320.8984375,91350.9296875,91320.8984375,91350.9296875,89229312
2026-01-04 01:00:00+00:00,91284.984375,91293.3515625,91255.8515625,91293.3515625,0
2026-01-04 01:05:00+00:00,91386.375,91386.375,91365.6171875,91375.0859375,276045824
2026-01-04 01:10:00+00:00,91269.6015625,91352.359375,91269.6015625,91352.359375,85129216
2026-01-04 01:15:00+00:00,91149.4140625,91241.3515625,91149.4140625,91241.3515625,92989440
2026-01-04 01:20:00+00:00,91207.3671875,91207.3671875,91088.546875,91099.3515625,0
2026-01-04 01:25:00+00:00,91108.0625,91140.6953125,91108.0625,91140.6953125,74166272
2026-01-04 01:30:00+00:00,91055.8515625,91093.9765625,91055.8515625,91093.9765625,143708160
2026-01-04 01:35:00+00:00,91063.4609375,91063.4609375,91035.8125,91056.6484375,0
2026-01-04 01:40:00+00:00,90992.859375,91097.375,90992.859375,91097.375,92233728
2026-01-04 01:45:00+00:00,90984.71875,91060.9921875,90984.71875,91060.9921875,35072000
2026-01-04 01:50:00+00:00,91038.0859375,91038.0859375,90984.546875,90984.546875,57802752
2026-01-04 01:55:00+00:00,91197.3046875,91202.546875,91189.3203125,91202.546875,0
2026-01-04 02:00:00+00:00,91187.90625,91223.734375,91187.90625,91196.6640625,0
2026-01-04 02:05:00+00:00,91118.609375,91133.5859375,91118.609375,91125.78125,48676864
2026-01-04 02:10:00+00:00,91081.9375,91119.375,91075.6953125,91119.375,0
2026-01-04 02:15:00+00:00,91108.8125,91148.8984375,91108.8125,91109.9453125,1576960
2026-01-04 02:20:00+00:00,91140.8515625,91158.5390625,91105.4140625,91105.4140625,73715712
2026-01-04 02:25:00+00:00,91166.609375,91166.609375,91142.5390625,91142.5390625,0
2026-01-04 02:30:00+00:00,91176.765625,91176.765625,91127.3515625,91169.375,0
2026-01-04 02:35:00+00:00,91218.78125,91226.046875,91183.8046875,91183.8046875,61435904
2026-01-04 02:40:00+00:00,91111.2265625,91198.03125,91111.2265625,91178.3828125,134000640
2026-01-04 02:45:00+00:00,91052.3203125,91120.2265625,91052.3203125,91120.2265625,0
2026-01-04 02:50:00+00:00,91085.546875,91085.546875,91051.6953125,91058.2109375,0
2026-01-04 02:55:00+00:00,91072.4375,91076.09375,91064.0546875,91076.09375,0
2026-01-04 03:00:00+00:00,91140.9921875,91140.9921875,91088.59375,91088.59375,0
2026-01-04 03:05:00+00:00,91178.7578125,91178.7578125,91174.2265625,91174.2265625,168695808
2026-01-04 03:10:00+00:00,91278.7578125,91278.7578125,91142.984375,91142.984375,49752064
2026-01-04 03:15:00+00:00,91225.390625,91300.4609375,91225.390625,91300.4609375,0
2026-01-04 03:20:00+00:00,91221.0234375,91262.1171875,91221.0234375,91249.625,196917248
2026-01-04 03:25:00+00:00,91133.453125,91227.5234375,91133.453125,91224.40625,7673856
2026-01-04 03:30:00+00:00,91090.3984375,91098.34375,91090.3984375,91098.34375,17301504
2026-01-04 03:35:00+00:00,91152.09375,91171.9765625,91070.25,91070.25,27867136
2026-01-04 03:40:00+00:00,91203.359375,91203.359375,91168.5078125,91168.5078125,15284224
2026-01-04 03:45:00+00:00,91246.9375,91275.3203125,91213.984375,91213.984375,903168
2026-01-04 03:50:00+00:00,91240.875,91244.4296875,91238.78125,91244.0625,114853888
2026-01-04 03:55:00+00:00,91205.828125,91238.7890625,91205.828125,91238.7890625,17883136
2026-01-04 04:00:00+00:00,91196.921875,91217.7890625,91196.921875,91217.7890625,0
2026-01-04 04:05:00+00:00,91214.7890625,91241.453125,91214.7890625,91241.453125,0
2026-01-04 04:10:00+00:00,91240.3515625,91247.2734375,91198.4140625,91198.4140625,0
2026-01-04 04:15:00+00:00,91319.0625,91319.9453125,91271.1875,91271.1875,0
2026-01-04 04:20:00+00:00,91356.625,91430.765625,91356.625,91394.0390625,25540608
2026-01-04 04:25:00+00:00,91341.78125,91362.15625,91341.78125,91362.15625,175366144
2026-01-04 04:30:00+00:00,91436.3671875,91436.3671875,91324.4609375,91330.96875,0
2026-01-04 04:35:00+00:00,91519.984375,91519.984375,91432.28125,91432.28125,62609408
2026-01-04 04:40:00+00:00,91427.328125,91477.1796875,91427.328125,91477.1796875,0
2026-01-04 04:45:00+00:00,91444.5234375,91449.78125,91442.46875,91446.9296875,70467584
2026-01-04 04:50:00+00:00,91384.6640625,91468.8046875,91384.6640625,91468.8046875,0
2026-01-04 04:55:00+00:00,91360.6796875,91360.6796875,91350.6015625,91350.6015625,0
2026-01-04 05:00:00+00:00,91317.9609375,91359.8125,91317.9609375,91349.1484375,0
2026-01-04 05:05:00+00:00,91341.890625,91341.890625,91329.578125,91332.640625,41279488
2026-01-04 05:10:00+00:00,91355.15625,91359.8671875,91339.1015625,91339.1015625,3719168
2026-01-04 05:15:00+00:00,91355.953125,91355.953125,91335.671875,91335.671875,0
2026-01-04 05:20:00+00:00,91386.1953125,91407.8203125,91364.25,91364.25,0
2026-01-04 05:25:00+00:00,91425.3125,91425.3125,91406.1796875,91406.1796875,40843264
2026-01-04 05:30:00+00:00,91410.6484375,91419.8046875,91395.515625,91419.8046875,0
2026-01-04 05:35:00+00:00,91385.9609375,91426.046875,91385.9609375,91422.140625,0
2026-01-04 05:40:00+00:00,91341.78125,91349.6328125,91333.3203125,91349.6328125,0
2026-01-04 05:45:00+00:00,91391.609375,91392.09375,91346.453125,91346.453125,0
2026-01-04 05:50:00+00:00,91387.3828125,91422.765625,91387.3828125,91422.765625,0
2026-01-04 05:55:00+00:00,91432.5703125,91438.0,91392.390625,91392.390625,125587456
2026-01-04 06:00:00+00:00,91449.546875,91449.546875,91434.1328125,91434.1328125,0
2026-01-04 06:05:00+00:00,91612.3359375,91642.0,91486.0,91486.0,88854528
2026-01-04 06:10:00+00:00,91649.7890625,91660.25,91649.7890625,91655.2265625,205731840
2026-01-04 06:15:00+00:00,91596.828125,91628.109375,91576.359375,91628.109375,50692096
2026-01-04 06:20:00+00:00,91685.1796875,91685.1796875,91612.9140625,91632.4765625,126443520
2026-01-04 06:25:00+00:00,91542.2734375,91629.25,91540.2578125,91629.25,132933632
2026-01-04 06:30:00+00:00,91476.4921875,91523.8203125,91476.4921875,91510.078125,84553728
2026-01-04 06:35:00+00:00,91447.3984375,91488.078125,91447.3984375,91451.8515625,31186944
2026-01-04 06:40:00+00:00,91288.46875,91447.75,91288.46875,91447.75,28913664
2026-01-04 06:45:00+00:00,91321.515625,91327.7265625,91309.4375,91309.4375,0
2026-01-04 06:50:00+00:00,91320.25,91320.25,91294.6875,91294.6875,11630592
2026-01-04 06:55:00+00:00,91213.8046875,91281.4375,91213.8046875,91281.4375,0
2026-01-04 07:00:00+00:00,91274.2890625,91274.2890625,91206.6875,91206.6875,773658624
2026-01-04 07:05:00+00:00,91322.34375,91322.34375,91254.84375,91262.46875,48148480
2026-01-04 07:10:00+00:00,91312.84375,91334.125,91305.6640625,91313.75,0
2026-01-04 07:15:00+00:00,91272.9375,91296.9765625,91272.9375,91296.9765625,0
2026-01-04 07:20:00+00:00,91283.84375,91302.21875,91269.4765625,91302.21875,0
2026-01-04 07:25:00+00:00,91251.6171875,91259.3984375,91214.71875,91259.3984375,0
2026-01-04 07:30:00+00:00,91299.265625,91309.5625,91265.0078125,91265.0078125,0
2026-01-04 07:35:00+00:00,91368.5546875,91368.5546875,91296.1015625,91296.1015625,0
2026-01-04 07:40:00+00:00,91431.546875,91431.546875,91357.984375,91357.984375,0
2026-01-04 07:45:00+00:00,91421.25,91454.4765625,91421.25,91435.390625,61061120
2026-01-04 07:50:00+00:00,91456.1953125,91460.765625,91410.0625,91410.0625,770048
2026-01-04 07:55:00+00:00,91474.9375,91474.9375,91435.0859375,91435.0859375,55115776
2026-01-04 08:00:00+00:00,91296.8984375,91487.390625,91296.8984375,91487.390625,0
2026-01-04 08:05:00+00:00,91254.4375,91283.3515625,91254.4375,91269.5859375,83134464
2026-01-04 08:10:00+00:00,91318.109375,91320.8515625,91311.5078125,91313.9453125,46288896
2026-01-04 08:15:00+00:00,91321.59375,91321.59375,91286.4765625,91286.4765625,67074048
2026-01-04 08:20:00+00:00,91325.65625,91325.65625,91280.5,91280.5,15187968
2026-01-04 08:25:00+00:00,91198.703125,91262.078125,91176.1171875,91262.078125,49649664
2026-01-04 08:30:00+00:00,91253.90625,91253.90625,91203.390625,91203.390625,0
2026-01-04 08:35:00+00:00,91298.3984375,91298.3984375,91265.078125,91265.078125,0
2026-01-04 08:40:00+00:00,91319.84375,91319.84375,91247.5859375,91247.5859375,0
2026-01-04 08:45:00+00:00,91363.3671875,91376.7734375,91350.390625,91350.390625,168646656
2026-01-04 08:50:00+00:00,91307.0859375,91391.25,91307.0859375,91391.25,120010752
2026-01-04 08:55:00+00:00,91307.09375,91309.3984375,91267.515625,91267.515625,34834432
2026-01-04 09:00:00+00:00,91293.21875,91331.109375,91290.4375,91327.6875,15837184
2026-01-04 09:05:00+00:00,91247.09375,91298.0625,91247.09375,91298.0625,126769152
2026-01-04 09:10:00+00:00,91244.1015625,91251.265625,91244.1015625,91251.265625,101537792
2026-01-04 09:15:00+00:00,91349.7578125,91356.640625,91274.1484375,91274.1484375,80095232
2026-01-04 09:20:00+00:00,91332.640625,91381.84375,91332.640625,91381.5703125,91031552
2026-01-04 09:25:00+00:00,91260.78125,91347.6171875,91247.75,91347.6171875,148668416
2026-01-04 09:30:00+00:00,91320.46875,91323.46875,91272.046875,91272.046875,62232576
2026-01-04 09:35:00+00:00,91322.625,91323.0625,91307.109375,91316.890625,0
2026-01-04 09:40:00+00:00,91371.8984375,91371.8984375,91346.9140625,91352.90625,156434432
2026-01-04 09:45:00+00:00,91401.9609375,91402.1796875,91374.6953125,91374.6953125,94007296
2026-01-04 09:50:00+00:00,91426.203125,91426.203125,91387.3828125,91387.3828125,11587584
2026-01-04 09:55:00+00:00,91409.796875,91409.796875,91352.71875,91352.71875,64800768
2026-01-04 10:00:00+00:00,91429.734375,91429.734375,91397.6953125,91418.1171875,26892288
2026-01-04 10:05:00+00:00,91461.515625,91469.1640625,91419.1328125,91419.1328125,196423680
2026-01-04 10:10:00+00:00,91507.40625,91507.40625,91469.4375,91469.4375,0
2026-01-04 10:15:00+00:00,91432.375,91509.171875,91432.375,91493.3046875,317120512
2026-01-04 10:20:00+00:00,91446.3125,91461.3671875,91446.3125,91454.953125,52013056
2026-01-04 10:25:00+00:00,91440.375,91440.375,91387.0234375,91425.2421875,181489664
2026-01-04 10:30:00+00:00,91511.671875,91511.671875,91420.4296875,91420.4296875,0
2026-01-04 10:35:00+00:00,91430.328125,91500.8203125,91430.328125,91500.8203125,205903872
2026-01-04 10:40:00+00:00,91480.25,91480.25,91456.078125,91456.078125,0
2026-01-04 10:45:00+00:00,91549.5546875,91549.5546875,91524.234375,91526.7578125,173215744
2026-01-04 10:50:00+00:00,91550.6640625,91550.6640625,91533.8828125,91541.34375,95420416
2026-01-04 10:55:00+00:00,91538.21875,91554.625,91538.21875,91550.2890625,67379200
2026-01-04 11:00:00+00:00,91489.7578125,91533.859375,91489.7578125,91533.859375,1581056
2026-01-04 11:05:00+00:00,91375.671875,91481.4765625,91375.671875,91481.4765625,40572928
2026-01-04 11:10:00+00:00,91372.1484375,91372.1484375,91355.8046875,91364.34375,0
2026-01-04 11:15:00+00:00,91341.8515625,91341.8515625,91331.4453125,91337.5,176347136
2026-01-04 11:20:00+00:00,91322.359375,91337.5,91322.359375,91332.4140625,35270656
2026-01-04 11:25:00+00:00,91326.6328125,91326.6328125,91314.203125,91321.2109375,65019904
2026-01-04 11:30:00+00:00,91375.296875,91375.296875,91331.140625,91331.140625,0
2026-01-04 11:35:00+00:00,91312.46875,91367.3203125,91312.46875,91364.0078125,53338112
2026-01-04 11:40:00+00:00,91311.875,91312.53125,91299.4921875,91299.4921875,0
2026-01-04 11:45:00+00:00,91318.8203125,91318.8203125,91306.6328125,91318.1796875,73148416
2026-01-04 11:50:00+00:00,91212.8515625,91319.4375,91212.8515625,91319.4375,30908416
2026-01-04 11:55:00+00:00,91235.6796875,91235.6796875,91205.5,91213.375,52123648
2026-01-04 12:00:00+00:00,91252.3125,91252.3125,91232.1328125,91236.4609375,0
2026-01-04 12:05:00+00:00,91207.421875,91259.40625,91207.421875,91259.40625,21995520
2026-01-04 12:10:00+00:00,91203.703125,91203.703125,91167.09375,91167.09375,7634944
2026-01-04 12:15:00+00:00,91200.8359375,91200.8359375,91193.109375,91197.34375,21975040
2026-01-04 12:20:00+00:00,91224.9453125,91224.9453125,91196.71875,91196.71875,28839936
2026-01-04 12:25:00+00:00,91288.71875,91288.71875,91240.5078125,91240.5078125,145911808
2026-01-04 12:30:00+00:00,91300.234375,91300.234375,91243.8125,91287.6796875,0
2026-01-04 12:35:00+00:00,91151.203125,91200.5234375,91141.5703125,91200.5234375,132569088
2026-01-04 12:40:00+00:00,91102.6875,91151.9921875,91099.5234375,91151.9921875,104083456
2026-01-04 12:45:00+00:00,91091.296875,91099.328125,91078.1171875,91081.125,64536576
2026-01-04 12:50:00+00:00,91090.7578125,91105.0390625,91090.7578125,91105.0390625,0
2026-01-04 12:55:00+00:00,91098.34375,91125.3125,91095.125,91125.3125,0
2026-01-04 13:00:00+00:00,91086.2578125,91086.2578125,91069.4609375,91080.828125,0
2026-01-04 13:05:00+00:00,91154.0390625,91154.0390625,91111.375,91111.375,54411264
2026-01-04 13:10:00+00:00,91150.2734375,91160.015625,91147.609375,91147.609375,0
2026-01-04 13:15:00+00:00,91030.4375,91113.0078125,91030.4375,91113.0078125,0
2026-01-04 13:20:00+00:00,91090.8984375,91090.8984375,91015.5078125,91015.5078125,58505216
2026-01-04 13:25:00+00:00,91137.1640625,91154.1484375,91114.09375,91114.09375,72830976
2026-01-04 13:30:00+00:00,91152.546875,91152.546875,91145.7578125,91149.0,35135488
2026-01-04 13:35:00+00:00,91179.3828125,91196.28125,91159.8359375,91196.28125,0
2026-01-04 13:40:00+00:00,91172.296875,91174.4375,91148.1875,91148.1875,59115520
2026-01-04 13:45:00+00:00,91202.34375,91202.34375,91180.4140625,91180.4140625,27471872
2026-01-04 13:50:00+00:00,91201.2421875,91201.2421875,91184.453125,91190.4765625,0
2026-01-04 13:55:00+00:00,91223.3515625,91223.3515625,91208.984375,91215.296875,2004992
2026-01-04 14:00:00+00:00,91239.3984375,91239.3984375,91207.78125,91212.140625,0
2026-01-04 14:05:00+00:00,91257.3671875,91257.3671875,91204.265625,91228.8828125,13684736
2026-01-04 14:10:00+00:00,91349.0859375,91349.0859375,91291.765625,91291.765625,43745280
2026-01-04 14:15:00+00:00,91267.25,91348.5078125,91267.25,91348.5078125,38617088
2026-01-04 14:20:00+00:00,91236.46875,91244.4375,91235.078125,91244.4375,6285312
2026-01-04 14:25:00+00:00,91194.46875,91231.6640625,91194.46875,91231.6640625,0
2026-01-04 14:30:00+00:00,91181.9609375,91199.765625,91181.9609375,91199.765625,0
2026-01-04 14:35:00+00:00,91141.0703125,91142.0390625,91103.0546875,91103.0546875,0
2026-01-04 14:40:00+00:00,91143.1484375,91148.8984375,91132.6171875,91133.4140625,80543744
2026-01-04 14:45:00+00:00,91198.5625,91198.5625,91114.71875,91114.71875,12128256
2026-01-04 14:50:00+00:00,91248.15625,91256.0859375,91197.6640625,91197.6640625,0
2026-01-04 14:55:00+00:00,91270.609375,91298.671875,91270.609375,91277.109375,62300160
2026-01-04 15:00:00+00:00,91307.4609375,91320.7109375,91271.9453125,91274.171875,0
2026-01-04 15:05:00+00:00,91285.6875,91285.6875,91247.71875,91273.9140625,0
2026-01-04 15:10:00+00:00,91277.6484375,91289.0859375,91277.6484375,91288.3359375,0
2026-01-04 15:15:00+00:00,91231.6171875,91272.125,91231.6171875,91272.125,61880320
2026-01-04 15:20:00+00:00,91230.6015625,91253.9140625,91230.6015625,91250.3359375,0
2026-01-04 15:25:00+00:00,91197.015625,91202.25,91181.328125,91202.25,57397248
2026-01-04 15:30:00+00:00,91191.890625,91201.484375,91191.890625,91196.796875,18767872
2026-01-04 15:35:00+00:00,91152.34375,91222.9921875,91152.34375,91222.9921875,53561344
2026-01-04 15:40:00+00:00,91192.171875,91192.171875,91174.5625,91174.5625,4155392
2026-01-04 15:45:00+00:00,91120.609375,91169.5703125,91071.453125,91169.5703125,89790464
2026-01-04 15:50:00+00:00,91285.25,91285.25,91140.3203125,91140.3203125,41508864
2026-01-04 15:55:00+00:00,91270.453125,91270.453125,91242.1171875,91251.578125,0
2026-01-04 16:00:00+00:00,91350.9609375,91350.9609375,91275.046875,91286.796875,92160
2026-01-04 16:05:00+00:00,91222.0625,91391.921875,91222.0625,91355.8828125,103604224
2026-01-04 16:10:00+00:00,91242.6015625,91242.6015625,91229.015625,91229.015625,205197312
2026-01-04 16:15:00+00:00,91219.4765625,91247.28125,91219.4765625,91231.1796875,17756160
2026-01-04 16:20:00+00:00,91254.15625,91289.0,91254.15625,91254.9765625,34897920
2026-01-04 16:25:00+00:00,91269.5859375,91281.921875,91269.5859375,91281.921875,0
2026-01-04 16:30:00+00:00,91304.828125,91304.828125,91271.15625,91271.15625,0
2026-01-04 16:35:00+00:00,91339.75,91368.3515625,91322.140625,91336.78125,0
2026-01-04 16:40:00+00:00,91247.9921875,91303.0,91247.9921875,91303.0,74379264
2026-01-04 16:45:00+00:00,91261.8515625,91265.1328125,91248.671875,91248.671875,0
2026-01-04 16:50:00+00:00,91267.171875,91267.171875,91256.6796875,91256.6796875,0
2026-01-04 16:55:00+00:00,91285.140625,91285.140625,91273.6171875,91284.1484375,0
2026-01-04 17:00:00+00:00,91364.8515625,91370.1953125,91276.5,91282.5078125,0
2026-01-04 17:05:00+00:00,91313.28125,91327.421875,91313.28125,91327.421875,36501504
2026-01-04 17:10:00+00:00,91317.6328125,91317.6328125,91314.9765625,91315.984375,7716864
2026-01-04 17:15:00+00:00,91286.6953125,91316.8984375,91282.6484375,91295.4140625,45092864
2026-01-04 17:20:00+00:00,91354.109375,91385.578125,91298.203125,91298.203125,0
2026-01-04 17:25:00+00:00,91318.984375,91354.9921875,91318.984375,91354.9921875,10346496
2026-01-04 17:30:00+00:00,91361.234375,91361.234375,91323.921875,91323.921875,120465408
2026-01-04 17:35:00+00:00,91361.375,91391.234375,91361.375,91365.234375,0
2026-01-04 17:40:00+00:00,91342.9375,91371.453125,91342.9375,91371.453125,13309952
2026-01-04 17:45:00+00:00,91344.171875,91349.6328125,91336.7890625,91337.3046875,32452608
2026-01-04 17:50:00+00:00,91304.296875,91352.390625,91304.296875,91352.390625,0
2026-01-04 17:55:00+00:00,91297.8203125,91304.3046875,91294.09375,91304.3046875,78471168
2026-01-04 18:00:00+00:00,91257.96875,91294.46875,91255.2890625,91294.46875,0
2026-01-04 18:05:00+00:00,91218.515625,91260.359375,91217.265625,91260.359375,0
2026-01-04 18:10:00+00:00,91190.765625,91198.1875,91190.765625,91193.6640625,88014848
2026-01-04 18:15:00+00:00,91154.109375,91197.9609375,91154.109375,91195.703125,20942848
2026-01-04 18:20:00+00:00,91124.46875,91162.7890625,91112.4453125,91162.7890625,28708864
2026-01-04 18:25:00+00:00,91120.6875,91127.203125,91120.6875,91124.6875,27717632
2026-01-04 18:30:00+00:00,91122.0234375,91124.3046875,91116.421875,91124.3046875,0
2026-01-04 18:35:00+00:00,90965.75,91086.921875,90965.75,91086.765625,114907136
2026-01-04 18:40:00+00:00,91167.2109375,91167.2109375,91072.4453125,91072.4453125,131653632
2026-01-04 18:45:00+00:00,91133.421875,91177.3828125,91133.421875,91170.890625,0
2026-01-04 18:50:00+00:00,91133.671875,91142.3515625,91116.390625,91142.3515625,96286720
2026-01-04 18:55:00+00:00,91161.8359375,91161.8359375,91131.5859375,91131.5859375,11988992
2026-01-04 19:00:00+00:00,91079.0625,91164.640625,91079.0625,91164.640625,0
2026-01-04 19:05:00+00:00,90877.046875,91037.40625,90877.046875,91037.40625,111085568
2026-01-04 19:10:00+00:00,90934.8125,90950.921875,90906.484375,90906.484375,0
2026-01-04 19:15:00+00:00,91003.1953125,91026.046875,90986.203125,91002.1171875,1109962752
2026-01-04 19:20:00+00:00,91126.296875,91126.296875,91059.0859375,91059.0859375,72585216
2026-01-04 19:25:00+00:00,91069.9140625,91102.9375,91064.671875,91090.0078125,61618176
2026-01-04 19:30:00+00:00,91129.515625,91129.515625,91074.703125,91074.703125,0
2026-01-04 19:35:00+00:00,91103.28125,91130.765625,91103.28125,91114.5234375,14954496
2026-01-04 19:40:00+00:00,91050.7421875,91068.9765625,91019.2734375,91068.9765625,509952
2026-01-04 19:45:00+00:00,91036.4921875,91036.4921875,91021.875,91021.875,24403968
2026-01-04 19:50:00+00:00,91063.875,91077.0546875,91063.875,91077.0546875,122748928
2026-01-04 19:55:00+00:00,91099.46875,91123.8125,91057.8984375,91057.8984375,0
2026-01-04 20:00:00+00:00,91117.3203125,91117.3203125,91084.6875,91100.7890625,109803520
2026-01-04 20:05:00+00:00,91162.078125,91162.078125,91085.4453125,91103.671875,0
2026-01-04 20:10:00+00:00,91219.640625,91219.640625,91149.1015625,91149.1015625,0
2026-01-04 20:15:00+00:00,91222.2578125,91222.2578125,91200.5859375,91204.1171875,30783488
2026-01-04 20:20:00+00:00,91215.1484375,91215.1484375,91202.90625,91202.90625,148377600
2026-01-04 20:25:00+00:00,91289.0,91289.0,91217.53125,91217.53125,0
2026-01-04 20:30:00+00:00,91235.984375,91298.765625,91235.984375,91298.765625,0
2026-01-04 20:35:00+00:00,91260.046875,91263.5859375,91241.21875,91241.21875,86704128
2026-01-04 20:40:00+00:00,91256.640625,91275.40625,91256.640625,91270.3203125,0
2026-01-04 20:45:00+00:00,91236.2890625,91245.6640625,91220.609375,91245.6640625,0
2026-01-04 20:50:00+00:00,91282.0625,91289.6171875,91245.1875,91245.1875,0
2026-01-04 20:55:00+00:00,91252.453125,91274.53125,91252.453125,91274.53125,0
2026-01-04 21:00:00+00:00,91227.3125,91259.6171875,91227.3125,91259.6171875,0
2026-01-04 21:05:00+00:00,91319.1640625,91319.1640625,91294.6875,91294.6875,0
2026-01-04 21:10:00+00:00,91349.296875,91350.375,91325.8984375,91336.359375,0
2026-01-04 21:15:00+00:00,91299.7421875,91331.484375,91296.484375,91331.484375,142086144
2026-01-04 21:20:00+00:00,91273.921875,91280.8984375,91273.921875,91280.8984375,0
2026-01-04 21:25:00+00:00,91286.046875,91287.234375,91256.828125,91256.828125,105224192
2026-01-04 21:30:00+00:00,91260.0,91285.9453125,91260.0,91274.0390625,0
2026-01-04 21:35:00+00:00,91283.5625,91298.1953125,91280.2890625,91280.2890625,0
2026-01-04 21:40:00+00:00,91190.9453125,91213.3828125,91190.9453125,91213.3828125,0
2026-01-04 21:45:00+00:00,91147.78125,91174.9765625,91147.78125,91174.9765625,0
2026-01-04 21:50:00+00:00,91162.546875,91162.546875,91153.2578125,91153.2578125,0
2026-01-04 21:55:00+00:00,91220.7734375,91241.3125,91220.7734375,91233.2734375,73005056
2026-01-04 22:00:00+00:00,91279.421875,91279.421875,91211.2734375,91224.3984375,0
2026-01-04 22:05:00+00:00,91302.7109375,91338.75,91281.296875,91308.90625,0
2026-01-04 22:10:00+00:00,91134.6640625,91304.4921875,91134.6640625,91288.2734375,122220544
2026-01-04 22:15:00+00:00,91159.4375,91159.4375,91108.8359375,91108.8359375,0
2026-01-04 22:20:00+00:00,91200.5078125,91200.5078125,91181.0703125,91181.0703125,17539072
2026-01-04 22:25:00+00:00,91213.03125,91213.03125,91170.71875,91170.71875,0
2026-01-04 22:30:00+00:00,91242.9140625,91242.9140625,91223.96875,91223.96875,48791552
2026-01-04 22:35:00+00:00,91182.015625,91208.359375,91182.015625,91196.3203125,0
2026-01-04 22:40:00+00:00,91171.015625,91171.015625,91142.8515625,91142.8515625,24139776
2026-01-04 22:45:00+00:00,91200.59375,91200.59375,91164.8671875,91164.9296875,0
2026-01-04 22:50:00+00:00,91164.59375,91179.640625,91164.59375,91179.640625,0
2026-01-04 22:55:00+00:00,91140.7421875,91143.9921875,91131.0078125,91143.71875,0
2026-01-04 23:00:00+00:00,91444.2265625,91444.2265625,91168.3984375,91168.3984375,0
2026-01-04 23:05:00+00:00,91392.3828125,91407.15625,91383.3984375,91407.15625,41865216
2026-01-04 23:10:00+00:00,91283.03125,91407.0859375,91283.03125,91387.5390625,84512768
2026-01-04 23:15:00+00:00,91294.578125,91294.578125,91250.890625,91250.890625,0
2026-01-04 23:20:00+00:00,91463.3515625,91463.3515625,91333.359375,91333.359375,10567680
2026-01-04 23:25:00+00:00,91321.6875,91441.734375,91321.6875,91395.7265625,0
2026-01-04 23:30:00+00:00,91293.640625,91309.796875,91293.640625,91308.8828125,0
2026-01-04 23:35:00+00:00,91274.265625,91336.7109375,91274.265625,91311.578125,990390272
2026-01-04 23:40:00+00:00,91276.0390625,91298.0390625,91276.0390625,91298.0390625,0
2026-01-04 23:45:00+00:00,91232.6640625,91276.578125,91232.6640625,91276.578125,51834880
2026-01-04 23:50:00+00:00,91384.5859375,91384.5859375,91292.171875,91292.171875,47374336
2026-01-04 23:55:00+00:00,91393.3203125,91393.3203125,91374.390625,91388.2734375,0
2026-01-05 00:00:00+00:00,91894.3515625,91894.3515625,91498.046875,91498.046875,993650688
2026-01-05 00:05:00+00:00,91692.3359375,91815.8125,91692.3359375,91815.8125,0
2026-01-05 00:10:00+00:00,91806.7578125,91806.7578125,91662.3828125,91662.3828125,26986496
2026-01-05 00:15:00+00:00,91875.65625,91917.609375,91875.65625,91899.625,0
2026-01-05 00:20:00+00:00,91714.0625,91846.40625,91714.0625,91841.640625,1523712
2026-01-05 00:25:00+00:00,91796.40625,91803.2109375,91707.140625,91707.140625,0
2026-01-05 00:30:00+00:00,91706.703125,91801.234375,91706.703125,91801.234375,88057856
2026-01-05 00:35:00+00:00,91796.78125,91796.78125,91748.7265625,91748.7265625,0
2026-01-05 00:40:00+00:00,91979.5,91979.5,91800.671875,91800.671875,48742400
2026-01-05 00:45:00+00:00,92164.0703125,92164.0703125,91991.0390625,91991.0390625,246116352
2026-01-05 00:50:00+00:00,92316.53125,92316.53125,92162.625,92225.71875,139712512
2026-01-05 00:55:00+00:00,92355.8359375,92355.8359375,92204.1484375,92204.1484375,437655552
2026-01-05 01:00:00+00:00,92375.6875,92375.6875,92251.21875,92339.203125,134948864
2026-01-05 01:05:00+00:00,92829.1328125,92829.1328125,92418.7890625,92418.7890625,105625600
2026-01-05 01:10:00+00:00,92766.4453125,92766.4453125,92662.375,92662.375,432201728
2026-01-05 01:15:00+00:00,92777.0625,92926.5703125,92757.8359375,92896.0390625,328044544
2026-01-05 01:20:00+00:00,92803.8046875,92846.4140625,92734.84375,92846.4140625,265619456
2026-01-05 01:25:00+00:00,92896.3984375,92896.3984375,92830.3046875,92841.7890625,212248576
2026-01-05 01:30:00+00:00,92816.2265625,92916.9296875,92812.53125,92916.9296875,148520960
2026-01-05 01:35:00+00:00,93177.6171875,93177.6171875,92881.2109375,92881.2109375,0
2026-01-05 01:40:00+00:00,93157.734375,93157.734375,92999.375,93107.484375,1517094912
2026-01-05 01:45:00+00:00,93167.3125,93167.3125,93099.265625,93142.453125,363833344
2026-01-05 01:50:00+00:00,92951.734375,93155.015625,92951.734375,93155.015625,120434688
2026-01-05 01:55:00+00:00,92916.90625,92982.6484375,92916.90625,92982.6484375,55691264
2026-01-05 02:00:00+00:00,93059.1875,93101.40625,92913.40625,92913.40625,91371520
2026-01-05 02:05:00+00:00,92775.7578125,93048.15625,92775.7578125,93009.28125,124315648
2026-01-05 02:10:00+00:00,92901.8515625,92902.4765625,92810.3359375,92810.3359375,100388864
2026-01-05 02:15:00+00:00,92937.1171875,92937.1171875,92865.7109375,92865.7109375,269033472
2026-01-05 02:20:00+00:00,92779.0078125,92908.6015625,92779.0078125,92908.6015625,92446720
2026-01-05 02:25:00+00:00,92769.34375,92774.921875,92748.4375,92774.921875,0
2026-01-05 02:30:00+00:00,92830.15625,92830.15625,92737.0078125,92737.0078125,1100853248
2026-01-05 02:35:00+00:00,92851.78125,92923.8671875,92851.78125,92863.234375,179042304
2026-01-05 02:40:00+00:00,92837.1875,92891.3515625,92837.1875,92872.8515625,74557440
2026-01-05 02:45:00+00:00,92953.3515625,92953.3515625,92865.0546875,92865.0546875,285679616
2026-01-05 02:50:00+00:00,92976.65625,92976.65625,92919.3046875,92965.609375,0
2026-01-05 02:55:00+00:00,92984.3203125,93021.015625,92960.1484375,93021.015625,236961792
2026-01-05 03:00:00+00:00,93097.8359375,93097.8359375,92969.296875,92988.2578125,0
2026-01-05 03:05:00+00:00,93009.0546875,93106.265625,93009.0546875,93106.265625,44556288
2026-01-05 03:10:00+00:00,92924.5546875,92962.25,92924.5546875,92959.3515625,41998336
2026-01-05 03:15:00+00:00,92925.140625,92971.8359375,92925.140625,92971.8359375,23279616
2026-01-05 03:20:00+00:00,92983.7890625,92983.7890625,92952.8203125,92952.8203125,186478592
2026-01-05 03:25:00+00:00,92950.4609375,92950.4609375,92907.875,92917.78125,0
2026-01-05 03:30:00+00:00,92997.03125,93070.5703125,92951.6796875,92951.6796875,10184704
2026-01-05 03:35:00+00:00,92936.390625,92979.3203125,92925.3671875,92979.3203125,89415680
2026-01-05 03:40:00+00:00,92910.3203125,92966.4296875,92910.3203125,92966.4296875,80414720
2026-01-05 03:45:00+00:00,92904.28125,92904.28125,92897.9375,92898.546875,44140544
2026-01-05 03:50:00+00:00,92921.8046875,92921.8046875,92910.9375,92910.9375,27887616
2026-01-05 03:55:00+00:00,92845.640625,92878.59375,92845.640625,92878.59375,14811136
2026-01-05 04:00:00+00:00,92886.3984375,92896.2265625,92841.5,92841.5,33536000
2026-01-05 04:05:00+00:00,92796.953125,92879.65625,92796.953125,92879.65625,0
2026-01-05 04:10:00+00:00,92759.28125,92798.6015625,92759.28125,92798.6015625,124057600
2026-01-05 04:15:00+00:00,92762.9609375,92772.765625,92762.9609375,92763.0703125,0
2026-01-05 04:20:00+00:00,92619.609375,92650.8984375,92603.9765625,92650.8984375,0
2026-01-05 04:25:00+00:00,92458.1953125,92601.015625,92410.7890625,92601.015625,118880256
2026-01-05 04:30:00+00:00,92443.1484375,92469.4296875,92389.59375,92439.21875,142131200
2026-01-05 04:35:00+00:00,92480.8515625,92480.8515625,92390.9921875,92431.640625,18087936
2026-01-05 04:40:00+00:00,92427.359375,92474.53125,92427.359375,92474.53125,3989504
2026-01-05 04:45:00+00:00,92452.8828125,92452.8828125,92344.34375,92344.34375,39358464
2026-01-05 04:50:00+00:00,92507.890625,92507.890625,92400.21875,92400.21875,187478016
2026-01-05 04:55:00+00:00,92566.8125,92570.0703125,92511.8984375,92511.8984375,0
2026-01-05 05:00:00+00:00,92539.890625,92551.1484375,92531.609375,92551.1484375,30679040
2026-01-05 05:05:00+00:00,92596.2421875,92599.953125,92543.2265625,92543.2265625,1529856
2026-01-05 05:10:00+00:00,92613.0234375,92643.7109375,92613.0234375,92643.7109375,65660928
2026-01-05 05:15:00+00:00,92603.4921875,92611.78125,92557.796875,92611.78125,199723008
2026-01-05 05:20:00+00:00,92655.2109375,92655.2109375,92599.875,92599.875,3942400
2026-01-05 05:25:00+00:00,92660.609375,92666.4609375,92653.5078125,92666.4609375,21985280
2026-01-05 05:30:00+00:00,92647.65625,92665.1484375,92647.65625,92665.1484375,0
2026-01-05 05:35:00+00:00,92561.703125,92632.1953125,92561.703125,92632.1953125,0
2026-01-05 05:40:00+00:00,92559.9453125,92559.9453125,92516.34375,92516.34375,0
2026-01-05 05:45:00+00:00,92480.0859375,92506.09375,92474.1640625,92506.09375,202919936
2026-01-05 05:50:00+00:00,92341.640625,92473.78125,92341.640625,92473.78125,0
2026-01-05 05:55:00+00:00,92351.9453125,92382.0,92330.484375,92330.484375,135329792
2026-01-05 06:00:00+00:00,92353.1015625,92353.1015625,92321.7578125,92321.7578125,0
2026-01-05 06:05:00+00:00,92403.484375,92403.484375,92353.1015625,92353.1015625,0
2026-01-05 06:10:00+00:00,92372.3359375,92437.078125,92372.3359375,92437.078125,0
2026-01-05 06:15:00+00:00,92389.90625,92389.90625,92359.2109375,92359.2109375,0
2026-01-05 06:20:00+00:00,92343.5390625,92355.890625,92336.3828125,92355.890625,82153472
2026-01-05 06:25:00+00:00,92239.1328125,92339.765625,92239.1328125,92339.765625,0
2026-01-05 06:30:00+00:00,92222.53125,92224.625,92141.8984375,92141.8984375,32356352
2026-01-05 06:35:00+00:00,92276.875,92276.875,92253.9296875,92253.9296875,0
2026-01-05 06:40:00+00:00,92314.984375,92314.984375,92293.2578125,92293.2578125,0
2026-01-05 06:45:00+00:00,92347.8515625,92365.6875,92336.828125,92365.6875,0
2026-01-05 06:50:00+00:00,92407.3359375,92407.3359375,92393.765625,92393.765625,174049280
2026-01-05 06:55:00+00:00,92433.3359375,92450.0078125,92416.734375,92416.734375,9940992
2026-01-05 07:00:00+00:00,92509.4140625,92523.890625,92427.5390625,92427.5390625,0
2026-01-05 07:05:00+00:00,92503.6875,92506.328125,92499.3984375,92506.328125,704512
2026-01-05 07:10:00+00:00,92547.6953125,92547.6953125,92454.1328125,92454.1328125,29865984
2026-01-05 07:15:00+00:00,92529.2734375,92574.1015625,92506.3359375,92561.4609375,6680576
2026-01-05 07:20:00+00:00,92524.8515625,92557.53125,92524.8515625,92553.6171875,54056960
2026-01-05 07:25:00+00:00,92511.65625,92520.0390625,92503.328125,92520.0390625,0
2026-01-05 07:30:00+00:00,92492.6015625,92505.859375,92492.6015625,92505.859375,27076608
2026-01-05 07:35:00+00:00,92495.34375,92502.71875,92495.34375,92500.984375,22368256
2026-01-05 07:40:00+00:00,92486.6171875,92516.4609375,92486.6171875,92496.4453125,12445696
2026-01-05 07:45:00+00:00,92490.8359375,92493.921875,92487.40625,92492.2265625,113137664
2026-01-05 07:50:00+00:00,92475.5234375,92478.28125,92475.28125,92475.28125,47321088
2026-01-05 07:55:00+00:00,92474.3359375,92474.8359375,92468.421875,92468.421875,0
2026-01-05 08:00:00+00:00,92464.7578125,92491.6640625,92464.7578125,92491.6640625,0
2026-01-05 08:05:00+00:00,92534.984375,92534.984375,92494.1484375,92494.1484375,0
2026-01-05 08:10:00+00:00,92567.8359375,92567.8359375,92543.15625,92543.15625,0
2026-01-05 08:15:00+00:00,92575.7890625,92580.25,92566.515625,92580.25,131186688
2026-01-05 08:20:00+00:00,92658.9140625,92658.9140625,92594.9609375,92603.1171875,66641920
2026-01-05 08:25:00+00:00,92687.234375,92697.921875,92664.03125,92686.109375,0
2026-01-05 08:30:00+00:00,92645.9453125,92661.203125,92642.765625,92642.765625,0
2026-01-05 08:35:00+00:00,92475.21875,92585.90625,92475.21875,92585.90625,0
2026-01-05 08:40:00+00:00,92432.7578125,92450.453125,92430.8125,92450.453125,631865344
2026-01-05 08:45:00+00:00,92447.328125,92462.5859375,92431.1328125,92431.1328125,116434944
2026-01-05 08:50:00+00:00,92454.6796875,92454.6796875,92425.84375,92425.84375,0
2026-01-05 08:55:00+00:00,92475.5390625,92516.75,92461.7109375,92461.7109375,0
2026-01-05 09:00:00+00:00,92301.15625,92448.765625,92298.984375,92421.6953125,111101952
2026-01-05 09:05:00+00:00,92337.4609375,92337.4609375,92301.0078125,92301.0078125,0
2026-01-05 09:10:00+00:00,92428.6875,92428.6875,92357.8515625,92357.8515625,1037268992
2026-01-05 09:15:00+00:00,92487.8203125,92487.8203125,92372.8203125,92377.09375,11595776
2026-01-05 09:20:00+00:00,92512.0,92512.0,92462.296875,92462.296875,0
2026-01-05 09:25:00+00:00,92541.8515625,92545.25,92513.34375,92513.34375,50028544
2026-01-05 09:30:00+00:00,92513.8984375,92569.890625,92505.6875,92569.890625,0
2026-01-05 09:35:00+00:00,92506.0859375,92520.3671875,92499.09375,92520.3671875,0
2026-01-05 09:40:00+00:00,92590.21875,92595.375,92546.7109375,92546.7109375,0
2026-01-05 09:45:00+00:00,92750.609375,92750.609375,92588.640625,92588.640625,72108032
2026-01-05 09:50:00+00:00,92713.1484375,92713.1484375,92683.078125,92683.078125,33992704
2026-01-05 09:55:00+00:00,92664.875,92664.875,92653.8671875,92653.8671875,0
2026-01-05 10:00:00+00:00,92625.9375,92673.4453125,92625.9375,92673.4453125,0
2026-01-05 10:05:00+00:00,92692.796875,92692.796875,92647.125,92647.125,0
2026-01-05 10:10:00+00:00,92837.546875,92837.546875,92747.34375,92747.34375,0
2026-01-05 10:15:00+00:00,92837.84375,92851.8125,92837.84375,92844.09375,0
2026-01-05 10:20:00+00:00,92850.2265625,92850.2265625,92835.75,92835.75,0
2026-01-05 10:25:00+00:00,92846.5703125,92880.046875,92846.5703125,92864.1171875,1206272
2026-01-05 10:30:00+00:00,92925.5390625,92925.5390625,92820.3203125,92847.390625,42504192
2026-01-05 10:35:00+00:00,92938.0546875,92938.0546875,92793.8828125,92885.453125,25964544
2026-01-05 10:40:00+00:00,92822.1953125,92894.9296875,92822.1953125,92894.9296875,0
2026-01-05 10:45:00+00:00,92970.1484375,92970.1484375,92815.1171875,92815.1171875,226725888
2026-01-05 10:50:00+00:00,93068.2109375,93068.2109375,92970.546875,92970.546875,75991040
2026-01-05 10:55:00+00:00,93036.1484375,93086.3828125,93036.1484375,93086.3828125,132276224
2026-01-05 11:00:00+00:00,92981.328125,92999.3984375,92981.328125,92986.8203125,85813248
2026-01-05 11:05:00+00:00,92980.9453125,92980.9453125,92955.65625,92968.0625,0
2026-01-05 11:10:00+00:00,92923.9765625,92973.8828125,92923.9765625,92973.8828125,139556864
2026-01-05 11:15:00+00:00,92861.5390625,92861.5390625,92841.0,92847.171875,0
2026-01-05 11:20:00+00:00,93004.8359375,93004.8359375,92940.078125,92957.9296875,180953088
2026-01-05 11:25:00+00:00,93046.5390625,93069.3203125,93046.5390625,93060.3203125,64634880
2026-01-05 11:30:00+00:00,92932.3515625,92932.3515625,92921.3828125,92921.6953125,54278144
2026-01-05 11:35:00+00:00,92880.953125,92892.015625,92874.7734375,92892.015625,0
2026-01-05 11:40:00+00:00,92994.1015625,92994.1015625,92867.1484375,92867.1484375,130349056
2026-01-05 11:45:00+00:00,93072.1875,93072.1875,92963.6015625,92963.6015625,75010048
2026-01-05 11:50:00+00:00,93083.4375,93083.4375,93056.40625,93056.40625,29112320
2026-01-05 11:55:00+00:00,93051.1875,93081.1953125,93051.1875,93081.1953125,52520960
2026-01-05 12:00:00+00:00,93071.9921875,93083.203125,93061.9609375,93083.203125,0
2026-01-05 12:05:00+00:00,93013.4140625,93058.3203125,93013.4140625,93058.046875,184795136
2026-01-05 12:10:00+00:00,93097.015625,93097.015625,93039.78125,93039.78125,0
2026-01-05 12:15:00+00:00,93076.0703125,93101.0234375,93070.171875,93101.0234375,0
2026-01-05 12:20:00+00:00,92914.9140625,92995.3359375,92914.9140625,92995.3359375,0
2026-01-05 12:25:00+00:00,92925.4921875,92925.4921875,92906.2421875,92924.9140625,70881280
2026-01-05 12:30:00+00:00,92837.53125,92902.4765625,92837.53125,92896.71875,171405312
2026-01-05 12:35:00+00:00,92839.5703125,92860.921875,92830.6875,92830.6875,34756608
2026-01-05 12:40:00+00:00,92748.5546875,92802.59375,92748.5546875,92795.0703125,0
2026-01-05 12:45:00+00:00,92777.7890625,92807.84375,92756.1484375,92756.1484375,0
2026-01-05 12:50:00+00:00,92769.609375,92777.3359375,92740.421875,92740.421875,55339008
2026-01-05 12:55:00+00:00,92803.3203125,92803.3203125,92753.75,92753.75,190459904
2026-01-05 13:00:00+00:00,92781.0703125,92803.3125,92781.0703125,92802.7890625,0
2026-01-05 13:05:00+00:00,92921.5,92947.3046875,92861.5390625,92861.5390625,46616576
2026-01-05 13:10:00+00:00,92923.0625,92927.3203125,92871.15625,92871.15625,0
2026-01-05 13:15:00+00:00,92802.4453125,92883.7421875,92802.4453125,92883.7421875,110735360
2026-01-05 13:20:00+00:00,92740.2578125,92798.9921875,92672.5625,92798.9921875,0
2026-01-05 13:25:00+00:00,92738.9296875,92747.1640625,92726.3671875,92747.1640625,136996864
2026-01-05 13:30:00+00:00,92660.40625,92729.8125,92660.40625,92729.8125,0
2026-01-05 13:35:00+00:00,92624.5390625,92663.4140625,92562.359375,92663.4140625,0
2026-01-05 13:40:00+00:00,92576.3359375,92605.484375,92493.21875,92605.484375,219219968
2026-01-05 13:45:00+00:00,92582.2265625,92582.2265625,92537.7578125,92537.7578125,0
2026-01-05 13:50:00+00:00,92610.5625,92610.5625,92558.28125,92558.28125,1071583232
2026-01-05 13:55:00+00:00,92666.9140625,92675.1796875,92621.78125,92630.5703125,265961472
2026-01-05 14:00:00+00:00,92754.28125,92754.28125,92702.8984375,92702.8984375,0
2026-01-05 14:05:00+00:00,92656.640625,92735.578125,92656.640625,92735.578125,103038976
2026-01-05 14:10:00+00:00,92724.4296875,92724.4296875,92682.96875,92683.4921875,61276160
2026-01-05 14:15:00+00:00,92723.671875,92723.671875,92703.6875,92706.1015625,170475520
2026-01-05 14:20:00+00:00,92716.734375,92740.390625,92716.734375,92718.0234375,31891456
2026-01-05 14:25:00+00:00,92679.2265625,92739.6953125,92655.40625,92739.6953125,22913024
2026-01-05 14:30:00+00:00,92578.234375,92648.6171875,92559.2265625,92648.6171875,64626688
2026-01-05 14:35:00+00:00,92735.890625,92735.890625,92410.171875,92534.828125,336994304
2026-01-05 14:40:00+00:00,93085.328125,93085.328125,92857.90625,92857.90625,174288896
2026-01-05 14:45:00+00:00,93021.3671875,93249.8125,93021.3671875,93249.8125,678264832
2026-01-05 14:50:00+00:00,93355.359375,93371.3828125,93131.4765625,93157.484375,212418560
2026-01-05 14:55:00+00:00,93393.625,93552.46875,93293.40625,93293.40625,613658624
2026-01-05 15:00:00+00:00,93310.234375,93370.8828125,93310.234375,93370.8828125,447844352
2026-01-05 15:05:00+00:00,93267.5390625,93461.84375,93172.3203125,93461.84375,106672128
2026-01-05 15:10:00+00:00,93324.5234375,93336.8828125,93287.8125,93287.8125,560132096
2026-01-05 15:15:00+00:00,93637.1953125,93699.71875,93366.0234375,93366.0234375,138985472
2026-01-05 15:20:00+00:00,93310.7578125,93584.1796875,93310.7578125,93584.1796875,257474560
2026-01-05 15:25:00+00:00,93359.046875,93359.046875,93222.3515625,93290.5625,0
2026-01-05 15:30:00+00:00,93643.8203125,93654.0859375,93299.9765625,93299.9765625,1403293696
2026-01-05 15:35:00+00:00,93507.296875,93657.2265625,93507.296875,93657.2265625,199860224
2026-01-05 15:40:00+00:00,93812.8125,93869.5234375,93621.9765625,93621.9765625,469221376
2026-01-05 15:45:00+00:00,93725.6015625,93886.1640625,93725.6015625,93819.21875,476860416
2026-01-05 15:50:00+00:00,93933.75,93933.75,93787.46875,93787.46875,324124672
2026-01-05 15:55:00+00:00,93883.9453125,93883.9453125,93778.7578125,93778.7578125,495718400
2026-01-05 16:00:00+00:00,93930.3359375,93947.1484375,93873.3671875,93873.3671875,177860608
2026-01-05 16:05:00+00:00,93790.40625,93972.0859375,93782.046875,93972.0859375,298680320
2026-01-05 16:10:00+00:00,93849.84375,93868.8828125,93824.5078125,93868.8828125,132235264
2026-01-05 16:15:00+00:00,93852.7578125,93890.140625,93849.6875,93890.140625,439185408
2026-01-05 16:20:00+00:00,93672.7578125,93905.1796875,93672.7578125,93905.1796875,132493312
2026-01-05 16:25:00+00:00,93841.4453125,93905.140625,93800.03125,93810.796875,315453440
2026-01-05 16:30:00+00:00,93744.078125,93781.1875,93744.078125,93751.546875,323055616
2026-01-05 16:35:00+00:00,93875.28125,93875.28125,93760.3984375,93781.59375,229036032
2026-01-05 16:40:00+00:00,93801.1875,93801.1875,93747.296875,93757.015625,73080832
2026-01-05 16:45:00+00:00,93585.0546875,93717.953125,93585.0546875,93717.953125,0
2026-01-05 16:50:00+00:00,93660.3046875,93678.0,93660.3046875,93678.0,407154688
2026-01-05 16:55:00+00:00,93715.7734375,93715.7734375,93683.546875,93683.546875,100130816
2026-01-05 17:00:00+00:00,93708.8359375,93742.09375,93658.9375,93687.3203125,206327808
2026-01-05 17:05:00+00:00,93651.421875,93651.421875,93606.5625,93641.7265625,0
2026-01-05 17:10:00+00:00,93694.7109375,93694.7109375,93645.59375,93652.8359375,320385024
2026-01-05 17:15:00+00:00,93584.3515625,93658.015625,93584.3515625,93657.9296875,27750400
2026-01-05 17:20:00+00:00,93392.3203125,93588.9765625,93392.3203125,93583.609375,201142272
2026-01-05 17:25:00+00:00,93308.796875,93346.09375,93283.2265625,93346.09375,3002368
2026-01-05 17:30:00+00:00,93469.578125,93502.4921875,93469.578125,93478.96875,289140736
2026-01-05 17:35:00+00:00,93598.09375,93682.140625,93553.578125,93553.578125,0
2026-01-05 17:40:00+00:00,93792.2578125,93819.0234375,93786.625,93786.625,64733184
2026-01-05 17:45:00+00:00,93844.2578125,93844.2578125,93827.5390625,93838.875,342904832
2026-01-05 17:50:00+00:00,93928.3984375,93930.5,93831.5078125,93831.5078125,56143872
2026-01-05 17:55:00+00:00,94264.9609375,94264.9609375,94008.59375,94008.59375,438579200
2026-01-05 18:00:00+00:00,94161.09375,94234.8125,94161.09375,94234.8125,638607360
2026-01-05 18:05:00+00:00,94113.078125,94168.4609375,94113.078125,94151.9453125,0
2026-01-05 18:10:00+00:00,94143.84375,94146.578125,94075.6484375,94146.578125,787243008
2026-01-05 18:15:00+00:00,93976.1015625,94180.109375,93976.1015625,94180.109375,285863936
2026-01-05 18:20:00+00:00,93987.2578125,94001.6875,93955.15625,93968.359375,200097792
2026-01-05 18:25:00+00:00,94059.265625,94131.4765625,94046.2578125,94046.2578125,153415680
2026-01-05 18:30:00+00:00,94006.1015625,94051.3125,93985.875,94035.3203125,131756032
2026-01-05 18:35:00+00:00,94001.8671875,94020.8515625,93966.84375,94020.8515625,52977664
2026-01-05 18:40:00+00:00,93965.15625,93965.15625,93919.9765625,93938.9296875,0
2026-01-05 18:45:00+00:00,94179.484375,94185.5546875,93986.4609375,93986.4609375,0
2026-01-05 18:50:00+00:00,94209.203125,94209.203125,94193.0,94193.0,0
2026-01-05 18:55:00+00:00,94458.9609375,94458.9609375,94322.390625,94322.390625,280244224
2026-01-05 19:00:00+00:00,94342.34375,94342.6953125,94334.6796875,94334.6796875,553955328
2026-01-05 19:05:00+00:00,94267.9375,94267.9375,94227.8203125,94241.3125,92266496
2026-01-05 19:10:00+00:00,94344.25,94344.25,94309.796875,94325.0390625,0
2026-01-05 19:15:00+00:00,94352.5859375,94352.5859375,94232.4140625,94318.3359375,100483072
2026-01-05 19:20:00+00:00,94366.453125,94366.453125,94314.640625,94314.640625,0
2026-01-05 19:25:00+00:00,94410.0703125,94414.5078125,94288.6640625,94288.6640625,74211328
2026-01-05 19:30:00+00:00,94480.921875,94480.921875,94387.6953125,94412.03125,161484800
2026-01-05 19:35:00+00:00,94271.9765625,94438.8828125,94271.9765625,94438.8828125,40181760
2026-01-05 19:40:00+00:00,94228.8125,94246.015625,94205.296875,94205.296875,264093696
2026-01-05 19:45:00+00:00,94241.0625,94257.4609375,94210.1171875,94257.4609375,76173312
2026-01-05 19:50:00+00:00,94135.46875,94208.3671875,94135.46875,94201.4765625,67452928
2026-01-05 19:55:00+00:00,94225.5859375,94270.21875,94156.0703125,94156.0703125,0
2026-01-05 20:00:00+00:00,94419.390625,94419.390625,94219.390625,94219.390625,333492224
2026-01-05 20:05:00+00:00,94454.828125,94454.828125,94442.53125,94451.28125,159477760
2026-01-05 20:10:00+00:00,94308.125,94375.9140625,94308.125,94375.9140625,247521280
2026-01-05 20:15:00+00:00,94317.9921875,94405.7109375,94317.9921875,94381.75,170737664
2026-01-05 20:20:00+00:00,94439.2578125,94439.2578125,94296.4765625,94371.7734375,60235776
2026-01-05 20:25:00+00:00,94673.3984375,94673.3984375,94478.5703125,94478.5703125,564486144
2026-01-05 20:30:00+00:00,94466.5546875,94627.671875,94466.5546875,94627.671875,0
2026-01-05 20:35:00+00:00,94364.4453125,94364.4453125,94283.328125,94349.4140625,1787600896
2026-01-05 20:40:00+00:00,94185.671875,94338.5546875,94185.671875,94338.5546875,232640512
2026-01-05 20:45:00+00:00,94199.015625,94227.8203125,94187.71875,94202.96875,0
2026-01-05 20:50:00+00:00,94139.6015625,94177.28125,94139.6015625,94177.28125,1456922624
2026-01-05 20:55:00+00:00,94148.84375,94148.84375,94066.71875,94114.4453125,153006080
2026-01-05 21:00:00+00:00,94191.015625,94191.015625,94146.8203125,94146.8203125,129495040
2026-01-05 21:05:00+00:00,94104.296875,94182.0390625,94104.296875,94182.0390625,290795520
2026-01-05 21:10:00+00:00,94067.2890625,94106.140625,94067.2890625,94101.421875,0
2026-01-05 21:15:00+00:00,94050.296875,94050.296875,93994.203125,93994.203125,276721664
2026-01-05 21:20:00+00:00,94050.6640625,94118.8828125,94050.6640625,94113.2890625,0
2026-01-05 21:25:00+00:00,93932.3046875,94032.3203125,93932.3046875,94032.3203125,1452044288
2026-01-05 21:30:00+00:00,93903.8046875,93903.8046875,93880.28125,93880.28125,0
2026-01-05 21:35:00+00:00,94034.8515625,94034.8515625,93930.6015625,93953.3671875,522813440
2026-01-05 21:40:00+00:00,94098.3046875,94120.3359375,94093.2890625,94093.2890625,45834240
2026-01-05 21:45:00+00:00,94134.109375,94135.7265625,94085.3203125,94085.3203125,0
2026-01-05 21:50:00+00:00,94207.7421875,94207.7421875,94159.765625,94159.765625,46100480
2026-01-05 21:55:00+00:00,94091.6328125,94177.7734375,94091.6328125,94177.7734375,81555456
2026-01-05 22:00:00+00:00,94020.46875,94082.9375,94020.46875,94082.9375,0
2026-01-05 22:05:00+00:00,94124.296875,94124.296875,94073.328125,94073.328125,39510016
2026-01-05 22:10:00+00:00,94136.703125,94205.984375,94136.703125,94176.1328125,6025216
2026-01-05 22:15:00+00:00,94296.6796875,94296.6796875,94169.6484375,94169.6484375,0
2026-01-05 22:20:00+00:00,94325.71875,94325.71875,94301.9296875,94301.9296875,116215808
2026-01-05 22:25:00+00:00,94288.6796875,94377.453125,94288.6796875,94377.453125,55394304
2026-01-05 22:30:00+00:00,94224.046875,94253.25,94224.046875,94253.25,232181760
2026-01-05 22:35:00+00:00,94312.9453125,94312.9453125,94240.0546875,94240.0546875,103739392
2026-01-05 22:40:00+00:00,94297.3828125,94333.3515625,94297.3828125,94309.9453125,0
2026-01-05 22:45:00+00:00,94220.109375,94326.765625,94220.109375,94271.796875,425132032
2026-01-05 22:50:00+00:00,94156.40625,94188.828125,94156.40625,94188.7734375,0
2026-01-05 22:55:00+00:00,94184.484375,94186.5625,94166.359375,94171.2578125,112553984
2026-01-05 23:00:00+00:00,94062.1953125,94178.3359375,94032.71875,94178.3359375,55619584
2026-01-05 23:05:00+00:00,94043.0234375,94079.25,94036.203125,94036.203125,0
2026-01-05 23:10:00+00:00,94030.1953125,94068.1015625,94030.1953125,94067.8828125,245395456
2026-01-05 23:15:00+00:00,93998.421875,94118.2734375,93998.421875,94043.0625,0
2026-01-05 23:20:00+00:00,93983.890625,94021.3671875,93983.890625,94008.3359375,50184192
2026-01-05 23:25:00+00:00,93969.3359375,94001.65625,93969.3359375,94001.65625,0
2026-01-05 23:30:00+00:00,93914.0,93980.7421875,93914.0,93980.7421875,311513088
2026-01-05 23:35:00+00:00,93891.4375,93958.53125,93891.4375,93958.53125,0
2026-01-05 23:40:00+00:00,93978.4375,94008.2109375,93884.0625,93884.0625,1623609344
2026-01-05 23:45:00+00:00,93919.15625,93925.4296875,93900.8828125,93925.4296875,0
2026-01-05 23:50:00+00:00,93928.546875,93964.5078125,93928.546875,93949.796875,0
2026-01-05 23:55:00+00:00,93901.1328125,93935.34375,93901.1328125,93910.3125,299327488
2026-01-06 00:00:00+00:00,93948.578125,93948.578125,93869.1328125,93869.1328125,0
2026-01-06 00:05:00+00:00,93808.78125,93947.84375,93808.78125,93947.84375,0
2026-01-06 00:10:00+00:00,93744.4765625,93799.515625,93744.4765625,93799.515625,0
2026-01-06 00:15:00+00:00,93737.6484375,93737.6484375,93692.7265625,93726.6640625,1483399168
2026-01-06 00:20:00+00:00,93735.09375,93748.234375,93711.3828125,93726.8671875,0
2026-01-06 00:25:00+00:00,93753.4453125,93753.4453125,93704.9375,93704.9375,0
2026-01-06 00:30:00+00:00,93684.1171875,93800.28125,93684.1171875,93800.28125,75337728
2026-01-06 00:35:00+00:00,93570.4453125,93624.7578125,93570.4453125,93616.5703125,0
2026-01-06 00:40:00+00:00,93551.6015625,93580.328125,93551.6015625,93557.515625,0
2026-01-06 00:45:00+00:00,93654.1796875,93654.1796875,93580.9375,93636.65625,1539072000
2026-01-06 00:50:00+00:00,93741.53125,93743.0390625,93679.15625,93679.15625,0
2026-01-06 00:55:00+00:00,93801.8125,93801.8125,93736.703125,93736.703125,1073836032
2026-01-06 01:00:00+00:00,93871.2578125,93878.734375,93823.234375,93823.234375,0
2026-01-06 01:05:00+00:00,93832.3359375,93867.1875,93822.7734375,93867.1875,0
2026-01-06 01:10:00+00:00,93889.140625,93889.140625,93849.75,93849.75,0
2026-01-06 01:15:00+00:00,93918.484375,93921.8125,93888.2421875,93914.28125,0
2026-01-06 01:20:00+00:00,93979.125,93979.125,93941.2109375,93941.2109375,75395072
2026-01-06 01:25:00+00:00,93966.21875,93976.84375,93956.1328125,93956.1328125,0
2026-01-06 01:30:00+00:00,94083.078125,94130.609375,94076.1171875,94130.609375,0
2026-01-06 01:35:00+00:00,93973.5703125,94030.578125,93973.5703125,94006.2734375,0
2026-01-06 01:40:00+00:00,93896.1640625,93970.984375,93896.1640625,93970.984375,0
2026-01-06 01:45:00+00:00,93896.8984375,93900.5390625,93836.6328125,93836.6328125,0
2026-01-06 01:50:00+00:00,93772.6875,93797.1796875,93772.6875,93797.1796875,68505600
2026-01-06 01:55:00+00:00,93764.15625,93764.15625,93747.875,93753.5625,0
2026-01-06 02:00:00+00:00,93824.3046875,93841.8203125,93762.96875,93773.4609375,1355304960
2026-01-06 02:05:00+00:00,93733.4765625,93815.328125,93733.4765625,93815.328125,0
2026-01-06 02:10:00+00:00,93741.3515625,93741.3515625,93722.40625,93722.40625,0
2026-01-06 02:15:00+00:00,93710.9375,93745.203125,93710.9375,93743.8046875,0
2026-01-06 02:20:00+00:00,93714.75,93734.8828125,93670.4609375,93670.4609375,188272640
2026-01-06 02:25:00+00:00,93738.484375,93745.578125,93714.9453125,93714.9453125,0
2026-01-06 02:30:00+00:00,93628.84375,93714.3515625,93628.84375,93714.3515625,0
2026-01-06 02:35:00+00:00,93542.1796875,93632.484375,93542.1796875,93600.546875,0
2026-01-06 02:40:00+00:00,93621.5390625,93621.5390625,93577.859375,93580.546875,239202304
2026-01-06 02:45:00+00:00,93601.921875,93628.390625,93582.140625,93628.390625,0
2026-01-06 02:50:00+00:00,93555.0,93583.1484375,93545.4453125,93583.1484375,0
2026-01-06 02:55:00+00:00,93626.34375,93626.34375,93564.8515625,93564.8515625,69943296
2026-01-06 03:00:00+00:00,93595.4765625,93610.2734375,93595.4765625,93608.1640625,0
2026-01-06 03:05:00+00:00,93714.953125,93724.6640625,93695.9921875,93695.9921875,58093568
2026-01-06 03:10:00+00:00,93725.3203125,93725.3203125,93693.9140625,93708.7734375,0
2026-01-06 03:15:00+00:00,93778.8125,93791.6171875,93755.4921875,93755.4921875,126763008
2026-01-06 03:20:00+00:00,93767.4921875,93798.640625,93767.4921875,93798.640625,0
2026-01-06 03:25:00+00:00,93804.3125,93813.9140625,93746.65625,93746.65625,0
2026-01-06 03:30:00+00:00,93875.390625,93875.390625,93789.71875,93789.71875,29503488
2026-01-06 03:35:00+00:00,93878.3671875,93894.046875,93872.4375,93873.0,169889792
2026-01-06 03:40:00+00:00,93802.8203125,93825.734375,93802.8203125,93823.6875,0
2026-01-06 03:45:00+00:00,93777.7578125,93797.296875,93770.84375,93770.84375,0
2026-01-06 03:50:00+00:00,93756.765625,93756.765625,93732.2109375,93741.5,1204772864
2026-01-06 03:55:00+00:00,93762.5859375,93768.875,93741.0703125,93745.8671875,179007488
2026-01-06 04:00:00+00:00,93722.828125,93787.125,93722.828125,93750.640625,13508608
2026-01-06 04:05:00+00:00,93856.484375,93856.484375,93776.4453125,93776.4453125,0
2026-01-06 04:10:00+00:00,93896.9453125,93944.3359375,93896.265625,93896.265625,0
2026-01-06 04:15:00+00:00,93919.828125,93971.703125,93919.828125,93922.015625,320679936
2026-01-06 04:20:00+00:00,93931.265625,93934.6953125,93931.265625,93934.6953125,0
2026-01-06 04:25:00+00:00,93832.78125,93877.09375,93832.78125,93877.09375,0
2026-01-06 04:30:00+00:00,93825.5,93855.4296875,93825.5,93855.4296875,29130752
2026-01-06 04:35:00+00:00,93893.7890625,93908.2109375,93823.171875,93823.171875,0
2026-01-06 04:40:00+00:00,93826.90625,93827.34375,93826.90625,93827.34375,189689856
2026-01-06 04:45:00+00:00,93804.09375,93807.890625,93786.296875,93807.890625,0
2026-01-06 04:50:00+00:00,93805.5703125,93810.5703125,93805.5703125,93810.5703125,0
2026-01-06 04:55:00+00:00,93817.09375,93825.1875,93796.9140625,93796.9140625,0
2026-01-06 05:00:00+00:00,93752.8046875,93794.8203125,93752.8046875,93794.8203125,148287488
2026-01-06 05:05:00+00:00,93695.5,93749.5625,93688.46875,93749.5625,0
2026-01-06 05:10:00+00:00,93723.9140625,93723.9140625,93661.125,93661.125,116146176
2026-01-06 05:15:00+00:00,93704.8125,93718.0078125,93704.8125,93714.125,0
2026-01-06 05:20:00+00:00,93722.1328125,93768.90625,93720.796875,93720.796875,1638400
2026-01-06 05:25:00+00:00,93692.0703125,93722.015625,93668.71875,93722.015625,0
2026-01-06 05:30:00+00:00,93698.0390625,93726.8671875,93694.75,93694.75,201936896
2026-01-06 05:35:00+00:00,93641.3671875,93661.3125,93641.3671875,93661.3125,3158016
2026-01-06 05:40:00+00:00,93620.078125,93620.078125,93592.25,93592.25,0
2026-01-06 05:45:00+00:00,93584.0390625,93608.609375,93583.7265625,93608.609375,103161856
2026-01-06 05:50:00+00:00,93615.7890625,93641.7421875,93612.3125,93612.3125,0
2026-01-06 05:55:00+00:00,93558.046875,93611.3046875,93548.765625,93611.3046875,0
2026-01-06 06:00:00+00:00,93643.53125,93643.53125,93590.9453125,93590.9453125,0
2026-01-06 06:05:00+00:00,93613.953125,93637.859375,93577.3359375,93637.859375,79949824
2026-01-06 06:10:00+00:00,93738.796875,93738.796875,93608.625,93608.625,330391552
2026-01-06 06:15:00+00:00,93713.828125,93737.6796875,93713.828125,93737.6796875,18186240
2026-01-06 06:20:00+00:00,93649.3125,93669.578125,93641.5234375,93641.5234375,0
2026-01-06 06:25:00+00:00,93712.5546875,93712.5546875,93677.4375,93681.9609375,28602368
2026-01-06 06:30:00+00:00,93847.7890625,93847.7890625,93771.53125,93771.53125,0
2026-01-06 06:35:00+00:00,93792.203125,93837.6015625,93792.203125,93837.6015625,128962560
2026-01-06 06:40:00+00:00,93856.0859375,93889.2109375,93856.0859375,93868.8515625,0
2026-01-06 06:45:00+00:00,93858.2734375,93885.15625,93858.2734375,93885.15625,95215616
2026-01-06 06:50:00+00:00,93801.8984375,93850.546875,93801.8984375,93848.7734375,67198976
2026-01-06 06:55:00+00:00,93780.90625,93820.703125,93780.90625,93820.703125,31297536
2026-01-06 07:00:00+00:00,93664.0078125,93739.625,93664.0078125,93739.625,0
2026-01-06 07:05:00+00:00,93578.703125,93626.8984375,93578.703125,93626.8984375,185430016
2026-01-06 07:10:00+00:00,93521.1484375,93589.34375,93521.1484375,93589.34375,0
2026-01-06 07:15:00+00:00,93525.0234375,93544.796875,93522.3828125,93522.3828125,309821440
2026-01-06 07:20:00+00:00,93323.8125,93527.7734375,93323.8125,93518.8046875,0
2026-01-06 07:25:00+00:00,93338.03125,93365.2421875,93338.03125,93352.8671875,141987840
2026-01-06 07:30:00+00:00,93284.59375,93359.1640625,93284.59375,93359.1640625,353132544
2026-01-06 07:35:00+00:00,93297.7109375,93371.8125,93297.7109375,93336.984375,61325312
2026-01-06 07:40:00+00:00,93233.7265625,93244.6640625,93233.7265625,93244.6640625,25260032
2026-01-06 07:45:00+00:00,93205.453125,93223.125,93172.8984375,93223.125,0
2026-01-06 07:50:00+00:00,93239.515625,93239.515625,93119.6328125,93119.6328125,101400576
2026-01-06 07:55:00+00:00,93213.8984375,93271.8125,93213.8984375,93271.8125,0
2026-01-06 08:00:00+00:00,93251.046875,93251.046875,93177.09375,93206.53125,0
2026-01-06 08:05:00+00:00,93370.421875,93370.5859375,93285.828125,93285.828125,214970368
2026-01-06 08:10:00+00:00,93334.1953125,93361.6875,93332.390625,93361.6875,109121536
2026-01-06 08:15:00+00:00,93342.5859375,93342.5859375,93319.7109375,93328.1171875,0
2026-01-06 08:20:00+00:00,93268.4375,93331.5625,93268.4375,93326.828125,0
2026-01-06 08:25:00+00:00,93218.7109375,93273.0703125,93218.7109375,93273.0703125,296849408
2026-01-06 08:30:00+00:00,93261.2890625,93285.7265625,93211.8125,93285.7265625,3911680
2026-01-06 08:35:00+00:00,93250.234375,93256.25,93234.5625,93256.25,0
2026-01-06 08:40:00+00:00,93226.2734375,93226.2734375,93202.546875,93202.546875,17334272
2026-01-06 08:45:00+00:00,93165.53125,93217.5703125,93142.25,93217.5703125,72298496
2026-01-06 08:50:00+00:00,93210.4765625,93210.4765625,93175.7421875,93177.5625,0
2026-01-06 08:55:00+00:00,93207.3125,93254.625,93207.3125,93254.625,0
2026-01-06 09:00:00+00:00,93243.9921875,93243.9921875,93191.2734375,93191.2734375,0
2026-01-06 09:05:00+00:00,93378.1640625,93451.09375,93340.265625,93340.265625,5787648
2026-01-06 09:10:00+00:00,93361.875,93368.3984375,93317.40625,93317.40625,0
2026-01-06 09:15:00+00:00,93444.46875,93444.46875,93332.3359375,93332.3359375,93896704
2026-01-06 09:20:00+00:00,93483.4921875,93494.8046875,93466.46875,93466.46875,0
2026-01-06 09:25:00+00:00,93446.4921875,93480.703125,93441.90625,93480.703125,386334720
2026-01-06 09:30:00+00:00,93408.375,93443.609375,93408.375,93443.609375,557056
2026-01-06 09:35:00+00:00,93340.9609375,93370.5625,93340.9609375,93370.5625,0
2026-01-06 09:40:00+00:00,93396.21875,93396.515625,93346.4453125,93346.4453125,193224704
2026-01-06 09:45:00+00:00,93404.3359375,93404.8359375,93393.84375,93399.203125,0
2026-01-06 09:50:00+00:00,93449.78125,93449.78125,93415.5625,93415.5625,28823552
2026-01-06 09:55:00+00:00,93437.9609375,93483.6640625,93425.3203125,93483.6640625,275054592
2026-01-06 10:00:00+00:00,93391.7421875,93430.0546875,93385.6953125,93430.0546875,51036160
2026-01-06 10:05:00+00:00,93445.5703125,93449.90625,93411.0859375,93411.0859375,0
2026-01-06 10:10:00+00:00,93560.3203125,93574.7734375,93508.015625,93508.015625,0
2026-01-06 10:15:00+00:00,93616.8515625,93616.8515625,93573.265625,93573.265625,0
2026-01-06 10:20:00+00:00,93520.4296875,93547.453125,93492.0,93547.453125,103407616
2026-01-06 10:25:00+00:00,93586.21875,93598.9375,93583.8515625,93584.2578125,0
2026-01-06 10:30:00+00:00,93550.1953125,93565.984375,93550.1953125,93565.984375,0
2026-01-06 10:35:00+00:00,93561.578125,93563.4609375,93555.3046875,93561.46875,0
2026-01-06 10:40:00+00:00,93568.984375,93568.984375,93560.765625,93561.828125,140173312
2026-01-06 10:45:00+00:00,93582.046875,93582.046875,93558.5,93558.5,0
2026-01-06 10:50:00+00:00,93520.6640625,93521.828125,93506.8984375,93521.828125,47067136
2026-01-06 10:55:00+00:00,93537.8359375,93537.8359375,93474.3203125,93515.765625,0
2026-01-06 11:00:00+00:00,93627.0859375,93627.0859375,93538.203125,93538.203125,0
2026-01-06 11:05:00+00:00,93652.3203125,93668.9921875,93628.3984375,93668.9921875,0
2026-01-06 11:10:00+00:00,93730.3203125,93730.3203125,93711.1328125,93711.1328125,0
2026-01-06 11:15:00+00:00,93674.0078125,93743.65625,93659.640625,93743.65625,0
2026-01-06 11:20:00+00:00,93725.6796875,93725.6796875,93680.09375,93686.7734375,0
2026-01-06 11:25:00+00:00,93750.0546875,93758.921875,93729.171875,93729.171875,1227554816
2026-01-06 11:30:00+00:00,93748.34375,93800.828125,93748.34375,93800.828125,0
2026-01-06 11:35:00+00:00,93749.078125,93762.3984375,93749.078125,93760.625,321310720
2026-01-06 11:40:00+00:00,93752.84375,93754.3359375,93752.84375,93754.3359375,0
2026-01-06 11:45:00+00:00,93823.390625,93823.390625,93759.9609375,93759.9609375,0
2026-01-06 11:50:00+00:00,93811.7890625,93846.890625,93811.7890625,93819.5625,0
2026-01-06 11:55:00+00:00,93789.015625,93799.609375,93774.0859375,93799.609375,0
2026-01-06 12:00:00+00:00,93819.1796875,93825.0,93807.4453125,93825.0,86183936
2026-01-06 12:05:00+00:00,93903.953125,93903.953125,93770.4296875,93797.1953125,0
2026-01-06 12:10:00+00:00,93899.953125,93910.921875,93899.953125,93908.515625,0
2026-01-06 12:15:00+00:00,93888.546875,93889.59375,93846.9765625,93889.59375,262103040
2026-01-06 12:20:00+00:00,93880.5546875,93880.5546875,93864.6640625,93864.6640625,0
2026-01-06 12:25:00+00:00,93856.6328125,93864.8125,93837.8671875,93864.8125,65200128
2026-01-06 12:30:00+00:00,93805.34375,93829.1015625,93792.2265625,93829.1015625,0
2026-01-06 12:35:00+00:00,93765.3125,93803.6484375,93765.3125,93796.6875,0
2026-01-06 12:40:00+00:00,93767.0078125,93779.15625,93767.0078125,93768.1015625,0
2026-01-06 12:45:00+00:00,93815.359375,93815.359375,93779.6171875,93779.6171875,83165184
2026-01-06 12:50:00+00:00,93795.65625,93816.6640625,93795.65625,93816.6640625,15417344
2026-01-06 12:55:00+00:00,93853.609375,93853.609375,93796.8359375,93796.8359375,0
2026-01-06 13:00:00+00:00,93787.609375,93787.84375,93782.4296875,93782.4296875,0
2026-01-06 13:05:00+00:00,93756.9609375,93761.875,93754.7890625,93754.7890625,14598144
2026-01-06 13:10:00+00:00,93775.03125,93819.09375,93775.03125,93819.09375,0
2026-01-06 13:15:00+00:00,93720.234375,93779.71875,93720.234375,93779.71875,200200192
2026-01-06 13:20:00+00:00,93785.1171875,93785.1171875,93735.3984375,93735.3984375,0
2026-01-06 13:25:00+00:00,93733.1328125,93789.25,93733.1328125,93789.25,0
2026-01-06 13:30:00+00:00,93687.3359375,93732.2734375,93687.3359375,93711.734375,0
2026-01-06 13:35:00+00:00,93668.078125,93694.7421875,93658.6875,93694.7421875,0
2026-01-06 13:40:00+00:00,93672.671875,93673.5234375,93642.234375,93642.234375,152301568
2026-01-06 13:45:00+00:00,93634.7890625,93664.0859375,93634.7890625,93664.0859375,0
2026-01-06 13:50:00+00:00,93628.7265625,93642.1796875,93628.7265625,93642.1796875,0
2026-01-06 13:55:00+00:00,93671.75,93671.75,93646.2265625,93646.2265625,155074560
2026-01-06 14:00:00+00:00,93706.3984375,93729.71875,93686.390625,93686.390625,0
2026-01-06 14:05:00+00:00,93965.3359375,93965.3359375,93763.265625,93772.78125,184725504
2026-01-06 14:10:00+00:00,94113.890625,94113.890625,93935.8671875,93935.8671875,113565696
2026-01-06 14:15:00+00:00,94040.0546875,94140.0859375,94040.0546875,94079.578125,491864064
2026-01-06 14:20:00+00:00,94391.71875,94391.71875,94173.2578125,94173.2578125,208928768
2026-01-06 14:25:00+00:00,94287.171875,94352.734375,94257.5234375,94352.734375,332378112
2026-01-06 14:30:00+00:00,94092.4609375,94278.3984375,94039.9140625,94278.3984375,253386752
2026-01-06 14:35:00+00:00,94070.4140625,94115.2890625,94020.2109375,94091.875,146112512
2026-01-06 14:40:00+00:00,94091.3125,94225.6015625,94091.3125,94167.265625,0
2026-01-06 14:45:00+00:00,93689.1015625,94086.9765625,93689.1015625,94041.3046875,0
2026-01-06 14:50:00+00:00,93633.7109375,94024.5546875,93633.7109375,94024.5546875,69611520
2026-01-06 14:55:00+00:00,93750.140625,93750.140625,93543.09375,93673.3515625,0
2026-01-06 15:00:00+00:00,93699.03125,93789.6171875,93699.03125,93789.6171875,1025277952
2026-01-06 15:05:00+00:00,93841.5859375,93843.1796875,93730.1796875,93730.1796875,0
2026-01-06 15:10:00+00:00,93710.8203125,93833.1640625,93704.0625,93833.1640625,75096064
2026-01-06 15:15:00+00:00,94034.328125,94034.328125,93746.6953125,93746.6953125,0
2026-01-06 15:20:00+00:00,94194.625,94194.625,93982.9921875,93990.984375,68067328
2026-01-06 15:25:00+00:00,94122.9296875,94204.0078125,94042.59375,94095.703125,0
2026-01-06 15:30:00+00:00,93932.4765625,94083.1328125,93928.859375,94083.1328125,459907072
2026-01-06 15:35:00+00:00,93624.5546875,93971.828125,93624.5546875,93971.828125,166465536
2026-01-06 15:40:00+00:00,93346.90625,93569.3828125,93346.90625,93569.3828125,0
2026-01-06 15:45:00+00:00,93415.6328125,93453.734375,93331.9453125,93440.28125,0
2026-01-06 15:50:00+00:00,93401.078125,93499.8515625,93383.9609375,93499.8515625,0
2026-01-06 15:55:00+00:00,93480.5390625,93480.6328125,93424.421875,93455.9140625,59072512
2026-01-06 16:00:00+00:00,93658.2109375,93674.859375,93658.0859375,93658.0859375,0
2026-01-06 16:05:00+00:00,93355.8515625,93664.390625,93355.8515625,93664.390625,0
2026-01-06 16:10:00+00:00,93438.671875,93522.28125,93438.671875,93456.296875,0
2026-01-06 16:15:00+00:00,93359.2109375,93426.1015625,93359.2109375,93426.1015625,0
2026-01-06 16:20:00+00:00,93200.9765625,93361.4765625,93191.2265625,93361.4765625,147226624
2026-01-06 16:25:00+00:00,92891.03125,93219.03125,92867.3125,93219.03125,275427328
2026-01-06 16:30:00+00:00,92768.2890625,92867.015625,92768.2890625,92799.34375,584560640
2026-01-06 16:35:00+00:00,92734.3984375,92757.0390625,92638.6328125,92743.4140625,277348352
2026-01-06 16:40:00+00:00,92578.3359375,92609.5703125,92578.3359375,92582.046875,0
2026-01-06 16:45:00+00:00,92325.59375,92454.1328125,92325.59375,92436.375,525758464
2026-01-06 16:50:00+00:00,92606.75,92606.75,92425.0390625,92425.0390625,352751616
2026-01-06 16:55:00+00:00,92573.4921875,92573.4921875,92497.71875,92572.4609375,0
2026-01-06 17:00:00+00:00,92589.4140625,92650.890625,92535.4609375,92650.890625,317177856
2026-01-06 17:05:00+00:00,92697.109375,92697.109375,92626.7890625,92673.0703125,293482496
2026-01-06 17:10:00+00:00,92651.046875,92651.046875,92559.6484375,92632.1484375,136810496
2026-01-06 17:15:00+00:00,92402.0390625,92581.6796875,92402.0390625,92581.6796875,0
2026-01-06 17:20:00+00:00,92537.125,92537.125,92488.6015625,92488.6015625,6393856
2026-01-06 17:25:00+00:00,92599.734375,92611.2890625,92599.734375,92611.2890625,0
2026-01-06 17:30:00+00:00,92496.5390625,92496.5390625,92406.984375,92467.6171875,1501257728
2026-01-06 17:35:00+00:00,92581.0390625,92581.0390625,92475.1953125,92503.9765625,72011776
2026-01-06 17:40:00+00:00,92126.4765625,92339.4296875,92088.171875,92339.4296875,101392384
2026-01-06 17:45:00+00:00,91853.4375,92130.859375,91853.4375,92130.859375,353447936
2026-01-06 17:50:00+00:00,91880.4609375,91880.4609375,91786.1171875,91786.1171875,188567552
2026-01-06 17:55:00+00:00,91550.1796875,91832.859375,91550.1796875,91832.859375,304910336
2026-01-06 18:00:00+00:00,91663.0,91663.0,91526.3203125,91526.3203125,175349760
2026-01-06 18:05:00+00:00,91753.3828125,91753.3828125,91596.1875,91648.2421875,256884736
2026-01-06 18:10:00+00:00,91824.453125,91882.65625,91777.0625,91801.1484375,98930688
2026-01-06 18:15:00+00:00,91822.75,91837.1875,91805.421875,91805.421875,287318016
2026-01-06 18:20:00+00:00,91851.03125,91867.6015625,91774.9296875,91774.9296875,0
2026-01-06 18:25:00+00:00,92048.8828125,92048.8828125,91791.703125,91791.703125,59191296
2026-01-06 18:30:00+00:00,91969.4140625,91969.4140625,91893.2734375,91927.3828125,144211968
2026-01-06 18:35:00+00:00,91891.703125,91996.3671875,91891.703125,91996.3671875,0
2026-01-06 18:40:00+00:00,91850.328125,91858.375,91824.6328125,91824.6328125,265732096
2026-01-06 18:45:00+00:00,92130.9921875,92130.9921875,91909.7578125,91909.7578125,59559936
2026-01-06 18:50:00+00:00,92081.4140625,92110.328125,92081.4140625,92105.828125,132685824
2026-01-06 18:55:00+00:00,91991.3671875,92047.296875,91991.3671875,92047.296875,0
2026-01-06 19:00:00+00:00,91890.90625,91975.234375,91890.90625,91975.234375,0
2026-01-06 19:05:00+00:00,92074.203125,92074.203125,91987.1640625,91987.1640625,153849856
2026-01-06 19:10:00+00:00,92135.125,92135.125,92041.125,92084.2734375,0
2026-01-06 19:15:00+00:00,92132.84375,92163.5234375,92100.5859375,92163.5234375,49672192
2026-01-06 19:20:00+00:00,92138.7734375,92138.7734375,92088.21875,92129.7265625,187084800
2026-01-06 19:25:00+00:00,92239.0234375,92239.0234375,92140.0078125,92140.0078125,0
2026-01-06 19:30:00+00:00,92172.625,92238.1953125,92172.625,92204.1484375,0
2026-01-06 19:35:00+00:00,92066.90625,92176.75,92066.90625,92176.75,0
2026-01-06 19:40:00+00:00,92093.9765625,92095.1328125,92064.2734375,92064.2734375,0
2026-01-06 19:45:00+00:00,92116.453125,92116.453125,92068.75,92068.75,0
2026-01-06 19:50:00+00:00,92015.375,92118.15625,92015.375,92118.15625,79380480
2026-01-06 19:55:00+00:00,92048.78125,92048.78125,91994.71875,91994.71875,84471808
2026-01-06 20:00:00+00:00,92249.171875,92273.34375,92053.625,92053.625,0
2026-01-06 20:05:00+00:00,92389.9609375,92392.515625,92304.2578125,92304.2578125,70299648
2026-01-06 20:10:00+00:00,92346.4140625,92346.4140625,92257.9921875,92330.6953125,0
2026-01-06 20:15:00+00:00,92384.2265625,92415.2421875,92331.015625,92331.015625,0
2026-01-06 20:20:00+00:00,92490.375,92490.375,92471.2109375,92471.2109375,21336064
2026-01-06 20:25:00+00:00,92489.2890625,92509.4765625,92489.2890625,92501.3671875,0
2026-01-06 20:30:00+00:00,92482.734375,92522.3359375,92447.890625,92457.5,0
2026-01-06 20:35:00+00:00,92588.4140625,92588.4140625,92502.953125,92502.953125,0
2026-01-06 20:40:00+00:00,92576.9609375,92594.9921875,92576.9609375,92594.9921875,34025472
2026-01-06 20:45:00+00:00,92536.4609375,92593.8515625,92536.4609375,92565.8828125,27660288
2026-01-06 20:50:00+00:00,92445.8984375,92542.03125,92445.8984375,92542.03125,0
2026-01-06 20:55:00+00:00,92462.4140625,92474.71875,92462.4140625,92471.1875,0
2026-01-06 21:00:00+00:00,92462.75,92462.75,92438.0078125,92438.0078125,0
2026-01-06 21:05:00+00:00,92374.453125,92374.453125,92351.9453125,92363.84375,17678336
2026-01-06 21:10:00+00:00,92796.7734375,92796.7734375,92342.046875,92342.046875,0
2026-01-06 21:15:00+00:00,93556.890625,93759.796875,93303.6171875,93303.6171875,381800448
2026-01-06 21:20:00+00:00,93555.4609375,93555.4609375,93436.1484375,93540.28125,798990336
2026-01-06 21:25:00+00:00,93424.265625,93493.234375,93382.984375,93493.234375,361164800
2026-01-06 21:30:00+00:00,93519.0703125,93519.0703125,93479.1875,93479.1875,93700096
2026-01-06 21:35:00+00:00,93515.2734375,93683.3203125,93498.1484375,93683.3203125,343195648
2026-01-06 21:40:00+00:00,93559.75,93559.75,93466.59375,93466.59375,161333248
2026-01-06 21:45:00+00:00,93373.7265625,93573.0390625,93373.7265625,93573.0390625,321036288
2026-01-06 21:50:00+00:00,93221.8359375,93332.703125,93125.234375,93332.703125,0
2026-01-06 21:55:00+00:00,93236.828125,93236.828125,93222.3828125,93229.796875,132874240
2026-01-06 22:00:00+00:00,93342.9140625,93342.9140625,93230.1640625,93230.1640625,0
2026-01-06 22:05:00+00:00,93229.875,93270.3359375,93229.875,93270.3359375,235986944
2026-01-06 22:10:00+00:00,93142.984375,93363.625,93142.984375,93363.625,284319744
2026-01-06 22:15:00+00:00,93052.375,93154.9921875,93010.4921875,93154.9921875,0
2026-01-06 22:20:00+00:00,92998.40625,93001.8359375,92940.6796875,92940.6796875,1549549568
2026-01-06 22:25:00+00:00,93097.984375,93097.984375,93046.953125,93046.953125,7811072
2026-01-06 22:30:00+00:00,93046.3671875,93101.0703125,93046.3671875,93101.0703125,0
2026-01-06 22:35:00+00:00,92988.859375,93085.9609375,92988.859375,93069.890625,251207680
2026-01-06 22:40:00+00:00,93027.40625,93027.40625,92984.4921875,93017.0546875,0
2026-01-06 22:45:00+00:00,93135.21875,93135.21875,93007.3203125,93007.3203125,349372416
2026-01-06 22:50:00+00:00,93188.59375,93232.3671875,93188.59375,93232.3671875,0
2026-01-06 22:55:00+00:00,93301.5703125,93301.5703125,93201.859375,93212.671875,1638400
2026-01-06 23:00:00+00:00,93360.8125,93382.1875,93272.953125,93272.953125,179380224
2026-01-06 23:05:00+00:00,93454.671875,93454.671875,93394.8984375,93430.703125,0
2026-01-06 23:10:00+00:00,93428.9765625,93478.3046875,93428.9765625,93454.3359375,0
2026-01-06 23:15:00+00:00,93458.4140625,93511.4765625,93440.015625,93440.015625,11849728
2026-01-06 23:20:00+00:00,93395.2734375,93490.7109375,93395.2734375,93454.453125,195219456
2026-01-06 23:25:00+00:00,93456.2265625,93456.2265625,93384.0234375,93384.0234375,0
2026-01-06 23:30:00+00:00,93563.015625,93563.015625,93494.5859375,93494.5859375,0
2026-01-06 23:35:00+00:00,93547.8046875,93597.59375,93526.7578125,93526.7578125,0
2026-01-06 23:40:00+00:00,93540.6484375,93547.9921875,93540.6484375,93547.9921875,0
2026-01-06 23:45:00+00:00,93619.515625,93623.515625,93518.3125,93521.7890625,0
2026-01-06 23:50:00+00:00,93643.890625,93643.890625,93630.53125,93630.53125,0
2026-01-06 23:55:00+00:00,93731.6796875,93731.6796875,93668.4609375,93668.4609375,592093184
2026-01-07 00:00:00+00:00,93628.890625,93628.890625,93623.96875,93623.96875,0
2026-01-07 00:05:00+00:00,93511.0625,93637.75,93511.0625,93557.203125,151187456
2026-01-07 00:10:00+00:00,93521.9140625,93541.8046875,93521.9140625,93538.2734375,29016064
2026-01-07 00:15:00+00:00,93434.2578125,93524.28125,93423.734375,93524.28125,0
2026-01-07 00:20:00+00:00,93436.7734375,93483.4765625,93421.359375,93421.359375,59219968
2026-01-07 00:25:00+00:00,93316.46875,93391.0078125,93316.46875,93391.0078125,0
2026-01-07 00:30:00+00:00,93184.21875,93311.25,93184.21875,93311.25,165658624
2026-01-07 00:35:00+00:00,93194.3125,93231.9375,93194.3125,93197.46875,138776576
2026-01-07 00:40:00+00:00,93055.8125,93108.9453125,93055.8125,93108.9453125,20668416
2026-01-07 00:45:00+00:00,93019.3125,93138.578125,93019.3125,93114.3203125,143851520
2026-01-07 00:50:00+00:00,92947.546875,92947.546875,92892.1171875,92945.3828125,84144128
2026-01-07 00:55:00+00:00,92814.0703125,92964.546875,92814.0703125,92960.609375,353370112
2026-01-07 01:00:00+00:00,92778.9453125,92778.9453125,92637.4140625,92637.4140625,0
2026-01-07 01:05:00+00:00,92791.609375,92791.609375,92764.3046875,92778.2109375,206909440
2026-01-07 01:10:00+00:00,92783.7578125,92795.171875,92756.5078125,92756.5078125,142225408
2026-01-07 01:15:00+00:00,92440.7265625,92742.3515625,92440.7265625,92742.3515625,0
2026-01-07 01:20:00+00:00,92535.640625,92535.640625,92349.7890625,92349.7890625,321351680
2026-01-07 01:25:00+00:00,92472.140625,92555.59375,92472.140625,92521.0859375,199057408
2026-01-07 01:30:00+00:00,92406.171875,92528.625,92386.484375,92528.625,108425216
2026-01-07 01:35:00+00:00,92434.5703125,92439.8828125,92409.6796875,92433.1953125,142282752
2026-01-07 01:40:00+00:00,92428.2890625,92502.5859375,92428.2890625,92502.5859375,151478272
2026-01-07 01:45:00+00:00,92332.5078125,92394.515625,92332.5078125,92379.5390625,258547712
2026-01-07 01:50:00+00:00,92361.5859375,92361.5859375,92319.9609375,92341.5234375,28073984
2026-01-07 01:55:00+00:00,92430.859375,92430.859375,92394.375,92414.7265625,108257280
2026-01-07 02:00:00+00:00,92208.34375,92385.953125,92208.34375,92385.953125,0
2026-01-07 02:05:00+00:00,92534.4296875,92564.5546875,92318.515625,92318.515625,211988480
2026-01-07 02:10:00+00:00,92485.984375,92516.1640625,92485.984375,92496.8359375,207364096
2026-01-07 02:15:00+00:00,92500.2421875,92607.9296875,92500.2421875,92607.9296875,375910400
2026-01-07 02:20:00+00:00,92546.671875,92546.671875,92489.4609375,92489.4609375,31547392
2026-01-07 02:25:00+00:00,92640.5234375,92677.875,92528.5,92528.5,68325376
2026-01-07 02:30:00+00:00,92603.7421875,92610.453125,92603.7421875,92610.453125,39837696
2026-01-07 02:35:00+00:00,92733.40625,92733.40625,92638.328125,92670.75,54374400
2026-01-07 02:40:00+00:00,92783.6875,92804.0546875,92783.6875,92804.0546875,0
2026-01-07 02:45:00+00:00,92850.75,92859.0546875,92802.15625,92802.15625,287571968
2026-01-07 02:50:00+00:00,92902.1171875,92902.1171875,92853.0546875,92853.0546875,23703552
2026-01-07 02:55:00+00:00,92885.8515625,92947.5546875,92885.8515625,92896.8203125,0
2026-01-07 03:00:00+00:00,92940.2265625,92955.6328125,92900.75,92900.75,0
2026-01-07 03:05:00+00:00,92867.359375,92942.375,92834.7265625,92933.875,0
2026-01-07 03:10:00+00:00,92909.96875,92917.8359375,92889.7890625,92889.7890625,242020352
2026-01-07 03:15:00+00:00,92979.8828125,92979.8828125,92895.90625,92895.90625,0
2026-01-07 03:20:00+00:00,93011.6171875,93025.375,93011.6171875,93023.8125,0
2026-01-07 03:25:00+00:00,92983.1796875,93006.90625,92955.9765625,93006.90625,37576704
2026-01-07 03:30:00+00:00,92799.03125,92954.9765625,92798.4140625,92954.9765625,0
2026-01-07 03:35:00+00:00,92769.6640625,92778.2734375,92769.234375,92769.234375,22073344
2026-01-07 03:40:00+00:00,92757.390625,92787.484375,92717.21875,92787.484375,275357696
2026-01-07 03:45:00+00:00,92766.6015625,92805.7578125,92752.1875,92783.6640625,0
2026-01-07 03:50:00+00:00,92744.234375,92773.78125,92730.0859375,92730.0859375,13484032
2026-01-07 03:55:00+00:00,92743.2890625,92754.8203125,92736.2109375,92754.8203125,0
2026-01-07 04:00:00+00:00,92776.3671875,92776.3671875,92730.953125,92730.953125,122130432
2026-01-07 04:05:00+00:00,92750.703125,92828.3046875,92750.703125,92802.3515625,43040768
2026-01-07 04:10:00+00:00,92710.3203125,92751.2734375,92710.3203125,92734.015625,36859904
2026-01-07 04:15:00+00:00,92664.4453125,92693.703125,92616.0,92693.703125,0
2026-01-07 04:20:00+00:00,92712.1953125,92712.1953125,92659.1484375,92659.1484375,26128384
2026-01-07 04:25:00+00:00,92689.4140625,92691.90625,92676.9921875,92676.9921875,267116544
2026-01-07 04:30:00+00:00,92715.234375,92715.234375,92699.265625,92699.265625,26214400
2026-01-07 04:35:00+00:00,92602.2265625,92701.765625,92602.2265625,92701.765625,14417920
2026-01-07 04:40:00+00:00,92624.0390625,92624.0390625,92563.15625,92563.15625,0
2026-01-07 04:45:00+00:00,92626.65625,92699.71875,92626.65625,92699.71875,54468608
2026-01-07 04:50:00+00:00,92584.234375,92605.0625,92584.234375,92597.4609375,0
2026-01-07 04:55:00+00:00,92625.1796875,92625.1796875,92595.8828125,92596.328125,89366528
2026-01-07 05:00:00+00:00,92581.5703125,92583.1875,92579.6171875,92583.1875,149078016
2026-01-07 05:05:00+00:00,92595.875,92602.0390625,92566.5234375,92583.8515625,0
2026-01-07 05:10:00+00:00,92604.46875,92604.46875,92601.7734375,92601.7734375,0
2026-01-07 05:15:00+00:00,92703.0859375,92719.34375,92646.828125,92655.0,56107008
2026-01-07 05:20:00+00:00,92685.75,92705.1328125,92681.3359375,92705.1328125,0
2026-01-07 05:25:00+00:00,92638.7421875,92670.1796875,92638.7421875,92670.1796875,154705920
2026-01-07 05:30:00+00:00,92766.09375,92766.09375,92690.7734375,92690.7734375,0
2026-01-07 05:35:00+00:00,92691.421875,92774.8203125,92691.421875,92774.8203125,0
2026-01-07 05:40:00+00:00,92714.4921875,92753.484375,92714.4921875,92753.484375,1686454272
2026-01-07 05:45:00+00:00,92520.5625,92687.5078125,92520.5625,92687.5078125,0
2026-01-07 05:50:00+00:00,92498.921875,92520.640625,92498.921875,92520.640625,0
2026-01-07 05:55:00+00:00,92459.9140625,92519.25,92459.9140625,92483.9609375,148414464
2026-01-07 06:00:00+00:00,92457.546875,92488.6640625,92457.546875,92473.1796875,0
2026-01-07 06:05:00+00:00,92485.84375,92509.0078125,92485.84375,92497.9375,0
2026-01-07 06:10:00+00:00,92567.953125,92572.90625,92547.90625,92547.90625,0
2026-01-07 06:15:00+00:00,92617.625,92628.2578125,92589.1328125,92589.1328125,0
2026-01-07 06:20:00+00:00,92734.578125,92734.578125,92620.2578125,92620.2578125,0
2026-01-07 06:25:00+00:00,92744.828125,92744.828125,92740.984375,92741.5625,0
2026-01-07 06:30:00+00:00,92746.203125,92805.359375,92746.203125,92757.75,0
2026-01-07 06:35:00+00:00,92630.203125,92741.0703125,92618.8671875,92741.0703125,0
2026-01-07 06:40:00+00:00,92625.46875,92646.9296875,92622.765625,92646.9296875,0
2026-01-07 06:45:00+00:00,92646.6953125,92646.6953125,92618.765625,92618.765625,144711680
2026-01-07 06:50:00+00:00,92589.5,92650.84375,92589.5,92648.6796875,0
2026-01-07 06:55:00+00:00,92563.828125,92563.828125,92555.453125,92555.453125,0
2026-01-07 07:00:00+00:00,92627.125,92627.125,92579.7890625,92579.7890625,0
2026-01-07 07:05:00+00:00,92636.2734375,92637.921875,92632.7890625,92632.7890625,0
2026-01-07 07:10:00+00:00,92638.734375,92638.734375,92631.25,92631.25,0
2026-01-07 07:15:00+00:00,92712.375,92712.375,92693.84375,92693.84375,0
2026-01-07 07:20:00+00:00,92731.109375,92732.1484375,92718.6328125,92718.6328125,0
2026-01-07 07:25:00+00:00,92738.0234375,92738.0234375,92709.3984375,92715.1484375,0
2026-01-07 07:30:00+00:00,92727.109375,92744.46875,92727.109375,92744.46875,0
2026-01-07 07:35:00+00:00,92728.0703125,92728.0703125,92706.328125,92706.328125,71368704
2026-01-07 07:40:00+00:00,92781.3828125,92796.203125,92753.71875,92789.125,0
2026-01-07 07:45:00+00:00,92750.8359375,92754.234375,92749.9921875,92754.234375,0
2026-01-07 07:50:00+00:00,92723.8359375,92757.21875,92723.8359375,92755.9140625,0
2026-01-07 07:55:00+00:00,92773.609375,92773.609375,92749.1640625,92749.1640625,0
2026-01-07 08:00:00+00:00,92795.1171875,92808.1875,92792.46875,92795.28125,173387776
2026-01-07 08:05:00+00:00,92798.9453125,92814.5859375,92791.6484375,92800.234375,0
2026-01-07 08:10:00+00:00,92824.5234375,92864.1953125,92824.5234375,92843.5,0
2026-01-07 08:15:00+00:00,92830.71875,92846.25,92830.71875,92842.046875,2605056
2026-01-07 08:20:00+00:00,92862.2265625,92862.2265625,92813.765625,92813.765625,0
2026-01-07 08:25:00+00:00,92750.984375,92764.6171875,92715.421875,92764.6171875,0
2026-01-07 08:30:00+00:00,92764.9921875,92813.6875,92756.84375,92756.84375,1625542656
2026-01-07 08:35:00+00:00,92693.703125,92718.0859375,92693.703125,92718.0859375,0
2026-01-07 08:40:00+00:00,92687.8515625,92722.296875,92687.8515625,92722.296875,1494663168
2026-01-07 08:45:00+00:00,92634.59375,92679.515625,92634.59375,92679.515625,0
2026-01-07 08:50:00+00:00,92670.9375,92671.359375,92628.3125,92628.3125,0
2026-01-07 08:55:00+00:00,92647.359375,92669.109375,92647.359375,92651.7890625,0
2026-01-07 09:00:00+00:00,92588.9921875,92595.4765625,92566.5703125,92566.5703125,0
2026-01-07 09:05:00+00:00,92465.34375,92625.125,92459.203125,92625.125,0
2026-01-07 09:10:00+00:00,92332.953125,92457.6796875,92332.953125,92457.6796875,0
2026-01-07 09:15:00+00:00,92242.7265625,92242.7265625,92204.0859375,92226.1015625,136196096
2026-01-07 09:20:00+00:00,92007.484375,92060.53125,92007.484375,92018.1796875,470872064
2026-01-07 09:25:00+00:00,91865.515625,91893.09375,91831.28125,91885.640625,369033216
2026-01-07 09:30:00+00:00,91792.75,91886.3671875,91772.015625,91886.3671875,25042944
2026-01-07 09:35:00+00:00,91748.4375,91752.6328125,91733.1640625,91733.1640625,220151808
2026-01-07 09:40:00+00:00,91654.375,91742.34375,91646.421875,91742.34375,191459328
2026-01-07 09:45:00+00:00,91557.2578125,91675.7578125,91557.2578125,91675.7578125,306794496
2026-01-07 09:50:00+00:00,91634.828125,91654.203125,91634.828125,91654.203125,86360064
2026-01-07 09:55:00+00:00,91648.0546875,91680.5,91648.0546875,91680.5,209715200
2026-01-07 10:00:00+00:00,91669.59375,91669.59375,91557.4453125,91569.234375,32112640
2026-01-07 10:05:00+00:00,91724.28125,91734.4765625,91665.2578125,91665.2578125,101785600
2026-01-07 10:10:00+00:00,91783.7421875,91783.7421875,91725.015625,91725.015625,0
2026-01-07 10:15:00+00:00,91780.03125,91780.03125,91731.375,91767.6953125,225669120
2026-01-07 10:20:00+00:00,91736.2421875,91770.78125,91736.2421875,91770.78125,0
2026-01-07 10:25:00+00:00,91722.703125,91722.703125,91690.7734375,91690.7734375,22753280
2026-01-07 10:30:00+00:00,91820.8828125,91820.8828125,91712.875,91712.875,11546624
2026-01-07 10:35:00+00:00,91884.859375,91884.859375,91831.3671875,91831.3671875,0
2026-01-07 10:40:00+00:00,91790.03125,91837.1015625,91790.03125,91837.1015625,292282368
2026-01-07 10:45:00+00:00,91841.015625,91842.8046875,91797.5390625,91797.5390625,0
2026-01-07 10:50:00+00:00,91880.4609375,91880.4609375,91855.578125,91868.5,21835776
2026-01-07 10:55:00+00:00,91868.5703125,91868.5703125,91851.3515625,91867.140625,413052928
2026-01-07 11:00:00+00:00,91974.0625,91974.0625,91880.8515625,91880.8515625,41324544
2026-01-07 11:05:00+00:00,92057.203125,92073.3984375,91984.3515625,91984.3515625,90939392
2026-01-07 11:10:00+00:00,92029.03125,92052.796875,92029.03125,92052.796875,0
2026-01-07 11:15:00+00:00,92025.0390625,92046.828125,92022.0546875,92046.2421875,237236224
2026-01-07 11:20:00+00:00,92086.125,92086.125,92040.953125,92040.953125,0
2026-01-07 11:25:00+00:00,92101.8203125,92127.625,92093.3828125,92093.3828125,191262720
2026-01-07 11:30:00+00:00,92057.703125,92100.0625,92057.703125,92100.0625,0
2026-01-07 11:35:00+00:00,92128.2734375,92128.2734375,92102.7734375,92102.7734375,17289216
2026-01-07 11:40:00+00:00,92150.2109375,92184.3046875,92143.890625,92143.890625,0
2026-01-07 11:45:00+00:00,92103.125,92125.640625,92103.125,92125.640625,153358336
2026-01-07 11:50:00+00:00,92105.65625,92105.65625,92065.4375,92065.4375,102400
2026-01-07 11:55:00+00:00,92074.484375,92127.796875,92074.484375,92127.796875,1548288
2026-01-07 12:00:00+00:00,92062.25,92073.3984375,92062.25,92064.4140625,0
2026-01-07 12:05:00+00:00,91964.8203125,92086.4140625,91964.8203125,92084.5546875,0
2026-01-07 12:10:00+00:00,92045.7421875,92047.0625,92045.7421875,92047.0625,5603328
2026-01-07 12:15:00+00:00,92012.890625,92062.8984375,91997.125,91997.125,0
2026-01-07 12:20:00+00:00,92021.859375,92024.921875,92016.828125,92016.828125,0
2026-01-07 12:25:00+00:00,92000.4765625,92000.4765625,91959.9765625,92000.234375,194682880
2026-01-07 12:30:00+00:00,92041.6796875,92041.6796875,92001.3359375,92001.3359375,0
2026-01-07 12:35:00+00:00,91951.71875,91970.921875,91951.71875,91961.71875,0
2026-01-07 12:40:00+00:00,91915.078125,91951.2421875,91915.078125,91951.2421875,0
2026-01-07 12:45:00+00:00,91954.0234375,91984.7890625,91921.1484375,91921.1484375,434270208
2026-01-07 12:50:00+00:00,91963.5703125,91986.5703125,91963.5703125,91979.0390625,51339264
2026-01-07 12:55:00+00:00,91935.390625,91940.3984375,91927.25,91940.3984375,46075904
2026-01-07 13:00:00+00:00,91937.5703125,91938.90625,91923.421875,91938.90625,0
2026-01-07 13:05:00+00:00,91855.2734375,91985.9609375,91845.7109375,91985.9609375,12255232
2026-01-07 13:10:00+00:00,91835.765625,91865.4296875,91835.765625,91845.7890625,0
2026-01-07 13:15:00+00:00,91888.2578125,91892.5546875,91844.65625,91844.65625,228388864
2026-01-07 13:20:00+00:00,92043.5078125,92043.5078125,92017.3984375,92017.3984375,33423360
2026-01-07 13:25:00+00:00,92166.421875,92174.03125,92061.484375,92061.484375,0
2026-01-07 13:30:00+00:00,92100.8203125,92156.2890625,92100.8203125,92156.2890625,200810496
2026-01-07 13:35:00+00:00,92033.6171875,92033.6171875,92010.2890625,92010.2890625,56553472
2026-01-07 13:40:00+00:00,92068.6484375,92077.3984375,92038.125,92045.9765625,153792512
2026-01-07 13:45:00+00:00,92062.203125,92078.90625,92013.84375,92078.90625,22155264
2026-01-07 13:50:00+00:00,92025.8125,92038.4921875,92004.9453125,92004.9453125,0
2026-01-07 13:55:00+00:00,91990.6953125,92010.3984375,91990.6953125,92010.3984375,84844544
2026-01-07 14:00:00+00:00,91756.0234375,91970.2421875,91756.0234375,91970.2421875,0
2026-01-07 14:05:00+00:00,91645.15625,91767.7421875,91645.15625,91756.1796875,0
2026-01-07 14:10:00+00:00,91613.2890625,91623.9765625,91608.1171875,91608.1171875,1516380160
2026-01-07 14:15:00+00:00,91494.4921875,91668.8515625,91494.4921875,91626.6015625,0
2026-01-07 14:20:00+00:00,91445.2578125,91519.53125,91445.2578125,91455.3671875,54890496
2026-01-07 14:25:00+00:00,91470.875,91526.546875,91470.875,91487.0703125,0
2026-01-07 14:30:00+00:00,91452.6640625,91620.9453125,91408.2734375,91481.2109375,193769472
2026-01-07 14:35:00+00:00,91581.5703125,91733.75,91557.671875,91557.671875,54394880
2026-01-07 14:40:00+00:00,91911.3359375,91921.8671875,91708.90625,91708.90625,0
2026-01-07 14:45:00+00:00,91896.75,91896.75,91760.8203125,91760.8203125,83832832
2026-01-07 14:50:00+00:00,91910.46875,91910.46875,91797.8046875,91808.125,0
2026-01-07 14:55:00+00:00,91896.5,92018.8671875,91862.234375,91862.234375,0
2026-01-07 15:00:00+00:00,91403.4140625,91827.125,91403.4140625,91827.125,0
2026-01-07 15:05:00+00:00,91682.8203125,91682.8203125,91520.21875,91520.21875,38555648
2026-01-07 15:10:00+00:00,91600.1484375,91676.265625,91600.1484375,91676.265625,0
2026-01-07 15:15:00+00:00,91136.7265625,91488.8046875,91136.7265625,91488.8046875,1493708800
2026-01-07 15:20:00+00:00,91176.1015625,91176.1015625,91068.46875,91068.46875,177397760
2026-01-07 15:25:00+00:00,91150.5,91218.1484375,91085.1640625,91218.1484375,84066304
2026-01-07 15:30:00+00:00,91187.59375,91200.421875,91156.109375,91200.421875,166051840
2026-01-07 15:35:00+00:00,91267.2578125,91373.9296875,91123.7734375,91123.7734375,0
2026-01-07 15:40:00+00:00,91302.5390625,91320.2109375,91197.3515625,91197.3515625,155959296
2026-01-07 15:45:00+00:00,91369.1484375,91369.1484375,91238.15625,91295.390625,0
2026-01-07 15:50:00+00:00,91374.328125,91469.7265625,91374.328125,91405.15625,0
2026-01-07 15:55:00+00:00,91265.1015625,91332.9375,91265.1015625,91332.9375,0
2026-01-07 16:00:00+00:00,91358.3671875,91358.3671875,91313.859375,91313.859375,0
2026-01-07 16:05:00+00:00,91421.640625,91421.640625,91353.7265625,91359.53125,0
2026-01-07 16:10:00+00:00,91505.875,91505.875,91442.015625,91442.015625,0
2026-01-07 16:15:00+00:00,91534.046875,91534.046875,91491.4921875,91525.640625,54644736
2026-01-07 16:20:00+00:00,91659.7578125,91659.7578125,91458.484375,91473.9765625,0
2026-01-07 16:25:00+00:00,91474.9375,91600.6796875,91474.9375,91600.6796875,0
2026-01-07 16:30:00+00:00,91341.875,91499.9609375,91341.875,91492.75,0
2026-01-07 16:35:00+00:00,91167.234375,91288.6171875,91116.3125,91288.6171875,1117945856
2026-01-07 16:40:00+00:00,91255.4453125,91255.4453125,91246.5,91250.453125,0
2026-01-07 16:45:00+00:00,91408.6640625,91452.9765625,91386.984375,91386.984375,0
2026-01-07 16:50:00+00:00,91167.0,91293.640625,91163.2734375,91293.640625,0
2026-01-07 16:55:00+00:00,91190.921875,91223.4140625,91169.578125,91169.578125,0
2026-01-07 17:00:00+00:00,91070.234375,91215.4765625,91015.765625,91215.4765625,0
2026-01-07 17:05:00+00:00,91219.3828125,91219.3828125,91131.4765625,91131.4765625,0
2026-01-07 17:10:00+00:00,91206.265625,91206.265625,91170.34375,91170.34375,0
2026-01-07 17:15:00+00:00,91336.6875,91336.6875,91176.890625,91195.5234375,81416192
2026-01-07 17:20:00+00:00,91475.109375,91475.109375,91431.1171875,91431.1171875,0
2026-01-07 17:25:00+00:00,91517.2265625,91517.2265625,91475.6171875,91494.7890625,0
2026-01-07 17:30:00+00:00,91522.859375,91529.203125,91493.0703125,91529.203125,0
2026-01-07 17:35:00+00:00,91533.0,91595.234375,91533.0,91590.9296875,161169408
2026-01-07 17:40:00+00:00,91531.6640625,91555.203125,91491.7265625,91555.203125,0
2026-01-07 17:45:00+00:00,91512.234375,91522.9140625,91509.5859375,91509.5859375,0
2026-01-07 17:50:00+00:00,91185.0234375,91436.78125,91158.09375,91436.78125,0
2026-01-07 17:55:00+00:00,91186.109375,91228.546875,91186.109375,91187.1015625,0
2026-01-07 18:00:00+00:00,91143.9609375,91192.46875,91127.1328125,91192.46875,0
2026-01-07 18:05:00+00:00,91169.875,91220.875,91126.0390625,91126.0390625,0
2026-01-07 18:10:00+00:00,91231.546875,91231.546875,91155.6015625,91217.09375,0
2026-01-07 18:15:00+00:00,91122.6875,91203.484375,91090.15625,91203.484375,0
2026-01-07 18:20:00+00:00,91172.0390625,91175.265625,91138.6171875,91175.265625,0
2026-01-07 18:25:00+00:00,91172.609375,91172.609375,91052.3203125,91136.828125,0
2026-01-07 18:30:00+00:00,91326.703125,91344.2578125,91226.515625,91226.515625,0
2026-01-07 18:35:00+00:00,91277.75,91321.765625,91250.84375,91321.765625,0
2026-01-07 18:40:00+00:00,91220.8125,91271.484375,91220.8125,91262.3203125,97218560
2026-01-07 18:45:00+00:00,91141.9140625,91141.9140625,91031.765625,91097.0234375,0
2026-01-07 18:50:00+00:00,91001.4609375,91122.5703125,91001.4609375,91122.5703125,0
2026-01-07 18:55:00+00:00,90691.7578125,90862.484375,90659.9765625,90862.484375,0
2026-01-07 19:00:00+00:00,90896.65625,90905.3125,90828.2734375,90828.2734375,1272745984
2026-01-07 19:05:00+00:00,90825.359375,91021.6015625,90825.359375,91021.6015625,0
2026-01-07 19:10:00+00:00,90683.140625,90753.109375,90683.140625,90753.109375,246595584
2026-01-07 19:15:00+00:00,90665.71875,90728.328125,90665.71875,90728.328125,0
2026-01-07 19:20:00+00:00,90770.4375,90774.0078125,90740.03125,90774.0078125,278773760
2026-01-07 19:25:00+00:00,90745.0390625,90745.0390625,90697.5859375,90714.0,399040512
2026-01-07 19:30:00+00:00,90950.6484375,90950.6484375,90910.9609375,90910.9609375,0
2026-01-07 19:35:00+00:00,91048.671875,91048.671875,90948.3203125,90948.3203125,0
2026-01-07 19:40:00+00:00,90977.8046875,91041.8984375,90963.640625,91041.8984375,167624704
2026-01-07 19:45:00+00:00,91044.1640625,91052.0703125,90989.0,90989.0,0
2026-01-07 19:50:00+00:00,91121.59375,91182.3984375,91086.9921875,91086.9921875,0
2026-01-07 19:55:00+00:00,91131.265625,91131.265625,91084.1796875,91116.0234375,11735040
2026-01-07 20:00:00+00:00,91116.2109375,91193.15625,91098.1484375,91098.1484375,0
2026-01-07 20:05:00+00:00,91121.9609375,91146.5078125,91121.9609375,91146.5078125,0
2026-01-07 20:10:00+00:00,90933.140625,91003.9375,90933.140625,91003.9375,0
2026-01-07 20:15:00+00:00,90925.6484375,90925.6484375,90874.671875,90889.359375,0
2026-01-07 20:20:00+00:00,90836.3671875,90893.984375,90836.3671875,90893.984375,283996160
2026-01-07 20:25:00+00:00,90808.8125,90808.8125,90726.890625,90726.890625,0
2026-01-07 20:30:00+00:00,90850.1328125,90850.1328125,90791.4375,90791.4375,25518080
2026-01-07 20:35:00+00:00,90992.171875,90992.171875,90872.75,90885.6484375,14270464
2026-01-07 20:40:00+00:00,90961.6015625,91032.953125,90961.6015625,91013.6328125,0
2026-01-07 20:45:00+00:00,90933.2421875,90960.9921875,90911.34375,90911.34375,129458176
2026-01-07 20:50:00+00:00,91027.4609375,91027.6328125,90958.5390625,90958.5390625,0
2026-01-07 20:55:00+00:00,90948.8984375,91010.5625,90948.8984375,91010.5625,20561920
2026-01-07 21:00:00+00:00,91068.2265625,91103.46875,91055.453125,91055.890625,0
2026-01-07 21:05:00+00:00,91086.5546875,91086.5546875,91020.953125,91070.1171875,10612736
2026-01-07 21:10:00+00:00,91086.671875,91086.671875,91018.8046875,91078.7109375,215060480
2026-01-07 21:15:00+00:00,91124.0625,91124.0625,91067.3671875,91078.1328125,0
2026-01-07 21:20:00+00:00,91060.84375,91070.796875,91054.5546875,91070.796875,0
2026-01-07 21:25:00+00:00,91075.421875,91086.609375,91074.703125,91074.703125,24743936
2026-01-07 21:30:00+00:00,91128.6640625,91128.6640625,91091.796875,91091.796875,0
2026-01-07 21:35:00+00:00,90988.2265625,91123.1875,90988.2265625,91123.1875,0
2026-01-07 21:40:00+00:00,91032.8125,91032.8125,90976.703125,90976.703125,242200576
2026-01-07 21:45:00+00:00,91030.0625,91030.0625,91002.8203125,91026.390625,0
2026-01-07 21:50:00+00:00,91003.5703125,91036.0625,91003.5703125,91036.0625,0
2026-01-07 21:55:00+00:00,91044.5390625,91044.5390625,90999.9765625,90999.9765625,0
2026-01-07 22:00:00+00:00,90828.2734375,91040.125,90828.2734375,91040.125,0
2026-01-07 22:05:00+00:00,90987.40625,90987.40625,90829.5390625,90844.734375,64794624
2026-01-07 22:10:00+00:00,90918.8046875,90956.9140625,90918.8046875,90956.9140625,0
2026-01-07 22:15:00+00:00,90889.90625,90909.515625,90887.0859375,90887.0859375,0
2026-01-07 22:20:00+00:00,90970.375,90974.9140625,90878.7578125,90878.7578125,0
2026-01-07 22:25:00+00:00,90980.7265625,90985.125,90963.921875,90985.125,33058816
2026-01-07 22:30:00+00:00,91221.546875,91221.546875,90982.578125,90982.578125,0
2026-01-07 22:35:00+00:00,91098.390625,91098.390625,91017.53125,91017.53125,72978432
2026-01-07 22:40:00+00:00,90992.25,91056.90625,90992.25,91056.90625,0
2026-01-07 22:45:00+00:00,91007.75,91052.484375,90974.453125,90974.453125,430850048
2026-01-07 22:50:00+00:00,91048.75,91048.75,90934.546875,91008.90625,0
2026-01-07 22:55:00+00:00,91106.28125,91139.1640625,91095.5234375,91139.1640625,0
2026-01-07 23:00:00+00:00,91077.1875,91077.1875,91024.9765625,91024.9765625,66260992
2026-01-07 23:05:00+00:00,90993.8671875,91016.6875,90970.6484375,91016.6875,0
2026-01-07 23:10:00+00:00,91074.9375,91074.9375,90945.4921875,90959.1015625,0
2026-01-07 23:15:00+00:00,91227.8515625,91272.4140625,91162.453125,91162.453125,163684352
2026-01-07 23:20:00+00:00,91235.828125,91259.3046875,91235.828125,91259.3046875,0
2026-01-07 23:25:00+00:00,91278.15625,91346.1171875,91270.390625,91346.1171875,452538368
2026-01-07 23:30:00+00:00,91291.40625,91301.59375,91226.5,91226.5,0
2026-01-07 23:35:00+00:00,91157.8984375,91238.75,91157.8984375,91238.75,354750464
2026-01-07 23:40:00+00:00,91131.296875,91132.1484375,91089.375,91089.375,0
2026-01-07 23:45:00+00:00,91175.375,91175.375,91111.2109375,91111.2109375,214237184
2026-01-07 23:50:00+00:00,91225.9140625,91226.125,91181.734375,91181.734375,0
2026-01-07 23:55:00+00:00,91303.484375,91303.484375,91262.3046875,91262.3046875,0
2026-01-08 00:00:00+00:00,91359.0234375,91386.5,91261.3125,91280.703125,0
2026-01-08 00:05:00+00:00,91169.1171875,91251.640625,91169.1171875,91244.484375,84307968
2026-01-08 00:10:00+00:00,91128.3359375,91181.765625,91128.3359375,91181.765625,0
2026-01-08 00:15:00+00:00,91060.65625,91105.5390625,91060.65625,91096.1875,0
2026-01-08 00:20:00+00:00,91042.4296875,91065.59375,91042.4296875,91065.59375,0
2026-01-08 00:25:00+00:00,91027.234375,91027.234375,91004.2578125,91025.890625,0
2026-01-08 00:30:00+00:00,91078.4453125,91078.4453125,91018.421875,91018.421875,211214336
2026-01-08 00:35:00+00:00,91101.171875,91101.171875,91058.8984375,91058.8984375,0
2026-01-08 00:40:00+00:00,91121.6640625,91136.4765625,91098.3359375,91098.3359375,0
2026-01-08 00:45:00+00:00,91285.3515625,91285.3515625,91137.2890625,91137.2890625,0
2026-01-08 00:50:00+00:00,91307.953125,91307.953125,91217.78125,91285.3515625,85495808
2026-01-08 00:55:00+00:00,91317.5859375,91332.8046875,91295.4375,91332.8046875,0
2026-01-08 01:00:00+00:00,91247.90625,91298.3046875,91246.0234375,91298.3046875,0
2026-01-08 01:05:00+00:00,91260.90625,91281.546875,91260.90625,91272.765625,0
2026-01-08 01:10:00+00:00,91316.1953125,91316.1953125,91270.5625,91270.5625,0
2026-01-08 01:15:00+00:00,91274.65625,91317.3125,91240.0703125,91311.5703125,0
2026-01-08 01:20:00+00:00,91357.96875,91357.96875,91245.3984375,91249.0546875,0
2026-01-08 01:25:00+00:00,91446.4609375,91450.6875,91423.0546875,91433.265625,0
2026-01-08 01:30:00+00:00,91302.0546875,91440.5546875,91302.0546875,91440.5546875,0
2026-01-08 01:35:00+00:00,91280.0390625,91286.1640625,91259.3046875,91267.8671875,0
2026-01-08 01:40:00+00:00,91288.90625,91288.90625,91264.359375,91274.25,167985152
2026-01-08 01:45:00+00:00,91315.6875,91315.6875,91271.953125,91273.578125,0
2026-01-08 01:50:00+00:00,91309.4140625,91309.4140625,91302.4296875,91308.0,102191104
2026-01-08 01:55:00+00:00,91333.125,91347.1328125,91308.859375,91308.859375,0
2026-01-08 02:00:00+00:00,91317.96875,91353.0625,91317.96875,91334.3671875,0
2026-01-08 02:05:00+00:00,91313.953125,91313.953125,91248.171875,91248.171875,69574656
2026-01-08 02:10:00+00:00,91297.2890625,91307.3671875,91275.3046875,91307.3671875,0
2026-01-08 02:15:00+00:00,91332.0,91337.09375,91277.4921875,91337.09375,0
2026-01-08 02:20:00+00:00,91177.515625,91265.1015625,91177.515625,91265.1015625,0
2026-01-08 02:25:00+00:00,91092.2890625,91122.4765625,90999.328125,91036.4296875,0
2026-01-08 02:30:00+00:00,91046.9375,91093.109375,91046.9375,91093.109375,849653760
2026-01-08 02:35:00+00:00,90814.9609375,91048.2578125,90814.9609375,91048.2578125,0
2026-01-08 02:40:00+00:00,90804.7890625,90867.5234375,90804.7890625,90810.2890625,0
2026-01-08 02:45:00+00:00,90745.046875,90798.1953125,90701.4921875,90798.1953125,75640832
2026-01-08 02:50:00+00:00,90873.5234375,90894.859375,90825.1328125,90825.1328125,195760128
2026-01-08 02:55:00+00:00,90853.953125,90887.78125,90853.953125,90887.78125,0
2026-01-08 03:00:00+00:00,90936.15625,90936.15625,90823.5078125,90862.0546875,62341120
2026-01-08 03:05:00+00:00,90949.1328125,91019.796875,90939.3125,90985.25,0
2026-01-08 03:10:00+00:00,90967.8828125,90982.203125,90965.8046875,90982.203125,44355584
2026-01-08 03:15:00+00:00,90941.328125,90982.234375,90941.328125,90981.65625,99917824
2026-01-08 03:20:00+00:00,90928.046875,90955.609375,90928.046875,90955.609375,188243968
2026-01-08 03:25:00+00:00,90843.1796875,90905.0,90843.1796875,90904.109375,0
2026-01-08 03:30:00+00:00,90911.8046875,90911.8046875,90862.265625,90862.265625,2854912
2026-01-08 03:35:00+00:00,90905.1953125,90905.1953125,90885.5390625,90889.65625,0
2026-01-08 03:40:00+00:00,90765.515625,90918.625,90765.515625,90918.625,200196096
2026-01-08 03:45:00+00:00,90585.265625,90692.2265625,90585.265625,90692.2265625,0
2026-01-08 03:50:00+00:00,90701.0078125,90701.0078125,90665.5390625,90665.5390625,570699776
2026-01-08 03:55:00+00:00,90704.7265625,90704.7265625,90655.3125,90655.3125,78671872
2026-01-08 04:00:00+00:00,90708.890625,90750.2578125,90708.890625,90726.5625,0
2026-01-08 04:05:00+00:00,90697.609375,90746.8359375,90697.609375,90710.6171875,10403840
2026-01-08 04:10:00+00:00,90664.9375,90668.9375,90620.21875,90620.21875,257392640
2026-01-08 04:15:00+00:00,90721.625,90738.0078125,90713.3671875,90738.0078125,0
2026-01-08 04:20:00+00:00,90766.9609375,90766.9609375,90750.21875,90757.7265625,0
2026-01-08 04:25:00+00:00,90976.703125,90982.8203125,90839.5625,90839.5625,493707264
2026-01-08 04:30:00+00:00,91027.7421875,91027.7421875,90979.2890625,90985.5859375,86937600
2026-01-08 04:35:00+00:00,90937.65625,91001.84375,90937.65625,91001.84375,2113536
2026-01-08 04:40:00+00:00,90967.4453125,90977.6796875,90946.359375,90946.359375,0
2026-01-08 04:45:00+00:00,90924.6953125,90991.296875,90924.6953125,90957.125,0
2026-01-08 04:50:00+00:00,90924.1796875,90925.6875,90914.140625,90925.6875,0
2026-01-08 04:55:00+00:00,90949.7421875,90949.7421875,90908.8671875,90916.3828125,0
2026-01-08 05:00:00+00:00,91015.5703125,91015.5703125,90934.53125,90989.6796875,0
2026-01-08 05:05:00+00:00,91022.9375,91042.015625,91016.5390625,91029.9140625,6119424
2026-01-08 05:10:00+00:00,90983.890625,91033.625,90983.890625,91033.625,0
2026-01-08 05:15:00+00:00,90980.40625,90989.46875,90980.40625,90985.4765625,95096832
2026-01-08 05:20:00+00:00,91035.6796875,91050.5234375,91009.515625,91009.515625,0
2026-01-08 05:25:00+00:00,90902.4765625,91041.6640625,90902.4765625,91041.6640625,0
2026-01-08 05:30:00+00:00,90923.953125,90923.953125,90896.8671875,90898.2265625,0
2026-01-08 05:35:00+00:00,90873.640625,90895.5390625,90855.296875,90895.5390625,8540160
2026-01-08 05:40:00+00:00,90832.890625,90946.5078125,90832.890625,90946.5078125,307802112
2026-01-08 05:45:00+00:00,90769.8125,90783.9453125,90761.6875,90783.9453125,0
2026-01-08 05:50:00+00:00,90699.6328125,90770.4296875,90684.6171875,90769.4140625,0
2026-01-08 05:55:00+00:00,90698.7578125,90712.1640625,90689.0703125,90712.1640625,0
2026-01-08 06:00:00+00:00,90696.203125,90750.2109375,90694.0,90702.1875,92491776
2026-01-08 06:05:00+00:00,90396.5234375,90667.6640625,90396.5234375,90667.6640625,185425920
2026-01-08 06:10:00+00:00,90389.3125,90466.0859375,90333.5078125,90441.84375,347439104
2026-01-08 06:15:00+00:00,90202.0703125,90362.25,90202.0703125,90360.7265625,229920768
2026-01-08 06:20:00+00:00,90241.4296875,90352.96875,90241.4296875,90352.96875,188743680
2026-01-08 06:25:00+00:00,90185.265625,90217.59375,90147.2265625,90151.8984375,0
2026-01-08 06:30:00+00:00,90193.2109375,90223.7734375,90192.4765625,90223.7734375,437915648
2026-01-08 06:35:00+00:00,90282.7734375,90282.7734375,90144.5,90210.984375,75493376
2026-01-08 06:40:00+00:00,90274.375,90284.0546875,90245.1484375,90271.2734375,0
2026-01-08 06:45:00+00:00,90183.859375,90252.4140625,90183.859375,90252.4140625,367337472
2026-01-08 06:50:00+00:00,90046.953125,90158.609375,90046.953125,90145.453125,363905024
2026-01-08 06:55:00+00:00,89940.03125,90039.2734375,89940.03125,90015.0625,0
2026-01-08 07:00:00+00:00,89719.796875,89831.8125,89578.3125,89831.8125,715120640
2026-01-08 07:05:00+00:00,89914.2265625,89914.2265625,89761.8828125,89761.8828125,80334848
2026-01-08 07:10:00+00:00,89935.1328125,89950.0078125,89865.234375,89865.234375,221388800
2026-01-08 07:15:00+00:00,89980.1484375,89994.0,89929.640625,89929.640625,166608896
2026-01-08 07:20:00+00:00,90031.5546875,90031.5546875,90007.2578125,90007.2578125,116662272
2026-01-08 07:25:00+00:00,90135.7109375,90135.7109375,90038.2890625,90038.2890625,255168512
2026-01-08 07:30:00+00:00,90225.796875,90225.796875,90142.1796875,90142.1796875,322310144
2026-01-08 07:35:00+00:00,90252.828125,90268.8203125,90252.828125,90258.3515625,11509760
2026-01-08 07:40:00+00:00,90313.21875,90313.21875,90233.375,90233.375,24039424
2026-01-08 07:45:00+00:00,90330.1484375,90375.7578125,90321.421875,90330.8203125,150818816
2026-01-08 07:50:00+00:00,90395.46875,90395.5390625,90355.5859375,90355.5859375,16777216
2026-01-08 07:55:00+00:00,90434.546875,90437.515625,90360.1640625,90360.1640625,0
2026-01-08 08:00:00+00:00,90347.3125,90456.75,90347.3125,90428.6953125,198942720
2026-01-08 08:05:00+00:00,90396.3359375,90468.1640625,90383.765625,90383.765625,19476480
2026-01-08 08:10:00+00:00,90477.2578125,90477.2578125,90385.34375,90385.34375,247398400
2026-01-08 08:15:00+00:00,90531.078125,90531.078125,90479.40625,90495.8984375,0
2026-01-08 08:20:00+00:00,90462.3125,90511.125,90462.3125,90511.125,0
2026-01-08 08:25:00+00:00,90553.7109375,90556.8046875,90514.0,90514.0,273829888
2026-01-08 08:30:00+00:00,90350.78125,90569.234375,90350.78125,90569.234375,749993984
2026-01-08 08:35:00+00:00,90328.0,90364.6640625,90328.0,90355.1171875,0
2026-01-08 08:40:00+00:00,90294.296875,90294.296875,90281.2734375,90282.96875,152166400
2026-01-08 08:45:00+00:00,90210.8359375,90311.7578125,90210.8359375,90311.7578125,62640128
2026-01-08 08:50:00+00:00,90078.7734375,90149.5703125,90078.7734375,90149.5703125,0
2026-01-08 08:55:00+00:00,90082.125,90111.8671875,90080.171875,90111.8671875,518000640
2026-01-08 09:00:00+00:00,90106.6953125,90127.3515625,90083.3203125,90098.828125,0
2026-01-08 09:05:00+00:00,90218.703125,90218.703125,90181.109375,90192.2109375,19423232
2026-01-08 09:10:00+00:00,90210.34375,90254.109375,90204.84375,90254.109375,0
2026-01-08 09:15:00+00:00,90119.84375,90240.953125,90119.84375,90215.9921875,198180864
2026-01-08 09:20:00+00:00,90014.5546875,90116.5390625,90014.5546875,90116.5390625,0
2026-01-08 09:25:00+00:00,89945.671875,89996.625,89945.671875,89994.5859375,544718848
2026-01-08 09:30:00+00:00,89975.625,89975.625,89898.0859375,89917.203125,0
2026-01-08 09:35:00+00:00,89995.4609375,89995.4609375,89982.8828125,89982.8828125,0
2026-01-08 09:40:00+00:00,89927.0859375,89927.0859375,89896.8125,89906.2421875,300941312
2026-01-08 09:45:00+00:00,89986.8203125,89986.8203125,89926.140625,89952.859375,0
2026-01-08 09:50:00+00:00,89969.2109375,90034.203125,89969.2109375,90004.7109375,0
2026-01-08 09:55:00+00:00,89879.1328125,89964.3828125,89871.5078125,89962.1640625,0
2026-01-08 10:00:00+00:00,89698.6328125,89892.578125,89698.6328125,89892.578125,0
2026-01-08 10:05:00+00:00,89911.4921875,89911.4921875,89774.4296875,89774.4296875,0
2026-01-08 10:10:00+00:00,89841.0703125,89880.0546875,89841.0703125,89880.0546875,23519232
2026-01-08 10:15:00+00:00,89847.1171875,89847.1171875,89824.7578125,89828.828125,0
2026-01-08 10:20:00+00:00,90071.9453125,90071.9453125,89908.0234375,89908.0234375,612020224
2026-01-08 10:25:00+00:00,90076.875,90141.0703125,90076.875,90129.359375,0
2026-01-08 10:30:00+00:00,90136.59375,90167.984375,90136.328125,90139.953125,24719360
2026-01-08 10:35:00+00:00,90079.78125,90166.5078125,90079.78125,90130.953125,34627584
2026-01-08 10:40:00+00:00,90033.4765625,90088.25,90033.4765625,90072.203125,0
2026-01-08 10:45:00+00:00,90199.8671875,90204.0703125,90056.3046875,90056.3046875,154595328
2026-01-08 10:50:00+00:00,90271.75,90271.75,90212.203125,90212.203125,97443840
2026-01-08 10:55:00+00:00,90293.734375,90347.8515625,90293.734375,90332.7265625,0
2026-01-08 11:00:00+00:00,90320.625,90357.25,90313.53125,90357.25,449294336
2026-01-08 11:05:00+00:00,90206.9765625,90349.3046875,90206.9765625,90349.3046875,0
2026-01-08 11:10:00+00:00,90198.90625,90227.046875,90195.8828125,90195.8828125,87724032
2026-01-08 11:15:00+00:00,90113.046875,90191.421875,90113.046875,90178.984375,130256896
2026-01-08 11:20:00+00:00,90044.046875,90125.1796875,89995.4609375,90125.1796875,222126080
2026-01-08 11:25:00+00:00,90081.1640625,90081.1640625,90020.6328125,90020.6328125,0
2026-01-08 11:30:00+00:00,90058.4375,90094.90625,90041.625,90094.90625,35004416
2026-01-08 11:35:00+00:00,90017.1015625,90065.4765625,90017.1015625,90037.390625,114454528
2026-01-08 11:40:00+00:00,90087.75,90118.2578125,89949.3984375,89949.3984375,270860288
2026-01-08 11:45:00+00:00,89944.859375,89959.4375,89927.6875,89954.8984375,136187904
2026-01-08 11:50:00+00:00,90107.0,90152.8515625,89977.375,89977.375,1253376
2026-01-08 11:55:00+00:00,90068.7265625,90097.203125,90068.7265625,90095.1171875,182624256
2026-01-08 12:00:00+00:00,90021.5234375,90082.265625,90009.5078125,90082.265625,0
2026-01-08 12:05:00+00:00,89848.734375,90031.78125,89848.734375,90025.1171875,64000000
2026-01-08 12:10:00+00:00,89766.03125,89868.7890625,89748.984375,89868.7890625,68841472
2026-01-08 12:15:00+00:00,89766.4296875,89802.828125,89766.4296875,89772.9765625,108847104
2026-01-08 12:20:00+00:00,89859.9765625,89859.9765625,89791.8359375,89791.8359375,72458240
2026-01-08 12:25:00+00:00,89813.21875,89860.5234375,89813.21875,89857.0546875,396673024
2026-01-08 12:30:00+00:00,89773.0390625,89863.34375,89773.0390625,89840.3046875,0
2026-01-08 12:35:00+00:00,89723.515625,89754.4296875,89682.171875,89754.4296875,0
2026-01-08 12:40:00+00:00,89855.1875,89855.1875,89729.625,89729.625,0
2026-01-08 12:45:00+00:00,89898.75,89898.75,89874.359375,89874.359375,541478912
2026-01-08 12:50:00+00:00,89882.09375,89945.734375,89882.09375,89901.1796875,0
2026-01-08 12:55:00+00:00,89883.265625,89888.84375,89841.0,89841.0,0
2026-01-08 13:00:00+00:00,89870.6171875,89873.359375,89862.0,89866.3203125,541433856
2026-01-08 13:05:00+00:00,89830.8828125,89867.0078125,89830.8828125,89867.0078125,0
2026-01-08 13:10:00+00:00,89898.1953125,89898.1953125,89857.515625,89857.515625,0
2026-01-08 13:15:00+00:00,89884.4296875,89897.375,89827.6875,89881.734375,50577408
2026-01-08 13:20:00+00:00,89941.5546875,89955.546875,89919.6015625,89919.6015625,235880448
2026-01-08 13:25:00+00:00,89947.5,89964.7890625,89947.5,89964.0078125,0
2026-01-08 13:30:00+00:00,89852.0390625,89972.59375,89852.0390625,89949.828125,0
2026-01-08 13:35:00+00:00,89831.4453125,89831.4453125,89781.6640625,89799.4609375,60596224
2026-01-08 13:40:00+00:00,89896.984375,89896.984375,89850.1640625,89881.3046875,668819456
2026-01-08 13:45:00+00:00,89829.671875,89930.859375,89829.671875,89901.828125,0
2026-01-08 13:50:00+00:00,89800.7265625,89804.4921875,89797.5859375,89801.34375,1368064
2026-01-08 13:55:00+00:00,89851.09375,89851.09375,89827.0546875,89827.0546875,128008192
2026-01-08 14:00:00+00:00,89736.7734375,89849.03125,89736.7734375,89849.03125,0
2026-01-08 14:05:00+00:00,89713.921875,89720.9140625,89692.515625,89696.140625,0
2026-01-08 14:10:00+00:00,89742.3984375,89759.2734375,89710.671875,89759.2734375,0
2026-01-08 14:15:00+00:00,89739.359375,89739.359375,89732.953125,89732.953125,0
2026-01-08 14:20:00+00:00,89678.734375,89707.8125,89616.7109375,89701.6328125,9568256
2026-01-08 14:25:00+00:00,89428.5,89643.234375,89428.5,89643.234375,218767360
2026-01-08 14:30:00+00:00,89658.125,89658.125,89419.03125,89538.046875,328523776
2026-01-08 14:35:00+00:00,89575.1640625,89738.828125,89575.1640625,89704.53125,0
2026-01-08 14:40:00+00:00,89364.4921875,89652.2421875,89364.4921875,89523.2109375,0
2026-01-08 14:45:00+00:00,89750.5234375,89750.5234375,89291.1328125,89344.953125,854978560
2026-01-08 14:50:00+00:00,89951.5390625,89972.921875,89872.1484375,89912.5546875,0
2026-01-08 14:55:00+00:00,89924.4453125,89924.4453125,89827.421875,89899.4921875,1166790656
2026-01-08 15:00:00+00:00,89768.09375,89932.625,89768.09375,89932.625,0
2026-01-08 15:05:00+00:00,90171.234375,90171.234375,89765.6875,89765.6875,0
2026-01-08 15:10:00+00:00,90236.296875,90292.890625,90236.296875,90237.4609375,0
2026-01-08 15:15:00+00:00,90392.9296875,90414.53125,90220.65625,90220.65625,0
2026-01-08 15:20:00+00:00,90363.125,90377.5390625,90246.3828125,90324.3359375,0
2026-01-08 15:25:00+00:00,90468.6953125,90468.6953125,90399.5,90399.5,74608640
2026-01-08 15:30:00+00:00,90432.9140625,90522.2890625,90400.453125,90477.9765625,152702976
2026-01-08 15:35:00+00:00,90334.75,90399.2109375,90244.1328125,90399.2109375,0
2026-01-08 15:40:00+00:00,90445.8828125,90544.328125,90337.5390625,90337.5390625,0
2026-01-08 15:45:00+00:00,90243.1015625,90383.5078125,90243.1015625,90383.5078125,0
2026-01-08 15:50:00+00:00,90345.921875,90463.515625,90299.8671875,90299.8671875,137793536
2026-01-08 15:55:00+00:00,90649.90625,90649.90625,90339.453125,90339.453125,6807552
2026-01-08 16:00:00+00:00,90617.3828125,90791.5546875,90617.3828125,90710.4921875,419487744
2026-01-08 16:05:00+00:00,90602.5546875,90678.4609375,90589.2890625,90589.2890625,117755904
2026-01-08 16:10:00+00:00,90665.3984375,90665.3984375,90533.65625,90600.2109375,102121472
2026-01-08 16:15:00+00:00,90561.3671875,90627.5234375,90495.78125,90627.5234375,0
2026-01-08 16:20:00+00:00,90441.6328125,90460.796875,90435.2265625,90435.2265625,0
2026-01-08 16:25:00+00:00,90470.09375,90470.828125,90442.2578125,90463.203125,636948480
2026-01-08 16:30:00+00:00,90441.71875,90566.5,90371.59375,90566.5,24662016
2026-01-08 16:35:00+00:00,90362.1875,90395.546875,90232.7109375,90395.546875,0
2026-01-08 16:40:00+00:00,90650.0546875,90650.0546875,90359.6875,90383.9765625,129671168
2026-01-08 16:45:00+00:00,90729.875,90729.875,90612.40625,90612.40625,0
2026-01-08 16:50:00+00:00,90632.0390625,90739.4765625,90632.0390625,90739.4765625,0
2026-01-08 16:55:00+00:00,90718.8984375,90718.8984375,90648.421875,90648.421875,190525440
2026-01-08 17:00:00+00:00,90988.03125,90988.03125,90831.9765625,90835.78125,0
2026-01-08 17:05:00+00:00,91134.46875,91134.46875,90931.9921875,90963.7578125,20877312
2026-01-08 17:10:00+00:00,91039.6171875,91039.6171875,91022.875,91029.5390625,0
2026-01-08 17:15:00+00:00,91006.9375,91041.703125,91006.7265625,91021.34375,990707712
2026-01-08 17:20:00+00:00,91012.25,91050.3046875,91002.984375,91002.984375,79486976
2026-01-08 17:25:00+00:00,90850.2734375,90999.828125,90850.2734375,90999.828125,11640832
2026-01-08 17:30:00+00:00,90921.734375,90921.734375,90793.1875,90793.1875,0
2026-01-08 17:35:00+00:00,90971.6796875,91041.4765625,90942.390625,90942.390625,1107210240
2026-01-08 17:40:00+00:00,91097.796875,91109.4609375,91053.3046875,91053.3046875,0
2026-01-08 17:45:00+00:00,91238.0078125,91247.6484375,91151.7734375,91151.7734375,38559744
2026-01-08 17:50:00+00:00,91290.453125,91290.453125,91184.4921875,91184.4921875,80060416
2026-01-08 17:55:00+00:00,91254.640625,91345.546875,91254.640625,91345.546875,30457856
2026-01-08 18:00:00+00:00,91306.5078125,91306.5078125,91279.3125,91293.2421875,0
2026-01-08 18:05:00+00:00,91229.453125,91328.1484375,91216.7265625,91328.1484375,62545920
2026-01-08 18:10:00+00:00,91128.8828125,91258.78125,91128.8828125,91218.421875,149172224
2026-01-08 18:15:00+00:00,91159.40625,91159.40625,91055.5859375,91111.359375,155746304
2026-01-08 18:20:00+00:00,91159.890625,91213.5234375,91119.109375,91213.5234375,63311872
2026-01-08 18:25:00+00:00,91173.828125,91173.828125,91120.265625,91120.265625,0
2026-01-08 18:30:00+00:00,91125.875,91208.1015625,91125.875,91172.3671875,0
2026-01-08 18:35:00+00:00,91094.9765625,91118.9609375,91086.9140625,91091.296875,211415040
2026-01-08 18:40:00+00:00,90967.8671875,91089.7734375,90912.5078125,91089.7734375,0
2026-01-08 18:45:00+00:00,91018.09375,91018.09375,90903.234375,90903.234375,0
2026-01-08 18:50:00+00:00,91082.5234375,91083.8203125,91012.3125,91012.3125,0
2026-01-08 18:55:00+00:00,90985.6640625,90985.6640625,90948.296875,90978.4375,0
2026-01-08 19:00:00+00:00,91087.0078125,91087.0078125,90954.0078125,91038.6796875,6242304
2026-01-08 19:05:00+00:00,91149.421875,91234.515625,91112.1484375,91112.1484375,0
2026-01-08 19:10:00+00:00,91186.4453125,91186.4453125,91132.3359375,91132.3359375,0
2026-01-08 19:15:00+00:00,90964.078125,91152.6015625,90919.0390625,91152.6015625,0
2026-01-08 19:20:00+00:00,91001.3828125,91017.140625,90972.0390625,90972.0390625,0
2026-01-08 19:25:00+00:00,91002.8671875,91002.8671875,90951.03125,90951.03125,0
2026-01-08 19:30:00+00:00,91106.84375,91106.84375,91008.0859375,91008.0859375,0
2026-01-08 19:35:00+00:00,91238.0,91238.0,91183.484375,91222.6328125,0
2026-01-08 19:40:00+00:00,91104.4375,91213.234375,91104.4375,91213.234375,154603520
2026-01-08 19:45:00+00:00,91063.9140625,91073.3125,91053.4375,91073.3125,0
2026-01-08 19:50:00+00:00,91005.1015625,91081.0,91005.1015625,91081.0,0
2026-01-08 19:55:00+00:00,90819.8046875,90963.34375,90765.9375,90963.34375,57556992
2026-01-08 20:00:00+00:00,90627.25,90855.390625,90627.25,90855.390625,0
2026-01-08 20:05:00+00:00,90482.4296875,90630.3125,90482.4296875,90616.2265625,35221504
2026-01-08 20:10:00+00:00,90607.3125,90611.4375,90538.609375,90611.4375,91979776
2026-01-08 20:15:00+00:00,90607.2265625,90607.2265625,90550.8203125,90592.7109375,0
2026-01-08 20:20:00+00:00,90636.0703125,90636.0703125,90590.328125,90606.234375,0
2026-01-08 20:25:00+00:00,90531.0,90555.609375,90518.5625,90552.3984375,0
2026-01-08 20:30:00+00:00,90558.234375,90564.4296875,90518.1171875,90518.1171875,96522240
2026-01-08 20:35:00+00:00,90692.7109375,90692.7109375,90560.8203125,90560.8203125,0
2026-01-08 20:40:00+00:00,90723.3984375,90747.6640625,90691.4296875,90691.4296875,43433984
2026-01-08 20:45:00+00:00,90808.546875,90808.546875,90717.0,90717.0,0
2026-01-08 20:50:00+00:00,90807.7265625,90807.7265625,90794.9609375,90794.9609375,34934784
2026-01-08 20:55:00+00:00,90841.203125,90872.421875,90802.2578125,90802.2578125,0
2026-01-08 21:00:00+00:00,90913.25,90913.25,90836.7578125,90836.7578125,17502208
2026-01-08 21:05:00+00:00,90963.8046875,90988.0078125,90955.0859375,90988.0078125,13299712
2026-01-08 21:10:00+00:00,91027.8828125,91027.8828125,90957.8359375,90982.46875,81997824
2026-01-08 21:15:00+00:00,90978.2734375,91098.609375,90978.2734375,91050.5703125,49303552
2026-01-08 21:20:00+00:00,90976.546875,91011.1171875,90969.3515625,91011.1171875,0
2026-01-08 21:25:00+00:00,91048.90625,91067.2265625,90976.046875,91005.6171875,336121856
2026-01-08 21:30:00+00:00,91007.8046875,91047.2734375,91007.8046875,91035.3671875,0
2026-01-08 21:35:00+00:00,91172.1484375,91172.1484375,91066.1484375,91066.1484375,120741888
2026-01-08 21:40:00+00:00,91193.5,91205.984375,91193.5,91203.0390625,97837056
2026-01-08 21:45:00+00:00,91194.5703125,91201.6484375,91194.0390625,91194.0390625,118267904
2026-01-08 21:50:00+00:00,91195.6796875,91221.7890625,91181.5078125,91201.9765625,0
2026-01-08 21:55:00+00:00,91222.1796875,91222.1796875,91181.4140625,91181.4140625,400793600
2026-01-08 22:00:00+00:00,91238.8515625,91238.8515625,91200.4375,91200.4375,0
2026-01-08 22:05:00+00:00,91114.5390625,91212.5859375,91106.9140625,91212.5859375,0
2026-01-08 22:10:00+00:00,91385.109375,91385.109375,91109.8125,91109.8125,0
2026-01-08 22:15:00+00:00,91273.578125,91359.234375,91271.2734375,91359.234375,150212608
2026-01-08 22:20:00+00:00,91248.8671875,91270.0703125,91239.0,91270.0703125,16867328
2026-01-08 22:25:00+00:00,91181.0546875,91246.0078125,91181.0546875,91246.0078125,41078784
2026-01-08 22:30:00+00:00,91065.171875,91208.0703125,91065.171875,91208.0703125,0
2026-01-08 22:35:00+00:00,91046.859375,91110.8359375,91046.859375,91110.8359375,0
2026-01-08 22:40:00+00:00,91060.5,91060.5,90987.2890625,90987.2890625,212520960
2026-01-08 22:45:00+00:00,91136.953125,91147.6328125,91061.0078125,91061.0078125,0
2026-01-08 22:50:00+00:00,91139.015625,91140.8984375,91132.359375,91137.203125,34918400
2026-01-08 22:55:00+00:00,91130.78125,91137.515625,91130.78125,91137.515625,0
2026-01-08 23:00:00+00:00,91233.1953125,91246.8359375,91145.7421875,91145.7421875,0
2026-01-08 23:05:00+00:00,91240.15625,91254.7578125,91186.0859375,91186.0859375,192983040
2026-01-08 23:10:00+00:00,91198.359375,91247.5,91198.359375,91247.5,0
2026-01-08 23:15:00+00:00,91227.109375,91234.7421875,91194.2890625,91194.2890625,0
2026-01-08 23:20:00+00:00,91207.8125,91207.8125,91185.703125,91205.328125,0
2026-01-08 23:25:00+00:00,91205.3671875,91215.265625,91205.3671875,91211.5546875,32239616
2026-01-08 23:30:00+00:00,91147.234375,91222.2421875,91147.234375,91214.390625,0
2026-01-08 23:35:00+00:00,91116.8828125,91119.921875,91083.75,91083.75,50122752
2026-01-08 23:40:00+00:00,91099.34375,91128.890625,91099.34375,91117.703125,0
2026-01-08 23:45:00+00:00,91090.953125,91090.953125,91041.6328125,91041.6328125,0
2026-01-08 23:50:00+00:00,90988.203125,91071.46875,90988.203125,91071.46875,44904448
2026-01-08 23:55:00+00:00,91025.75,91025.75,90978.171875,90978.171875,331870208
2026-01-09 00:00:00+00:00,91005.234375,91015.2109375,90997.546875,91015.2109375,0
2026-01-09 00:05:00+00:00,91039.6484375,91044.0078125,91023.578125,91023.578125,20054016
2026-01-09 00:10:00+00:00,91075.515625,91075.515625,91061.5546875,91070.015625,0
2026-01-09 00:15:00+00:00,91000.21875,91072.171875,91000.21875,91072.171875,132325376
2026-01-09 00:20:00+00:00,91065.59375,91065.59375,91016.6640625,91016.6640625,0
2026-01-09 00:25:00+00:00,90984.6875,91054.375,90984.6875,91054.375,0
2026-01-09 00:30:00+00:00,91015.921875,91015.921875,90996.7890625,90996.7890625,0
2026-01-09 00:35:00+00:00,91148.765625,91148.765625,91014.0078125,91014.0078125,0
2026-01-09 00:40:00+00:00,91110.828125,91114.359375,91102.8515625,91103.2578125,0
2026-01-09 00:45:00+00:00,91179.5625,91179.5625,91134.9765625,91141.953125,6840320
2026-01-09 00:50:00+00:00,91190.65625,91208.578125,91190.65625,91208.578125,129171456
2026-01-09 00:55:00+00:00,91205.7734375,91211.65625,91198.9765625,91202.0234375,0
2026-01-09 01:00:00+00:00,91222.84375,91222.84375,91193.8671875,91193.8671875,0
2026-01-09 01:05:00+00:00,91203.0078125,91247.859375,91195.25,91247.859375,491520
2026-01-09 01:10:00+00:00,91209.4453125,91228.375,91190.203125,91228.375,7970816
2026-01-09 01:15:00+00:00,91202.71875,91203.09375,91188.6640625,91203.09375,6840320
2026-01-09 01:20:00+00:00,91106.703125,91191.3671875,91106.703125,91191.3671875,0
2026-01-09 01:25:00+00:00,91198.5078125,91198.5078125,91016.421875,91065.3046875,0
2026-01-09 01:30:00+00:00,91293.140625,91412.484375,91293.140625,91412.484375,239034368
2026-01-09 01:35:00+00:00,90795.625,91025.5,90795.625,91025.5,208183296
2026-01-09 01:40:00+00:00,90885.7734375,90896.6875,90881.984375,90881.984375,84004864
2026-01-09 01:45:00+00:00,90930.9609375,90930.9609375,90853.9765625,90853.9765625,19075072
2026-01-09 01:50:00+00:00,90954.3671875,90963.65625,90909.6015625,90963.65625,0
2026-01-09 01:55:00+00:00,90976.4921875,90976.4921875,90947.1015625,90959.5859375,0
2026-01-09 02:00:00+00:00,91016.0546875,91016.0546875,90966.75,90972.578125,268333056
2026-01-09 02:05:00+00:00,91274.328125,91285.5703125,91112.8984375,91112.8984375,0
2026-01-09 02:10:00+00:00,91370.390625,91373.53125,91298.296875,91298.296875,129130496
2026-01-09 02:15:00+00:00,91323.7734375,91364.3671875,91323.7734375,91363.234375,0
2026-01-09 02:20:00+00:00,91362.34375,91362.34375,91313.46875,91313.46875,359444480
2026-01-09 02:25:00+00:00,91213.5859375,91309.8203125,91213.5859375,91309.8203125,0
2026-01-09 02:30:00+00:00,91158.1484375,91217.4296875,91158.1484375,91197.1484375,0
2026-01-09 02:35:00+00:00,91130.8828125,91172.6328125,91130.8828125,91151.859375,77627392
2026-01-09 02:40:00+00:00,91110.296875,91110.296875,91079.3984375,91089.3359375,0
2026-01-09 02:45:00+00:00,91060.34375,91144.671875,91060.34375,91137.140625,39342080
2026-01-09 02:50:00+00:00,90991.078125,91023.375,90991.078125,91023.375,0
2026-01-09 02:55:00+00:00,90932.5546875,90979.25,90932.5546875,90979.2109375,0
2026-01-09 03:00:00+00:00,90922.9609375,90947.7265625,90893.7265625,90947.7265625,109973504
2026-01-09 03:05:00+00:00,91081.0,91081.0,90956.0859375,90962.3203125,0
2026-01-09 03:10:00+00:00,91089.0078125,91097.5078125,91066.5625,91066.5625,20836352
2026-01-09 03:15:00+00:00,91021.625,91057.5546875,91021.625,91057.5546875,6922240
2026-01-09 03:20:00+00:00,91053.671875,91113.1875,91053.671875,91113.1875,0
2026-01-09 03:25:00+00:00,90914.2578125,91019.9140625,90907.078125,91019.9140625,367775744
2026-01-09 03:30:00+00:00,90973.3515625,90973.3515625,90897.171875,90921.25,24670208
2026-01-09 03:35:00+00:00,91122.1171875,91125.3359375,90972.515625,90972.515625,0
2026-01-09 03:40:00+00:00,91089.9375,91130.5234375,91081.1796875,91130.5234375,0
2026-01-09 03:45:00+00:00,91160.609375,91160.609375,91092.8125,91092.8125,0
2026-01-09 03:50:00+00:00,91097.9296875,91143.296875,91097.9296875,91143.296875,267395072
2026-01-09 03:55:00+00:00,91112.8046875,91140.53125,91112.8046875,91140.53125,0
2026-01-09 04:00:00+00:00,91098.2421875,91125.5546875,91098.2421875,91125.5546875,0
2026-01-09 04:05:00+00:00,91044.2265625,91101.6484375,91044.2265625,91101.6484375,0
2026-01-09 04:10:00+00:00,90970.0390625,91014.703125,90970.0390625,91014.703125,241115136
2026-01-09 04:15:00+00:00,90968.859375,90968.859375,90944.59375,90953.6796875,0
2026-01-09 04:20:00+00:00,90968.328125,90974.8515625,90962.3359375,90966.828125,0
2026-01-09 04:25:00+00:00,91028.703125,91032.1484375,91013.03125,91013.03125,0
2026-01-09 04:30:00+00:00,90886.125,91037.7109375,90886.125,91037.7109375,0
2026-01-09 04:35:00+00:00,90886.1171875,90891.9609375,90842.0078125,90891.9609375,378519552
2026-01-09 04:40:00+00:00,90921.234375,90969.140625,90882.4453125,90882.4453125,0
2026-01-09 04:45:00+00:00,90916.0234375,90927.4375,90916.0234375,90919.1171875,154705920
2026-01-09 04:50:00+00:00,90932.5625,90934.1015625,90919.3125,90926.1640625,0
2026-01-09 04:55:00+00:00,90939.28125,90939.28125,90922.28125,90937.9609375,9621504
2026-01-09 05:00:00+00:00,90986.75,91001.1328125,90927.3046875,90927.3046875,14147584
2026-01-09 05:05:00+00:00,90963.71875,90994.640625,90961.3984375,90994.640625,44883968
2026-01-09 05:10:00+00:00,90963.1484375,90994.578125,90963.1484375,90994.453125,166715392
2026-01-09 05:15:00+00:00,90926.0703125,90985.3671875,90926.0703125,90985.3671875,0
2026-01-09 05:20:00+00:00,90882.921875,90882.921875,90860.265625,90860.265625,0
2026-01-09 05:25:00+00:00,90911.8828125,90925.3203125,90891.234375,90891.234375,111779840
2026-01-09 05:30:00+00:00,90869.3359375,90922.0390625,90869.3359375,90916.7578125,299008000
2026-01-09 05:35:00+00:00,90847.03125,90878.8515625,90826.6015625,90849.0390625,0
2026-01-09 05:40:00+00:00,90892.125,90904.8984375,90847.4375,90847.4375,468946944
2026-01-09 05:45:00+00:00,90892.078125,90909.0078125,90885.703125,90885.703125,0
2026-01-09 05:50:00+00:00,90913.3671875,90929.0625,90878.3515625,90881.3046875,0
2026-01-09 05:55:00+00:00,90971.515625,90971.515625,90937.15625,90937.15625,0
2026-01-09 06:00:00+00:00,90982.3984375,90987.0078125,90975.1328125,90975.1328125,0
2026-01-09 06:05:00+00:00,90978.4453125,90987.7265625,90974.640625,90987.7265625,0
2026-01-09 06:10:00+00:00,90945.2421875,90973.6796875,90945.2421875,90973.6796875,0
2026-01-09 06:15:00+00:00,90931.96875,91004.9140625,90922.671875,90948.2109375,0
2026-01-09 06:20:00+00:00,90946.015625,90950.3125,90932.625,90932.625,0
2026-01-09 06:25:00+00:00,90921.0078125,90945.3515625,90919.828125,90941.8203125,0
2026-01-09 06:30:00+00:00,90981.15625,90981.15625,90882.609375,90883.4140625,0
2026-01-09 06:35:00+00:00,90962.5,90982.3671875,90962.5,90982.3671875,0
2026-01-09 06:40:00+00:00,91015.984375,91020.9609375,90969.375,90969.375,69484544
2026-01-09 06:45:00+00:00,90988.296875,91014.3046875,90988.296875,91013.2265625,0
2026-01-09 06:50:00+00:00,90979.1875,90996.3671875,90979.1875,90987.640625,0
2026-01-09 06:55:00+00:00,91027.09375,91027.09375,90992.5625,90992.5625,9850880
2026-01-09 07:00:00+00:00,90976.4140625,91024.6640625,90975.9296875,91024.6640625,0
2026-01-09 07:05:00+00:00,90975.6328125,90979.953125,90961.6171875,90979.953125,0
2026-01-09 07:10:00+00:00,90967.953125,90988.25,90962.0234375,90964.0,0
2026-01-09 07:15:00+00:00,90942.4296875,90948.4453125,90930.8671875,90948.4453125,0
2026-01-09 07:20:00+00:00,90919.0546875,90921.1484375,90902.859375,90921.1484375,0
2026-01-09 07:25:00+00:00,90900.4609375,90947.8515625,90900.4609375,90935.2265625,0
2026-01-09 07:30:00+00:00,90815.6328125,90914.8515625,90815.6328125,90914.8515625,248164352
2026-01-09 07:35:00+00:00,90869.1875,90869.1875,90831.390625,90831.390625,0
2026-01-09 07:40:00+00:00,90875.9765625,90884.265625,90860.765625,90884.265625,120688640
2026-01-09 07:45:00+00:00,90857.25,90873.0234375,90833.0390625,90866.7265625,203870208
2026-01-09 07:50:00+00:00,90827.125,90846.2734375,90827.125,90844.84375,0
2026-01-09 07:55:00+00:00,90687.078125,90842.640625,90687.078125,90842.640625,0
2026-01-09 08:00:00+00:00,90641.265625,90686.8359375,90619.7890625,90649.5,41463808
2026-01-09 08:05:00+00:00,90570.4765625,90570.4765625,90448.9296875,90448.9296875,0
2026-01-09 08:10:00+00:00,90596.1015625,90609.828125,90548.6640625,90548.6640625,237707264
2026-01-09 08:15:00+00:00,90623.1953125,90628.53125,90563.9921875,90563.9921875,0
2026-01-09 08:20:00+00:00,90730.6484375,90730.6484375,90681.9375,90681.9609375,820318208
2026-01-09 08:25:00+00:00,90645.03125,90730.015625,90645.03125,90730.015625,438738944
2026-01-09 08:30:00+00:00,90460.03125,90572.4609375,90460.03125,90572.4609375,0
2026-01-09 08:35:00+00:00,90376.984375,90511.5703125,90375.59375,90489.421875,0
2026-01-09 08:40:00+00:00,90228.9140625,90349.671875,90228.9140625,90349.671875,465043456
2026-01-09 08:45:00+00:00,89758.09375,90227.75,89758.09375,90227.75,31690752
2026-01-09 08:50:00+00:00,89738.8203125,89739.859375,89693.2265625,89739.859375,239341568
2026-01-09 08:55:00+00:00,89845.1328125,89845.1328125,89628.5703125,89628.5703125,266686464
2026-01-09 09:00:00+00:00,90044.8984375,90074.046875,89872.390625,89872.390625,112226304
2026-01-09 09:05:00+00:00,90058.75,90069.6875,89998.4453125,90069.6875,89075712
2026-01-09 09:10:00+00:00,90041.7421875,90091.6875,90038.4921875,90091.6875,109211648
2026-01-09 09:15:00+00:00,89989.8203125,90045.8046875,89973.09375,90045.8046875,80699392
2026-01-09 09:20:00+00:00,90188.3125,90188.3125,90033.921875,90033.921875,0
2026-01-09 09:25:00+00:00,90283.1796875,90304.2265625,90181.046875,90181.046875,0
2026-01-09 09:30:00+00:00,90262.984375,90285.6640625,90256.90625,90285.6640625,0
2026-01-09 09:35:00+00:00,90197.421875,90282.3359375,90197.421875,90282.3359375,215629824
2026-01-09 09:40:00+00:00,90264.5546875,90264.5546875,90217.234375,90217.234375,0
2026-01-09 09:45:00+00:00,90265.0859375,90265.0859375,90185.4765625,90241.5625,90542080
2026-01-09 09:50:00+00:00,90274.4375,90274.4375,90248.390625,90260.4609375,0
2026-01-09 09:55:00+00:00,90222.0234375,90299.5078125,90221.875,90299.5078125,0
2026-01-09 10:00:00+00:00,90200.0546875,90228.046875,90200.0546875,90228.046875,0
2026-01-09 10:05:00+00:00,90313.515625,90313.515625,90183.75,90183.75,497680384
2026-01-09 10:10:00+00:00,90356.2265625,90356.2265625,90337.1328125,90337.1328125,0
2026-01-09 10:15:00+00:00,90341.0625,90385.8046875,90312.4453125,90354.5703125,763912192
2026-01-09 10:20:00+00:00,90431.0390625,90431.0390625,90340.5390625,90340.5390625,104054784
2026-01-09 10:25:00+00:00,90382.1328125,90431.421875,90382.1328125,90423.265625,22827008
2026-01-09 10:30:00+00:00,90353.3671875,90353.3671875,90312.375,90343.1015625,0
2026-01-09 10:35:00+00:00,90391.03125,90393.4609375,90370.5546875,90370.5546875,0
2026-01-09 10:40:00+00:00,90412.2265625,90417.6796875,90402.546875,90417.6796875,0
2026-01-09 10:45:00+00:00,90415.875,90415.875,90397.5078125,90409.2421875,0
2026-01-09 10:50:00+00:00,90417.609375,90422.546875,90408.21875,90408.21875,125440000
2026-01-09 10:55:00+00:00,90404.4609375,90418.8046875,90404.4609375,90417.9765625,0
2026-01-09 11:00:00+00:00,90424.625,90424.625,90380.5390625,90380.5390625,152182784
2026-01-09 11:05:00+00:00,90394.4609375,90461.578125,90394.4609375,90451.5390625,90783744
2026-01-09 11:10:00+00:00,90396.8515625,90396.8515625,90349.921875,90389.3359375,0
2026-01-09 11:15:00+00:00,90512.6171875,90512.6171875,90469.5390625,90474.59375,0
2026-01-09 11:20:00+00:00,90457.671875,90560.6640625,90457.671875,90560.6640625,0
2026-01-09 11:25:00+00:00,90456.4921875,90461.34375,90420.46875,90439.4921875,0
2026-01-09 11:30:00+00:00,90500.5546875,90500.5546875,90441.59375,90463.2890625,342405120
2026-01-09 11:35:00+00:00,90427.3984375,90470.984375,90427.3984375,90463.3515625,0
2026-01-09 11:40:00+00:00,90401.9140625,90408.125,90386.328125,90386.328125,0
2026-01-09 11:45:00+00:00,90352.921875,90418.7890625,90352.921875,90418.7890625,48496640
2026-01-09 11:50:00+00:00,90397.1328125,90425.390625,90382.8046875,90382.8046875,0
2026-01-09 11:55:00+00:00,90337.78125,90354.109375,90314.0234375,90354.109375,238596096
2026-01-09 12:00:00+00:00,90362.5390625,90377.3828125,90345.2265625,90345.2265625,0
2026-01-09 12:05:00+00:00,90463.0859375,90463.0859375,90365.59375,90365.59375,0
2026-01-09 12:10:00+00:00,90299.5546875,90397.8828125,90299.5546875,90397.8828125,0
2026-01-09 12:15:00+00:00,90220.375,90307.4140625,90220.375,90307.4140625,1087848448
2026-01-09 12:20:00+00:00,90169.875,90183.3984375,90146.0625,90183.3984375,0
2026-01-09 12:25:00+00:00,90189.7109375,90189.7109375,90144.3515625,90185.6796875,0
2026-01-09 12:30:00+00:00,90287.46875,90287.46875,90202.9453125,90202.9453125,133496832
2026-01-09 12:35:00+00:00,90301.359375,90340.765625,90292.7109375,90340.765625,46886912
2026-01-09 12:40:00+00:00,90334.859375,90334.859375,90294.859375,90294.859375,0
2026-01-09 12:45:00+00:00,90331.8671875,90331.8671875,90303.21875,90314.1796875,0
2026-01-09 12:50:00+00:00,90347.1015625,90369.4140625,90342.8671875,90360.25,0
2026-01-09 12:55:00+00:00,90348.6640625,90368.5390625,90348.6640625,90356.65625,0
2026-01-09 13:00:00+00:00,90383.2265625,90383.2265625,90350.171875,90350.171875,0
2026-01-09 13:05:00+00:00,90370.328125,90370.328125,90337.9375,90339.84375,0
2026-01-09 13:10:00+00:00,90548.5,90556.4296875,90405.3828125,90405.3828125,315830272
2026-01-09 13:15:00+00:00,90524.234375,90570.921875,90524.234375,90530.5546875,0
2026-01-09 13:20:00+00:00,90591.7109375,90591.7109375,90533.5625,90533.5625,0
2026-01-09 13:25:00+00:00,90609.5,90609.5,90537.609375,90537.609375,0
2026-01-09 13:30:00+00:00,90398.1015625,90553.6484375,90398.1015625,90553.6484375,232103936
2026-01-09 13:35:00+00:00,90585.4140625,90682.0,90558.3203125,90558.3203125,557576192
2026-01-09 13:40:00+00:00,90549.7109375,90632.6640625,90538.2265625,90567.9609375,0
2026-01-09 13:45:00+00:00,90404.4375,90518.9765625,90404.4375,90518.9765625,0
2026-01-09 13:50:00+00:00,90590.0,90590.0,90392.203125,90392.203125,529170432
2026-01-09 13:55:00+00:00,90550.796875,90626.7109375,90550.796875,90626.7109375,0
2026-01-09 14:00:00+00:00,90452.71875,90492.671875,90444.6484375,90480.234375,0
2026-01-09 14:05:00+00:00,90409.359375,90431.671875,90409.359375,90431.671875,0
2026-01-09 14:10:00+00:00,90268.2265625,90268.2265625,90197.515625,90252.1796875,213168128
2026-01-09 14:15:00+00:00,90331.0625,90331.0625,90250.7890625,90250.7890625,888832
2026-01-09 14:20:00+00:00,90350.96875,90397.9921875,90350.96875,90385.4609375,105025536
2026-01-09 14:25:00+00:00,90476.625,90476.625,90397.1484375,90397.1484375,0
2026-01-09 14:30:00+00:00,90216.5546875,90483.953125,90216.5546875,90483.953125,0
2026-01-09 14:35:00+00:00,90402.1875,90420.140625,90124.2734375,90124.2734375,0
2026-01-09 14:40:00+00:00,90107.84375,90317.6640625,90107.84375,90317.6640625,875368448
2026-01-09 14:45:00+00:00,89946.1640625,90101.375,89946.1640625,90084.5859375,0
2026-01-09 14:50:00+00:00,89985.328125,90039.59375,89896.546875,89925.6328125,133783552
2026-01-09 14:55:00+00:00,90056.421875,90056.421875,89963.828125,89999.2734375,0
2026-01-09 15:00:00+00:00,90135.8515625,90135.8515625,89963.5078125,90038.875,0
2026-01-09 15:05:00+00:00,89930.8828125,90043.1875,89794.6640625,90043.1875,0
2026-01-09 15:10:00+00:00,90152.390625,90152.390625,90031.953125,90031.953125,3764224
2026-01-09 15:15:00+00:00,90175.53125,90222.796875,90117.2734375,90137.921875,0
2026-01-09 15:20:00+00:00,90615.125,90615.125,90248.375,90248.375,102932480
2026-01-09 15:25:00+00:00,91517.234375,91517.234375,90829.4765625,90829.4765625,245239808
2026-01-09 15:30:00+00:00,91758.6796875,91811.109375,91568.0,91587.4140625,1037979648
2026-01-09 15:35:00+00:00,91728.7109375,91864.40625,91638.84375,91814.734375,685146112
2026-01-09 15:40:00+00:00,91207.9296875,91547.6640625,91207.9296875,91513.8671875,218238976
2026-01-09 15:45:00+00:00,91236.0625,91415.2265625,91236.0625,91302.75,0
2026-01-09 15:50:00+00:00,91153.0703125,91246.8515625,91153.0703125,91176.7109375,1005928448
2026-01-09 15:55:00+00:00,90999.8203125,91028.328125,90822.640625,91028.328125,0
2026-01-09 16:00:00+00:00,91268.0078125,91335.2265625,91028.7109375,91028.7109375,0
2026-01-09 16:05:00+00:00,91349.8046875,91349.8046875,91318.828125,91328.7109375,90525696
2026-01-09 16:10:00+00:00,91488.1328125,91488.1328125,91247.28125,91291.15625,0
2026-01-09 16:15:00+00:00,91540.328125,91662.3515625,91478.8671875,91662.3515625,697446400
2026-01-09 16:20:00+00:00,91416.046875,91494.8203125,91416.046875,91463.265625,0
2026-01-09 16:25:00+00:00,91255.6171875,91419.3515625,91245.1640625,91419.3515625,631689216
2026-01-09 16:30:00+00:00,91280.578125,91280.578125,91227.1640625,91271.2109375,607641600
2026-01-09 16:35:00+00:00,91227.21875,91270.34375,91209.7578125,91245.1171875,0
2026-01-09 16:40:00+00:00,91304.7265625,91304.7265625,91218.84375,91218.84375,268279808
2026-01-09 16:45:00+00:00,91418.453125,91418.453125,91367.4375,91380.234375,0
2026-01-09 16:50:00+00:00,91538.4765625,91538.4765625,91437.9765625,91437.9765625,157491200
2026-01-09 16:55:00+00:00,91527.2890625,91570.828125,91516.1875,91516.1875,0
2026-01-09 17:00:00+00:00,91535.6640625,91535.6640625,91462.1328125,91516.171875,93220864
2026-01-09 17:05:00+00:00,91542.765625,91542.765625,91506.71875,91506.71875,0
2026-01-09 17:10:00+00:00,91193.6953125,91505.125,91193.6953125,91505.125,164605952
2026-01-09 17:15:00+00:00,90967.609375,91248.3828125,90967.609375,91248.3828125,0
2026-01-09 17:20:00+00:00,91110.1015625,91110.1015625,90994.84375,90994.84375,930222080
2026-01-09 17:25:00+00:00,91066.7578125,91174.1875,91066.7578125,91174.1875,0
2026-01-09 17:30:00+00:00,91071.109375,91071.109375,90996.0234375,91046.0078125,77611008
2026-01-09 17:35:00+00:00,91195.7421875,91195.7421875,91038.2265625,91038.2265625,0
2026-01-09 17:40:00+00:00,91080.640625,91139.3671875,91080.640625,91139.3671875,0
2026-01-09 17:45:00+00:00,91312.6640625,91312.6640625,91081.2734375,91081.2734375,0
2026-01-09 17:50:00+00:00,91426.9765625,91432.390625,91370.8671875,91370.8671875,0
2026-01-09 17:55:00+00:00,91343.59375,91400.671875,91343.59375,91400.671875,0
2026-01-09 18:00:00+00:00,91396.0,91396.0,91302.0,91343.5390625,110444544
2026-01-09 18:05:00+00:00,91392.59375,91396.7265625,91351.53125,91351.53125,0
2026-01-09 18:10:00+00:00,91209.8203125,91311.2109375,91157.9453125,91311.2109375,0
2026-01-09 18:15:00+00:00,90956.1484375,91196.1953125,90956.1484375,91196.1953125,0
2026-01-09 18:20:00+00:00,90849.3828125,90941.1171875,90849.3828125,90941.1171875,239370240
2026-01-09 18:25:00+00:00,90546.484375,90829.53125,90546.484375,90829.53125,0
2026-01-09 18:30:00+00:00,90517.015625,90556.96875,90432.0703125,90537.6171875,956141568
2026-01-09 18:35:00+00:00,90688.1328125,90693.9375,90519.8515625,90519.8515625,0
2026-01-09 18:40:00+00:00,90773.0,90773.0,90612.6953125,90612.6953125,0
2026-01-09 18:45:00+00:00,90758.5703125,90758.5703125,90607.625,90729.7734375,812793856
2026-01-09 18:50:00+00:00,90807.3046875,90837.46875,90806.4296875,90818.09375,27435008
2026-01-09 18:55:00+00:00,90781.109375,90809.84375,90781.109375,90806.6953125,0
2026-01-09 19:00:00+00:00,90571.2265625,90631.2890625,90515.09375,90631.2890625,754057216
2026-01-09 19:05:00+00:00,90643.8828125,90643.8828125,90583.7109375,90593.4140625,0
2026-01-09 19:10:00+00:00,90446.6015625,90594.8359375,90446.6015625,90594.8359375,247939072
2026-01-09 19:15:00+00:00,90322.6171875,90446.84375,90295.1171875,90446.7890625,98787328
2026-01-09 19:20:00+00:00,90241.3046875,90259.5859375,90241.3046875,90259.5859375,80867328
2026-01-09 19:25:00+00:00,90231.921875,90287.2265625,90231.921875,90287.2265625,45539328
2026-01-09 19:30:00+00:00,90150.90625,90223.6796875,90150.90625,90223.6796875,62480384
2026-01-09 19:35:00+00:00,90307.2421875,90335.8671875,90195.4765625,90195.4765625,318963712
2026-01-09 19:40:00+00:00,90294.6328125,90314.140625,90290.2734375,90290.2734375,0
2026-01-09 19:45:00+00:00,90440.25,90448.3984375,90230.140625,90230.140625,0
2026-01-09 19:50:00+00:00,90503.015625,90514.625,90419.6796875,90419.6796875,302292992
2026-01-09 19:55:00+00:00,90267.0546875,90387.8515625,90260.7421875,90387.8515625,0
2026-01-09 20:00:00+00:00,90256.328125,90256.328125,90144.8046875,90144.8046875,1314816
2026-01-09 20:05:00+00:00,90265.3515625,90284.4140625,90248.21875,90248.21875,196976640
2026-01-09 20:10:00+00:00,90287.15625,90342.546875,90287.15625,90304.796875,0
2026-01-09 20:15:00+00:00,90274.2421875,90302.8046875,90267.078125,90289.203125,69345280
2026-01-09 20:20:00+00:00,90375.21875,90430.296875,90311.1796875,90311.1796875,0
2026-01-09 20:25:00+00:00,90324.7734375,90396.09375,90324.7734375,90378.7421875,0
2026-01-09 20:30:00+00:00,90420.1328125,90420.1328125,90358.96875,90358.96875,420184064
2026-01-09 20:35:00+00:00,90431.921875,90447.5078125,90431.921875,90437.453125,0
2026-01-09 20:40:00+00:00,90246.0234375,90396.15625,90246.0234375,90396.15625,0
2026-01-09 20:45:00+00:00,90268.4375,90274.4609375,90176.0390625,90176.0390625,0
2026-01-09 20:50:00+00:00,90167.46875,90269.6015625,90167.46875,90269.6015625,1238237184
2026-01-09 20:55:00+00:00,90185.78125,90243.2265625,90182.765625,90182.765625,0
2026-01-09 21:00:00+00:00,90235.6484375,90243.75,90166.140625,90166.140625,0
2026-01-09 21:05:00+00:00,90239.4453125,90239.4453125,90117.078125,90154.453125,0
2026-01-09 21:10:00+00:00,90228.4140625,90301.625,90228.4140625,90301.625,303489024
2026-01-09 21:15:00+00:00,90277.1796875,90277.1796875,90227.9921875,90236.453125,0
2026-01-09 21:20:00+00:00,90340.8984375,90346.15625,90340.8984375,90346.15625,0
2026-01-09 21:25:00+00:00,90483.921875,90483.921875,90334.203125,90334.203125,233623552
2026-01-09 21:30:00+00:00,90450.03125,90477.078125,90437.453125,90477.078125,0
2026-01-09 21:35:00+00:00,90326.46875,90355.6796875,90322.1796875,90355.6796875,0
2026-01-09 21:40:00+00:00,90333.171875,90363.890625,90331.984375,90363.890625,0
2026-01-09 21:45:00+00:00,90321.6171875,90331.1015625,90321.6171875,90325.2109375,0
2026-01-09 21:50:00+00:00,90351.8125,90351.8125,90315.5390625,90315.5390625,33038336
2026-01-09 21:55:00+00:00,90421.0390625,90421.0390625,90385.71875,90404.4609375,0
2026-01-09 22:00:00+00:00,90416.796875,90434.4609375,90413.21875,90413.21875,0
2026-01-09 22:05:00+00:00,90404.8984375,90416.828125,90383.84375,90416.828125,22757376
2026-01-09 22:10:00+00:00,90259.3125,90410.2109375,90259.3125,90410.2109375,0
2026-01-09 22:15:00+00:00,90282.15625,90344.6875,90268.546875,90282.796875,83734528
2026-01-09 22:20:00+00:00,90365.90625,90365.90625,90303.9765625,90303.9765625,0
2026-01-09 22:25:00+00:00,90327.5703125,90352.265625,90314.1953125,90352.265625,446472192
2026-01-09 22:30:00+00:00,90529.2109375,90529.2109375,90463.15625,90486.265625,0
2026-01-09 22:35:00+00:00,90495.8359375,90534.3359375,90494.984375,90530.9609375,0
2026-01-09 22:40:00+00:00,90462.453125,90491.96875,90462.453125,90491.96875,410583040
2026-01-09 22:45:00+00:00,90463.78125,90463.78125,90438.8515625,90438.8515625,0
2026-01-09 22:50:00+00:00,90542.6875,90542.6875,90483.1328125,90483.1328125,0
2026-01-09 22:55:00+00:00,90502.359375,90512.625,90492.7578125,90511.59375,22724608
2026-01-09 23:00:00+00:00,90535.0,90537.1640625,90496.5625,90513.7890625,0
2026-01-09 23:05:00+00:00,90561.6640625,90561.6640625,90532.984375,90546.6953125,0
2026-01-09 23:10:00+00:00,90574.5234375,90574.5234375,90555.328125,90555.328125,0
2026-01-09 23:15:00+00:00,90568.921875,90579.1328125,90567.9375,90579.1328125,12890112
2026-01-09 23:20:00+00:00,90586.015625,90586.015625,90559.09375,90559.09375,0
2026-01-09 23:25:00+00:00,90594.046875,90595.9140625,90590.3359375,90595.9140625,7467008
2026-01-09 23:30:00+00:00,90571.015625,90592.546875,90565.5234375,90592.546875,0
2026-01-09 23:35:00+00:00,90573.1328125,90592.9375,90573.1328125,90583.5234375,65658880
2026-01-09 23:40:00+00:00,90542.1484375,90559.359375,90542.1484375,90559.359375,0
2026-01-09 23:45:00+00:00,90561.2421875,90577.984375,90554.5,90557.890625,267100160
2026-01-09 23:50:00+00:00,90506.1171875,90544.78125,90506.1171875,90544.78125,0
2026-01-09 23:55:00+00:00,90490.7734375,90513.8515625,90490.7734375,90513.8515625,0
2026-01-10 00:00:00+00:00,90524.9609375,90527.921875,90509.2109375,90509.2109375,0
2026-01-10 00:05:00+00:00,90560.8125,90560.8125,90532.515625,90537.453125,0
2026-01-10 00:10:00+00:00,90489.7109375,90534.7265625,90489.7109375,90534.7265625,251486208
2026-01-10 00:15:00+00:00,90431.4609375,90457.875,90431.4609375,90457.875,0
2026-01-10 00:20:00+00:00,90427.4765625,90434.1484375,90417.703125,90434.1484375,80850944
2026-01-10 00:25:00+00:00,90464.203125,90464.203125,90442.09375,90442.09375,136056832
2026-01-10 00:30:00+00:00,90509.7265625,90510.1875,90485.25,90485.25,219279360
2026-01-10 00:35:00+00:00,90517.1015625,90537.1796875,90508.234375,90537.1796875,0
2026-01-10 00:40:00+00:00,90484.7578125,90528.921875,90484.7578125,90528.921875,243441664
2026-01-10 00:45:00+00:00,90476.875,90493.71875,90461.109375,90493.71875,0
2026-01-10 00:50:00+00:00,90449.9296875,90453.578125,90449.9296875,90451.2421875,0
2026-01-10 00:55:00+00:00,90477.046875,90477.046875,90443.3515625,90443.3515625,1503232
2026-01-10 01:00:00+00:00,90484.3203125,90484.3203125,90471.671875,90471.671875,0
2026-01-10 01:05:00+00:00,90488.4140625,90524.6953125,90484.21875,90484.21875,275107840
2026-01-10 01:10:00+00:00,90497.390625,90497.390625,90469.7421875,90494.8671875,0
2026-01-10 01:15:00+00:00,90544.5234375,90548.578125,90513.3828125,90513.3828125,0
2026-01-10 01:20:00+00:00,90496.125,90545.84375,90496.125,90517.2578125,353513472
2026-01-10 01:25:00+00:00,90533.5390625,90533.5390625,90504.0234375,90504.0234375,0
2026-01-10 01:30:00+00:00,90553.359375,90555.9453125,90535.8671875,90535.8671875,0
2026-01-10 01:35:00+00:00,90577.96875,90577.96875,90548.828125,90548.828125,0
2026-01-10 01:40:00+00:00,90585.3671875,90585.3671875,90572.6796875,90572.6796875,0
2026-01-10 01:45:00+00:00,90596.015625,90601.7734375,90586.9453125,90586.9453125,0
2026-01-10 01:50:00+00:00,90542.7109375,90601.7421875,90542.7109375,90601.7421875,322875392
2026-01-10 01:55:00+00:00,90567.203125,90567.203125,90550.390625,90550.390625,0
2026-01-10 02:00:00+00:00,90605.8828125,90605.8828125,90560.3515625,90560.3515625,0
2026-01-10 02:05:00+00:00,90594.2109375,90600.3359375,90590.6484375,90600.3359375,166187008
2026-01-10 02:10:00+00:00,90598.828125,90598.828125,90587.078125,90591.9296875,0
2026-01-10 02:15:00+00:00,90601.6015625,90611.0234375,90590.9921875,90611.0234375,0
2026-01-10 02:20:00+00:00,90623.0,90623.0,90587.46875,90587.46875,347840512
2026-01-10 02:25:00+00:00,90615.4453125,90618.8828125,90615.4453125,90615.578125,0
2026-01-10 02:30:00+00:00,90628.8828125,90655.21875,90628.8828125,90655.21875,0
2026-01-10 02:35:00+00:00,90537.9765625,90623.6171875,90537.9765625,90623.6171875,0
2026-01-10 02:40:00+00:00,90479.7578125,90531.0078125,90479.7578125,90531.0078125,0
2026-01-10 02:45:00+00:00,90522.8359375,90522.8359375,90483.25,90483.25,0
2026-01-10 02:50:00+00:00,90528.1796875,90539.4375,90528.1796875,90539.4375,0
2026-01-10 02:55:00+00:00,90543.375,90552.5703125,90526.0078125,90532.6875,0
2026-01-10 03:00:00+00:00,90552.2421875,90556.75,90549.53125,90556.75,0
2026-01-10 03:05:00+00:00,90430.21875,90539.28125,90430.21875,90539.28125,56930304
2026-01-10 03:10:00+00:00,90457.2890625,90467.9609375,90436.5234375,90436.5234375,0
2026-01-10 03:15:00+00:00,90490.359375,90490.359375,90463.9921875,90463.9921875,518737920
2026-01-10 03:20:00+00:00,90498.8515625,90498.8515625,90491.875,90491.875,0
2026-01-10 03:25:00+00:00,90511.15625,90517.4765625,90503.4765625,90503.4765625,0
2026-01-10 03:30:00+00:00,90503.3984375,90515.7421875,90494.890625,90513.171875,0
2026-01-10 03:35:00+00:00,90495.8359375,90504.25,90493.5234375,90504.25,161603584
2026-01-10 03:40:00+00:00,90506.296875,90506.296875,90495.21875,90495.21875,93503488
2026-01-10 03:45:00+00:00,90470.28125,90477.8359375,90469.9921875,90474.5859375,0
2026-01-10 03:50:00+00:00,90489.59375,90493.984375,90486.28125,90492.28125,48689152
2026-01-10 03:55:00+00:00,90507.671875,90509.9765625,90505.171875,90505.171875,0
2026-01-10 04:00:00+00:00,90489.203125,90514.7734375,90489.203125,90512.125,0
2026-01-10 04:05:00+00:00,90412.7578125,90485.8046875,90412.7578125,90485.8046875,0
2026-01-10 04:10:00+00:00,90405.75,90424.9296875,90399.4296875,90424.9296875,0
2026-01-10 04:15:00+00:00,90399.7421875,90403.7265625,90395.6015625,90403.4921875,0
2026-01-10 04:20:00+00:00,90420.4609375,90420.4609375,90402.7890625,90402.7890625,76419072
2026-01-10 04:25:00+00:00,90406.2265625,90421.8359375,90403.609375,90421.8359375,146399232
2026-01-10 04:30:00+00:00,90403.0546875,90422.234375,90403.0546875,90406.3671875,0
2026-01-10 04:35:00+00:00,90363.4296875,90410.703125,90363.4296875,90410.703125,0
2026-01-10 04:40:00+00:00,90376.6484375,90376.6484375,90354.828125,90354.828125,8114176
2026-01-10 04:45:00+00:00,90384.3359375,90394.40625,90384.3359375,90389.3359375,0
2026-01-10 04:50:00+00:00,90358.5234375,90400.0859375,90358.5234375,90383.9296875,88313856
2026-01-10 04:55:00+00:00,90326.484375,90351.5546875,90311.09375,90351.5546875,0
2026-01-10 05:00:00+00:00,90314.5078125,90347.421875,90314.5078125,90344.859375,244183040
2026-01-10 05:05:00+00:00,90370.9140625,90370.9140625,90317.21875,90317.21875,0
2026-01-10 05:10:00+00:00,90395.84375,90395.84375,90367.4609375,90367.4609375,14573568
2026-01-10 05:15:00+00:00,90412.34375,90414.859375,90406.7578125,90406.7578125,0
2026-01-10 05:20:00+00:00,90410.765625,90428.15625,90408.359375,90408.359375,0
2026-01-10 05:25:00+00:00,90434.2109375,90435.328125,90414.71875,90414.71875,0
2026-01-10 05:30:00+00:00,90420.8125,90448.8671875,90420.8125,90447.234375,166871040
2026-01-10 05:35:00+00:00,90442.484375,90442.484375,90412.90625,90417.28125,0
2026-01-10 05:40:00+00:00,90482.140625,90487.671875,90476.7890625,90476.7890625,101171200
2026-01-10 05:45:00+00:00,90481.546875,90485.0,90480.0390625,90480.4921875,0
2026-01-10 05:50:00+00:00,90476.2421875,90484.1171875,90476.2421875,90483.2421875,0
2026-01-10 05:55:00+00:00,90484.0546875,90493.0625,90477.703125,90477.703125,59813888
2026-01-10 06:00:00+00:00,90476.6640625,90477.5234375,90474.2734375,90474.2734375,7766016
2026-01-10 06:05:00+00:00,90470.1171875,90477.8125,90467.03125,90477.8125,65253376
2026-01-10 06:10:00+00:00,90459.625,90471.046875,90459.625,90471.046875,0
2026-01-10 06:15:00+00:00,90419.0859375,90452.65625,90417.4609375,90452.65625,0
2026-01-10 06:20:00+00:00,90366.6796875,90370.75,90352.6171875,90370.75,0
2026-01-10 06:25:00+00:00,90404.953125,90404.953125,90360.4453125,90360.4453125,0
2026-01-10 06:30:00+00:00,90406.640625,90421.609375,90402.9375,90411.9296875,121053184
2026-01-10 06:35:00+00:00,90419.2109375,90428.3359375,90417.984375,90428.3359375,0
2026-01-10 06:40:00+00:00,90418.3984375,90426.2890625,90418.3984375,90426.2890625,0
2026-01-10 06:45:00+00:00,90419.2109375,90419.7734375,90415.5546875,90415.5546875,0
2026-01-10 06:50:00+00:00,90422.8359375,90426.6796875,90413.515625,90413.515625,0
2026-01-10 06:55:00+00:00,90383.640625,90422.109375,90383.640625,90422.109375,234606592
2026-01-10 07:00:00+00:00,90415.8359375,90415.8359375,90374.875,90377.0703125,0
2026-01-10 07:05:00+00:00,90418.6328125,90444.25,90418.6328125,90419.0078125,0
2026-01-10 07:10:00+00:00,90474.890625,90474.890625,90422.8671875,90422.8671875,1028096
2026-01-10 07:15:00+00:00,90446.9453125,90477.4375,90446.9453125,90477.4375,0
2026-01-10 07:20:00+00:00,90438.3359375,90446.09375,90438.3359375,90444.28125,40230912
2026-01-10 07:25:00+00:00,90459.3984375,90459.3984375,90444.71875,90451.0234375,0
2026-01-10 07:30:00+00:00,90475.09375,90480.4140625,90471.421875,90480.4140625,0
2026-01-10 07:35:00+00:00,90546.71875,90546.71875,90502.8203125,90519.390625,0
2026-01-10 07:40:00+00:00,90481.890625,90529.9921875,90479.0859375,90529.9921875,0
2026-01-10 07:45:00+00:00,90500.4609375,90502.0390625,90483.921875,90483.921875,133341184
2026-01-10 07:50:00+00:00,90509.5390625,90512.671875,90500.9140625,90500.9140625,0
2026-01-10 07:55:00+00:00,90537.1953125,90537.1953125,90518.3984375,90518.3984375,0
2026-01-10 08:00:00+00:00,90546.65625,90546.8046875,90537.796875,90546.8046875,0
2026-01-10 08:05:00+00:00,90547.40625,90614.96875,90547.40625,90577.0234375,0
2026-01-10 08:10:00+00:00,90578.3671875,90578.3671875,90523.46875,90523.46875,144807936
2026-01-10 08:15:00+00:00,90521.1484375,90583.984375,90521.1484375,90580.4140625,0
2026-01-10 08:20:00+00:00,90561.109375,90561.109375,90499.1171875,90499.1171875,0
2026-01-10 08:25:00+00:00,90560.0625,90560.6875,90548.421875,90560.6875,0
2026-01-10 08:30:00+00:00,90520.9765625,90566.8359375,90520.9765625,90566.8359375,0
2026-01-10 08:35:00+00:00,90529.0,90529.0,90522.9140625,90523.734375,0
2026-01-10 08:40:00+00:00,90536.7109375,90536.7109375,90529.6328125,90535.5625,0
2026-01-10 08:45:00+00:00,90508.3828125,90520.8671875,90508.3828125,90519.3515625,0
2026-01-10 08:50:00+00:00,90527.9296875,90527.9296875,90509.703125,90509.703125,0
2026-01-10 08:55:00+00:00,90531.078125,90531.078125,90523.03125,90530.15625,0
2026-01-10 09:00:00+00:00,90526.078125,90556.2890625,90526.078125,90539.90625,0
2026-01-10 09:05:00+00:00,90562.0546875,90580.171875,90523.5234375,90523.5234375,0
2026-01-10 09:10:00+00:00,90524.40625,90526.3984375,90524.0703125,90526.3984375,0
2026-01-10 09:15:00+00:00,90530.9609375,90530.9609375,90521.890625,90528.5625,0
2026-01-10 09:20:00+00:00,90552.484375,90552.484375,90536.46875,90536.46875,194916352
2026-01-10 09:25:00+00:00,90553.390625,90565.8359375,90552.3515625,90552.3515625,0
2026-01-10 09:30:00+00:00,90549.7421875,90554.078125,90549.7421875,90553.1328125,0
2026-01-10 09:35:00+00:00,90586.2421875,90586.2421875,90514.4375,90514.4375,0
2026-01-10 09:40:00+00:00,90546.328125,90601.5859375,90546.328125,90587.5625,28542976
2026-01-10 09:45:00+00:00,90602.7265625,90621.734375,90559.7890625,90559.7890625,188594176
2026-01-10 09:50:00+00:00,90599.8125,90603.09375,90589.015625,90603.09375,27979776
2026-01-10 09:55:00+00:00,90616.21875,90619.6796875,90610.28125,90610.28125,0
2026-01-10 10:00:00+00:00,90622.8828125,90629.5703125,90607.75,90629.5703125,0
2026-01-10 10:05:00+00:00,90628.578125,90646.828125,90613.5078125,90646.828125,313344
2026-01-10 10:10:00+00:00,90623.2421875,90639.1171875,90621.6484375,90639.1171875,0
2026-01-10 10:15:00+00:00,90644.0703125,90659.984375,90644.0703125,90655.3203125,0
2026-01-10 10:20:00+00:00,90628.234375,90647.359375,90628.234375,90645.453125,0
2026-01-10 10:25:00+00:00,90623.3671875,90623.3671875,90605.5390625,90616.171875,0
2026-01-10 10:30:00+00:00,90634.078125,90634.890625,90631.8046875,90631.8046875,0
2026-01-10 10:35:00+00:00,90652.890625,90652.890625,90645.703125,90647.5234375,0
2026-01-10 10:40:00+00:00,90712.703125,90712.703125,90644.4375,90644.4375,54376448
2026-01-10 10:45:00+00:00,90694.828125,90706.734375,90674.46875,90674.46875,201449472
2026-01-10 10:50:00+00:00,90690.8046875,90705.96875,90684.46875,90689.296875,0
2026-01-10 10:55:00+00:00,90685.1875,90696.1328125,90685.1875,90691.1796875,12437504
2026-01-10 11:00:00+00:00,90674.71875,90703.625,90674.71875,90703.625,0
2026-01-10 11:05:00+00:00,90637.890625,90659.78125,90637.3671875,90659.78125,0
2026-01-10 11:10:00+00:00,90662.3359375,90662.3359375,90655.2734375,90655.2734375,0
2026-01-10 11:15:00+00:00,90661.5546875,90669.9140625,90661.5546875,90663.609375,0
2026-01-10 11:20:00+00:00,90674.9921875,90674.9921875,90659.078125,90659.078125,0
2026-01-10 11:25:00+00:00,90657.9375,90667.484375,90657.9375,90667.25,0
2026-01-10 11:30:00+00:00,90674.4296875,90674.4296875,90666.6796875,90666.6796875,0
2026-01-10 11:35:00+00:00,90675.4296875,90677.71875,90671.671875,90677.71875,15566848
2026-01-10 11:40:00+00:00,90671.484375,90680.828125,90671.484375,90673.2890625,123197440
2026-01-10 11:45:00+00:00,90605.4453125,90637.9609375,90605.4453125,90636.328125,0
2026-01-10 11:50:00+00:00,90604.390625,90617.5234375,90600.5703125,90600.5703125,0
2026-01-10 11:55:00+00:00,90610.2734375,90613.6875,90597.0,90597.0,0
2026-01-10 12:00:00+00:00,90607.0703125,90617.8671875,90606.9765625,90606.9765625,0
2026-01-10 12:05:00+00:00,90636.1484375,90641.78125,90606.7109375,90606.7109375,23056384
2026-01-10 12:10:00+00:00,90624.75,90635.4609375,90621.0625,90635.4609375,0
2026-01-10 12:15:00+00:00,90654.90625,90656.5390625,90628.40625,90628.40625,0
2026-01-10 12:20:00+00:00,90648.8984375,90659.484375,90634.359375,90636.390625,0
2026-01-10 12:25:00+00:00,90612.9765625,90639.8125,90612.9765625,90639.8125,0
2026-01-10 12:30:00+00:00,90542.9140625,90605.4296875,90542.9140625,90605.4296875,51722240
2026-01-10 12:35:00+00:00,90593.2578125,90593.2578125,90549.8359375,90549.8359375,0
2026-01-10 12:40:00+00:00,90591.9296875,90593.109375,90585.4375,90586.0859375,0
2026-01-10 12:45:00+00:00,90619.7421875,90619.7421875,90590.796875,90590.796875,84359168
2026-01-10 12:50:00+00:00,90594.5390625,90610.640625,90594.5390625,90610.640625,0
2026-01-10 12:55:00+00:00,90598.2890625,90614.9375,90598.2890625,90614.9375,0
2026-01-10 13:00:00+00:00,90590.8203125,90607.6171875,90590.8203125,90607.6171875,0
2026-01-10 13:05:00+00:00,90614.328125,90614.328125,90590.609375,90590.609375,0
2026-01-10 13:10:00+00:00,90586.90625,90625.8828125,90586.90625,90625.8828125,0
2026-01-10 13:15:00+00:00,90589.75,90593.78125,90589.75,90593.0625,213360640
2026-01-10 13:20:00+00:00,90615.0859375,90621.40625,90613.3046875,90621.40625,0
2026-01-10 13:25:00+00:00,90608.703125,90610.5078125,90600.0546875,90610.5078125,0
2026-01-10 13:30:00+00:00,90606.015625,90606.8984375,90601.2109375,90603.1796875,0
2026-01-10 13:35:00+00:00,90608.28125,90608.5390625,90592.3203125,90608.5390625,0
2026-01-10 13:40:00+00:00,90600.734375,90606.3203125,90600.734375,90606.3203125,0
2026-01-10 13:45:00+00:00,90602.4453125,90610.0078125,90600.8046875,90610.0078125,0
2026-01-10 13:50:00+00:00,90559.7890625,90596.640625,90559.7890625,90596.640625,0
2026-01-10 13:55:00+00:00,90526.546875,90540.75,90526.546875,90528.2890625,0
2026-01-10 14:00:00+00:00,90533.859375,90533.859375,90530.6875,90532.0546875,396967936
2026-01-10 14:05:00+00:00,90539.046875,90539.046875,90535.3515625,90535.8125,135727104
2026-01-10 14:10:00+00:00,90462.8203125,90546.828125,90426.2734375,90546.828125,0
2026-01-10 14:15:00+00:00,90512.046875,90512.046875,90466.890625,90479.3046875,0
2026-01-10 14:20:00+00:00,90522.671875,90522.859375,90516.125,90522.859375,0
2026-01-10 14:25:00+00:00,90501.5546875,90522.5390625,90501.5546875,90508.765625,0
2026-01-10 14:30:00+00:00,90452.3359375,90499.234375,90452.3359375,90499.234375,0
2026-01-10 14:35:00+00:00,90466.6640625,90473.8125,90459.203125,90459.203125,0
2026-01-10 14:40:00+00:00,90448.140625,90454.828125,90448.140625,90454.828125,0
2026-01-10 14:45:00+00:00,90461.5625,90461.5625,90439.171875,90439.171875,0
2026-01-10 14:50:00+00:00,90454.140625,90457.9296875,90454.140625,90457.9296875,0
2026-01-10 14:55:00+00:00,90456.796875,90457.625,90454.875,90456.359375,0
2026-01-10 15:00:00+00:00,90498.578125,90499.703125,90458.40625,90463.6875,0
2026-01-10 15:05:00+00:00,90498.6171875,90507.046875,90498.6171875,90502.4140625,0
2026-01-10 15:10:00+00:00,90512.609375,90513.125,90508.1328125,90508.1328125,0
2026-01-10 15:15:00+00:00,90517.625,90521.28125,90508.9453125,90515.078125,0
2026-01-10 15:20:00+00:00,90462.8359375,90492.6015625,90462.8359375,90492.6015625,0
2026-01-10 15:25:00+00:00,90477.7890625,90477.7890625,90465.4140625,90466.453125,0
2026-01-10 15:30:00+00:00,90506.6796875,90506.6796875,90479.6484375,90480.421875,0
2026-01-10 15:35:00+00:00,90509.3359375,90509.3359375,90501.375,90506.4765625,0
2026-01-10 15:40:00+00:00,90521.3515625,90521.3515625,90510.546875,90517.3828125,0
2026-01-10 15:45:00+00:00,90515.46875,90519.890625,90503.8203125,90519.890625,0
2026-01-10 15:50:00+00:00,90540.4765625,90540.4765625,90520.7578125,90523.359375,0
2026-01-10 15:55:00+00:00,90543.0546875,90547.828125,90541.6015625,90547.828125,0
2026-01-10 16:00:00+00:00,90561.9453125,90561.9453125,90533.390625,90541.8203125,0
2026-01-10 16:05:00+00:00,90586.4609375,90586.4609375,90564.421875,90564.421875,0
2026-01-10 16:10:00+00:00,90565.859375,90597.1328125,90565.859375,90593.2421875,0
2026-01-10 16:15:00+00:00,90501.2265625,90560.03125,90501.2265625,90560.03125,0
2026-01-10 16:20:00+00:00,90519.515625,90519.515625,90503.2421875,90503.2421875,0
2026-01-10 16:25:00+00:00,90528.03125,90528.03125,90517.3671875,90518.8125,0
2026-01-10 16:30:00+00:00,90515.453125,90528.0546875,90507.6953125,90528.0546875,0
2026-01-10 16:35:00+00:00,90551.2265625,90551.2265625,90522.9140625,90522.9140625,0
2026-01-10 16:40:00+00:00,90574.5546875,90577.2578125,90557.1484375,90557.1484375,0
2026-01-10 16:45:00+00:00,90576.609375,90578.6953125,90573.8046875,90578.6953125,0
2026-01-10 16:50:00+00:00,90558.515625,90572.09375,90558.515625,90572.09375,0
2026-01-10 16:55:00+00:00,90555.0390625,90556.7109375,90555.0390625,90556.5,0
2026-01-10 17:00:00+00:00,90577.171875,90581.015625,90554.9375,90554.9375,0
2026-01-10 17:05:00+00:00,90577.3515625,90577.609375,90575.3359375,90577.296875,0
2026-01-10 17:10:00+00:00,90585.0703125,90585.0703125,90581.640625,90581.640625,0
2026-01-10 17:15:00+00:00,90594.0078125,90594.0078125,90588.4765625,90588.4765625,0
2026-01-10 17:20:00+00:00,90611.2265625,90613.9921875,90609.640625,90609.640625,0
2026-01-10 17:25:00+00:00,90623.078125,90623.078125,90615.8203125,90616.703125,0
2026-01-10 17:30:00+00:00,90584.953125,90621.3671875,90584.953125,90621.3671875,76675072
2026-01-10 17:35:00+00:00,90566.046875,90585.8046875,90566.046875,90585.8046875,0
2026-01-10 17:40:00+00:00,90547.890625,90560.984375,90547.890625,90560.984375,0
2026-01-10 17:45:00+00:00,90487.4921875,90548.390625,90483.796875,90548.390625,0
2026-01-10 17:50:00+00:00,90491.921875,90491.921875,90458.1015625,90489.5859375,0
2026-01-10 17:55:00+00:00,90428.203125,90473.046875,90428.203125,90473.046875,0
2026-01-10 18:00:00+00:00,90456.1640625,90456.1640625,90431.8359375,90431.8359375,0
2026-01-10 18:05:00+00:00,90422.4765625,90446.0390625,90417.953125,90446.0390625,0
2026-01-10 18:10:00+00:00,90413.8125,90416.0078125,90412.1328125,90416.0078125,0
2026-01-10 18:15:00+00:00,90423.4140625,90430.515625,90410.6171875,90410.6171875,0
2026-01-10 18:20:00+00:00,90437.171875,90437.171875,90431.9453125,90436.9375,0
2026-01-10 18:25:00+00:00,90429.3515625,90433.8828125,90427.40625,90433.8828125,0
2026-01-10 18:30:00+00:00,90454.65625,90469.7578125,90454.65625,90465.3984375,0
2026-01-10 18:35:00+00:00,90459.0703125,90461.9921875,90455.9375,90455.9375,0
2026-01-10 18:40:00+00:00,90465.1953125,90466.1875,90458.4921875,90458.4921875,0
2026-01-10 18:45:00+00:00,90463.7890625,90469.6640625,90463.7890625,90469.6640625,0
2026-01-10 18:50:00+00:00,90463.3984375,90465.03125,90457.375,90462.7265625,0
2026-01-10 18:55:00+00:00,90476.0625,90476.0625,90461.578125,90461.578125,0
2026-01-10 19:00:00+00:00,90474.8671875,90475.2890625,90469.3203125,90469.3203125,0
2026-01-10 19:05:00+00:00,90478.59375,90478.59375,90477.4765625,90478.3046875,0
2026-01-10 19:10:00+00:00,90464.5625,90466.71875,90461.0234375,90466.71875,0
2026-01-10 19:15:00+00:00,90461.9765625,90461.9765625,90456.4375,90459.53125,0
2026-01-10 19:20:00+00:00,90472.09375,90476.3359375,90472.09375,90475.0625,0
2026-01-10 19:25:00+00:00,90479.8359375,90479.8359375,90475.2421875,90475.2421875,0
2026-01-10 19:30:00+00:00,90489.0390625,90489.0390625,90478.9921875,90478.9921875,0
2026-01-10 19:35:00+00:00,90504.046875,90504.046875,90491.40625,90492.2890625,0
2026-01-10 19:40:00+00:00,90509.2890625,90510.546875,90508.4296875,90510.546875,0
2026-01-10 19:45:00+00:00,90493.203125,90508.1953125,90492.2734375,90508.1953125,0
2026-01-10 19:50:00+00:00,90500.328125,90500.328125,90494.9921875,90494.9921875,0
2026-01-10 19:55:00+00:00,90507.0390625,90507.0390625,90503.3203125,90505.9296875,0
2026-01-10 20:00:00+00:00,90503.0,90515.0390625,90503.0,90507.8671875,0
2026-01-10 20:05:00+00:00,90516.8203125,90517.421875,90506.3203125,90506.3203125,0
2026-01-10 20:10:00+00:00,90526.9375,90526.9375,90516.3125,90516.3125,0
2026-01-10 20:15:00+00:00,90519.84375,90531.5078125,90519.84375,90531.1796875,0
2026-01-10 20:20:00+00:00,90522.703125,90522.703125,90518.5,90518.5,0
2026-01-10 20:25:00+00:00,90517.9765625,90523.5078125,90517.9765625,90522.4921875,0
2026-01-10 20:30:00+00:00,90513.1953125,90519.5859375,90513.1953125,90519.5859375,0
2026-01-10 20:35:00+00:00,90480.4453125,90481.4609375,90477.390625,90477.390625,0
2026-01-10 20:40:00+00:00,90467.078125,90478.1875,90464.9140625,90478.1875,0
2026-01-10 20:45:00+00:00,90458.7890625,90461.5390625,90455.96875,90461.5390625,0
2026-01-10 20:50:00+00:00,90460.265625,90468.390625,90453.5,90456.0390625,0
2026-01-10 20:55:00+00:00,90448.4609375,90458.40625,90446.2890625,90458.40625,0
2026-01-10 21:00:00+00:00,90429.3984375,90450.328125,90429.3984375,90450.328125,0
2026-01-10 21:05:00+00:00,90384.8671875,90441.546875,90384.8671875,90441.546875,0
2026-01-10 21:10:00+00:00,90407.125,90410.2421875,90386.3125,90386.3125,0
2026-01-10 21:15:00+00:00,90399.8203125,90408.0859375,90399.8203125,90401.4453125,7662592
2026-01-10 21:20:00+00:00,90435.25,90435.25,90398.140625,90398.140625,0
2026-01-10 21:25:00+00:00,90454.515625,90455.4765625,90450.0859375,90450.0859375,0
2026-01-10 21:30:00+00:00,90426.1953125,90451.140625,90426.1953125,90446.53125,0
2026-01-10 21:35:00+00:00,90404.984375,90428.34375,90404.984375,90428.34375,0
2026-01-10 21:40:00+00:00,90422.4921875,90422.4921875,90403.5859375,90403.5859375,0
2026-01-10 21:45:00+00:00,90397.0234375,90413.5625,90397.0234375,90413.5625,0
2026-01-10 21:50:00+00:00,90386.0234375,90394.1953125,90386.0234375,90391.1328125,0
2026-01-10 21:55:00+00:00,90386.5546875,90388.6484375,90384.46875,90387.9609375,0
2026-01-10 22:00:00+00:00,90383.71875,90387.4375,90383.71875,90386.4296875,0
2026-01-10 22:05:00+00:00,90323.453125,90356.015625,90320.359375,90356.015625,69838848
2026-01-10 22:10:00+00:00,90287.2734375,90336.65625,90287.2734375,90292.0703125,0
2026-01-10 22:15:00+00:00,90319.15625,90319.15625,90288.4140625,90289.1015625,32079872
2026-01-10 22:20:00+00:00,90311.59375,90317.0546875,90310.5546875,90316.7890625,0
2026-01-10 22:25:00+00:00,90349.21875,90349.21875,90309.8046875,90309.8046875,0
2026-01-10 22:30:00+00:00,90428.9140625,90428.9140625,90357.9765625,90357.9765625,0
2026-01-10 22:35:00+00:00,90441.5546875,90441.5546875,90427.9140625,90430.875,0
2026-01-10 22:40:00+00:00,90442.4921875,90444.671875,90438.046875,90438.046875,151586816
2026-01-10 22:45:00+00:00,90392.453125,90467.5703125,90392.453125,90467.5703125,0
2026-01-10 22:50:00+00:00,90361.1171875,90380.921875,90361.1171875,90380.921875,0
2026-01-10 22:55:00+00:00,90341.5703125,90353.8984375,90341.5703125,90353.8984375,1074176
2026-01-10 23:00:00+00:00,90381.0625,90381.0625,90312.875,90322.4296875,50231296
2026-01-10 23:05:00+00:00,90406.9453125,90406.9453125,90373.859375,90377.359375,0
2026-01-10 23:10:00+00:00,90397.765625,90401.390625,90395.8359375,90395.8359375,0
2026-01-10 23:15:00+00:00,90403.6171875,90410.125,90394.8515625,90394.8515625,0
2026-01-10 23:20:00+00:00,90399.3515625,90403.34375,90392.8828125,90392.8828125,0
2026-01-10 23:25:00+00:00,90425.71875,90425.71875,90398.9453125,90398.9453125,0
2026-01-10 23:30:00+00:00,90432.3828125,90432.3828125,90411.1953125,90414.359375,0
2026-01-10 23:35:00+00:00,90404.71875,90439.6171875,90404.71875,90439.6171875,0
2026-01-10 23:40:00+00:00,90408.390625,90409.53125,90388.078125,90392.8515625,0
2026-01-10 23:45:00+00:00,90422.9453125,90422.9453125,90390.1640625,90400.8671875,56202240
2026-01-10 23:50:00+00:00,90435.71875,90445.953125,90428.2578125,90428.2578125,0
2026-01-10 23:55:00+00:00,90385.9140625,90439.34375,90377.0390625,90439.34375,42880000
2026-01-11 00:00:00+00:00,90378.7734375,90385.625,90376.8671875,90385.625,0
2026-01-11 00:05:00+00:00,90344.4453125,90344.9765625,90340.34375,90344.6171875,0
2026-01-11 00:10:00+00:00,90383.5078125,90383.5078125,90333.6484375,90340.71875,0
2026-01-11 00:15:00+00:00,90454.9375,90454.9375,90379.4140625,90379.4140625,0
2026-01-11 00:20:00+00:00,90455.171875,90464.140625,90455.171875,90459.8125,0
2026-01-11 00:25:00+00:00,90475.4375,90482.84375,90471.5,90477.703125,25391104
2026-01-11 00:30:00+00:00,90459.6171875,90475.4375,90459.6171875,90475.4375,10547200
2026-01-11 00:35:00+00:00,90434.953125,90463.2890625,90434.953125,90463.2890625,0
2026-01-11 00:40:00+00:00,90442.6796875,90456.6328125,90442.6796875,90456.6328125,0
2026-01-11 00:45:00+00:00,90489.6171875,90489.6171875,90439.6171875,90441.3671875,104404992
2026-01-11 00:50:00+00:00,90508.4296875,90508.4296875,90486.828125,90496.21875,0
2026-01-11 00:55:00+00:00,90509.6875,90510.921875,90505.9921875,90505.9921875,86430720
2026-01-11 01:00:00+00:00,90512.5078125,90513.6875,90503.765625,90513.6875,0
2026-01-11 01:05:00+00:00,90535.484375,90535.484375,90523.3046875,90523.3046875,0
2026-01-11 01:10:00+00:00,90506.34375,90539.046875,90506.34375,90539.046875,0
2026-01-11 01:15:00+00:00,90518.8984375,90524.3671875,90509.421875,90509.421875,50343936
2026-01-11 01:20:00+00:00,90482.8671875,90524.015625,90482.8671875,90524.015625,0
2026-01-11 01:25:00+00:00,90464.421875,90473.6328125,90456.53125,90456.53125,54498304
2026-01-11 01:30:00+00:00,90454.703125,90480.5625,90454.703125,90465.40625,0
2026-01-11 01:35:00+00:00,90459.9296875,90460.1328125,90431.78125,90460.1328125,21026816
2026-01-11 01:40:00+00:00,90468.4765625,90468.4765625,90453.828125,90456.6875,0
2026-01-11 01:45:00+00:00,90494.7734375,90494.7734375,90469.71875,90473.2265625,0
2026-01-11 01:50:00+00:00,90497.5078125,90497.5078125,90484.1953125,90484.1953125,24614912
2026-01-11 01:55:00+00:00,90509.9609375,90509.9609375,90490.6953125,90500.5625,0
2026-01-11 02:00:00+00:00,90517.7421875,90517.7421875,90508.796875,90513.203125,0
2026-01-11 02:05:00+00:00,90507.2890625,90526.5625,90505.4609375,90517.0234375,0
2026-01-11 02:10:00+00:00,90569.890625,90569.890625,90522.1015625,90522.1015625,0
2026-01-11 02:15:00+00:00,90574.796875,90582.4375,90572.3515625,90582.4375,42860544
2026-01-11 02:20:00+00:00,90546.3359375,90575.3515625,90531.3671875,90575.3515625,0
2026-01-11 02:25:00+00:00,90555.921875,90557.328125,90547.8515625,90547.8515625,102979584
2026-01-11 02:30:00+00:00,90524.75,90558.390625,90524.75,90554.75,0
2026-01-11 02:35:00+00:00,90531.5625,90535.703125,90528.0234375,90528.0234375,0
2026-01-11 02:40:00+00:00,90557.2421875,90563.421875,90544.0625,90544.0625,0
2026-01-11 02:45:00+00:00,90579.2734375,90583.9921875,90570.0703125,90570.0703125,7231488
2026-01-11 02:50:00+00:00,90585.3515625,90601.640625,90585.3515625,90601.640625,29229056
2026-01-11 02:55:00+00:00,90579.109375,90589.7265625,90579.0625,90589.7265625,58562560
2026-01-11 03:00:00+00:00,90568.53125,90579.2890625,90568.53125,90577.6171875,53294080
2026-01-11 03:05:00+00:00,90543.0078125,90570.421875,90543.0078125,90570.421875,0
2026-01-11 03:10:00+00:00,90532.8046875,90541.8671875,90532.78125,90541.8671875,0
2026-01-11 03:15:00+00:00,90555.0390625,90555.0390625,90523.5625,90535.6640625,0
2026-01-11 03:20:00+00:00,90601.546875,90601.546875,90574.546875,90574.546875,22582272
2026-01-11 03:25:00+00:00,90598.203125,90607.9296875,90597.0,90597.0,0
2026-01-11 03:30:00+00:00,90581.8828125,90594.2890625,90577.03125,90591.0078125,0
2026-01-11 03:35:00+00:00,90589.3828125,90591.578125,90587.328125,90589.15625,41663488
2026-01-11 03:40:00+00:00,90588.171875,90588.5703125,90585.8515625,90585.8515625,0
2026-01-11 03:45:00+00:00,90590.0546875,90590.0546875,90584.8828125,90584.8828125,0
2026-01-11 03:50:00+00:00,90607.1328125,90607.1328125,90592.859375,90593.546875,0
2026-01-11 03:55:00+00:00,90617.046875,90617.046875,90605.515625,90605.515625,57101312
2026-01-11 04:00:00+00:00,90609.6796875,90613.515625,90605.4921875,90613.515625,2883584
2026-01-11 04:05:00+00:00,90611.390625,90611.8828125,90599.4765625,90611.8828125,0
2026-01-11 04:10:00+00:00,90597.28125,90609.625,90580.953125,90609.625,0
2026-01-11 04:15:00+00:00,90613.484375,90627.296875,90600.046875,90600.046875,0
2026-01-11 04:20:00+00:00,90588.484375,90599.8203125,90585.1171875,90599.8203125,54236160
2026-01-11 04:25:00+00:00,90589.453125,90591.3984375,90586.6171875,90589.6171875,0
2026-01-11 04:30:00+00:00,90619.6171875,90619.6171875,90588.6875,90588.6875,16412672
2026-01-11 04:35:00+00:00,90653.875,90656.15625,90631.0078125,90631.0078125,0
2026-01-11 04:40:00+00:00,90646.453125,90649.53125,90642.0390625,90642.0390625,54012928
2026-01-11 04:45:00+00:00,90646.78125,90646.78125,90637.4453125,90637.4453125,0
2026-01-11 04:50:00+00:00,90648.34375,90651.96875,90646.5234375,90648.1484375,25298944
2026-01-11 04:55:00+00:00,90662.78125,90662.78125,90649.65625,90649.65625,0
2026-01-11 05:00:00+00:00,90669.5390625,90674.28125,90668.515625,90674.28125,0
2026-01-11 05:05:00+00:00,90670.7578125,90670.7578125,90664.75,90664.75,0
2026-01-11 05:10:00+00:00,90662.53125,90666.4140625,90662.3046875,90666.4140625,40343552
2026-01-11 05:15:00+00:00,90652.046875,90670.234375,90652.046875,90670.234375,0
2026-01-11 05:20:00+00:00,90626.71875,90652.8515625,90626.71875,90652.8515625,0
2026-01-11 05:25:00+00:00,90641.375,90641.4140625,90630.8125,90630.8125,27938816
2026-01-11 05:30:00+00:00,90661.90625,90661.90625,90641.859375,90641.859375,47500288
2026-01-11 05:35:00+00:00,90657.4296875,90665.3671875,90654.640625,90664.2421875,0
2026-01-11 05:40:00+00:00,90680.9140625,90686.21875,90680.046875,90680.046875,0
2026-01-11 05:45:00+00:00,90709.6484375,90716.96875,90701.8515625,90701.8515625,13833216
2026-01-11 05:50:00+00:00,90652.203125,90699.90625,90652.203125,90699.90625,2192384
2026-01-11 05:55:00+00:00,90644.2890625,90655.9296875,90643.2109375,90655.9296875,18243584
2026-01-11 06:00:00+00:00,90665.0,90665.0,90650.0,90650.0,85666816
2026-01-11 06:05:00+00:00,90669.3828125,90682.7109375,90665.03125,90682.7109375,0
2026-01-11 06:10:00+00:00,90672.0625,90673.5859375,90669.2578125,90672.25,0
2026-01-11 06:15:00+00:00,90663.8359375,90673.25,90663.8359375,90670.3515625,0
2026-01-11 06:20:00+00:00,90506.7265625,90590.21875,90506.7265625,90590.21875,113068032
2026-01-11 06:25:00+00:00,90549.515625,90551.6015625,90529.34375,90530.6640625,85505024
2026-01-11 06:30:00+00:00,90547.828125,90547.828125,90543.2109375,90547.2890625,0
2026-01-11 06:35:00+00:00,90547.7578125,90552.2109375,90545.15625,90549.53125,18307072
2026-01-11 06:40:00+00:00,90552.046875,90552.046875,90545.6953125,90545.6953125,0
2026-01-11 06:45:00+00:00,90568.15625,90573.7578125,90558.484375,90558.484375,16814080
2026-01-11 06:50:00+00:00,90597.6328125,90597.6328125,90556.546875,90563.75,0
2026-01-11 06:55:00+00:00,90632.9921875,90632.9921875,90615.046875,90615.046875,75015168
2026-01-11 07:00:00+00:00,90623.71875,90634.09375,90623.71875,90634.09375,30628864
2026-01-11 07:05:00+00:00,90613.390625,90630.9765625,90608.5859375,90630.9765625,0
2026-01-11 07:10:00+00:00,90576.21875,90601.2109375,90574.4609375,90601.2109375,18072576
2026-01-11 07:15:00+00:00,90564.6796875,90584.1640625,90564.6796875,90574.1015625,0
2026-01-11 07:20:00+00:00,90599.6015625,90599.6015625,90564.0546875,90564.0546875,7958528
2026-01-11 07:25:00+00:00,90614.671875,90630.875,90614.671875,90616.46875,9272320
2026-01-11 07:30:00+00:00,90619.6015625,90619.6015625,90612.4453125,90614.359375,0
2026-01-11 07:35:00+00:00,90589.3359375,90622.421875,90589.3359375,90622.421875,6071296
2026-01-11 07:40:00+00:00,90597.203125,90599.2734375,90589.3984375,90592.890625,0
2026-01-11 07:45:00+00:00,90588.0546875,90589.3828125,90584.1875,90588.6875,18589696
2026-01-11 07:50:00+00:00,90590.6015625,90592.5078125,90583.8671875,90583.8671875,0
2026-01-11 07:55:00+00:00,90589.421875,90591.1484375,90587.9296875,90591.1484375,26979328
2026-01-11 08:00:00+00:00,90607.5703125,90607.5703125,90597.4375,90597.4375,0
2026-01-11 08:05:00+00:00,90546.015625,90585.34375,90526.84375,90585.34375,0
2026-01-11 08:10:00+00:00,90565.1171875,90567.3671875,90544.6484375,90544.6484375,0
2026-01-11 08:15:00+00:00,90579.5625,90579.5625,90550.6171875,90550.6171875,0
2026-01-11 08:20:00+00:00,90600.21875,90600.21875,90577.1328125,90577.1328125,0
2026-01-11 08:25:00+00:00,90595.4453125,90602.1171875,90594.4609375,90602.1171875,23345152
2026-01-11 08:30:00+00:00,90630.15625,90635.3671875,90609.640625,90609.640625,52041728
2026-01-11 08:35:00+00:00,90666.59375,90671.4296875,90633.859375,90633.859375,0
2026-01-11 08:40:00+00:00,90608.0625,90626.015625,90569.484375,90626.015625,109595648
2026-01-11 08:45:00+00:00,90587.828125,90604.3046875,90586.6796875,90604.3046875,47016960
2026-01-11 08:50:00+00:00,90589.4453125,90598.3984375,90586.8828125,90598.3984375,0
2026-01-11 08:55:00+00:00,90668.0546875,90683.984375,90590.046875,90590.046875,3990528
2026-01-11 09:00:00+00:00,90668.3671875,90671.09375,90667.6640625,90667.6640625,105933824
2026-01-11 09:05:00+00:00,90667.34375,90672.8515625,90667.34375,90670.3671875,0
2026-01-11 09:10:00+00:00,90669.421875,90673.9609375,90669.421875,90673.9609375,73458688
2026-01-11 09:15:00+00:00,90669.9375,90669.9375,90649.640625,90649.640625,5163008
2026-01-11 09:20:00+00:00,90672.7578125,90683.7734375,90662.5703125,90662.5703125,119651328
2026-01-11 09:25:00+00:00,90639.5703125,90663.234375,90639.5703125,90663.234375,0
2026-01-11 09:30:00+00:00,90630.515625,90638.78125,90630.5078125,90638.78125,0
2026-01-11 09:35:00+00:00,90586.9296875,90627.6640625,90586.9296875,90627.6640625,114856960
2026-01-11 09:40:00+00:00,90582.4296875,90582.4296875,90568.484375,90576.5,0
2026-01-11 09:45:00+00:00,90652.265625,90652.265625,90609.3671875,90609.3671875,0
2026-01-11 09:50:00+00:00,90627.9453125,90663.25,90621.140625,90663.25,13688832
2026-01-11 09:55:00+00:00,90623.921875,90631.7890625,90623.921875,90631.7890625,0
2026-01-11 10:00:00+00:00,90623.7734375,90630.6328125,90615.0234375,90624.6015625,0
2026-01-11 10:05:00+00:00,90573.7578125,90602.59375,90573.7578125,90600.703125,0
2026-01-11 10:10:00+00:00,90599.734375,90599.734375,90587.6640625,90587.6640625,8114176
2026-01-11 10:15:00+00:00,90593.75,90620.7421875,90593.75,90620.7421875,11669504
2026-01-11 10:20:00+00:00,90595.765625,90595.765625,90590.5625,90594.8828125,0
2026-01-11 10:25:00+00:00,90591.3828125,90591.3828125,90587.8984375,90588.3828125,21984256
2026-01-11 10:30:00+00:00,90593.265625,90598.3125,90591.953125,90591.953125,36996096
2026-01-11 10:35:00+00:00,90602.90625,90602.90625,90591.6640625,90591.6640625,73998336
2026-01-11 10:40:00+00:00,90603.3125,90614.09375,90594.5234375,90594.5234375,0
2026-01-11 10:45:00+00:00,90578.609375,90581.8359375,90577.84375,90577.84375,24255488
2026-01-11 10:50:00+00:00,90611.546875,90615.9765625,90581.421875,90581.421875,0
2026-01-11 10:55:00+00:00,90614.265625,90614.265625,90608.8359375,90608.8359375,0
2026-01-11 11:00:00+00:00,90604.234375,90610.6328125,90604.234375,90610.6328125,0
2026-01-11 11:05:00+00:00,90590.3515625,90598.1953125,90589.6328125,90598.1953125,71034880
2026-01-11 11:10:00+00:00,90582.09375,90591.921875,90576.5625,90576.5625,0
2026-01-11 11:15:00+00:00,90579.1796875,90586.234375,90574.984375,90574.984375,0
2026-01-11 11:20:00+00:00,90581.484375,90581.484375,90576.046875,90576.046875,8801280
2026-01-11 11:25:00+00:00,90593.8671875,90599.9296875,90581.6015625,90581.6015625,18073600
2026-01-11 11:30:00+00:00,90625.2109375,90625.2109375,90593.125,90593.125,41074688
2026-01-11 11:35:00+00:00,90613.0078125,90626.09375,90613.0078125,90626.09375,17643520
2026-01-11 11:40:00+00:00,90626.9609375,90626.9609375,90617.484375,90625.6171875,2539520
2026-01-11 11:45:00+00:00,90600.4453125,90605.8125,90598.7265625,90602.8828125,1090560
2026-01-11 11:50:00+00:00,90599.5390625,90599.8984375,90597.109375,90599.8984375,14186496
2026-01-11 11:55:00+00:00,90593.4609375,90604.5390625,90593.4609375,90604.5390625,16891904
2026-01-11 12:00:00+00:00,90613.03125,90626.2890625,90609.609375,90610.3203125,4532224
2026-01-11 12:05:00+00:00,90645.9765625,90645.9765625,90616.65625,90616.65625,0
2026-01-11 12:10:00+00:00,90661.03125,90661.8359375,90653.2421875,90661.8359375,59424768
2026-01-11 12:15:00+00:00,90710.1640625,90710.1640625,90655.625,90667.3359375,0
2026-01-11 12:20:00+00:00,90705.3984375,90727.0859375,90700.265625,90727.0859375,40608768
2026-01-11 12:25:00+00:00,90729.78125,90729.78125,90701.203125,90711.3671875,878592
2026-01-11 12:30:00+00:00,90723.4296875,90741.953125,90723.4296875,90738.578125,97605632
2026-01-11 12:35:00+00:00,90718.6875,90718.6875,90704.8125,90704.8125,23355392
2026-01-11 12:40:00+00:00,90736.75,90740.828125,90724.859375,90724.859375,0
2026-01-11 12:45:00+00:00,90851.1484375,90854.90625,90772.2265625,90772.2265625,79165440
2026-01-11 12:50:00+00:00,90851.0546875,90871.7109375,90824.7734375,90871.7109375,35783680
2026-01-11 12:55:00+00:00,90825.1875,90849.40625,90825.1875,90849.40625,98793472
2026-01-11 13:00:00+00:00,90822.5390625,90832.28125,90822.5390625,90826.3125,30492672
2026-01-11 13:05:00+00:00,90803.0,90825.5859375,90803.0,90815.0078125,32562176
2026-01-11 13:10:00+00:00,90818.8828125,90818.8828125,90804.0859375,90806.3828125,4642816
2026-01-11 13:15:00+00:00,90820.8984375,90846.1484375,90820.8984375,90822.6796875,0
2026-01-11 13:20:00+00:00,90802.34375,90824.359375,90796.3046875,90824.359375,0
2026-01-11 13:25:00+00:00,90780.453125,90800.5859375,90758.2578125,90800.4453125,48665600
2026-01-11 13:30:00+00:00,90728.9453125,90776.7265625,90718.421875,90776.7265625,63222784
2026-01-11 13:35:00+00:00,90721.1171875,90725.640625,90721.1171875,90725.640625,109751296
2026-01-11 13:40:00+00:00,90723.1328125,90739.3046875,90723.1328125,90735.25,0
2026-01-11 13:45:00+00:00,90713.5078125,90729.765625,90713.5078125,90718.359375,12985344
2026-01-11 13:50:00+00:00,90765.796875,90765.796875,90731.359375,90731.359375,2790400
2026-01-11 13:55:00+00:00,90736.9296875,90761.9921875,90728.734375,90761.9921875,0
2026-01-11 14:00:00+00:00,90751.6953125,90753.7734375,90740.7421875,90740.7421875,0
2026-01-11 14:05:00+00:00,90812.78125,90819.546875,90776.2578125,90776.2578125,33070080
2026-01-11 14:10:00+00:00,90823.5703125,90823.5703125,90817.15625,90819.5859375,0
2026-01-11 14:15:00+00:00,90822.4921875,90823.34375,90807.5546875,90823.34375,138473472
2026-01-11 14:20:00+00:00,90845.3671875,90845.3671875,90826.3125,90826.3125,0
2026-01-11 14:25:00+00:00,90857.578125,90858.5703125,90847.4609375,90847.4609375,0
2026-01-11 14:30:00+00:00,90858.03125,90902.453125,90858.03125,90859.71875,25365504
2026-01-11 14:35:00+00:00,90919.515625,90919.515625,90893.3515625,90893.3515625,0
2026-01-11 14:40:00+00:00,90924.7421875,90924.7421875,90923.25,90923.25,0
2026-01-11 14:45:00+00:00,90927.8984375,90930.2578125,90906.5546875,90906.5546875,104298496
2026-01-11 14:50:00+00:00,90903.2421875,90926.3515625,90881.453125,90926.3515625,0
2026-01-11 14:55:00+00:00,91043.9453125,91043.9453125,90985.2578125,91000.3671875,143183872
2026-01-11 15:00:00+00:00,90934.8125,91022.921875,90934.8125,91022.921875,0
2026-01-11 15:05:00+00:00,90942.5546875,90942.5546875,90925.78125,90927.1328125,0
2026-01-11 15:10:00+00:00,90800.984375,90945.6796875,90800.984375,90945.6796875,318003200
2026-01-11 15:15:00+00:00,90834.359375,90834.359375,90766.9375,90784.6328125,62016512
2026-01-11 15:20:00+00:00,90849.546875,90849.546875,90804.2265625,90814.46875,136496128
2026-01-11 15:25:00+00:00,90848.7109375,90863.625,90848.7109375,90855.359375,0
2026-01-11 15:30:00+00:00,90846.015625,90857.7421875,90831.7109375,90838.25,104465408
2026-01-11 15:35:00+00:00,90882.9765625,90882.9765625,90835.734375,90835.734375,0
2026-01-11 15:40:00+00:00,90725.7890625,90883.0625,90725.7890625,90867.3984375,153641984
2026-01-11 15:45:00+00:00,90615.4609375,90754.1484375,90615.4609375,90716.75,0
2026-01-11 15:50:00+00:00,90700.046875,90700.046875,90637.0546875,90637.0546875,129504256
2026-01-11 15:55:00+00:00,90747.7578125,90747.7578125,90686.921875,90686.921875,146385920
2026-01-11 16:00:00+00:00,90798.734375,90819.7109375,90751.171875,90751.171875,4562944
2026-01-11 16:05:00+00:00,90858.3828125,90858.3828125,90804.5234375,90804.5234375,38787072
2026-01-11 16:10:00+00:00,90789.3359375,90843.0625,90789.3359375,90843.0625,21934080
2026-01-11 16:15:00+00:00,90801.203125,90815.2109375,90767.9140625,90771.15625,33121280
2026-01-11 16:20:00+00:00,90857.375,90857.375,90828.390625,90828.390625,0
2026-01-11 16:25:00+00:00,90880.3515625,90880.3515625,90868.1015625,90868.1015625,74293248
2026-01-11 16:30:00+00:00,91147.3671875,91147.3671875,90908.9453125,90908.9453125,150217728
2026-01-11 16:35:00+00:00,91025.28125,91085.109375,91025.28125,91058.171875,0
2026-01-11 16:40:00+00:00,90985.078125,91032.1875,90985.078125,91014.8671875,293090304
2026-01-11 16:45:00+00:00,90974.4765625,90992.21875,90974.4765625,90992.21875,0
2026-01-11 16:50:00+00:00,90905.1796875,90913.3125,90847.8359375,90913.3125,145551360
2026-01-11 16:55:00+00:00,90905.046875,90935.875,90905.046875,90935.875,24702976
2026-01-11 17:00:00+00:00,90912.3125,90916.8203125,90912.3125,90912.34375,28613632
2026-01-11 17:05:00+00:00,90990.6953125,90992.71875,90926.4296875,90926.6171875,56715264
2026-01-11 17:10:00+00:00,90954.1015625,91014.5078125,90954.1015625,90991.109375,0
2026-01-11 17:15:00+00:00,90853.0078125,90949.25,90853.0078125,90949.25,168145920
2026-01-11 17:20:00+00:00,90897.1640625,90897.1640625,90810.578125,90858.1171875,30460928
2026-01-11 17:25:00+00:00,90920.8359375,90920.8359375,90887.375,90888.1953125,38630400
2026-01-11 17:30:00+00:00,90918.4609375,90920.546875,90912.078125,90920.546875,0
2026-01-11 17:35:00+00:00,90823.0859375,90925.3671875,90812.96875,90925.3671875,99338240
2026-01-11 17:40:00+00:00,90846.3828125,90856.546875,90834.4453125,90856.546875,0
2026-01-11 17:45:00+00:00,90836.84375,90857.1796875,90828.8125,90857.1796875,155797504
2026-01-11 17:50:00+00:00,90877.84375,90877.84375,90840.5625,90840.5625,0
2026-01-11 17:55:00+00:00,90869.96875,90885.9375,90869.96875,90878.65625,0
2026-01-11 18:00:00+00:00,90803.890625,90866.5625,90803.890625,90866.5625,0
2026-01-11 18:05:00+00:00,90769.296875,90794.921875,90759.203125,90794.921875,0
2026-01-11 18:10:00+00:00,90773.5625,90780.0234375,90766.7109375,90766.7109375,0
2026-01-11 18:15:00+00:00,90775.8984375,90776.5078125,90768.4453125,90768.84375,15243264
2026-01-11 18:20:00+00:00,90793.1328125,90796.40625,90778.1171875,90778.1171875,27828224
2026-01-11 18:25:00+00:00,90776.203125,90784.4765625,90766.34375,90784.4765625,0
2026-01-11 18:30:00+00:00,90795.1796875,90795.1796875,90784.8125,90792.9609375,0
2026-01-11 18:35:00+00:00,90672.453125,90794.984375,90667.1953125,90794.984375,28219392
2026-01-11 18:40:00+00:00,90719.0078125,90719.0078125,90681.703125,90690.65625,39144448
2026-01-11 18:45:00+00:00,90730.625,90737.3203125,90721.3984375,90721.3984375,0
2026-01-11 18:50:00+00:00,90719.046875,90726.1953125,90719.046875,90726.1953125,30172160
2026-01-11 18:55:00+00:00,90745.3515625,90761.6953125,90745.3515625,90755.984375,129903616
2026-01-11 19:00:00+00:00,90757.359375,90767.1328125,90751.390625,90757.1640625,34751488
2026-01-11 19:05:00+00:00,90741.609375,90760.6953125,90728.0234375,90760.6953125,0
2026-01-11 19:10:00+00:00,90787.171875,90791.015625,90720.0546875,90735.8125,34022400
2026-01-11 19:15:00+00:00,90757.0625,90786.265625,90757.0625,90786.265625,63894528
2026-01-11 19:20:00+00:00,90765.703125,90780.90625,90765.703125,90769.953125,0
2026-01-11 19:25:00+00:00,90747.3046875,90776.3125,90747.3046875,90776.3125,22774784
2026-01-11 19:30:00+00:00,90755.765625,90765.4375,90755.765625,90763.0625,87193600
2026-01-11 19:35:00+00:00,90708.4609375,90755.1953125,90708.4609375,90755.1953125,23539712
2026-01-11 19:40:00+00:00,90677.2421875,90705.6875,90672.53125,90705.6875,0
2026-01-11 19:45:00+00:00,90555.03125,90660.4296875,90555.03125,90658.828125,124973056
2026-01-11 19:50:00+00:00,90608.625,90618.34375,90591.2421875,90605.28125,0
2026-01-11 19:55:00+00:00,90593.4765625,90613.0078125,90593.4765625,90611.359375,16665600
2026-01-11 20:00:00+00:00,90508.6328125,90596.71875,90502.1015625,90596.71875,154334208
2026-01-11 20:05:00+00:00,90415.7421875,90506.28125,90415.7421875,90506.28125,91242496
2026-01-11 20:10:00+00:00,90432.1328125,90432.1328125,90380.734375,90416.328125,107197440
2026-01-11 20:15:00+00:00,90309.0390625,90437.234375,90309.0390625,90437.234375,111188992
2026-01-11 20:20:00+00:00,90450.3828125,90450.3828125,90334.4375,90334.4375,61240320
2026-01-11 20:25:00+00:00,90417.7890625,90417.7890625,90378.1953125,90379.5234375,32054272
2026-01-11 20:30:00+00:00,90479.4453125,90479.4453125,90389.578125,90399.015625,175674368
2026-01-11 20:35:00+00:00,90497.4140625,90497.9375,90477.9453125,90477.9453125,20133888
2026-01-11 20:40:00+00:00,90462.1640625,90509.2734375,90462.1640625,90509.2734375,89961472
2026-01-11 20:45:00+00:00,90506.6484375,90514.9296875,90478.1171875,90478.1171875,30281728
2026-01-11 20:50:00+00:00,90532.1328125,90546.109375,90527.40625,90535.140625,0
2026-01-11 20:55:00+00:00,90538.40625,90541.546875,90529.0625,90529.0625,0
2026-01-11 21:00:00+00:00,90534.59375,90573.2734375,90511.8671875,90573.2734375,142956544
2026-01-11 21:05:00+00:00,90503.7890625,90503.7890625,90474.1640625,90488.3984375,0
2026-01-11 21:10:00+00:00,90525.4296875,90525.4296875,90507.5,90509.6640625,10133504
2026-01-11 21:15:00+00:00,90601.09375,90601.09375,90536.296875,90536.296875,53245952
2026-01-11 21:20:00+00:00,90545.4140625,90600.359375,90545.4140625,90600.359375,0
2026-01-11 21:25:00+00:00,90513.5546875,90551.109375,90513.5546875,90546.53125,26018816
2026-01-11 21:30:00+00:00,90566.0078125,90587.734375,90528.8359375,90528.8359375,67959808
2026-01-11 21:35:00+00:00,90560.546875,90569.71875,90560.546875,90569.71875,0
2026-01-11 21:40:00+00:00,90561.609375,90561.609375,90533.3046875,90533.3046875,61607936
2026-01-11 21:45:00+00:00,90635.6875,90635.6875,90558.578125,90558.578125,0
2026-01-11 21:50:00+00:00,90677.828125,90677.828125,90599.375,90645.625,101900288
2026-01-11 21:55:00+00:00,90646.3125,90665.3203125,90645.859375,90665.3203125,99297280
2026-01-11 22:00:00+00:00,90518.4296875,90623.984375,90518.4296875,90623.984375,31642624
2026-01-11 22:05:00+00:00,90335.2421875,90495.4609375,90335.2421875,90495.4609375,0
2026-01-11 22:10:00+00:00,90448.8203125,90448.8203125,90381.03125,90381.28125,93999104
2026-01-11 22:15:00+00:00,90427.828125,90485.2890625,90427.828125,90428.2578125,0
2026-01-11 22:20:00+00:00,90525.8046875,90537.140625,90447.3125,90447.3125,1230848
2026-01-11 22:25:00+00:00,90574.28125,90579.8046875,90558.0703125,90558.0703125,0
2026-01-11 22:30:00+00:00,90597.9609375,90597.9609375,90560.390625,90562.5078125,46455808
2026-01-11 22:35:00+00:00,90538.875,90588.9375,90501.5703125,90588.9375,0
2026-01-11 22:40:00+00:00,90587.0625,90587.0625,90523.1171875,90535.6640625,151173120
2026-01-11 22:45:00+00:00,90584.625,90584.625,90571.546875,90580.203125,0
2026-01-11 22:50:00+00:00,90485.3984375,90505.78125,90485.3984375,90499.0234375,38039552
2026-01-11 22:55:00+00:00,90430.3515625,90455.953125,90410.15625,90410.15625,24660992
2026-01-11 23:00:00+00:00,90340.296875,90409.9453125,90340.296875,90400.2109375,0
2026-01-11 23:05:00+00:00,90259.03125,90259.03125,90226.9609375,90239.1640625,0
2026-01-11 23:10:00+00:00,90422.5,90451.6328125,90304.421875,90304.421875,615207936
2026-01-11 23:15:00+00:00,90846.3125,90846.3125,90568.3125,90568.3125,269625344
2026-01-11 23:20:00+00:00,90709.1640625,90888.4453125,90673.2421875,90888.4453125,170967040
2026-01-11 23:25:00+00:00,90673.4921875,90698.5625,90627.1640625,90678.078125,155085824
2026-01-11 23:30:00+00:00,90688.0625,90688.0625,90585.3203125,90616.5234375,17665024
2026-01-11 23:35:00+00:00,90630.6953125,90651.5234375,90621.015625,90651.5234375,36577280
2026-01-11 23:40:00+00:00,90791.0390625,90791.0390625,90620.328125,90620.328125,58121216
2026-01-11 23:45:00+00:00,90767.1875,90793.9453125,90764.9296875,90788.3203125,0
2026-01-11 23:50:00+00:00,90794.03125,90805.125,90750.234375,90750.234375,123400192
2026-01-11 23:55:00+00:00,90810.1484375,90828.5703125,90810.1484375,90819.796875,0
2026-01-12 00:00:00+00:00,90906.2109375,90906.2109375,90812.0,90851.8984375,63732736
2026-01-12 00:05:00+00:00,90720.359375,90834.109375,90708.0703125,90834.109375,6406144
2026-01-12 00:10:00+00:00,90792.578125,90792.578125,90721.6015625,90721.6015625,64505856
2026-01-12 00:15:00+00:00,90993.75,90993.75,90786.421875,90797.65625,153376768
2026-01-12 00:20:00+00:00,90999.4140625,91082.1171875,90964.375,91019.046875,191924224
2026-01-12 00:25:00+00:00,91031.953125,91038.140625,90995.21875,90999.0390625,63107072
2026-01-12 00:30:00+00:00,90916.1328125,91046.09375,90903.7734375,91046.09375,286748672
2026-01-12 00:35:00+00:00,90764.3125,90940.234375,90764.3125,90892.84375,96452608
2026-01-12 00:40:00+00:00,90688.7421875,90787.4453125,90688.7421875,90787.4453125,0
2026-01-12 00:45:00+00:00,90786.4296875,90786.4296875,90706.4921875,90706.4921875,136568832
2026-01-12 00:50:00+00:00,90623.4609375,90701.515625,90617.9765625,90701.515625,87721984
2026-01-12 00:55:00+00:00,91032.3671875,91032.3671875,90773.0078125,90773.0078125,0
2026-01-12 01:00:00+00:00,91484.9453125,91484.9453125,91076.9609375,91076.9609375,740734976
2026-01-12 01:05:00+00:00,91430.6015625,91555.0546875,91430.6015625,91512.296875,166303744
2026-01-12 01:10:00+00:00,91369.8515625,91429.3046875,91369.8515625,91398.4296875,235091968
2026-01-12 01:15:00+00:00,91331.65625,91405.2265625,91282.109375,91405.2265625,0
2026-01-12 01:20:00+00:00,91424.7734375,91424.7734375,91334.375,91334.375,572655616
2026-01-12 01:25:00+00:00,91337.375,91403.3046875,91284.546875,91403.3046875,0
2026-01-12 01:30:00+00:00,91223.546875,91373.7265625,91223.546875,91373.7265625,223993856
2026-01-12 01:35:00+00:00,91151.3359375,91151.3359375,91035.484375,91035.484375,138921984
2026-01-12 01:40:00+00:00,91161.6953125,91161.6953125,91099.0234375,91131.6328125,40572928
2026-01-12 01:45:00+00:00,91302.40625,91302.40625,91254.046875,91254.046875,25767936
2026-01-12 01:50:00+00:00,91316.578125,91360.5078125,91316.578125,91360.5078125,65576960
2026-01-12 01:55:00+00:00,91262.015625,91313.6875,91262.015625,91303.875,34684928
2026-01-12 02:00:00+00:00,91364.0546875,91364.0546875,91274.8984375,91274.8984375,170565632
2026-01-12 02:05:00+00:00,91447.7109375,91447.7109375,91387.8125,91387.8125,0
2026-01-12 02:10:00+00:00,91498.875,91498.875,91395.875,91423.375,198625280
2026-01-12 02:15:00+00:00,91661.703125,91781.8359375,91573.7265625,91573.7265625,201979904
2026-01-12 02:20:00+00:00,91536.71875,91638.125,91509.4140625,91638.125,207808512
2026-01-12 02:25:00+00:00,91588.390625,91599.796875,91566.703125,91566.703125,182732800
2026-01-12 02:30:00+00:00,91622.3046875,91668.71875,91622.3046875,91668.71875,118360064
2026-01-12 02:35:00+00:00,91809.9765625,91809.9765625,91605.828125,91605.828125,239210496
2026-01-12 02:40:00+00:00,91855.1640625,91855.1640625,91748.6796875,91764.46875,0
2026-01-12 02:45:00+00:00,91973.546875,91981.5625,91827.9375,91827.9375,229826560
2026-01-12 02:50:00+00:00,92132.5859375,92220.484375,92042.2578125,92042.2578125,0
2026-01-12 02:55:00+00:00,92115.5234375,92205.5546875,92095.9609375,92095.9609375,840294400
2026-01-12 03:00:00+00:00,92025.4765625,92122.5625,92025.4765625,92098.6015625,115281920
2026-01-12 03:05:00+00:00,92149.15625,92149.15625,92041.0546875,92041.0546875,336152576
2026-01-12 03:10:00+00:00,92281.90625,92281.90625,92203.4609375,92203.4609375,0
2026-01-12 03:15:00+00:00,92346.2890625,92349.640625,92281.90625,92281.90625,182892544
2026-01-12 03:20:00+00:00,92313.90625,92384.8515625,92313.90625,92337.4140625,66080768
2026-01-12 03:25:00+00:00,92276.75,92340.8671875,92276.75,92340.8671875,499353600
2026-01-12 03:30:00+00:00,92064.9296875,92301.7421875,92064.9296875,92253.8203125,192417792
2026-01-12 03:35:00+00:00,92025.765625,92085.3671875,92008.6640625,92085.3671875,0
2026-01-12 03:40:00+00:00,91891.703125,92006.0390625,91854.0390625,92006.0390625,146968576
2026-01-12 03:45:00+00:00,91809.578125,91880.015625,91809.578125,91872.4609375,276752384
2026-01-12 03:50:00+00:00,91798.578125,91838.7421875,91798.578125,91810.6640625,63197184
2026-01-12 03:55:00+00:00,91719.34375,91850.75,91719.34375,91808.3828125,46460928
2026-01-12 04:00:00+00:00,91651.09375,91731.7265625,91651.09375,91694.4140625,179628032
2026-01-12 04:05:00+00:00,91777.1796875,91777.1796875,91647.984375,91647.984375,201832448
2026-01-12 04:10:00+00:00,91918.125,91918.125,91751.90625,91751.90625,0
2026-01-12 04:15:00+00:00,91963.5234375,91969.578125,91947.953125,91947.953125,380184576
2026-01-12 04:20:00+00:00,91920.9765625,91965.140625,91906.9765625,91965.140625,0
2026-01-12 04:25:00+00:00,91901.9375,91931.1015625,91901.3125,91931.1015625,196837376
2026-01-12 04:30:00+00:00,91959.96875,91959.96875,91898.8515625,91910.21875,83443712
2026-01-12 04:35:00+00:00,92058.2890625,92058.2890625,92010.4375,92010.4375,32921600
2026-01-12 04:40:00+00:00,92056.078125,92092.0703125,92056.078125,92059.4375,0
2026-01-12 04:45:00+00:00,92151.6484375,92151.6484375,92058.6875,92058.6875,345032704
2026-01-12 04:50:00+00:00,92061.0625,92138.6484375,92061.0625,92138.6484375,7448576
2026-01-12 04:55:00+00:00,92036.109375,92053.8671875,92031.265625,92053.8671875,0
2026-01-12 05:00:00+00:00,91991.5390625,92035.6484375,91955.953125,92035.6484375,65439744
2026-01-12 05:05:00+00:00,92036.21875,92036.21875,92009.3046875,92011.4921875,149231616
2026-01-12 05:10:00+00:00,92063.2890625,92089.203125,92040.234375,92040.234375,102109184
2026-01-12 05:15:00+00:00,92072.6953125,92072.6953125,91985.5,92020.125,117796864
2026-01-12 05:20:00+00:00,92077.6171875,92121.6640625,92077.6171875,92095.546875,0
2026-01-12 05:25:00+00:00,92121.359375,92121.359375,92081.5546875,92081.5546875,334448640
2026-01-12 05:30:00+00:00,92033.5546875,92127.9765625,92033.5546875,92113.4609375,35178496
2026-01-12 05:35:00+00:00,92007.8203125,92033.65625,92007.8203125,92033.1015625,0
2026-01-12 05:40:00+00:00,91981.4453125,92039.21875,91981.4453125,92029.3671875,257067008
2026-01-12 05:45:00+00:00,91980.6796875,91992.7578125,91980.296875,91989.703125,53852160
2026-01-12 05:50:00+00:00,91987.4140625,91988.171875,91971.515625,91971.515625,0
2026-01-12 05:55:00+00:00,91991.640625,92000.8828125,91970.65625,92000.8828125,7434240
2026-01-12 06:00:00+00:00,91927.9609375,91988.2890625,91927.9609375,91984.6796875,84482048
2026-01-12 06:05:00+00:00,92047.7421875,92047.7421875,91951.7578125,91955.875,3997696
2026-01-12 06:10:00+00:00,92043.265625,92065.4296875,92009.3125,92009.3125,0
2026-01-12 06:15:00+00:00,91964.796875,92056.6328125,91964.796875,92043.453125,145762304
2026-01-12 06:20:00+00:00,91917.59375,91967.21875,91917.59375,91967.21875,0
2026-01-12 06:25:00+00:00,91865.375,91918.1015625,91861.0234375,91918.1015625,0
2026-01-12 06:30:00+00:00,91825.875,91865.375,91808.4140625,91865.375,99229696
2026-01-12 06:35:00+00:00,91697.6171875,91801.125,91697.6171875,91801.125,0
2026-01-12 06:40:00+00:00,91800.6015625,91800.6015625,91717.7890625,91717.7890625,37656576
2026-01-12 06:45:00+00:00,91760.1171875,91820.625,91760.1171875,91820.625,253442048
2026-01-12 06:50:00+00:00,91691.34375,91748.8671875,91691.34375,91748.8671875,0
2026-01-12 06:55:00+00:00,91732.0625,91732.0625,91698.5703125,91698.5703125,871112704
2026-01-12 07:00:00+00:00,91703.5078125,91721.546875,91662.640625,91721.546875,40437760
2026-01-12 07:05:00+00:00,91798.890625,91816.296875,91710.5625,91734.4453125,41635840
2026-01-12 07:10:00+00:00,91752.640625,91806.2578125,91743.1640625,91806.2578125,74199040
2026-01-12 07:15:00+00:00,91711.5859375,91768.875,91710.3046875,91710.3046875,60307456
2026-01-12 07:20:00+00:00,91651.015625,91661.4609375,91632.0390625,91661.4609375,0
2026-01-12 07:25:00+00:00,91736.3203125,91736.3203125,91647.6953125,91651.265625,0
2026-01-12 07:30:00+00:00,91699.9765625,91760.234375,91696.8203125,91760.234375,292165632
2026-01-12 07:35:00+00:00,91532.2421875,91648.7109375,91500.2734375,91648.7109375,20148224
2026-01-12 07:40:00+00:00,91459.3515625,91544.390625,91459.3515625,91544.390625,0
2026-01-12 07:45:00+00:00,91384.5546875,91448.203125,91314.5078125,91448.203125,416440320
2026-01-12 07:50:00+00:00,91278.328125,91402.9609375,91278.328125,91385.984375,100300800
2026-01-12 07:55:00+00:00,91301.734375,91339.890625,91301.6875,91301.6875,313491456
2026-01-12 08:00:00+00:00,91329.96875,91331.1328125,91283.40625,91290.7890625,100157440
2026-01-12 08:05:00+00:00,91415.4765625,91415.4765625,91314.1015625,91316.71875,57706496
2026-01-12 08:10:00+00:00,91499.1796875,91499.1796875,91418.9140625,91426.0390625,16318464
2026-01-12 08:15:00+00:00,91425.8046875,91443.4609375,91346.5078125,91443.4609375,165179392
2026-01-12 08:20:00+00:00,91464.703125,91464.703125,91408.8515625,91435.4140625,47443968
2026-01-12 08:25:00+00:00,91366.7421875,91413.0703125,91361.5625,91413.0703125,160722944
2026-01-12 08:30:00+00:00,91085.5703125,91351.5234375,91064.625,91351.5234375,128819200
2026-01-12 08:35:00+00:00,90653.4921875,91033.90625,90602.890625,91033.90625,190289920
2026-01-12 08:40:00+00:00,90480.328125,90542.9375,90437.8125,90542.9375,0
2026-01-12 08:45:00+00:00,90315.640625,90442.796875,90315.640625,90442.796875,890953728
2026-01-12 08:50:00+00:00,90550.6875,90550.6875,90365.359375,90517.5625,181647360
2026-01-12 08:55:00+00:00,90669.2109375,90681.078125,90618.4296875,90631.9453125,191395840
2026-01-12 09:00:00+00:00,90572.8984375,90647.296875,90552.2109375,90643.09375,109889536
2026-01-12 09:05:00+00:00,90698.953125,90709.140625,90681.7890625,90693.984375,191981568
2026-01-12 09:10:00+00:00,90697.8671875,90697.8671875,90641.8359375,90675.0078125,89405440
2026-01-12 09:15:00+00:00,90758.8515625,90758.8515625,90689.1484375,90695.1796875,14049280
2026-01-12 09:20:00+00:00,90764.625,90773.609375,90758.46875,90763.828125,0
2026-01-12 09:25:00+00:00,90681.34375,90773.53125,90681.34375,90763.9140625,0
2026-01-12 09:30:00+00:00,90790.9765625,90790.9765625,90685.71875,90685.71875,100048896
2026-01-12 09:35:00+00:00,90709.453125,90790.2265625,90704.1640625,90788.5390625,35872768
2026-01-12 09:40:00+00:00,90732.0,90743.0390625,90669.3515625,90669.3515625,443482112
2026-01-12 09:45:00+00:00,90722.6171875,90734.1015625,90720.5,90720.5,0
2026-01-12 09:50:00+00:00,90640.609375,90731.1484375,90640.609375,90724.53125,77705216
2026-01-12 09:55:00+00:00,90591.09375,90656.6875,90591.09375,90656.6875,155244544
2026-01-12 10:00:00+00:00,90533.5859375,90555.515625,90471.734375,90555.515625,0
2026-01-12 10:05:00+00:00,90628.96875,90661.75,90628.625,90629.8515625,314650624
2026-01-12 10:10:00+00:00,90556.5234375,90609.8203125,90556.5234375,90609.8203125,0
2026-01-12 10:15:00+00:00,90585.34375,90585.34375,90526.625,90571.125,75302912
2026-01-12 10:20:00+00:00,90441.3828125,90582.2890625,90441.3828125,90582.2890625,0
2026-01-12 10:25:00+00:00,90449.1484375,90472.953125,90425.28125,90472.953125,239853568
2026-01-12 10:30:00+00:00,90441.375,90441.6015625,90425.75,90438.2109375,217053184
2026-01-12 10:35:00+00:00,90485.171875,90487.5625,90453.1484375,90476.421875,0
2026-01-12 10:40:00+00:00,90424.796875,90476.3671875,90424.796875,90476.3671875,377329664
2026-01-12 10:45:00+00:00,90394.453125,90411.140625,90368.28125,90411.140625,0
2026-01-12 10:50:00+00:00,90294.53125,90366.1875,90294.53125,90366.1875,130443264
2026-01-12 10:55:00+00:00,90278.859375,90311.3125,90261.9609375,90311.3125,0
2026-01-12 11:00:00+00:00,90351.515625,90352.765625,90313.0390625,90313.0390625,413995008
2026-01-12 11:05:00+00:00,90371.15625,90418.6328125,90366.6796875,90366.6796875,0
2026-01-12 11:10:00+00:00,90467.8671875,90467.8671875,90397.4453125,90397.4453125,0
2026-01-12 11:15:00+00:00,90466.6796875,90488.4921875,90443.25,90488.4921875,682973184
2026-01-12 11:20:00+00:00,90506.3984375,90506.3984375,90461.7890625,90461.7890625,113063936
2026-01-12 11:25:00+00:00,90598.28125,90659.265625,90598.28125,90604.8984375,0
2026-01-12 11:30:00+00:00,90574.25,90602.1015625,90574.203125,90577.65625,693475328
2026-01-12 11:35:00+00:00,90561.40625,90613.859375,90561.40625,90613.859375,215773184
2026-01-12 11:40:00+00:00,90462.984375,90518.453125,90450.84375,90518.453125,22018048
2026-01-12 11:45:00+00:00,90497.25,90500.2421875,90472.1015625,90472.1015625,0
2026-01-12 11:50:00+00:00,90538.4609375,90538.4609375,90503.9609375,90510.125,0
2026-01-12 11:55:00+00:00,90566.390625,90566.453125,90545.2265625,90566.453125,211222528
2026-01-12 12:00:00+00:00,90528.6953125,90543.625,90520.546875,90536.359375,0
2026-01-12 12:05:00+00:00,90592.0078125,90631.5546875,90574.90625,90574.90625,6848512
2026-01-12 12:10:00+00:00,90640.390625,90650.1015625,90595.7890625,90595.7890625,122845184
2026-01-12 12:15:00+00:00,90699.546875,90699.546875,90636.6015625,90636.6015625,298840064
2026-01-12 12:20:00+00:00,90725.921875,90725.921875,90689.0625,90689.0625,0
2026-01-12 12:25:00+00:00,90676.4765625,90733.6484375,90676.4765625,90733.6484375,171323392
2026-01-12 12:30:00+00:00,90640.859375,90669.6171875,90640.859375,90669.6171875,0
2026-01-12 12:35:00+00:00,90586.3671875,90683.140625,90586.3671875,90683.140625,19644416
2026-01-12 12:40:00+00:00,90611.03125,90611.03125,90569.421875,90590.0859375,282867712
2026-01-12 12:45:00+00:00,90605.234375,90615.2109375,90598.90625,90613.0546875,0
2026-01-12 12:50:00+00:00,90668.1640625,90677.375,90628.6640625,90628.6640625,0
2026-01-12 12:55:00+00:00,90672.5078125,90695.171875,90665.1484375,90694.515625,0
2026-01-12 13:00:00+00:00,90682.8828125,90682.8828125,90616.3359375,90662.8515625,252155904
2026-01-12 13:05:00+00:00,90496.796875,90691.46875,90487.8203125,90691.46875,0
2026-01-12 13:10:00+00:00,90472.3515625,90508.1015625,90447.9609375,90447.9609375,191967232
2026-01-12 13:15:00+00:00,90555.1953125,90558.765625,90426.8203125,90426.8203125,241702912
2026-01-12 13:20:00+00:00,90600.9765625,90622.484375,90577.265625,90578.171875,38694912
2026-01-12 13:25:00+00:00,90577.546875,90577.546875,90532.796875,90538.1015625,0
2026-01-12 13:30:00+00:00,90631.3359375,90631.3359375,90559.4296875,90576.3828125,220346368
2026-01-12 13:35:00+00:00,90635.9375,90659.8828125,90634.203125,90634.203125,27152384
2026-01-12 13:40:00+00:00,90509.9375,90634.3984375,90509.9375,90634.3984375,0
2026-01-12 13:45:00+00:00,90523.2109375,90524.8515625,90471.8046875,90524.8515625,0
2026-01-12 13:50:00+00:00,90571.1328125,90571.1328125,90532.2265625,90532.2265625,0
2026-01-12 13:55:00+00:00,90533.3359375,90581.0546875,90533.3359375,90581.0546875,220592128
2026-01-12 14:00:00+00:00,90530.578125,90532.40625,90525.1953125,90525.1953125,259678208
2026-01-12 14:05:00+00:00,90488.171875,90523.21875,90488.171875,90488.8984375,0
2026-01-12 14:10:00+00:00,90532.5234375,90539.6953125,90528.5,90534.4609375,0
2026-01-12 14:15:00+00:00,90406.34375,90541.8828125,90368.5703125,90528.3984375,312092672
2026-01-12 14:20:00+00:00,90227.2109375,90403.8125,90227.2109375,90403.8125,0
2026-01-12 14:25:00+00:00,90155.2421875,90155.2421875,90095.2578125,90113.5234375,395476992
2026-01-12 14:30:00+00:00,90599.75,90599.75,90174.3828125,90174.3828125,654934016
2026-01-12 14:35:00+00:00,90663.6796875,90663.6796875,90419.1328125,90548.078125,158631936
2026-01-12 14:40:00+00:00,90672.5859375,90849.234375,90672.5859375,90849.234375,402495488
2026-01-12 14:45:00+00:00,90684.4453125,90697.5234375,90536.7734375,90677.984375,296876032
2026-01-12 14:50:00+00:00,90792.3671875,90961.6328125,90712.734375,90712.734375,142639104
2026-01-12 14:55:00+00:00,90803.7421875,90836.78125,90709.3671875,90709.3671875,396924928
2026-01-12 15:00:00+00:00,90802.71875,90802.75,90767.1953125,90802.75,0
2026-01-12 15:05:00+00:00,90830.7890625,90830.7890625,90703.671875,90724.4609375,520624128
2026-01-12 15:10:00+00:00,90732.0703125,90812.3671875,90679.171875,90812.3671875,245225472
2026-01-12 15:15:00+00:00,90957.0625,90957.0625,90803.8515625,90803.8515625,139943936
2026-01-12 15:20:00+00:00,91113.0078125,91117.078125,91044.96875,91117.078125,246042624
2026-01-12 15:25:00+00:00,91183.1328125,91207.0625,91104.078125,91138.265625,98193408
2026-01-12 15:30:00+00:00,91290.8125,91290.8125,91190.3359375,91225.96875,233041920
2026-01-12 15:35:00+00:00,91403.28125,91445.9140625,91283.1875,91283.1875,86540288
2026-01-12 15:40:00+00:00,91393.8359375,91430.4296875,91361.0078125,91430.4296875,202010624
2026-01-12 15:45:00+00:00,91306.3515625,91413.640625,91306.3515625,91389.3359375,225792000
2026-01-12 15:50:00+00:00,91461.09375,91505.9296875,91389.375,91389.375,100089856
2026-01-12 15:55:00+00:00,91546.453125,91546.453125,91471.2890625,91498.2265625,194785280
2026-01-12 16:00:00+00:00,91626.703125,91708.28125,91571.625,91571.625,140427264
2026-01-12 16:05:00+00:00,91704.3671875,91751.3125,91581.984375,91691.3515625,4300800
2026-01-12 16:10:00+00:00,91694.28125,91733.5703125,91663.4296875,91733.5703125,267436032
2026-01-12 16:15:00+00:00,91661.4453125,91765.578125,91661.4453125,91704.8984375,332451840
2026-01-12 16:20:00+00:00,91707.09375,91707.09375,91578.90625,91578.90625,0
2026-01-12 16:25:00+00:00,91999.53125,91999.53125,91753.421875,91753.421875,198504448
2026-01-12 16:30:00+00:00,92055.140625,92210.1484375,92055.140625,92118.6015625,444395520
2026-01-12 16:35:00+00:00,91959.15625,92079.8125,91959.15625,91980.375,225718272
2026-01-12 16:40:00+00:00,92030.1484375,92063.9375,91999.5546875,91999.5546875,256417792
2026-01-12 16:45:00+00:00,91976.203125,92153.53125,91976.203125,92070.71875,380612608
2026-01-12 16:50:00+00:00,92069.8984375,92070.9765625,91965.9140625,91965.9140625,75632640
2026-01-12 16:55:00+00:00,92042.640625,92120.5390625,92042.640625,92077.34375,0
2026-01-12 17:00:00+00:00,92137.9921875,92137.9921875,92049.5234375,92049.5234375,903270400
2026-01-12 17:05:00+00:00,92084.0390625,92210.1328125,92084.0390625,92210.1328125,119488512
2026-01-12 17:10:00+00:00,91861.9921875,92006.4140625,91861.9921875,92006.4140625,97464320
2026-01-12 17:15:00+00:00,91920.9296875,91920.9296875,91874.71875,91900.2109375,59985920
2026-01-12 17:20:00+00:00,91774.640625,91967.453125,91774.640625,91954.609375,260755456
2026-01-12 17:25:00+00:00,91633.90625,91754.90625,91633.0859375,91754.90625,0
2026-01-12 17:30:00+00:00,91015.9765625,91636.84375,91015.9765625,91636.84375,1093136384
2026-01-12 17:35:00+00:00,91227.2109375,91297.6171875,91072.6953125,91072.6953125,0
2026-01-12 17:40:00+00:00,91316.1484375,91316.1484375,91182.7890625,91231.4609375,1676328960
2026-01-12 17:45:00+00:00,91400.7578125,91400.7578125,91269.046875,91269.046875,319021056
2026-01-12 17:50:00+00:00,91418.84375,91420.640625,91404.328125,91420.640625,129064960
2026-01-12 17:55:00+00:00,91416.15625,91446.5390625,91378.1796875,91380.53125,136056832
2026-01-12 18:00:00+00:00,91432.3125,91451.7109375,91418.546875,91433.328125,40648704
2026-01-12 18:05:00+00:00,91493.0546875,91493.0546875,91360.7734375,91360.7734375,72507392
2026-01-12 18:10:00+00:00,91651.6796875,91668.8828125,91651.6796875,91668.8828125,120176640
2026-01-12 18:15:00+00:00,91734.6484375,91745.390625,91629.3125,91629.3125,113483776
2026-01-12 18:20:00+00:00,91789.03125,91816.921875,91720.53125,91720.53125,0
2026-01-12 18:25:00+00:00,91791.109375,91791.109375,91727.171875,91775.671875,272404480
2026-01-12 18:30:00+00:00,91586.0,91843.6796875,91586.0,91843.6796875,0
2026-01-12 18:35:00+00:00,91498.2109375,91503.765625,91464.7578125,91479.2578125,0
2026-01-12 18:40:00+00:00,91578.8125,91582.671875,91527.4609375,91582.671875,1245376512
2026-01-12 18:45:00+00:00,91624.8984375,91627.4921875,91544.1328125,91603.5,0
2026-01-12 18:50:00+00:00,91649.765625,91673.546875,91629.5703125,91629.5703125,54702080
2026-01-12 18:55:00+00:00,91622.5859375,91681.03125,91622.5859375,91625.5859375,0
2026-01-12 19:00:00+00:00,91383.1796875,91617.8125,91381.09375,91617.8125,116076544
2026-01-12 19:05:00+00:00,91596.3203125,91613.9296875,91428.2578125,91428.2578125,80560128
2026-01-12 19:10:00+00:00,91626.4453125,91661.84375,91579.1875,91625.8671875,123895808
2026-01-12 19:15:00+00:00,91727.1171875,91727.1171875,91582.2578125,91582.2578125,59383808
2026-01-12 19:20:00+00:00,91729.3671875,91729.78125,91705.9921875,91729.78125,83214336
2026-01-12 19:25:00+00:00,91712.4375,91737.328125,91690.203125,91703.59375,127451136
2026-01-12 19:30:00+00:00,91769.0,91794.125,91745.1171875,91745.1171875,166182912
2026-01-12 19:35:00+00:00,91753.5390625,91765.921875,91672.0703125,91765.921875,0
2026-01-12 19:40:00+00:00,91747.4296875,91766.5390625,91747.4296875,91758.8125,32108544
2026-01-12 19:45:00+00:00,91682.6953125,91747.8984375,91682.6953125,91747.8984375,33865728
2026-01-12 19:50:00+00:00,91754.09375,91777.9609375,91670.8046875,91670.8046875,0
2026-01-12 19:55:00+00:00,91770.25,91792.90625,91757.296875,91792.90625,0
2026-01-12 20:00:00+00:00,91904.4453125,91904.4453125,91758.0234375,91784.5625,0
2026-01-12 20:05:00+00:00,91929.0234375,91962.3125,91927.234375,91927.234375,159690752
2026-01-12 20:10:00+00:00,91812.9296875,91838.6484375,91812.9296875,91827.1640625,0
2026-01-12 20:15:00+00:00,91687.140625,91813.7421875,91687.140625,91813.7421875,0
2026-01-12 20:20:00+00:00,91693.9453125,91693.9453125,91657.0546875,91690.078125,0
2026-01-12 20:25:00+00:00,91623.21875,91698.7578125,91623.21875,91698.7578125,900788224
2026-01-12 20:30:00+00:00,91494.9453125,91667.140625,91494.9453125,91667.140625,25793716224
2026-01-12 20:35:00+00:00,91453.1171875,91506.9921875,91453.1171875,91492.0859375,0
2026-01-12 20:40:00+00:00,91404.75,91467.6484375,91395.25,91467.6484375,699125760
2026-01-12 20:45:00+00:00,91369.7578125,91392.515625,91358.578125,91392.1328125,0
2026-01-12 20:50:00+00:00,91409.875,91422.4140625,91375.0546875,91422.4140625,71872512
2026-01-12 20:55:00+00:00,91393.1953125,91393.1953125,91353.0234375,91353.0234375,234872832
2026-01-12 21:00:00+00:00,91246.484375,91404.1640625,91246.484375,91404.1640625,0
2026-01-12 21:05:00+00:00,91333.015625,91333.015625,91154.4765625,91154.4765625,73547776
2026-01-12 21:10:00+00:00,91380.4765625,91392.515625,91342.7265625,91342.7265625,0
2026-01-12 21:15:00+00:00,91392.265625,91400.3359375,91383.8515625,91398.9140625,179691520
2026-01-12 21:20:00+00:00,91311.3125,91388.5546875,91311.3125,91388.5546875,20643840
2026-01-12 21:25:00+00:00,91305.1328125,91330.4921875,91305.1328125,91307.0859375,11255808
2026-01-12 21:30:00+00:00,91220.546875,91267.890625,91220.546875,91267.890625,0
2026-01-12 21:35:00+00:00,91273.703125,91300.6796875,91264.265625,91266.28125,0
2026-01-12 21:40:00+00:00,91254.984375,91297.46875,91254.984375,91278.75,306286592
2026-01-12 21:45:00+00:00,91111.921875,91215.5390625,91074.6171875,91215.5390625,46948352
2026-01-12 21:50:00+00:00,90973.203125,91109.796875,90972.578125,91109.796875,0
2026-01-12 21:55:00+00:00,90913.7265625,90947.890625,90894.484375,90899.453125,906469376
2026-01-12 22:00:00+00:00,91159.2578125,91159.2578125,90984.1953125,90984.1953125,103018496
2026-01-12 22:05:00+00:00,91190.7890625,91190.7890625,91140.1015625,91167.1640625,0
2026-01-12 22:10:00+00:00,91350.2578125,91350.2578125,91227.9296875,91227.9296875,0
2026-01-12 22:15:00+00:00,91199.328125,91323.3359375,91199.328125,91323.3359375,26677248
2026-01-12 22:20:00+00:00,91270.0078125,91270.0078125,91227.421875,91227.421875,0
2026-01-12 22:25:00+00:00,91228.9375,91259.6796875,91228.9375,91259.53125,914391040
2026-01-12 22:30:00+00:00,91202.6640625,91206.3125,91161.4375,91187.953125,163151872
2026-01-12 22:35:00+00:00,91187.2109375,91243.28125,91155.890625,91243.28125,25603919872
2026-01-12 22:40:00+00:00,91302.8984375,91302.8984375,91233.375,91233.375,128909312
2026-01-12 22:45:00+00:00,91142.234375,91244.4375,91142.234375,91244.4375,0
2026-01-12 22:50:00+00:00,91222.7421875,91222.7421875,91157.9453125,91192.2265625,19505152
2026-01-12 22:55:00+00:00,91157.546875,91177.59375,91157.546875,91159.234375,0
2026-01-12 23:00:00+00:00,91057.921875,91178.4921875,91057.921875,91142.65625,0
2026-01-12 23:05:00+00:00,91038.5390625,91063.9609375,90987.8984375,90987.8984375,140619776
2026-01-12 23:10:00+00:00,91067.1875,91067.1875,91027.3828125,91027.3828125,0
2026-01-12 23:15:00+00:00,91076.890625,91091.84375,91059.9921875,91067.8203125,0
2026-01-12 23:20:00+00:00,91111.90625,91111.90625,91081.40625,91081.40625,0
2026-01-12 23:25:00+00:00,91189.015625,91189.015625,91139.3125,91142.109375,0
2026-01-12 23:30:00+00:00,91149.1640625,91203.8671875,91149.1640625,91184.59375,181575680
2026-01-12 23:35:00+00:00,91155.6953125,91155.6953125,91110.7734375,91122.8125,247758848
2026-01-12 23:40:00+00:00,91162.5703125,91171.7109375,91144.65625,91166.0859375,0
2026-01-12 23:45:00+00:00,91127.765625,91166.546875,91127.765625,91166.546875,0
2026-01-12 23:50:00+00:00,91153.3671875,91153.3671875,91127.1875,91131.4140625,9723904
2026-01-12 23:55:00+00:00,91157.1015625,91162.390625,91137.5859375,91137.5859375,0
2026-01-13 00:00:00+00:00,91263.875,91263.875,91195.6328125,91195.6328125,0
2026-01-13 00:05:00+00:00,91241.6640625,91305.0703125,91221.9765625,91262.421875,0
2026-01-13 00:10:00+00:00,91246.796875,91287.03125,91246.796875,91251.875,329216000
2026-01-13 00:15:00+00:00,91257.8671875,91258.734375,91226.5703125,91246.21875,0
2026-01-13 00:20:00+00:00,91298.1015625,91298.1015625,91229.265625,91234.9921875,0
2026-01-13 00:25:00+00:00,91373.1875,91398.0390625,91368.921875,91368.921875,0
2026-01-13 00:30:00+00:00,91365.6171875,91372.859375,91364.546875,91368.59375,368214016
2026-01-13 00:35:00+00:00,91403.6953125,91403.6953125,91389.3828125,91389.3828125,0
2026-01-13 00:40:00+00:00,91175.1328125,91365.4765625,91175.1328125,91365.4765625,0
2026-01-13 00:45:00+00:00,91221.4375,91238.546875,91206.2265625,91206.2265625,0
2026-01-13 00:50:00+00:00,91296.40625,91296.40625,91260.4453125,91264.796875,0
2026-01-13 00:55:00+00:00,91386.7109375,91386.7109375,91292.6640625,91309.7734375,353792000
2026-01-13 01:00:00+00:00,91363.9453125,91387.484375,91363.359375,91384.75,0
2026-01-13 01:05:00+00:00,91422.4453125,91432.3203125,91325.0859375,91325.0859375,185331712
2026-01-13 01:10:00+00:00,91345.53125,91392.2421875,91345.53125,91390.3359375,0
2026-01-13 01:15:00+00:00,91297.515625,91362.453125,91297.515625,91362.453125,0
2026-01-13 01:20:00+00:00,91291.1328125,91326.9609375,91286.1015625,91286.1015625,0
2026-01-13 01:25:00+00:00,91253.3046875,91278.90625,91224.03125,91275.5625,374198272
2026-01-13 01:30:00+00:00,91164.4296875,91234.9921875,91164.4296875,91220.5625,0
2026-01-13 01:35:00+00:00,91006.1484375,91139.640625,91006.1484375,91139.640625,0
2026-01-13 01:40:00+00:00,90989.1171875,91029.453125,90941.9296875,91015.6015625,0
2026-01-13 01:45:00+00:00,91069.421875,91069.421875,90986.90625,90986.90625,729657344
2026-01-13 01:50:00+00:00,91060.8828125,91097.1484375,91060.8828125,91097.1484375,0
2026-01-13 01:55:00+00:00,91058.9296875,91073.65625,91045.390625,91073.65625,0
2026-01-13 02:00:00+00:00,91161.7578125,91161.7578125,91081.4453125,91081.4453125,0
2026-01-13 02:05:00+00:00,91197.125,91267.5234375,91197.125,91227.796875,329613312
2026-01-13 02:10:00+00:00,91189.9921875,91189.9921875,91172.8671875,91187.625,0
2026-01-13 02:15:00+00:00,91200.2265625,91204.5078125,91192.453125,91192.453125,0
2026-01-13 02:20:00+00:00,91183.359375,91183.359375,91166.46875,91178.609375,0
2026-01-13 02:25:00+00:00,91194.5625,91194.5625,91167.5078125,91183.9921875,0
2026-01-13 02:30:00+00:00,91192.875,91202.7578125,91183.953125,91198.296875,0
2026-01-13 02:35:00+00:00,91100.5234375,91178.53125,91100.5234375,91168.7109375,32727040
2026-01-13 02:40:00+00:00,91060.078125,91103.359375,91060.078125,91090.1015625,0
2026-01-13 02:45:00+00:00,91047.4609375,91048.7265625,91030.4453125,91030.4453125,0
2026-01-13 02:50:00+00:00,91065.484375,91086.9453125,91065.484375,91077.5703125,126894080
2026-01-13 02:55:00+00:00,91114.5859375,91131.9140625,91111.15625,91131.9140625,0
2026-01-13 03:00:00+00:00,91062.8125,91085.703125,91031.1953125,91031.1953125,0
2026-01-13 03:05:00+00:00,91024.9375,91082.25,91024.9375,91060.359375,0
2026-01-13 03:10:00+00:00,91179.3046875,91179.3046875,91019.5390625,91019.5390625,0
2026-01-13 03:15:00+00:00,91184.03125,91201.171875,91165.125,91165.125,0
2026-01-13 03:20:00+00:00,91327.140625,91327.140625,91192.78125,91198.6171875,3981312
2026-01-13 03:25:00+00:00,91283.453125,91321.234375,91283.453125,91321.234375,0
2026-01-13 03:30:00+00:00,91284.9453125,91305.1015625,91277.921875,91277.921875,0
2026-01-13 03:35:00+00:00,91259.6796875,91304.8671875,91259.6796875,91262.984375,0
2026-01-13 03:40:00+00:00,91235.8984375,91248.5859375,91229.484375,91236.4453125,317042688
2026-01-13 03:45:00+00:00,91214.2578125,91223.140625,91187.7578125,91223.140625,0
2026-01-13 03:50:00+00:00,91188.8203125,91213.1953125,91188.8203125,91210.0859375,232808448
2026-01-13 03:55:00+00:00,91291.3125,91291.3125,91198.015625,91198.015625,0
2026-01-13 04:00:00+00:00,91283.5625,91318.7421875,91283.5625,91293.7890625,0
2026-01-13 04:05:00+00:00,91323.1171875,91338.1953125,91277.875,91277.875,0
2026-01-13 04:10:00+00:00,91360.9921875,91360.9921875,91326.0703125,91326.1640625,0
2026-01-13 04:15:00+00:00,91393.4375,91393.4375,91353.8359375,91354.75,177299456
2026-01-13 04:20:00+00:00,91463.125,91463.125,91365.3828125,91365.3828125,0
2026-01-13 04:25:00+00:00,91297.46875,91385.0546875,91297.46875,91379.9765625,0
2026-01-13 04:30:00+00:00,91298.5625,91353.8828125,91298.5625,91353.8828125,0
2026-01-13 04:35:00+00:00,91273.0703125,91278.0390625,91258.984375,91278.0390625,0
2026-01-13 04:40:00+00:00,91248.5078125,91267.0546875,91248.5078125,91267.0546875,752709632
2026-01-13 04:45:00+00:00,91240.7265625,91252.2265625,91240.7265625,91252.2265625,0
2026-01-13 04:50:00+00:00,91299.3828125,91299.3828125,91238.9609375,91255.265625,0
2026-01-13 04:55:00+00:00,91396.671875,91400.0625,91326.140625,91326.140625,0
2026-01-13 05:00:00+00:00,91496.0625,91561.3203125,91396.7734375,91396.7734375,85430272
2026-01-13 05:05:00+00:00,91456.6171875,91482.90625,91456.6171875,91482.90625,0
2026-01-13 05:10:00+00:00,91629.1796875,91629.1796875,91476.71875,91476.71875,1116499968
2026-01-13 05:15:00+00:00,91877.1875,91877.1875,91592.4296875,91628.625,0
2026-01-13 05:20:00+00:00,91894.5859375,92052.84375,91894.5859375,91915.8515625,290217984
2026-01-13 05:25:00+00:00,91996.2734375,92109.390625,91996.2734375,92059.7265625,309575680
2026-01-13 05:30:00+00:00,91789.34375,91987.5234375,91789.34375,91987.5234375,49074176
2026-01-13 05:35:00+00:00,91797.25,91817.734375,91766.125,91766.96875,493060096
2026-01-13 05:40:00+00:00,91793.078125,91793.078125,91776.78125,91782.609375,0
2026-01-13 05:45:00+00:00,91910.96875,91910.96875,91816.125,91824.109375,29990912
2026-01-13 05:50:00+00:00,91943.7109375,91943.7109375,91878.2890625,91917.7421875,416698368
2026-01-13 05:55:00+00:00,91803.9453125,91906.8046875,91803.9453125,91897.5,0
2026-01-13 06:00:00+00:00,91930.7890625,91932.203125,91811.0234375,91811.0234375,75526144
2026-01-13 06:05:00+00:00,91752.46875,91879.609375,91729.1875,91879.609375,84586496
2026-01-13 06:10:00+00:00,91767.046875,91770.671875,91745.0625,91745.0625,0
2026-01-13 06:15:00+00:00,91869.5,91869.5,91811.5625,91811.5625,0
2026-01-13 06:20:00+00:00,91899.921875,91899.921875,91848.71875,91860.2109375,2023424
2026-01-13 06:25:00+00:00,91916.734375,91917.3125,91878.46875,91878.75,217952256
2026-01-13 06:30:00+00:00,91862.421875,91897.0859375,91819.0,91819.0,0
2026-01-13 06:35:00+00:00,91940.078125,91956.09375,91855.8125,91855.8125,95289344
2026-01-13 06:40:00+00:00,91963.6328125,92022.7890625,91963.6328125,91975.765625,25350144
2026-01-13 06:45:00+00:00,91923.84375,91966.3515625,91882.359375,91882.359375,237195264
2026-01-13 06:50:00+00:00,92123.0859375,92123.0859375,91935.921875,91935.921875,0
2026-01-13 06:55:00+00:00,92120.84375,92145.1015625,92101.390625,92102.78125,272482304
2026-01-13 07:00:00+00:00,92058.5,92089.4453125,92047.265625,92089.4453125,0
2026-01-13 07:05:00+00:00,91984.59375,92027.984375,91984.59375,92027.984375,14708736
2026-01-13 07:10:00+00:00,91948.6796875,91992.1875,91948.6796875,91973.0859375,444424192
2026-01-13 07:15:00+00:00,91848.9765625,91950.8828125,91840.5703125,91950.8828125,0
2026-01-13 07:20:00+00:00,91889.15625,91889.15625,91812.796875,91831.6484375,0
2026-01-13 07:25:00+00:00,91939.9609375,91961.390625,91934.9765625,91934.9765625,383660032
2026-01-13 07:30:00+00:00,91894.0078125,91930.375,91894.0078125,91930.375,0
2026-01-13 07:35:00+00:00,91868.328125,91900.1171875,91868.328125,91898.171875,410832896
2026-01-13 07:40:00+00:00,91841.9609375,91878.2421875,91841.9609375,91849.7109375,0
2026-01-13 07:45:00+00:00,91817.6328125,91846.921875,91817.6328125,91835.3671875,0
2026-01-13 07:50:00+00:00,91822.7890625,91822.7890625,91806.1171875,91806.1171875,0
2026-01-13 07:55:00+00:00,91853.8203125,91853.8203125,91829.515625,91829.515625,363655168
2026-01-13 08:00:00+00:00,91846.8046875,91868.9609375,91846.6640625,91868.9609375,0
2026-01-13 08:05:00+00:00,91895.4296875,91895.4296875,91850.703125,91850.703125,0
2026-01-13 08:10:00+00:00,91886.5546875,91893.40625,91854.3515625,91893.40625,0
2026-01-13 08:15:00+00:00,91921.4140625,91921.4140625,91886.6796875,91888.359375,0
2026-01-13 08:20:00+00:00,91958.09375,91958.09375,91933.90625,91933.90625,0
2026-01-13 08:25:00+00:00,91877.609375,91977.0859375,91877.609375,91966.296875,405843968
2026-01-13 08:30:00+00:00,91899.203125,91899.203125,91861.875,91861.875,0
2026-01-13 08:35:00+00:00,92057.2421875,92091.53125,91955.9296875,91955.9296875,438960128
2026-01-13 08:40:00+00:00,92039.6796875,92048.5390625,92037.875,92048.5390625,0
2026-01-13 08:45:00+00:00,92057.25,92057.25,92031.375,92037.3828125,0
2026-01-13 08:50:00+00:00,92099.21875,92134.84375,92099.21875,92110.4609375,0
2026-01-13 08:55:00+00:00,92087.9140625,92103.0703125,92066.5546875,92103.0703125,0
2026-01-13 09:00:00+00:00,92211.328125,92211.328125,92076.375,92076.375,162508800
2026-01-13 09:05:00+00:00,92231.5625,92305.0546875,92231.5625,92296.9765625,0
2026-01-13 09:10:00+00:00,92327.609375,92327.609375,92259.84375,92259.84375,0
2026-01-13 09:15:00+00:00,92277.6875,92327.6328125,92266.4765625,92322.171875,1499136
2026-01-13 09:20:00+00:00,92370.9296875,92510.2109375,92322.59375,92322.59375,84414464
2026-01-13 09:25:00+00:00,92448.8984375,92448.8984375,92376.203125,92436.1484375,400420864
2026-01-13 09:30:00+00:00,92454.703125,92460.1640625,92416.78125,92416.78125,346652672
2026-01-13 09:35:00+00:00,92267.0859375,92404.9765625,92263.21875,92404.9765625,0
2026-01-13 09:40:00+00:00,92004.171875,92176.6328125,91913.390625,92176.6328125,198098944
2026-01-13 09:45:00+00:00,92154.640625,92154.640625,92052.234375,92052.234375,304816128
2026-01-13 09:50:00+00:00,92184.625,92214.953125,92169.046875,92169.046875,88289280
2026-01-13 09:55:00+00:00,92149.171875,92172.234375,92102.671875,92172.234375,0
2026-01-13 10:00:00+00:00,92186.75,92201.4140625,92127.9375,92201.4140625,255320064
2026-01-13 10:05:00+00:00,92227.0234375,92227.0234375,92176.8125,92189.6171875,0
2026-01-13 10:10:00+00:00,92199.4765625,92230.078125,92199.4765625,92230.078125,0
2026-01-13 10:15:00+00:00,92123.796875,92149.984375,92059.9609375,92149.984375,205115392
2026-01-13 10:20:00+00:00,92124.890625,92152.1953125,92117.5,92117.5,0
2026-01-13 10:25:00+00:00,92162.671875,92162.671875,92122.5078125,92160.6328125,0
2026-01-13 10:30:00+00:00,92173.8515625,92205.609375,92172.5546875,92205.609375,162557952
2026-01-13 10:35:00+00:00,92165.90625,92178.671875,92164.7734375,92164.7734375,0
2026-01-13 10:40:00+00:00,92011.953125,92174.4140625,92011.953125,92170.8828125,0
2026-01-13 10:45:00+00:00,91995.5234375,91995.5234375,91927.4921875,91974.109375,50634752
2026-01-13 10:50:00+00:00,92001.5625,92005.9375,91965.96875,91965.96875,32133537792
2026-01-13 10:55:00+00:00,92029.3359375,92029.3359375,91996.6328125,91998.0390625,0
2026-01-13 11:00:00+00:00,91984.1328125,92041.765625,91984.1328125,92038.296875,0
2026-01-13 11:05:00+00:00,92045.1015625,92051.265625,91961.1484375,91961.1484375,307757056
2026-01-13 11:10:00+00:00,92123.046875,92133.1875,92091.390625,92091.390625,58605568
2026-01-13 11:15:00+00:00,92138.875,92138.875,92118.3984375,92118.3984375,0
2026-01-13 11:20:00+00:00,92071.6171875,92093.125,92031.921875,92093.125,32416047104
2026-01-13 11:25:00+00:00,92106.671875,92119.796875,92090.2890625,92090.2890625,0
2026-01-13 11:30:00+00:00,92056.5,92106.859375,92056.5,92106.859375,32049639424
2026-01-13 11:35:00+00:00,92040.4140625,92051.140625,91998.96875,92021.6640625,0
2026-01-13 11:40:00+00:00,91976.7109375,92019.015625,91976.7109375,92019.015625,33399214080
2026-01-13 11:45:00+00:00,91937.6640625,91976.53125,91937.6640625,91970.21875,282591232
2026-01-13 11:50:00+00:00,91888.78125,91901.3984375,91886.8359375,91901.3984375,13090816
2026-01-13 11:55:00+00:00,91893.6484375,91979.5625,91893.6484375,91920.7109375,327974912
2026-01-13 12:00:00+00:00,91893.6328125,91947.9609375,91893.6328125,91932.1484375,121200640
2026-01-13 12:05:00+00:00,91855.875,91873.65625,91855.875,91873.65625,0
2026-01-13 12:10:00+00:00,91871.9375,91908.46875,91871.9375,91882.3046875,0
2026-01-13 12:15:00+00:00,91920.3046875,91920.3046875,91832.640625,91832.640625,94511104
2026-01-13 12:20:00+00:00,91995.2578125,92020.4609375,91973.6796875,91973.6796875,34129195008
2026-01-13 12:25:00+00:00,91981.5703125,91993.9140625,91971.90625,91993.9140625,26992640
2026-01-13 12:30:00+00:00,92028.5078125,92030.6484375,91974.90625,91979.9296875,0
2026-01-13 12:35:00+00:00,91987.1328125,92008.3828125,91986.5859375,92008.3828125,26918912
2026-01-13 12:40:00+00:00,92053.7109375,92053.7109375,91993.171875,91993.171875,661913600
2026-01-13 12:45:00+00:00,92040.9921875,92040.9921875,92020.765625,92036.8046875,0
2026-01-13 12:50:00+00:00,92033.3046875,92033.3046875,92005.0546875,92020.9375,0
2026-01-13 12:55:00+00:00,91999.1171875,92017.1171875,91980.859375,92017.1171875,0
2026-01-13 13:00:00+00:00,91912.3671875,92013.0546875,91910.7421875,92013.0546875,0
2026-01-13 13:05:00+00:00,92002.3515625,92002.3515625,91904.25,91904.25,34727313408
2026-01-13 13:10:00+00:00,91928.671875,91977.3515625,91928.671875,91977.3515625,181788672
2026-01-13 13:15:00+00:00,91950.3203125,91950.3203125,91921.5078125,91921.5078125,122109952
2026-01-13 13:20:00+00:00,91930.7421875,91937.828125,91920.7265625,91926.90625,0
2026-01-13 13:25:00+00:00,92007.25,92009.53125,91925.6015625,91925.6015625,0
2026-01-13 13:30:00+00:00,92344.0546875,92477.4140625,92035.3125,92035.3125,0
2026-01-13 13:35:00+00:00,92101.9140625,92348.3125,92101.9140625,92184.0625,352886784
2026-01-13 13:40:00+00:00,92146.203125,92146.203125,91998.625,91998.625,444755968
2026-01-13 13:45:00+00:00,92098.2421875,92109.4765625,92053.0859375,92109.4765625,480448512
2026-01-13 13:50:00+00:00,92149.9765625,92149.9765625,91983.5859375,92063.421875,59912192
2026-01-13 13:55:00+00:00,91966.578125,92054.7890625,91966.578125,92054.7890625,35025793024
2026-01-13 14:00:00+00:00,91832.140625,91926.328125,91760.140625,91926.328125,0
2026-01-13 14:05:00+00:00,91909.09375,91909.09375,91816.0390625,91816.0390625,0
2026-01-13 14:10:00+00:00,91876.6328125,91916.3671875,91876.6328125,91909.7734375,196853760
2026-01-13 14:15:00+00:00,92068.59375,92068.59375,91887.859375,91887.859375,349175808
2026-01-13 14:20:00+00:00,92157.140625,92175.8046875,92078.125,92078.125,0
2026-01-13 14:25:00+00:00,92300.8828125,92300.8828125,92118.828125,92145.5234375,0
2026-01-13 14:30:00+00:00,92262.3828125,92395.21875,92262.3828125,92317.0234375,0
2026-01-13 14:35:00+00:00,92545.375,92657.765625,92357.109375,92357.109375,34904264704
2026-01-13 14:40:00+00:00,92755.5,92756.578125,92631.5234375,92631.5234375,0
2026-01-13 14:45:00+00:00,92498.1484375,92638.546875,92496.6796875,92600.296875,527110144
2026-01-13 14:50:00+00:00,92526.7109375,92554.2578125,92416.8515625,92462.0703125,0
2026-01-13 14:55:00+00:00,92453.84375,92482.5390625,92445.28125,92445.28125,559259648
2026-01-13 15:00:00+00:00,92091.1328125,92421.359375,92091.1328125,92421.359375,0
2026-01-13 15:05:00+00:00,92406.625,92409.703125,92143.0546875,92143.0546875,78811136
2026-01-13 15:10:00+00:00,92461.34375,92461.34375,92230.9296875,92300.9140625,18956288
2026-01-13 15:15:00+00:00,92155.859375,92508.1796875,92155.859375,92508.1796875,240459776
2026-01-13 15:20:00+00:00,92257.59375,92291.34375,92207.8203125,92218.8046875,0
2026-01-13 15:25:00+00:00,92301.265625,92322.5234375,92274.765625,92288.015625,185946112
2026-01-13 15:30:00+00:00,92637.0703125,92637.0703125,92283.2578125,92283.2578125,0
2026-01-13 15:35:00+00:00,92949.4921875,93012.03125,92736.265625,92750.1875,46526464
2026-01-13 15:40:00+00:00,92837.859375,93014.6796875,92837.859375,92964.1875,332234752
2026-01-13 15:45:00+00:00,92779.8671875,92980.3046875,92779.8671875,92832.9140625,276750336
2026-01-13 15:50:00+00:00,92871.7734375,92871.7734375,92811.8203125,92811.8203125,0
2026-01-13 15:55:00+00:00,93283.03125,93294.53125,93039.4921875,93039.4921875,168980480
2026-01-13 16:00:00+00:00,93570.9140625,93570.9140625,93453.6875,93500.4609375,79425536
2026-01-13 16:05:00+00:00,93463.171875,93595.3671875,93463.171875,93561.1953125,220749824
2026-01-13 16:10:00+00:00,93322.9921875,93447.625,93322.9921875,93418.109375,392187904
2026-01-13 16:15:00+00:00,93126.96875,93287.96875,93126.96875,93287.96875,0
2026-01-13 16:20:00+00:00,93267.9609375,93379.7890625,93241.6796875,93325.7421875,153149440
2026-01-13 16:25:00+00:00,93102.828125,93211.296875,93102.828125,93211.296875,96669696
2026-01-13 16:30:00+00:00,93394.53125,93394.53125,93097.4921875,93116.8046875,0
2026-01-13 16:35:00+00:00,93561.2109375,93561.2109375,93446.421875,93456.6015625,0
2026-01-13 16:40:00+00:00,93523.078125,93598.046875,93458.6484375,93526.7265625,335544320
2026-01-13 16:45:00+00:00,93578.1328125,93578.1328125,93493.6484375,93500.75,0
2026-01-13 16:50:00+00:00,93593.875,93620.6328125,93556.5078125,93615.640625,60772352
2026-01-13 16:55:00+00:00,93441.21875,93654.5078125,93441.21875,93568.7109375,161669120
2026-01-13 17:00:00+00:00,93362.484375,93362.484375,93303.7890625,93347.1015625,0
2026-01-13 17:05:00+00:00,93409.1875,93412.9765625,93349.203125,93378.6875,0
2026-01-13 17:10:00+00:00,93252.984375,93350.859375,93231.1328125,93350.859375,0
2026-01-13 17:15:00+00:00,93171.5703125,93283.3125,93135.7578125,93283.3125,0
2026-01-13 17:20:00+00:00,93289.7578125,93289.7578125,93170.7578125,93181.4375,17346560
2026-01-13 17:25:00+00:00,93384.4765625,93384.4765625,93307.609375,93379.46875,0
2026-01-13 17:30:00+00:00,93350.8046875,93370.2421875,93281.3984375,93370.2421875,0
2026-01-13 17:35:00+00:00,93168.1484375,93340.3671875,93168.1484375,93340.3671875,0
2026-01-13 17:40:00+00:00,93329.0625,93329.0625,93162.0078125,93201.2265625,74022912
2026-01-13 17:45:00+00:00,93302.5,93363.8984375,93302.5,93332.4765625,3690496
2026-01-13 17:50:00+00:00,93311.8984375,93398.8828125,93311.8984375,93371.1640625,0
2026-01-13 17:55:00+00:00,93241.6796875,93334.6328125,93219.65625,93334.6328125,21938176
2026-01-13 18:00:00+00:00,93222.6171875,93225.609375,93171.8984375,93171.8984375,0
2026-01-13 18:05:00+00:00,93340.796875,93421.984375,93340.796875,93352.171875,16572416
2026-01-13 18:10:00+00:00,93521.8359375,93521.8359375,93394.8046875,93447.515625,328130560
2026-01-13 18:15:00+00:00,93638.28125,93638.28125,93515.609375,93516.5859375,2502656
2026-01-13 18:20:00+00:00,93626.4375,93678.1328125,93603.421875,93603.421875,41639936
2026-01-13 18:25:00+00:00,93507.140625,93583.484375,93507.140625,93583.484375,224423936
2026-01-13 18:30:00+00:00,93606.7734375,93606.7734375,93497.9140625,93521.3671875,0
2026-01-13 18:35:00+00:00,93629.296875,93688.109375,93573.296875,93573.296875,4055040
2026-01-13 18:40:00+00:00,93515.0546875,93595.34375,93497.625,93593.21875,23068672
2026-01-13 18:45:00+00:00,93790.5078125,93790.5078125,93568.953125,93568.953125,68349952
2026-01-13 18:50:00+00:00,93548.1796875,93667.9375,93474.09375,93667.9375,126644224
2026-01-13 18:55:00+00:00,93557.6484375,93557.6484375,93499.9921875,93508.1015625,0
2026-01-13 19:00:00+00:00,93446.78125,93609.6796875,93446.78125,93584.296875,882421760
2026-01-13 19:05:00+00:00,93469.0078125,93482.796875,93431.703125,93464.8671875,56885248
2026-01-13 19:10:00+00:00,93525.53125,93542.4140625,93448.8046875,93448.8046875,31858688
2026-01-13 19:15:00+00:00,93516.796875,93522.328125,93505.9453125,93505.9453125,6725632
2026-01-13 19:20:00+00:00,93733.8125,93733.8125,93598.8203125,93598.8203125,0
2026-01-13 19:25:00+00:00,93793.2421875,93793.2421875,93622.2734375,93622.2734375,207818752
2026-01-13 19:30:00+00:00,93927.703125,93927.703125,93800.2265625,93810.1640625,0
2026-01-13 19:35:00+00:00,94008.40625,94008.40625,93926.8125,93926.8125,1155182592
2026-01-13 19:40:00+00:00,94004.8203125,94021.3984375,93972.3515625,93972.3515625,344915968
2026-01-13 19:45:00+00:00,94011.6875,94011.6875,93980.8671875,93980.8671875,374292480
2026-01-13 19:50:00+00:00,94172.0859375,94172.0859375,94044.890625,94044.890625,72146944
2026-01-13 19:55:00+00:00,94194.6484375,94194.6484375,94134.59375,94134.59375,237432832
2026-01-13 20:00:00+00:00,94194.8984375,94222.4765625,94180.015625,94222.4765625,103763968
2026-01-13 20:05:00+00:00,94332.1875,94332.1875,94244.59375,94244.59375,116203520
2026-01-13 20:10:00+00:00,94359.984375,94383.484375,94235.5,94307.21875,360042496
2026-01-13 20:15:00+00:00,94338.6484375,94390.1015625,94281.9609375,94336.390625,219062272
2026-01-13 20:20:00+00:00,94361.6640625,94400.4453125,94361.6640625,94400.4453125,150372352
2026-01-13 20:25:00+00:00,94284.796875,94468.875,94269.96875,94468.875,246521856
2026-01-13 20:30:00+00:00,94257.2109375,94295.2109375,94241.59375,94272.703125,127172608
2026-01-13 20:35:00+00:00,94183.546875,94289.3984375,94134.0390625,94289.3984375,163524608
2026-01-13 20:40:00+00:00,94185.28125,94225.8984375,94156.9453125,94197.3046875,0
2026-01-13 20:45:00+00:00,94311.9140625,94337.5546875,94234.0859375,94234.0859375,1318649856
2026-01-13 20:50:00+00:00,94319.453125,94334.0,94219.3359375,94219.3359375,162254848
2026-01-13 20:55:00+00:00,94438.890625,94438.890625,94302.46875,94319.15625,233566208
2026-01-13 21:00:00+00:00,94427.625,94430.1953125,94400.453125,94400.453125,227213312
2026-01-13 21:05:00+00:00,94415.7265625,94455.2421875,94401.4609375,94455.2421875,0
2026-01-13 21:10:00+00:00,94371.734375,94410.6640625,94371.734375,94410.6640625,320499712
2026-01-13 21:15:00+00:00,94472.0625,94476.421875,94370.921875,94387.9609375,279117824
2026-01-13 21:20:00+00:00,94401.9375,94438.3359375,94346.2421875,94346.2421875,208044032
2026-01-13 21:25:00+00:00,94321.21875,94410.546875,94321.21875,94410.546875,84623360
2026-01-13 21:30:00+00:00,94290.1640625,94345.1171875,94290.1640625,94316.90625,81616896
2026-01-13 21:35:00+00:00,94224.6796875,94270.7734375,94184.171875,94270.7734375,152506368
2026-01-13 21:40:00+00:00,94164.3984375,94204.046875,94163.484375,94163.484375,87773184
2026-01-13 21:45:00+00:00,94129.6796875,94162.703125,94128.609375,94151.109375,33841152
2026-01-13 21:50:00+00:00,94081.625,94112.1171875,94073.7265625,94112.1171875,164966400
2026-01-13 21:55:00+00:00,94074.9609375,94081.0625,94058.6640625,94081.0625,0
2026-01-13 22:00:00+00:00,94094.390625,94094.390625,94062.21875,94069.5078125,0
2026-01-13 22:05:00+00:00,94298.5390625,94298.5390625,94084.3046875,94084.421875,66895872
2026-01-13 22:10:00+00:00,95325.8046875,95852.953125,94469.4765625,94469.4765625,1178324992
2026-01-13 22:15:00+00:00,95279.609375,95551.6328125,95035.703125,95551.6328125,1429020672
2026-01-13 22:20:00+00:00,95451.59375,95459.2890625,95357.6953125,95357.6953125,357777408
2026-01-13 22:25:00+00:00,95385.1171875,95433.953125,95385.1171875,95405.90625,0
2026-01-13 22:30:00+00:00,95473.75,95473.75,95405.8828125,95428.4765625,1495142400
2026-01-13 22:35:00+00:00,95296.1171875,95424.2734375,95114.5625,95424.2734375,145784832
2026-01-13 22:40:00+00:00,95591.3046875,95591.3046875,95414.890625,95414.890625,304287744
2026-01-13 22:45:00+00:00,95928.796875,95928.796875,95552.9140625,95552.9140625,154877952
2026-01-13 22:50:00+00:00,95588.03125,95750.8515625,95556.078125,95750.8515625,341204992
2026-01-13 22:55:00+00:00,95667.828125,95667.828125,95587.6015625,95587.6015625,469708800
2026-01-13 23:00:00+00:00,95790.578125,95935.6484375,95648.703125,95648.703125,273289216
2026-01-13 23:05:00+00:00,95760.921875,95801.7734375,95704.2421875,95801.7734375,0
2026-01-13 23:10:00+00:00,95686.875,95737.6640625,95637.2734375,95737.6640625,405397504
2026-01-13 23:15:00+00:00,95589.3515625,95677.140625,95582.0,95677.140625,367538176
2026-01-13 23:20:00+00:00,95469.703125,95568.7578125,95469.703125,95568.7578125,141103104
2026-01-13 23:25:00+00:00,95320.4609375,95404.6640625,95320.4609375,95404.6640625,0
2026-01-13 23:30:00+00:00,95234.28125,95371.078125,95234.28125,95333.375,1511018496
2026-01-13 23:35:00+00:00,95147.3203125,95235.828125,95147.3203125,95235.828125,106688512
2026-01-13 23:40:00+00:00,95139.3203125,95187.71875,95075.265625,95075.265625,252276736
2026-01-13 23:45:00+00:00,95046.53125,95170.3359375,95046.53125,95170.3359375,508366848
2026-01-13 23:50:00+00:00,95203.96875,95203.96875,95040.296875,95049.75,120872960
2026-01-13 23:55:00+00:00,95354.046875,95369.6953125,95305.6015625,95305.6015625,0
2026-01-14 00:00:00+00:00,95417.8046875,95437.6171875,95363.3046875,95363.3046875,0
2026-01-14 00:05:00+00:00,95511.5390625,95511.5390625,95358.3046875,95358.3046875,1277362176
2026-01-14 00:10:00+00:00,95486.0625,95509.3828125,95408.609375,95509.3828125,385810432
2026-01-14 00:15:00+00:00,95510.5234375,95516.4453125,95460.3046875,95460.3046875,140713984
2026-01-14 00:20:00+00:00,95499.625,95539.734375,95453.8828125,95453.8828125,86974464
2026-01-14 00:25:00+00:00,95421.4140625,95475.7734375,95421.4140625,95475.7734375,32419840
2026-01-14 00:30:00+00:00,95305.1015625,95427.609375,95305.1015625,95427.609375,0
2026-01-14 00:35:00+00:00,95246.203125,95291.515625,95144.3046875,95291.515625,76226560
2026-01-14 00:40:00+00:00,95244.421875,95250.625,95191.875,95250.625,79851520
2026-01-14 00:45:00+00:00,95143.6796875,95239.8203125,95143.6796875,95239.8203125,135258112
2026-01-14 00:50:00+00:00,95278.9296875,95278.9296875,95183.40625,95187.765625,177934336
2026-01-14 00:55:00+00:00,95277.7734375,95277.7734375,95225.03125,95246.2421875,0
2026-01-14 01:00:00+00:00,95141.078125,95185.6796875,95141.078125,95185.6796875,146157568
2026-01-14 01:05:00+00:00,95307.71875,95366.828125,95204.2109375,95204.2109375,97456128
2026-01-14 01:10:00+00:00,95431.40625,95431.40625,95271.8046875,95271.8046875,0
2026-01-14 01:15:00+00:00,95386.859375,95426.296875,95386.859375,95404.1015625,59064320
2026-01-14 01:20:00+00:00,95411.46875,95413.4921875,95375.046875,95375.046875,280686592
2026-01-14 01:25:00+00:00,95440.546875,95495.0,95411.40625,95411.40625,62730240
2026-01-14 01:30:00+00:00,95402.171875,95463.7109375,95402.171875,95419.546875,100904960
2026-01-14 01:35:00+00:00,95279.1015625,95412.203125,95279.1015625,95383.6171875,45703168
2026-01-14 01:40:00+00:00,95137.4296875,95236.390625,95135.5859375,95236.390625,0
2026-01-14 01:45:00+00:00,95134.0625,95204.9765625,95134.0625,95201.6953125,309342208
2026-01-14 01:50:00+00:00,95220.796875,95224.2265625,95111.1875,95111.1875,75030528
2026-01-14 01:55:00+00:00,95266.8515625,95266.8515625,95231.2421875,95231.2421875,0
2026-01-14 02:00:00+00:00,95203.4765625,95254.1953125,95180.5078125,95205.578125,163094528
2026-01-14 02:05:00+00:00,95250.5390625,95305.453125,95191.125,95191.125,22970368
2026-01-14 02:10:00+00:00,95426.578125,95490.609375,95244.5859375,95244.5859375,65646592
2026-01-14 02:15:00+00:00,95383.890625,95478.3671875,95383.890625,95428.7265625,100089856
2026-01-14 02:20:00+00:00,95380.8046875,95380.8046875,95356.0546875,95380.2890625,300949504
2026-01-14 02:25:00+00:00,95327.328125,95378.328125,95327.328125,95378.328125,0
2026-01-14 02:30:00+00:00,95357.8671875,95362.640625,95331.609375,95362.640625,393920512
2026-01-14 02:35:00+00:00,95417.765625,95433.90625,95357.4296875,95368.71875,10608640
2026-01-14 02:40:00+00:00,95394.265625,95422.578125,95390.3359375,95422.4140625,162541568
2026-01-14 02:45:00+00:00,95444.46875,95444.46875,95413.46875,95430.890625,24326144
2026-01-14 02:50:00+00:00,95248.765625,95461.7890625,95243.171875,95461.7890625,16830464
2026-01-14 02:55:00+00:00,95279.2109375,95279.2109375,95232.6015625,95265.2421875,124395520
2026-01-14 03:00:00+00:00,95277.9296875,95306.4921875,95249.203125,95272.1953125,0
2026-01-14 03:05:00+00:00,95320.3671875,95333.0234375,95305.953125,95312.4921875,28172288
2026-01-14 03:10:00+00:00,95424.1953125,95424.1953125,95256.546875,95302.2265625,7249920
2026-01-14 03:15:00+00:00,95432.8515625,95436.15625,95366.5625,95381.21875,0
2026-01-14 03:20:00+00:00,95405.921875,95434.4609375,95379.1328125,95434.4609375,0
2026-01-14 03:25:00+00:00,95327.9921875,95380.1796875,95314.7578125,95380.1796875,158117888
2026-01-14 03:30:00+00:00,95437.8984375,95437.8984375,95322.9296875,95322.9296875,295096320
2026-01-14 03:35:00+00:00,95475.5078125,95475.5078125,95444.03125,95444.03125,0
2026-01-14 03:40:00+00:00,95485.765625,95496.1328125,95469.5,95496.1328125,65912832
2026-01-14 03:45:00+00:00,95492.59375,95494.5625,95486.5,95492.4921875,59392000
2026-01-14 03:50:00+00:00,95549.1875,95567.9296875,95507.359375,95531.8125,2217381888
2026-01-14 03:55:00+00:00,95630.9765625,95632.609375,95563.7890625,95563.7890625,200261632
2026-01-14 04:00:00+00:00,95570.7109375,95694.421875,95570.7109375,95694.421875,149659648
2026-01-14 04:05:00+00:00,95391.875,95565.9921875,95391.875,95565.9921875,274550784
2026-01-14 04:10:00+00:00,95389.5703125,95389.5703125,95347.0546875,95347.0546875,0
2026-01-14 04:15:00+00:00,95441.609375,95441.609375,95375.984375,95375.984375,25518080
2026-01-14 04:20:00+00:00,95422.7890625,95441.171875,95382.9375,95439.328125,91037696
2026-01-14 04:25:00+00:00,95468.90625,95468.90625,95435.3359375,95435.3359375,0
2026-01-14 04:30:00+00:00,95392.328125,95432.2421875,95357.640625,95432.2421875,103120896
2026-01-14 04:35:00+00:00,95319.40625,95391.765625,95319.40625,95376.25,124157952
2026-01-14 04:40:00+00:00,95230.15625,95310.765625,95230.15625,95310.765625,49692672
2026-01-14 04:45:00+00:00,95273.4375,95273.4375,95243.9609375,95243.9609375,44298240
2026-01-14 04:50:00+00:00,95208.671875,95273.265625,95200.359375,95273.265625,27602944
2026-01-14 04:55:00+00:00,95202.515625,95219.3515625,95182.9765625,95219.3515625,43986944
2026-01-14 05:00:00+00:00,95124.3671875,95191.1328125,95115.9140625,95191.1328125,0
2026-01-14 05:05:00+00:00,95132.0703125,95164.21875,95125.5703125,95164.21875,8417280
2026-01-14 05:10:00+00:00,95132.5703125,95132.5703125,95090.8046875,95101.359375,0
2026-01-14 05:15:00+00:00,95168.4140625,95174.421875,95161.6015625,95164.8984375,0
2026-01-14 05:20:00+00:00,94966.53125,95204.1328125,94966.53125,95183.984375,0
2026-01-14 05:25:00+00:00,94934.296875,95004.2109375,94934.296875,94967.0625,0
2026-01-14 05:30:00+00:00,95029.8671875,95029.8671875,94976.6796875,94985.59375,72458240
2026-01-14 05:35:00+00:00,95183.6328125,95183.6328125,95050.3359375,95050.3359375,0
2026-01-14 05:40:00+00:00,95076.8125,95136.4609375,95073.3203125,95128.90625,0
2026-01-14 05:45:00+00:00,95017.859375,95106.7265625,94994.609375,95003.25,82538496
2026-01-14 05:50:00+00:00,94966.84375,94996.984375,94966.84375,94990.71875,0
2026-01-14 05:55:00+00:00,94988.1640625,94990.3125,94975.453125,94975.453125,321605632
2026-01-14 06:00:00+00:00,94846.1953125,94970.9765625,94846.1953125,94970.9765625,6754304
2026-01-14 06:05:00+00:00,94732.46875,94872.515625,94732.46875,94872.515625,0
2026-01-14 06:10:00+00:00,94831.890625,94845.5703125,94717.8984375,94763.9765625,1099612160
2026-01-14 06:15:00+00:00,94747.796875,94839.0,94747.796875,94823.1171875,54886400
2026-01-14 06:20:00+00:00,94692.6015625,94738.6796875,94692.6015625,94738.6796875,111288320
2026-01-14 06:25:00+00:00,94662.421875,94687.1796875,94658.625,94658.625,286318592
2026-01-14 06:30:00+00:00,94650.7421875,94706.3359375,94644.9453125,94668.828125,0
2026-01-14 06:35:00+00:00,94777.234375,94777.234375,94583.046875,94583.046875,0
2026-01-14 06:40:00+00:00,94838.8984375,94838.8984375,94753.625,94753.625,91009024
2026-01-14 06:45:00+00:00,94883.109375,94918.453125,94851.765625,94851.765625,0
2026-01-14 06:50:00+00:00,94922.796875,94922.796875,94884.84375,94884.84375,26832896
2026-01-14 06:55:00+00:00,94976.859375,94976.859375,94920.71875,94920.71875,254603264
2026-01-14 07:00:00+00:00,94916.0625,94985.765625,94916.0625,94985.765625,0
2026-01-14 07:05:00+00:00,95064.703125,95064.703125,94982.6484375,94982.6484375,0
2026-01-14 07:10:00+00:00,95009.296875,95066.125,95009.296875,95038.9140625,306741248
2026-01-14 07:15:00+00:00,95058.2109375,95118.78125,94977.078125,94997.203125,81289216
2026-01-14 07:20:00+00:00,95005.8984375,95060.453125,95005.8984375,95060.453125,8650752
2026-01-14 07:25:00+00:00,94912.21875,95019.328125,94912.21875,95019.328125,0
2026-01-14 07:30:00+00:00,94854.7578125,94908.359375,94840.03125,94908.359375,0
2026-01-14 07:35:00+00:00,94894.296875,94920.703125,94874.140625,94874.140625,393990144
2026-01-14 07:40:00+00:00,94968.703125,94980.4453125,94867.9765625,94867.9765625,127471616
2026-01-14 07:45:00+00:00,95162.2734375,95162.2734375,94975.4453125,94975.4453125,0
2026-01-14 07:50:00+00:00,95162.9140625,95162.9140625,95157.0078125,95157.0078125,0
2026-01-14 07:55:00+00:00,95176.1328125,95176.1328125,95157.25,95157.25,1393610752
2026-01-14 08:00:00+00:00,95192.671875,95210.6953125,95162.828125,95162.828125,112111616
2026-01-14 08:05:00+00:00,95225.0859375,95231.53125,95205.953125,95220.625,39759872
2026-01-14 08:10:00+00:00,95225.0859375,95231.328125,95176.8203125,95176.8203125,70119424
2026-01-14 08:15:00+00:00,95215.3515625,95229.34375,95215.3515625,95222.8984375,10735616
2026-01-14 08:20:00+00:00,95200.4296875,95213.234375,95182.109375,95182.109375,0
2026-01-14 08:25:00+00:00,95144.9453125,95199.0078125,95144.9453125,95199.0078125,0
2026-01-14 08:30:00+00:00,95107.21875,95138.4609375,95107.21875,95138.4609375,0
2026-01-14 08:35:00+00:00,94990.6640625,95101.234375,94990.6640625,95098.1015625,0
2026-01-14 08:40:00+00:00,94906.8828125,94971.8984375,94906.8828125,94971.8984375,0
2026-01-14 08:45:00+00:00,94899.484375,94929.7265625,94899.484375,94915.140625,225804288
2026-01-14 08:50:00+00:00,94891.109375,94901.3359375,94875.5546875,94901.3359375,0
2026-01-14 08:55:00+00:00,94868.3046875,94887.40625,94860.3125,94860.3125,26791936
2026-01-14 09:00:00+00:00,94855.9765625,94879.0390625,94849.390625,94852.8203125,0
2026-01-14 09:05:00+00:00,94948.6796875,94948.6796875,94853.4609375,94853.4609375,0
2026-01-14 09:10:00+00:00,95032.1328125,95040.7890625,94943.3515625,94943.3515625,0
2026-01-14 09:15:00+00:00,95068.9375,95073.3359375,95051.640625,95051.640625,0
2026-01-14 09:20:00+00:00,95110.3515625,95110.3515625,95086.578125,95089.375,0
2026-01-14 09:25:00+00:00,95023.328125,95131.5234375,95023.328125,95131.5234375,0
2026-01-14 09:30:00+00:00,95049.71875,95049.71875,95011.4140625,95017.5859375,0
2026-01-14 09:35:00+00:00,94973.5234375,95074.21875,94973.5234375,95074.21875,0
2026-01-14 09:40:00+00:00,94965.4765625,94971.421875,94960.0703125,94971.421875,0
2026-01-14 09:45:00+00:00,94990.2578125,94990.2578125,94962.2578125,94962.2578125,0
2026-01-14 09:50:00+00:00,94978.6015625,95003.640625,94925.109375,94988.546875,0
2026-01-14 09:55:00+00:00,95038.109375,95040.4921875,94972.1015625,94972.1015625,0
2026-01-14 10:00:00+00:00,95055.1796875,95058.8203125,95046.171875,95051.1640625,0
2026-01-14 10:05:00+00:00,95071.5703125,95071.5703125,95038.09375,95046.9609375,0
2026-01-14 10:10:00+00:00,95125.0546875,95125.0546875,95076.515625,95076.515625,0
2026-01-14 10:15:00+00:00,95213.5859375,95213.5859375,95126.7421875,95126.7421875,36339712
2026-01-14 10:20:00+00:00,94907.6484375,95155.390625,94907.6484375,95155.390625,0
2026-01-14 10:25:00+00:00,94903.9609375,94924.28125,94870.0546875,94924.28125,322789376
2026-01-14 10:30:00+00:00,95085.0859375,95085.0859375,94963.7578125,94963.7578125,173092864
2026-01-14 10:35:00+00:00,94953.703125,94981.25,94919.359375,94981.25,265400320
2026-01-14 10:40:00+00:00,95057.1015625,95107.6484375,95057.1015625,95074.625,0
2026-01-14 10:45:00+00:00,95073.765625,95074.984375,95056.1796875,95056.1796875,86134784
2026-01-14 10:50:00+00:00,95136.8359375,95144.1796875,95070.09375,95070.09375,0
2026-01-14 10:55:00+00:00,95059.109375,95114.3671875,95059.109375,95114.3671875,71233536
2026-01-14 11:00:00+00:00,94945.09375,95042.125,94945.09375,95042.125,0
2026-01-14 11:05:00+00:00,94956.953125,94989.71875,94949.4296875,94949.4296875,0
2026-01-14 11:10:00+00:00,94869.0,94951.96875,94863.1484375,94951.96875,279818240
2026-01-14 11:15:00+00:00,94840.84375,94868.0625,94828.5703125,94868.0625,0
2026-01-14 11:20:00+00:00,94906.3671875,94906.3671875,94784.4453125,94784.4453125,875286528
2026-01-14 11:25:00+00:00,94928.7421875,94936.1875,94927.796875,94928.4765625,0
2026-01-14 11:30:00+00:00,94932.96875,94932.96875,94919.453125,94924.9453125,1532571648
2026-01-14 11:35:00+00:00,94875.015625,94924.8671875,94866.6328125,94924.8671875,17264640
2026-01-14 11:40:00+00:00,94884.6171875,94923.7890625,94878.0703125,94923.7890625,0
2026-01-14 11:45:00+00:00,94837.40625,94877.3515625,94837.40625,94875.453125,0
2026-01-14 11:50:00+00:00,94748.375,94820.9140625,94737.0546875,94820.9140625,0
2026-01-14 11:55:00+00:00,94706.0078125,94747.2890625,94706.0078125,94736.5390625,0
2026-01-14 12:00:00+00:00,94725.203125,94737.578125,94701.1328125,94727.6953125,1208246272
2026-01-14 12:05:00+00:00,94884.3359375,94884.3359375,94749.203125,94749.203125,0
2026-01-14 12:10:00+00:00,94953.0703125,94953.0703125,94841.65625,94841.65625,56872960
2026-01-14 12:15:00+00:00,94936.4609375,94961.9921875,94936.4609375,94961.9921875,17178624
2026-01-14 12:20:00+00:00,95043.21875,95043.21875,94933.6875,94942.03125,26374144
2026-01-14 12:25:00+00:00,95033.640625,95040.0234375,95021.40625,95036.7734375,37855232
2026-01-14 12:30:00+00:00,95037.109375,95046.6875,95027.4375,95027.4375,206442496
2026-01-14 12:35:00+00:00,95071.3203125,95102.671875,95056.6796875,95056.6796875,0
2026-01-14 12:40:00+00:00,95016.1171875,95092.390625,95016.1171875,95092.390625,79994880
2026-01-14 12:45:00+00:00,95008.03125,95023.1796875,95008.03125,95013.2265625,0
2026-01-14 12:50:00+00:00,95011.046875,95016.125,95011.046875,95013.9765625,0
2026-01-14 12:55:00+00:00,95031.6484375,95031.6484375,95021.59375,95021.59375,0
2026-01-14 13:00:00+00:00,94968.1953125,95028.859375,94968.1953125,95028.859375,0
2026-01-14 13:05:00+00:00,94996.1484375,95011.7265625,94903.171875,94919.03125,8892416
2026-01-14 13:10:00+00:00,94976.40625,95001.1015625,94976.40625,95001.1015625,0
2026-01-14 13:15:00+00:00,94992.234375,94992.234375,94922.03125,94922.03125,10133504
2026-01-14 13:20:00+00:00,95183.5625,95183.5625,94988.984375,94988.984375,0
2026-01-14 13:25:00+00:00,95169.0078125,95169.0078125,95101.2578125,95146.828125,362848256
2026-01-14 13:30:00+00:00,95058.0390625,95141.6015625,95058.0390625,95141.6015625,0
2026-01-14 13:35:00+00:00,95057.8515625,95067.1484375,95034.2109375,95034.2109375,0
2026-01-14 13:40:00+00:00,95064.359375,95064.359375,95033.4375,95038.5859375,0
2026-01-14 13:45:00+00:00,94934.8203125,95036.8359375,94934.8203125,95036.8359375,0
2026-01-14 13:50:00+00:00,94884.2109375,94928.8671875,94861.1015625,94928.8671875,16912384
2026-01-14 13:55:00+00:00,94937.046875,94937.046875,94882.8515625,94882.8515625,0
2026-01-14 14:00:00+00:00,95101.9296875,95101.9296875,94951.84375,94958.4921875,0
2026-01-14 14:05:00+00:00,95271.0703125,95271.0703125,95194.546875,95226.1171875,0
2026-01-14 14:10:00+00:00,95425.2109375,95439.71875,95287.375,95287.375,280330240
2026-01-14 14:15:00+00:00,95575.3125,95575.3125,95422.1875,95436.8046875,192077824
2026-01-14 14:20:00+00:00,95693.5859375,95693.5859375,95557.8984375,95557.8984375,47054848
2026-01-14 14:25:00+00:00,95592.8359375,95751.5859375,95564.9765625,95751.5859375,161406976
2026-01-14 14:30:00+00:00,95446.0234375,95617.6328125,95352.71875,95617.6328125,0
2026-01-14 14:35:00+00:00,95822.6015625,95822.6015625,95435.0703125,95516.171875,1050083328
2026-01-14 14:40:00+00:00,95913.4921875,95913.4921875,95784.0390625,95784.0390625,0
2026-01-14 14:45:00+00:00,96493.546875,96493.546875,95828.78125,95828.78125,379346944
2026-01-14 14:50:00+00:00,96625.2109375,96625.2109375,96466.703125,96510.4765625,256479232
2026-01-14 14:55:00+00:00,96460.421875,96734.7109375,96460.421875,96734.7109375,1118248960
2026-01-14 15:00:00+00:00,96232.4453125,96450.109375,96232.4453125,96450.109375,0
2026-01-14 15:05:00+00:00,96428.9765625,96569.96875,96306.984375,96306.984375,253558784
2026-01-14 15:10:00+00:00,96984.578125,96984.578125,96432.7890625,96432.7890625,226107392
2026-01-14 15:15:00+00:00,96810.96875,96946.0625,96810.96875,96946.0625,610226176
2026-01-14 15:20:00+00:00,96810.9140625,96872.5546875,96810.9140625,96854.7265625,286351360
2026-01-14 15:25:00+00:00,96847.484375,96924.3359375,96847.484375,96881.078125,541188096
2026-01-14 15:30:00+00:00,96749.1328125,96749.1328125,96668.4921875,96746.7109375,307060736
2026-01-14 15:35:00+00:00,96439.7890625,96850.90625,96439.7890625,96850.84375,237223936
2026-01-14 15:40:00+00:00,96348.8671875,96464.203125,96348.8671875,96442.625,0
2026-01-14 15:45:00+00:00,96576.2421875,96576.2421875,96396.8203125,96410.0625,37777408
2026-01-14 15:50:00+00:00,96651.0,96651.0,96513.4765625,96610.1328125,101158912
2026-01-14 15:55:00+00:00,96710.59375,96791.1640625,96710.59375,96728.671875,238878720
2026-01-14 16:00:00+00:00,97002.390625,97002.390625,96699.578125,96699.578125,0
2026-01-14 16:05:00+00:00,97033.8671875,97033.8671875,96925.9609375,96971.9140625,0
2026-01-14 16:10:00+00:00,97463.875,97463.875,97233.75,97233.75,403935232
2026-01-14 16:15:00+00:00,97192.5,97440.4609375,97192.5,97364.6171875,0
2026-01-14 16:20:00+00:00,97181.6484375,97339.4296875,97181.6484375,97227.0859375,151957504
2026-01-14 16:25:00+00:00,97233.1953125,97233.1953125,97163.21875,97163.21875,1542975488
2026-01-14 16:30:00+00:00,97361.953125,97433.6875,97243.7734375,97243.7734375,408186880
2026-01-14 16:35:00+00:00,97312.359375,97312.359375,97020.0546875,97164.328125,0
2026-01-14 16:40:00+00:00,97498.265625,97498.265625,97461.84375,97473.9921875,972701696
2026-01-14 16:45:00+00:00,97566.859375,97566.859375,97457.3046875,97457.3046875,415178752
2026-01-14 16:50:00+00:00,97475.6796875,97477.1953125,97437.1796875,97477.1953125,86433792
2026-01-14 16:55:00+00:00,97212.4921875,97445.21875,97153.671875,97445.21875,12832768
2026-01-14 17:00:00+00:00,97458.1015625,97458.1015625,97245.53125,97245.53125,135921664
2026-01-14 17:05:00+00:00,97560.0390625,97560.0390625,97375.8203125,97375.8203125,141213696
2026-01-14 17:10:00+00:00,97703.515625,97703.515625,97604.46875,97614.7265625,231186432
2026-01-14 17:15:00+00:00,97586.109375,97747.125,97586.109375,97671.90625,647548928
2026-01-14 17:20:00+00:00,97646.71875,97667.2265625,97614.34375,97643.5703125,110477312
2026-01-14 17:25:00+00:00,97626.546875,97690.9453125,97606.796875,97606.796875,266514432
2026-01-14 17:30:00+00:00,97256.25,97581.5703125,97256.25,97581.5703125,0
2026-01-14 17:35:00+00:00,96918.484375,97106.7578125,96918.484375,97106.7578125,238952448
2026-01-14 17:40:00+00:00,97176.53125,97176.53125,96894.046875,96894.046875,172974080
2026-01-14 17:45:00+00:00,97416.71875,97416.71875,97189.359375,97195.59375,399310848
2026-01-14 17:50:00+00:00,96978.5625,97360.46875,96978.5625,97360.46875,358617088
2026-01-14 17:55:00+00:00,96941.90625,97027.5625,96928.3203125,96967.6640625,369987584
2026-01-14 18:00:00+00:00,96891.4765625,97015.2421875,96872.4296875,96953.8359375,0
2026-01-14 18:05:00+00:00,97032.4921875,97086.8515625,97028.3046875,97028.3046875,6623232
2026-01-14 18:10:00+00:00,96720.921875,97066.671875,96720.921875,97066.671875,108359680
2026-01-14 18:15:00+00:00,96825.6640625,96825.6640625,96710.1953125,96761.140625,0
2026-01-14 18:20:00+00:00,96892.7578125,96892.7578125,96854.375,96854.375,0
2026-01-14 18:25:00+00:00,96973.7265625,96983.6015625,96957.265625,96957.265625,1367433216
2026-01-14 18:30:00+00:00,96556.4609375,97050.6796875,96556.4609375,97050.6796875,0
2026-01-14 18:35:00+00:00,96376.3203125,96508.5234375,96376.3203125,96508.5234375,0
2026-01-14 18:40:00+00:00,96461.8125,96518.4609375,96330.5703125,96330.5703125,457916416
2026-01-14 18:45:00+00:00,96557.609375,96557.609375,96295.0625,96384.15625,112635904
2026-01-14 18:50:00+00:00,96758.75,96791.7421875,96667.8984375,96667.8984375,69210112
2026-01-14 18:55:00+00:00,96835.984375,96853.140625,96772.859375,96772.859375,67788800
2026-01-14 19:00:00+00:00,96713.3984375,96801.8359375,96694.8359375,96801.8359375,0
2026-01-14 19:05:00+00:00,96807.203125,96807.203125,96716.765625,96767.984375,0
2026-01-14 19:10:00+00:00,96839.328125,96913.828125,96839.328125,96895.109375,153001984
2026-01-14 19:15:00+00:00,97087.828125,97087.828125,96951.03125,96951.03125,125091840
2026-01-14 19:20:00+00:00,97312.359375,97312.359375,97123.984375,97123.984375,111521792
2026-01-14 19:25:00+00:00,97369.0390625,97369.0390625,97312.265625,97314.3046875,513429504
2026-01-14 19:30:00+00:00,97305.0703125,97519.5234375,97305.0703125,97519.5234375,0
2026-01-14 19:35:00+00:00,97200.109375,97276.078125,97127.9921875,97276.078125,125140992
2026-01-14 19:40:00+00:00,97368.03125,97419.4609375,97291.5859375,97291.5859375,297115648
2026-01-14 19:45:00+00:00,97397.6015625,97397.6015625,97357.59375,97366.5546875,0
2026-01-14 19:50:00+00:00,97275.828125,97489.3984375,97275.828125,97430.0,0
2026-01-14 19:55:00+00:00,97274.1875,97292.5703125,97222.65625,97292.5703125,0
2026-01-14 20:00:00+00:00,97279.296875,97296.5078125,97221.5078125,97244.59375,0
2026-01-14 20:05:00+00:00,97607.5078125,97607.5078125,97309.1484375,97309.1484375,0
2026-01-14 20:10:00+00:00,97721.6875,97860.6015625,97586.671875,97635.21875,109817856
2026-01-14 20:15:00+00:00,97533.7734375,97645.265625,97451.1953125,97645.265625,363917312
2026-01-14 20:20:00+00:00,97592.9296875,97592.9296875,97499.3828125,97572.1875,0
2026-01-14 20:25:00+00:00,97304.4375,97551.875,97304.4375,97551.875,0
2026-01-14 20:30:00+00:00,97538.3046875,97538.3046875,97349.6015625,97349.6015625,47185920
2026-01-14 20:35:00+00:00,97612.7109375,97612.7109375,97473.203125,97501.640625,0
2026-01-14 20:40:00+00:00,97592.96875,97735.1171875,97592.96875,97735.1171875,890413056
2026-01-14 20:45:00+00:00,97501.9296875,97576.9296875,97501.9296875,97576.9296875,0
2026-01-14 20:50:00+00:00,97522.4609375,97522.4609375,97438.921875,97476.4921875,0
2026-01-14 20:55:00+00:00,97585.109375,97585.109375,97521.9765625,97535.1015625,0
2026-01-14 21:00:00+00:00,97540.3359375,97641.6953125,97448.828125,97641.6953125,0
2026-01-14 21:05:00+00:00,97550.4921875,97607.2890625,97545.3046875,97545.3046875,0
2026-01-14 21:10:00+00:00,97502.890625,97502.890625,97483.6015625,97483.6015625,0
2026-01-14 21:15:00+00:00,97582.6015625,97582.6015625,97484.9375,97488.109375,33202176
2026-01-14 21:20:00+00:00,97579.2890625,97579.2890625,97511.7890625,97527.625,0
2026-01-14 21:25:00+00:00,97591.5703125,97591.5703125,97524.9140625,97580.6015625,0
2026-01-14 21:30:00+00:00,97679.9296875,97679.9296875,97584.015625,97584.015625,0
2026-01-14 21:35:00+00:00,97686.171875,97686.171875,97626.0859375,97669.28125,0
2026-01-14 21:40:00+00:00,97537.7109375,97658.203125,97537.7109375,97658.203125,150908928
2026-01-14 21:45:00+00:00,97530.3828125,97530.3828125,97505.734375,97519.3359375,0
2026-01-14 21:50:00+00:00,97572.5234375,97594.015625,97535.546875,97535.546875,0
2026-01-14 21:55:00+00:00,97443.15625,97486.96875,97409.546875,97486.96875,0
2026-01-14 22:00:00+00:00,97497.859375,97542.9453125,97497.859375,97528.46875,0
2026-01-14 22:05:00+00:00,97418.6875,97443.453125,97400.8359375,97443.453125,703483904
2026-01-14 22:10:00+00:00,97348.375,97418.890625,97348.375,97383.1328125,0
2026-01-14 22:15:00+00:00,97388.2578125,97388.2578125,97359.234375,97359.234375,0
2026-01-14 22:20:00+00:00,97458.5546875,97472.9296875,97398.984375,97398.984375,0
2026-01-14 22:25:00+00:00,97367.6640625,97429.9609375,97352.1484375,97429.9609375,0
2026-01-14 22:30:00+00:00,97207.8125,97350.7265625,97207.8125,97350.7265625,59441152
2026-01-14 22:35:00+00:00,97140.875,97228.0390625,97140.875,97228.0390625,2473984
2026-01-14 22:40:00+00:00,97012.1796875,97097.8515625,96910.21875,97097.8515625,0
2026-01-14 22:45:00+00:00,97240.7890625,97240.7890625,97036.265625,97042.4453125,320516096
2026-01-14 22:50:00+00:00,97049.7890625,97242.75,97049.7890625,97242.75,0
2026-01-14 22:55:00+00:00,96915.5625,96996.46875,96832.3359375,96996.46875,149770240
2026-01-14 23:00:00+00:00,97083.9921875,97083.9921875,96894.984375,96894.984375,0
2026-01-14 23:05:00+00:00,97231.734375,97231.734375,97101.109375,97101.109375,0
2026-01-14 23:10:00+00:00,97253.1171875,97253.1171875,97183.265625,97228.1015625,0
2026-01-14 23:15:00+00:00,97217.6328125,97324.4453125,97217.6328125,97247.5625,0
2026-01-14 23:20:00+00:00,97162.7421875,97190.2265625,97162.7421875,97183.1015625,693051392
2026-01-14 23:25:00+00:00,96991.78125,97149.78125,96991.78125,97149.78125,0
2026-01-14 23:30:00+00:00,96937.3359375,97005.9140625,96898.6328125,97005.9140625,0
2026-01-14 23:35:00+00:00,97072.8046875,97087.3359375,96944.0859375,96944.0859375,0
2026-01-14 23:40:00+00:00,97018.640625,97074.8515625,97018.640625,97074.8515625,0
2026-01-14 23:45:00+00:00,97021.296875,97048.3828125,97000.546875,97048.3828125,735031296
2026-01-14 23:50:00+00:00,97018.9453125,97056.8359375,97018.203125,97018.203125,0
2026-01-14 23:55:00+00:00,96932.2109375,97032.0625,96932.2109375,97032.0625,113278976
2026-01-15 00:00:00+00:00,96792.203125,96934.609375,96792.203125,96934.609375,0
2026-01-15 00:05:00+00:00,96855.828125,96886.5703125,96781.9609375,96834.3828125,0
2026-01-15 00:10:00+00:00,96937.8125,96937.8125,96814.9609375,96822.3828125,391012352
2026-01-15 00:15:00+00:00,96903.6640625,96973.4609375,96903.6640625,96933.40625,0
2026-01-15 00:20:00+00:00,96761.0546875,96830.28125,96733.4921875,96808.1796875,528310272
2026-01-15 00:25:00+00:00,96711.3984375,96775.234375,96711.3984375,96775.234375,55050240
2026-01-15 00:30:00+00:00,96604.84375,96726.3515625,96604.84375,96683.703125,0
2026-01-15 00:35:00+00:00,96527.703125,96578.3828125,96527.703125,96578.3828125,0
2026-01-15 00:40:00+00:00,96584.5625,96601.2578125,96527.703125,96527.703125,484556800
2026-01-15 00:45:00+00:00,96563.9296875,96621.03125,96508.34375,96598.2734375,232128512
2026-01-15 00:50:00+00:00,96551.3125,96572.9375,96523.5546875,96572.9375,0
2026-01-15 00:55:00+00:00,96573.6328125,96573.6328125,96514.5703125,96517.8671875,49152
2026-01-15 01:00:00+00:00,96825.390625,96825.390625,96614.0703125,96614.0703125,53428224
2026-01-15 01:05:00+00:00,96807.3046875,96928.6328125,96807.3046875,96913.7265625,194781184
2026-01-15 01:10:00+00:00,96806.4453125,96823.203125,96789.8671875,96789.8671875,0
2026-01-15 01:15:00+00:00,96713.1171875,96754.7578125,96713.1171875,96754.7578125,0
2026-01-15 01:20:00+00:00,96529.7109375,96716.6953125,96507.4375,96716.6953125,1929216
2026-01-15 01:25:00+00:00,96626.3359375,96626.3359375,96531.21875,96531.21875,252596224
2026-01-15 01:30:00+00:00,96310.796875,96528.8359375,96310.796875,96528.8359375,0
2026-01-15 01:35:00+00:00,96555.4921875,96555.4921875,96313.671875,96313.671875,274980864
2026-01-15 01:40:00+00:00,96464.8828125,96501.1484375,96455.8125,96499.1015625,0
2026-01-15 01:45:00+00:00,96419.078125,96483.7421875,96419.078125,96480.90625,0
2026-01-15 01:50:00+00:00,96536.2734375,96536.2734375,96403.59375,96422.546875,368054272
2026-01-15 01:55:00+00:00,96418.140625,96506.4296875,96418.140625,96506.4296875,0
2026-01-15 02:00:00+00:00,96457.5,96463.59375,96434.84375,96434.84375,0
2026-01-15 02:05:00+00:00,96568.15625,96568.15625,96455.296875,96456.046875,229154816
2026-01-15 02:10:00+00:00,96407.96875,96526.515625,96407.96875,96526.515625,0
2026-01-15 02:15:00+00:00,96499.1015625,96499.1015625,96370.140625,96370.140625,34643968
2026-01-15 02:20:00+00:00,96439.734375,96552.8828125,96439.734375,96552.8828125,0
2026-01-15 02:25:00+00:00,96492.8984375,96519.9765625,96454.4375,96454.4375,0
2026-01-15 02:30:00+00:00,96538.234375,96578.609375,96503.203125,96503.203125,0
2026-01-15 02:35:00+00:00,96245.46875,96390.7265625,96154.34375,96390.7265625,356110336
2026-01-15 02:40:00+00:00,96331.0078125,96375.8125,96246.296875,96246.296875,0
2026-01-15 02:45:00+00:00,96193.4609375,96300.890625,96168.40625,96300.890625,94580736
2026-01-15 02:50:00+00:00,96167.453125,96252.6796875,96167.453125,96242.3046875,0
2026-01-15 02:55:00+00:00,96236.4921875,96258.4609375,96177.4609375,96177.4609375,228773888
2026-01-15 03:00:00+00:00,96288.9765625,96324.0078125,96288.9765625,96292.828125,0
2026-01-15 03:05:00+00:00,96186.921875,96341.265625,96184.7421875,96274.4140625,75575296
2026-01-15 03:10:00+00:00,96244.6640625,96291.296875,96194.59375,96194.59375,271187968
2026-01-15 03:15:00+00:00,96189.953125,96312.421875,96189.953125,96259.375,0
2026-01-15 03:20:00+00:00,96169.5234375,96203.015625,96158.765625,96158.765625,37048320
2026-01-15 03:25:00+00:00,96036.015625,96179.4296875,95981.984375,96179.4296875,283824128
2026-01-15 03:30:00+00:00,96063.3125,96063.3125,95888.5546875,95888.5546875,0
2026-01-15 03:35:00+00:00,95815.671875,96024.046875,95815.671875,96024.046875,331366400
2026-01-15 03:40:00+00:00,95880.28125,95880.28125,95763.4375,95763.4375,0
2026-01-15 03:45:00+00:00,95903.078125,95946.3984375,95826.390625,95880.5,775319552
2026-01-15 03:50:00+00:00,95865.6875,95903.4453125,95825.4375,95903.4453125,12951552
2026-01-15 03:55:00+00:00,95963.015625,95963.015625,95850.5703125,95872.53125,290336768
2026-01-15 04:00:00+00:00,96071.140625,96071.140625,95930.7421875,95941.859375,0
2026-01-15 04:05:00+00:00,96016.046875,96075.390625,96004.1484375,96075.390625,0
2026-01-15 04:10:00+00:00,96042.8359375,96085.78125,96035.9140625,96037.1953125,166326272
2026-01-15 04:15:00+00:00,96066.5,96066.5,95991.9140625,96043.5234375,0
2026-01-15 04:20:00+00:00,96188.0546875,96188.0546875,96052.359375,96069.484375,515178496
2026-01-15 04:25:00+00:00,96177.8046875,96327.546875,96177.8046875,96327.546875,0
2026-01-15 04:30:00+00:00,96232.234375,96247.34375,96163.546875,96210.390625,62472192
2026-01-15 04:35:00+00:00,96216.703125,96232.234375,96196.7734375,96232.234375,316149760
2026-01-15 04:40:00+00:00,96233.265625,96233.265625,96217.4609375,96223.984375,33210368
2026-01-15 04:45:00+00:00,96200.0234375,96210.8515625,96185.640625,96203.21875,18108416
2026-01-15 04:50:00+00:00,96218.7265625,96218.7265625,96192.4296875,96211.3046875,0
2026-01-15 04:55:00+00:00,96151.6796875,96225.609375,96133.59375,96213.5859375,26759168
2026-01-15 05:00:00+00:00,96320.109375,96426.6640625,96243.6484375,96243.6484375,5197824
2026-01-15 05:05:00+00:00,96317.5234375,96356.90625,96317.5234375,96351.1953125,0
2026-01-15 05:10:00+00:00,96279.296875,96334.109375,96279.296875,96333.9609375,39469056
2026-01-15 05:15:00+00:00,96315.8046875,96315.8046875,96270.6640625,96280.8984375,24879104
2026-01-15 05:20:00+00:00,96287.2734375,96365.4765625,96287.2734375,96365.4765625,0
2026-01-15 05:25:00+00:00,96272.21875,96297.8125,96272.21875,96297.8125,0
2026-01-15 05:30:00+00:00,96283.0703125,96283.0703125,96239.328125,96239.328125,0
2026-01-15 05:35:00+00:00,96354.6484375,96354.6484375,96237.453125,96237.453125,233873408
2026-01-15 05:40:00+00:00,96400.40625,96400.40625,96330.2265625,96339.4921875,0
2026-01-15 05:45:00+00:00,96468.2890625,96468.2890625,96407.3828125,96407.3828125,0
2026-01-15 05:50:00+00:00,96421.40625,96440.4609375,96419.7109375,96440.4609375,250490880
2026-01-15 05:55:00+00:00,96392.03125,96404.7265625,96388.1953125,96404.7265625,0
2026-01-15 06:00:00+00:00,96460.0703125,96460.0703125,96401.4296875,96406.0390625,0
2026-01-15 06:05:00+00:00,96391.828125,96474.015625,96391.828125,96474.015625,33079296
2026-01-15 06:10:00+00:00,96391.359375,96404.5234375,96377.15625,96388.5234375,0
2026-01-15 06:15:00+00:00,96492.34375,96501.078125,96420.703125,96420.703125,0
2026-01-15 06:20:00+00:00,96521.53125,96529.1015625,96469.3828125,96529.1015625,0
2026-01-15 06:25:00+00:00,96491.875,96509.25,96479.34375,96509.25,0
2026-01-15 06:30:00+00:00,96366.2734375,96474.703125,96366.2734375,96473.421875,0
2026-01-15 06:35:00+00:00,96247.5859375,96324.328125,96227.1328125,96324.328125,13312000
2026-01-15 06:40:00+00:00,96188.203125,96240.4453125,96188.203125,96229.1171875,0
2026-01-15 06:45:00+00:00,96239.3046875,96261.34375,96161.8046875,96205.6171875,547192832
2026-01-15 06:50:00+00:00,96257.375,96292.203125,96256.4375,96265.203125,7204864
2026-01-15 06:55:00+00:00,96281.8203125,96298.046875,96254.328125,96259.609375,0
2026-01-15 07:00:00+00:00,96222.2421875,96275.9765625,96193.765625,96275.9765625,122232832
2026-01-15 07:05:00+00:00,96244.8203125,96269.9921875,96216.9140625,96261.3828125,0
2026-01-15 07:10:00+00:00,96245.25,96266.96875,96245.25,96256.984375,162959360
2026-01-15 07:15:00+00:00,96335.2109375,96344.0546875,96219.3828125,96219.3828125,96440320
2026-01-15 07:20:00+00:00,96421.2578125,96421.2578125,96325.046875,96325.046875,0
2026-01-15 07:25:00+00:00,96442.8203125,96455.0859375,96414.2109375,96455.0859375,0
2026-01-15 07:30:00+00:00,96509.2109375,96533.71875,96441.09375,96451.3046875,0
2026-01-15 07:35:00+00:00,96524.1015625,96524.1015625,96485.984375,96514.8203125,0
2026-01-15 07:40:00+00:00,96586.859375,96651.6484375,96536.7734375,96536.7734375,921600
2026-01-15 07:45:00+00:00,96571.1015625,96642.203125,96571.1015625,96591.0078125,0
2026-01-15 07:50:00+00:00,96516.3359375,96544.28125,96516.3359375,96544.28125,0
2026-01-15 07:55:00+00:00,96516.46875,96528.6875,96516.46875,96528.6875,0
2026-01-15 08:00:00+00:00,96455.8125,96560.265625,96455.8125,96560.265625,108605440
2026-01-15 08:05:00+00:00,96494.6015625,96560.1171875,96494.6015625,96535.8828125,0
2026-01-15 08:10:00+00:00,96451.484375,96499.21875,96417.171875,96499.21875,431005696
2026-01-15 08:15:00+00:00,96420.7109375,96446.484375,96420.7109375,96446.484375,0
2026-01-15 08:20:00+00:00,96524.0625,96527.1015625,96411.4296875,96411.4296875,258170880
2026-01-15 08:25:00+00:00,96393.375,96514.703125,96393.375,96514.703125,96751616
2026-01-15 08:30:00+00:00,96309.9296875,96351.34375,96309.9296875,96351.171875,0
2026-01-15 08:35:00+00:00,96316.1484375,96327.3046875,96315.1875,96319.2890625,0
2026-01-15 08:40:00+00:00,96362.8046875,96372.78125,96347.7890625,96347.7890625,230363136
2026-01-15 08:45:00+00:00,96489.7578125,96489.7578125,96409.3515625,96409.3515625,52637696
2026-01-15 08:50:00+00:00,96529.3125,96570.25,96526.0078125,96526.0078125,92450816
2026-01-15 08:55:00+00:00,96614.46875,96618.5546875,96570.609375,96570.609375,60276736
2026-01-15 09:00:00+00:00,96572.1875,96617.703125,96572.1875,96617.703125,0
2026-01-15 09:05:00+00:00,96609.0625,96609.0625,96555.796875,96555.796875,0
2026-01-15 09:10:00+00:00,96589.21875,96651.1796875,96589.21875,96651.1796875,0
2026-01-15 09:15:00+00:00,96594.5703125,96600.78125,96545.96875,96578.7890625,102969344
2026-01-15 09:20:00+00:00,96601.03125,96637.75,96600.34375,96600.34375,34959360
2026-01-15 09:25:00+00:00,96779.1015625,96779.1015625,96632.53125,96632.53125,0
2026-01-15 09:30:00+00:00,96752.03125,96752.03125,96681.109375,96745.7734375,335872000
2026-01-15 09:35:00+00:00,96863.15625,96863.15625,96778.03125,96778.03125,1576960
2026-01-15 09:40:00+00:00,97054.375,97054.375,96934.109375,96942.3203125,0
2026-01-15 09:45:00+00:00,96986.5,97043.2265625,96986.5,97043.2265625,173182976
2026-01-15 09:50:00+00:00,97068.0078125,97076.765625,96986.90625,96986.90625,355565568
2026-01-15 09:55:00+00:00,97046.734375,97150.171875,97039.421875,97096.046875,263147520
2026-01-15 10:00:00+00:00,96942.4609375,97013.7109375,96942.4609375,96994.9921875,0
2026-01-15 10:05:00+00:00,96909.5703125,96953.453125,96893.375,96920.71875,0
2026-01-15 10:10:00+00:00,96834.0390625,96883.9375,96834.0390625,96883.9375,217583616
2026-01-15 10:15:00+00:00,96788.734375,96831.4609375,96788.734375,96831.4609375,213639168
2026-01-15 10:20:00+00:00,96887.984375,96887.984375,96803.6640625,96803.6640625,0
2026-01-15 10:25:00+00:00,96789.5546875,96867.6328125,96789.5546875,96867.125,0
2026-01-15 10:30:00+00:00,96742.3671875,96784.734375,96732.1171875,96773.4921875,116621312
2026-01-15 10:35:00+00:00,96743.21875,96791.75,96736.78125,96791.75,0
2026-01-15 10:40:00+00:00,96731.640625,96753.4921875,96720.890625,96753.4921875,0
2026-01-15 10:45:00+00:00,96815.7109375,96815.7109375,96739.3984375,96744.3046875,0
2026-01-15 10:50:00+00:00,96801.203125,96816.3359375,96782.5703125,96785.5234375,3121152
2026-01-15 10:55:00+00:00,96792.0546875,96816.03125,96779.125,96816.03125,0
2026-01-15 11:00:00+00:00,96798.2421875,96803.828125,96772.171875,96788.5,0
2026-01-15 11:05:00+00:00,96733.21875,96774.765625,96716.8671875,96774.765625,0
2026-01-15 11:10:00+00:00,96720.640625,96722.8203125,96693.4921875,96722.8203125,0
2026-01-15 11:15:00+00:00,96692.1484375,96716.96875,96692.1484375,96716.96875,152600576
2026-01-15 11:20:00+00:00,96790.6484375,96800.53125,96744.96875,96744.96875,0
2026-01-15 11:25:00+00:00,96782.546875,96782.546875,96770.4609375,96774.21875,31956992
2026-01-15 11:30:00+00:00,96764.40625,96845.8359375,96764.40625,96792.4375,30162944
2026-01-15 11:35:00+00:00,96660.8359375,96710.4921875,96660.8359375,96710.4921875,10420224
2026-01-15 11:40:00+00:00,96643.484375,96656.9765625,96643.484375,96656.9765625,0
2026-01-15 11:45:00+00:00,96578.5234375,96665.4140625,96578.5234375,96653.1640625,129794048
2026-01-15 11:50:00+00:00,96583.390625,96587.9296875,96570.375,96577.515625,205258752
2026-01-15 11:55:00+00:00,96587.4453125,96606.4375,96558.1796875,96563.796875,96550912
2026-01-15 12:00:00+00:00,96599.0234375,96599.0234375,96517.484375,96551.375,0
2026-01-15 12:05:00+00:00,96613.8046875,96629.890625,96613.8046875,96629.890625,19509248
2026-01-15 12:10:00+00:00,96651.3125,96658.0078125,96627.78125,96627.78125,0
2026-01-15 12:15:00+00:00,96621.4453125,96662.875,96621.4453125,96648.0234375,43241472
2026-01-15 12:20:00+00:00,96586.4375,96599.1171875,96531.7890625,96589.8125,37974016
2026-01-15 12:25:00+00:00,96600.15625,96615.0546875,96572.8359375,96572.8359375,0
2026-01-15 12:30:00+00:00,96596.09375,96612.8203125,96594.3515625,96601.140625,0
2026-01-15 12:35:00+00:00,96623.7578125,96640.015625,96623.625,96640.015625,0
2026-01-15 12:40:00+00:00,96703.5390625,96703.5390625,96622.71875,96622.71875,0
2026-01-15 12:45:00+00:00,96755.1875,96755.1875,96722.6015625,96722.6015625,0
2026-01-15 12:50:00+00:00,96854.3828125,96854.3828125,96757.84375,96757.84375,34422784
2026-01-15 12:55:00+00:00,96940.3046875,96940.3046875,96861.3125,96917.5703125,100163584
2026-01-15 13:00:00+00:00,96874.671875,96957.265625,96874.671875,96946.40625,0
2026-01-15 13:05:00+00:00,96855.7265625,96881.9765625,96852.8828125,96879.625,68964352
2026-01-15 13:10:00+00:00,96823.4921875,96851.6328125,96823.4921875,96843.0703125,276316160
2026-01-15 13:15:00+00:00,96890.8828125,96914.90625,96836.8671875,96836.8671875,23764992
2026-01-15 13:20:00+00:00,96868.515625,96907.734375,96868.515625,96907.734375,0
2026-01-15 13:25:00+00:00,96900.453125,96938.0390625,96876.8359375,96876.8359375,0
2026-01-15 13:30:00+00:00,96669.640625,96904.1484375,96669.640625,96904.1484375,78823424
2026-01-15 13:35:00+00:00,96711.1015625,96711.1015625,96611.4453125,96611.4453125,3809280
2026-01-15 13:40:00+00:00,96751.734375,96751.734375,96690.484375,96690.484375,177958912
2026-01-15 13:45:00+00:00,96955.3515625,96955.3515625,96742.484375,96742.484375,0
2026-01-15 13:50:00+00:00,96847.4375,96965.6953125,96847.4375,96963.1875,34963456
2026-01-15 13:55:00+00:00,96817.375,96876.703125,96817.375,96868.703125,1822720
2026-01-15 14:00:00+00:00,96931.8671875,96931.8671875,96811.3046875,96811.3046875,0
2026-01-15 14:05:00+00:00,96979.40625,96979.40625,96949.2109375,96954.140625,0
2026-01-15 14:10:00+00:00,97092.859375,97092.859375,97021.3125,97021.3125,0
2026-01-15 14:15:00+00:00,97010.625,97097.1171875,96990.28125,97097.1171875,65589248
2026-01-15 14:20:00+00:00,96776.9921875,96991.3359375,96776.9921875,96991.3359375,0
2026-01-15 14:25:00+00:00,96801.34375,96810.0625,96743.703125,96764.40625,0
2026-01-15 14:30:00+00:00,96628.6171875,96773.765625,96619.109375,96748.4453125,178147328
2026-01-15 14:35:00+00:00,96181.40625,96522.3984375,96181.40625,96522.3984375,64507904
2026-01-15 14:40:00+00:00,95929.7578125,96164.625,95929.7578125,96164.625,0
2026-01-15 14:45:00+00:00,95797.1171875,95816.2734375,95627.9453125,95816.2734375,0
2026-01-15 14:50:00+00:00,96130.4140625,96130.4140625,95962.40625,95976.796875,654475264
2026-01-15 14:55:00+00:00,96019.609375,96273.734375,96019.609375,96271.828125,0
2026-01-15 15:00:00+00:00,96122.875,96206.9921875,96027.8515625,96027.8515625,0
2026-01-15 15:05:00+00:00,95972.8828125,96093.40625,95907.921875,96090.2421875,0
2026-01-15 15:10:00+00:00,96226.09375,96282.515625,96211.265625,96249.34375,0
2026-01-15 15:15:00+00:00,96284.875,96331.9296875,96198.140625,96199.609375,0
2026-01-15 15:20:00+00:00,96036.3125,96290.984375,96036.3125,96290.984375,0
2026-01-15 15:25:00+00:00,95856.5234375,96039.953125,95841.8359375,96039.953125,205611008
2026-01-15 15:30:00+00:00,95935.234375,95935.234375,95822.90625,95822.90625,0
2026-01-15 15:35:00+00:00,95633.40625,95956.1640625,95633.40625,95928.9140625,93319168
2026-01-15 15:40:00+00:00,95863.3203125,95863.3203125,95632.1328125,95632.1328125,0
2026-01-15 15:45:00+00:00,95523.1953125,95904.1640625,95523.1953125,95821.1171875,67248128
2026-01-15 15:50:00+00:00,95640.9296875,95640.9296875,95416.09375,95416.09375,181387264
2026-01-15 15:55:00+00:00,96434.890625,96434.890625,95637.3125,95637.3125,319836160
2026-01-15 16:00:00+00:00,96402.9453125,96742.9921875,96402.9453125,96649.9453125,0
2026-01-15 16:05:00+00:00,96269.9609375,96525.3359375,96263.6171875,96525.3359375,216395776
2026-01-15 16:10:00+00:00,96321.09375,96366.1328125,96269.1796875,96269.1796875,217276416
2026-01-15 16:15:00+00:00,96369.3515625,96438.28125,96307.90625,96307.90625,6922240
2026-01-15 16:20:00+00:00,96475.9453125,96475.9453125,96382.8046875,96382.8046875,0
2026-01-15 16:25:00+00:00,96314.5078125,96505.71875,96314.5078125,96505.71875,0
2026-01-15 16:30:00+00:00,96405.1328125,96493.7890625,96373.1640625,96373.1640625,109105152
2026-01-15 16:35:00+00:00,96457.8359375,96457.8359375,96340.2578125,96365.8046875,0
2026-01-15 16:40:00+00:00,96754.4296875,96757.4453125,96475.046875,96475.046875,0
2026-01-15 16:45:00+00:00,96681.8046875,96735.921875,96644.7265625,96717.8828125,0
2026-01-15 16:50:00+00:00,96587.3359375,96663.65625,96554.7265625,96663.65625,123551744
2026-01-15 16:55:00+00:00,96797.609375,96797.609375,96602.140625,96602.140625,0
2026-01-15 17:00:00+00:00,96636.140625,96754.4765625,96636.140625,96696.2578125,0
2026-01-15 17:05:00+00:00,96431.859375,96675.8359375,96431.859375,96646.8046875,0
2026-01-15 17:10:00+00:00,96527.2578125,96534.609375,96464.2734375,96464.2734375,0
2026-01-15 17:15:00+00:00,96530.4921875,96530.4921875,96407.2578125,96490.765625,138715136
2026-01-15 17:20:00+00:00,96573.7890625,96580.8828125,96502.0859375,96502.0859375,0
2026-01-15 17:25:00+00:00,96637.078125,96637.078125,96535.9609375,96535.9609375,0
2026-01-15 17:30:00+00:00,96688.6484375,96688.6484375,96642.1875,96642.1875,0
2026-01-15 17:35:00+00:00,96804.7109375,96831.1953125,96726.8984375,96726.8984375,0
2026-01-15 17:40:00+00:00,96946.25,97015.3515625,96785.8125,96785.8125,0
2026-01-15 17:45:00+00:00,96996.8359375,96996.8359375,96911.0703125,96919.8671875,342130688
2026-01-15 17:50:00+00:00,96664.4453125,96823.859375,96664.4453125,96823.859375,90005504
2026-01-15 17:55:00+00:00,96598.6328125,96630.5,96556.328125,96630.5,0
2026-01-15 18:00:00+00:00,96524.375,96554.703125,96519.421875,96548.8515625,0
2026-01-15 18:05:00+00:00,96555.1015625,96570.9765625,96522.7890625,96546.5703125,218857472
2026-01-15 18:10:00+00:00,96132.4375,96531.625,96127.078125,96531.625,105889792
2026-01-15 18:15:00+00:00,96098.8671875,96223.078125,96098.8671875,96223.078125,0
2026-01-15 18:20:00+00:00,96053.921875,96095.0859375,96010.0234375,96063.15625,101412864
2026-01-15 18:25:00+00:00,96133.265625,96133.265625,96074.171875,96074.171875,115040256
2026-01-15 18:30:00+00:00,95964.34375,96131.96875,95964.34375,96131.96875,213757952
2026-01-15 18:35:00+00:00,95946.9609375,96022.796875,95946.9609375,95980.71875,109383680
2026-01-15 18:40:00+00:00,95890.984375,95900.015625,95815.328125,95900.015625,0
2026-01-15 18:45:00+00:00,95872.234375,95991.828125,95872.234375,95991.828125,257638400
2026-01-15 18:50:00+00:00,95832.6171875,95893.6328125,95811.3046875,95893.6328125,0
2026-01-15 18:55:00+00:00,95793.5625,95889.453125,95793.5625,95803.421875,582819840
2026-01-15 19:00:00+00:00,95609.875,95797.9609375,95571.8125,95797.9609375,103751680
2026-01-15 19:05:00+00:00,95757.890625,95757.890625,95680.5078125,95680.5078125,198483968
2026-01-15 19:10:00+00:00,95792.578125,95882.234375,95771.3125,95784.59375,251596800
2026-01-15 19:15:00+00:00,95821.15625,95821.15625,95707.2578125,95707.2578125,322064384
2026-01-15 19:20:00+00:00,95633.875,95835.1796875,95633.875,95835.1796875,0
2026-01-15 19:25:00+00:00,95467.6484375,95583.78125,95461.7265625,95553.15625,0
2026-01-15 19:30:00+00:00,95481.1015625,95481.1015625,95284.75,95467.78125,18214912
2026-01-15 19:35:00+00:00,95371.4765625,95513.578125,95371.4765625,95513.578125,16134144
2026-01-15 19:40:00+00:00,95309.828125,95354.953125,95303.6484375,95351.796875,263884800
2026-01-15 19:45:00+00:00,95476.7421875,95476.7421875,95349.9453125,95349.9453125,0
2026-01-15 19:50:00+00:00,95544.1328125,95595.265625,95529.0390625,95529.0390625,39538688
2026-01-15 19:55:00+00:00,95411.0859375,95530.109375,95411.0859375,95530.109375,1994752
2026-01-15 20:00:00+00:00,95533.390625,95533.390625,95423.5546875,95423.5546875,0
2026-01-15 20:05:00+00:00,95511.359375,95607.8984375,95464.125,95607.8984375,0
2026-01-15 20:10:00+00:00,95521.4609375,95535.46875,95450.671875,95535.46875,145006592
2026-01-15 20:15:00+00:00,95529.5859375,95529.5859375,95504.8671875,95519.1875,0
2026-01-15 20:20:00+00:00,95402.0390625,95405.0546875,95361.78125,95381.2109375,0
2026-01-15 20:25:00+00:00,95297.4296875,95373.109375,95297.4296875,95373.109375,0
2026-01-15 20:30:00+00:00,95123.125,95171.3359375,95123.125,95157.9453125,0
2026-01-15 20:35:00+00:00,95280.71875,95324.40625,95112.25,95112.25,659206144
2026-01-15 20:40:00+00:00,95254.8046875,95287.546875,95254.8046875,95265.484375,0
2026-01-15 20:45:00+00:00,95201.6171875,95248.1328125,95201.6171875,95232.875,0
2026-01-15 20:50:00+00:00,95254.296875,95254.296875,95123.65625,95123.65625,0
2026-01-15 20:55:00+00:00,95143.53125,95249.328125,95143.53125,95249.328125,0
2026-01-15 21:00:00+00:00,95364.5625,95399.375,95166.8515625,95177.4765625,0
2026-01-15 21:05:00+00:00,95287.1640625,95324.1015625,95287.1640625,95324.1015625,0
2026-01-15 21:10:00+00:00,95287.546875,95289.78125,95275.4765625,95278.640625,309653504
2026-01-15 21:15:00+00:00,95327.6953125,95342.3203125,95284.8984375,95284.8984375,581742592
2026-01-15 21:20:00+00:00,95376.6328125,95398.125,95315.4765625,95315.4765625,0
2026-01-15 21:25:00+00:00,95394.4921875,95394.4921875,95369.4296875,95369.4296875,0
2026-01-15 21:30:00+00:00,95413.4453125,95413.4453125,95367.5390625,95399.7265625,0
2026-01-15 21:35:00+00:00,95442.609375,95442.609375,95408.9765625,95408.9765625,0
2026-01-15 21:40:00+00:00,95432.1015625,95459.6484375,95385.8671875,95459.6484375,0
2026-01-15 21:45:00+00:00,95549.953125,95549.953125,95452.2890625,95452.2890625,2056192
2026-01-15 21:50:00+00:00,95559.234375,95575.203125,95550.1171875,95575.203125,15609856
2026-01-15 21:55:00+00:00,95548.5234375,95548.5234375,95526.1640625,95526.1640625,0
2026-01-15 22:00:00+00:00,95549.3046875,95553.2109375,95519.5546875,95553.2109375,0
2026-01-15 22:05:00+00:00,95674.6953125,95674.6953125,95625.6640625,95625.6640625,0
2026-01-15 22:10:00+00:00,95491.828125,95684.8671875,95491.828125,95684.8671875,0
2026-01-15 22:15:00+00:00,95511.328125,95530.4609375,95472.9921875,95530.4609375,0
2026-01-15 22:20:00+00:00,95566.2734375,95576.4921875,95538.3203125,95538.3203125,0
2026-01-15 22:25:00+00:00,95688.421875,95688.421875,95596.21875,95596.21875,19046400
2026-01-15 22:30:00+00:00,95784.0390625,95784.0390625,95685.6171875,95685.6171875,0
2026-01-15 22:35:00+00:00,95701.578125,95778.8203125,95688.734375,95778.8203125,0
2026-01-15 22:40:00+00:00,95632.609375,95759.1015625,95632.609375,95736.875,0
2026-01-15 22:45:00+00:00,95606.96875,95652.875,95606.703125,95632.59375,0
2026-01-15 22:50:00+00:00,95564.59375,95633.0390625,95564.59375,95628.140625,0
2026-01-15 22:55:00+00:00,95522.6484375,95589.796875,95522.6484375,95589.796875,0
2026-01-15 23:00:00+00:00,95507.984375,95571.3046875,95503.375,95571.3046875,0
2026-01-15 23:05:00+00:00,95415.9140625,95468.78125,95415.9140625,95468.78125,0
2026-01-15 23:10:00+00:00,95466.125,95469.1328125,95413.96875,95413.96875,0
2026-01-15 23:15:00+00:00,95639.4609375,95639.4609375,95549.203125,95555.1796875,16031744
2026-01-15 23:20:00+00:00,95647.5390625,95647.5390625,95607.6875,95642.5859375,0
2026-01-15 23:25:00+00:00,95652.9609375,95663.1953125,95652.9609375,95656.5234375,237457408
2026-01-15 23:30:00+00:00,95487.1328125,95593.484375,95472.8828125,95593.484375,0
2026-01-15 23:35:00+00:00,95496.9921875,95496.9921875,95459.3125,95468.375,0
2026-01-15 23:40:00+00:00,95491.09375,95503.375,95481.7265625,95503.375,894296064
2026-01-15 23:45:00+00:00,95550.0078125,95551.890625,95491.375,95491.375,0
2026-01-15 23:50:00+00:00,95551.90625,95574.4765625,95551.90625,95573.375,0
2026-01-15 23:55:00+00:00,95546.2578125,95577.4375,95546.2578125,95577.4375,0
2026-01-16 00:00:00+00:00,95642.8515625,95642.8515625,95548.1015625,95562.78125,0
2026-01-16 00:05:00+00:00,95655.3203125,95677.765625,95645.515625,95645.515625,0
2026-01-16 00:10:00+00:00,95622.140625,95645.34375,95622.140625,95623.8671875,52056064
2026-01-16 00:15:00+00:00,95723.2890625,95723.2890625,95626.125,95626.125,0
2026-01-16 00:20:00+00:00,95707.0078125,95722.296875,95694.4375,95721.1640625,83484672
2026-01-16 00:25:00+00:00,95657.40625,95657.40625,95626.9609375,95626.9609375,0
2026-01-16 00:30:00+00:00,95697.296875,95697.296875,95652.1640625,95652.1640625,0
2026-01-16 00:35:00+00:00,95733.1328125,95750.2578125,95733.1328125,95750.2578125,0
2026-01-16 00:40:00+00:00,95754.3203125,95759.5625,95724.859375,95734.3046875,0
2026-01-16 00:45:00+00:00,95731.125,95754.1640625,95706.4609375,95754.1640625,0
2026-01-16 00:50:00+00:00,95673.5703125,95725.4296875,95654.3671875,95725.4296875,0
2026-01-16 00:55:00+00:00,95574.8046875,95664.84375,95574.8046875,95664.84375,0
2026-01-16 01:00:00+00:00,95557.3125,95589.4453125,95557.3125,95574.0,0
2026-01-16 01:05:00+00:00,95493.4609375,95502.40625,95490.6484375,95496.8203125,0
2026-01-16 01:10:00+00:00,95418.8203125,95467.796875,95418.8203125,95467.796875,0
2026-01-16 01:15:00+00:00,95482.171875,95485.671875,95422.96875,95422.96875,21774336
2026-01-16 01:20:00+00:00,95472.9609375,95482.5234375,95460.1328125,95482.5234375,170287104
2026-01-16 01:25:00+00:00,95537.0625,95537.0625,95506.453125,95514.4140625,31358976
2026-01-16 01:30:00+00:00,95736.3984375,95736.3984375,95582.46875,95582.46875,0
2026-01-16 01:35:00+00:00,95650.71875,95724.0,95650.71875,95724.0,0
2026-01-16 01:40:00+00:00,95624.8046875,95671.3984375,95624.8046875,95671.3984375,50778112
2026-01-16 01:45:00+00:00,95676.484375,95684.78125,95609.3359375,95609.3359375,0
2026-01-16 01:50:00+00:00,95670.46875,95719.7890625,95670.46875,95697.90625,0
2026-01-16 01:55:00+00:00,95617.4609375,95673.4765625,95617.4609375,95653.234375,0
2026-01-16 02:00:00+00:00,95504.2421875,95628.453125,95504.2421875,95628.453125,0
2026-01-16 02:05:00+00:00,95453.046875,95482.3359375,95441.234375,95441.234375,62189568
2026-01-16 02:10:00+00:00,95430.1875,95463.6875,95430.1875,95463.6875,0
2026-01-16 02:15:00+00:00,95396.7421875,95438.703125,95368.6171875,95438.703125,56729600
2026-01-16 02:20:00+00:00,95427.328125,95427.328125,95377.6640625,95416.2578125,30654464
2026-01-16 02:25:00+00:00,95605.578125,95605.578125,95439.796875,95439.796875,0
2026-01-16 02:30:00+00:00,95594.828125,95636.4375,95589.5546875,95636.4375,0
2026-01-16 02:35:00+00:00,95521.734375,95597.6484375,95521.734375,95570.2109375,0
2026-01-16 02:40:00+00:00,95444.4453125,95508.1875,95430.78125,95497.625,0
2026-01-16 02:45:00+00:00,95481.5703125,95481.5703125,95440.4296875,95440.4296875,0
2026-01-16 02:50:00+00:00,95487.1796875,95500.2109375,95485.15625,95487.125,96702464
2026-01-16 02:55:00+00:00,95477.90625,95489.046875,95477.359375,95487.2734375,0
2026-01-16 03:00:00+00:00,95484.78125,95506.71875,95466.359375,95466.359375,0
2026-01-16 03:05:00+00:00,95517.140625,95517.140625,95469.6328125,95478.9609375,0
2026-01-16 03:10:00+00:00,95537.375,95538.328125,95517.1015625,95520.2734375,0
2026-01-16 03:15:00+00:00,95498.046875,95540.3203125,95467.59375,95540.3203125,0
2026-01-16 03:20:00+00:00,95501.296875,95501.296875,95463.8359375,95500.125,0
2026-01-16 03:25:00+00:00,95474.8125,95514.09375,95465.296875,95514.09375,0
2026-01-16 03:30:00+00:00,95406.390625,95460.25,95389.1796875,95460.25,0
2026-01-16 03:35:00+00:00,95403.9453125,95427.2890625,95394.890625,95410.5234375,105537536
2026-01-16 03:40:00+00:00,95413.5703125,95413.5703125,95385.3671875,95385.3671875,0
2026-01-16 03:45:00+00:00,95391.5,95404.0078125,95391.5,95404.0078125,0
2026-01-16 03:50:00+00:00,95339.1796875,95366.546875,95339.1796875,95366.546875,0
2026-01-16 03:55:00+00:00,95325.96875,95363.7890625,95297.765625,95358.7421875,0
2026-01-16 04:00:00+00:00,95304.828125,95309.96875,95304.828125,95306.4375,0
2026-01-16 04:05:00+00:00,95344.9140625,95344.9140625,95321.890625,95329.40625,16646144
2026-01-16 04:10:00+00:00,95393.734375,95393.734375,95332.953125,95332.953125,0
2026-01-16 04:15:00+00:00,95513.1171875,95513.1171875,95406.3203125,95406.3203125,0
2026-01-16 04:20:00+00:00,95456.4609375,95505.0,95418.984375,95505.0,0
2026-01-16 04:25:00+00:00,95520.359375,95520.359375,95488.296875,95488.296875,593362944
2026-01-16 04:30:00+00:00,95309.96875,95386.234375,95309.96875,95375.65625,0
2026-01-16 04:35:00+00:00,95220.1953125,95269.34375,95220.1953125,95258.703125,43163648
2026-01-16 04:40:00+00:00,95213.6328125,95239.34375,95134.15625,95239.34375,205152256
2026-01-16 04:45:00+00:00,95193.984375,95248.453125,95193.984375,95198.125,209731584
2026-01-16 04:50:00+00:00,95135.9296875,95199.78125,95135.9296875,95199.78125,21581824
2026-01-16 04:55:00+00:00,95125.375,95150.5390625,95125.375,95150.5390625,135618560
2026-01-16 05:00:00+00:00,95312.7890625,95345.0859375,95222.0703125,95222.0703125,0
2026-01-16 05:05:00+00:00,95302.921875,95302.921875,95244.484375,95275.6484375,27508736
2026-01-16 05:10:00+00:00,95385.8984375,95394.3828125,95347.8828125,95347.8828125,0
2026-01-16 05:15:00+00:00,95334.6171875,95394.28125,95334.6171875,95376.953125,3854336
2026-01-16 05:20:00+00:00,95274.296875,95310.59375,95269.2265625,95310.59375,234381312
2026-01-16 05:25:00+00:00,95262.4609375,95262.8046875,95242.9765625,95262.8046875,123305984
2026-01-16 05:30:00+00:00,95313.921875,95332.890625,95272.734375,95272.734375,152481792
2026-01-16 05:35:00+00:00,95412.5546875,95412.5546875,95315.5,95315.5,12701696
2026-01-16 05:40:00+00:00,95572.6328125,95572.6328125,95426.390625,95426.390625,0
2026-01-16 05:45:00+00:00,95581.2734375,95610.6171875,95543.1484375,95562.4453125,77086720
2026-01-16 05:50:00+00:00,95587.703125,95587.703125,95569.0390625,95581.828125,88055808
2026-01-16 05:55:00+00:00,95612.265625,95612.265625,95557.265625,95568.1484375,108744704
2026-01-16 06:00:00+00:00,95661.2109375,95661.2109375,95613.5703125,95613.5703125,129662976
2026-01-16 06:05:00+00:00,95644.0234375,95759.96875,95644.0234375,95660.078125,63152128
2026-01-16 06:10:00+00:00,95564.6953125,95640.8125,95564.6953125,95640.8125,0
2026-01-16 06:15:00+00:00,95561.8671875,95565.3046875,95556.1953125,95565.3046875,0
2026-01-16 06:20:00+00:00,95630.3671875,95630.3671875,95509.8984375,95509.8984375,3268608
2026-01-16 06:25:00+00:00,95633.1953125,95636.0390625,95618.2421875,95631.0546875,158777344
2026-01-16 06:30:00+00:00,95603.6796875,95620.1171875,95603.6796875,95619.46875,149520384
2026-01-16 06:35:00+00:00,95608.453125,95627.03125,95608.453125,95627.03125,24879104
2026-01-16 06:40:00+00:00,95678.234375,95686.4296875,95611.3203125,95611.3203125,0
2026-01-16 06:45:00+00:00,95681.3046875,95701.1875,95667.9453125,95675.65625,0
2026-01-16 06:50:00+00:00,95675.7890625,95685.6171875,95663.34375,95685.6171875,59846656
2026-01-16 06:55:00+00:00,95710.625,95714.015625,95667.65625,95667.65625,45137920
2026-01-16 07:00:00+00:00,95682.1875,95713.9140625,95682.1875,95713.9140625,0
2026-01-16 07:05:00+00:00,95686.8125,95736.7734375,95686.8125,95692.7265625,3379200
2026-01-16 07:10:00+00:00,95686.2890625,95691.59375,95684.0390625,95691.59375,18751488
2026-01-16 07:15:00+00:00,95636.3828125,95685.1640625,95636.3828125,95685.1640625,0
2026-01-16 07:20:00+00:00,95640.625,95651.7734375,95638.671875,95638.671875,0
2026-01-16 07:25:00+00:00,95555.0859375,95640.921875,95555.0859375,95640.921875,0
2026-01-16 07:30:00+00:00,95510.328125,95510.328125,95482.0390625,95482.0390625,0
2026-01-16 07:35:00+00:00,95468.9296875,95515.359375,95468.9296875,95515.359375,0
2026-01-16 07:40:00+00:00,95452.953125,95464.15625,95452.953125,95459.3828125,0
2026-01-16 07:45:00+00:00,95508.6484375,95513.15625,95460.734375,95460.734375,715202560
2026-01-16 07:50:00+00:00,95552.8984375,95552.8984375,95524.2421875,95524.2421875,0
2026-01-16 07:55:00+00:00,95633.5390625,95633.5390625,95565.9921875,95565.9921875,479666176
2026-01-16 08:00:00+00:00,95592.5703125,95630.6875,95592.5703125,95630.6875,0
2026-01-16 08:05:00+00:00,95594.5703125,95594.5703125,95541.15625,95574.125,0
2026-01-16 08:10:00+00:00,95679.3671875,95679.3671875,95598.09375,95598.09375,0
2026-01-16 08:15:00+00:00,95685.9765625,95685.9765625,95656.9375,95673.9765625,0
2026-01-16 08:20:00+00:00,95686.046875,95715.3828125,95685.5078125,95699.1328125,0
2026-01-16 08:25:00+00:00,95719.8671875,95719.8671875,95680.3046875,95680.3046875,117354496
2026-01-16 08:30:00+00:00,95739.7890625,95801.890625,95731.4921875,95773.5859375,68931584
2026-01-16 08:35:00+00:00,95661.9140625,95728.78125,95639.65625,95728.78125,0
2026-01-16 08:40:00+00:00,95739.3984375,95739.3984375,95671.625,95671.625,0
2026-01-16 08:45:00+00:00,95726.6484375,95758.171875,95665.40625,95758.171875,11603968
2026-01-16 08:50:00+00:00,95686.28125,95723.1875,95683.09375,95688.6875,8925184
2026-01-16 08:55:00+00:00,95643.59375,95720.125,95643.59375,95720.125,0
2026-01-16 09:00:00+00:00,95674.4609375,95674.4609375,95634.2265625,95634.2265625,0
2026-01-16 09:05:00+00:00,95699.6328125,95708.3203125,95662.875,95662.875,99799040
2026-01-16 09:10:00+00:00,95672.3671875,95703.890625,95668.0625,95703.890625,0
2026-01-16 09:15:00+00:00,95562.4765625,95664.453125,95557.2421875,95664.453125,0
2026-01-16 09:20:00+00:00,95572.453125,95572.453125,95557.09375,95566.5,0
2026-01-16 09:25:00+00:00,95615.4140625,95615.4140625,95578.5078125,95578.5078125,0
2026-01-16 09:30:00+00:00,95616.140625,95643.46875,95616.140625,95643.46875,31203328
2026-01-16 09:35:00+00:00,95629.125,95629.125,95611.8046875,95612.7578125,0
2026-01-16 09:40:00+00:00,95636.59375,95636.59375,95622.0703125,95626.9765625,0
2026-01-16 09:45:00+00:00,95574.9765625,95618.046875,95574.9765625,95618.046875,0
2026-01-16 09:50:00+00:00,95614.078125,95614.078125,95562.46875,95562.46875,0
2026-01-16 09:55:00+00:00,95577.734375,95598.7421875,95577.734375,95592.03125,0
2026-01-16 10:00:00+00:00,95506.1484375,95587.84375,95506.1484375,95573.9296875,0
2026-01-16 10:05:00+00:00,95475.6875,95513.15625,95459.3046875,95513.15625,0
2026-01-16 10:10:00+00:00,95518.375,95518.375,95485.4140625,95486.625,0
2026-01-16 10:15:00+00:00,95409.234375,95519.5078125,95409.203125,95519.5078125,183721984
2026-01-16 10:20:00+00:00,95385.5546875,95434.3203125,95385.5546875,95434.3203125,0
2026-01-16 10:25:00+00:00,95398.9375,95398.9375,95376.8984375,95376.8984375,0
2026-01-16 10:30:00+00:00,95360.5625,95386.6953125,95360.5625,95386.6953125,0
2026-01-16 10:35:00+00:00,95331.703125,95362.3515625,95322.8828125,95346.015625,22831104
2026-01-16 10:40:00+00:00,95268.9296875,95293.59375,95268.9296875,95293.59375,0
2026-01-16 10:45:00+00:00,95374.0,95374.0,95320.4921875,95320.4921875,190205952
2026-01-16 10:50:00+00:00,95291.8046875,95362.3125,95280.734375,95362.3125,82997248
2026-01-16 10:55:00+00:00,95272.90625,95295.78125,95272.90625,95279.3984375,0
2026-01-16 11:00:00+00:00,95226.6796875,95273.109375,95226.6796875,95273.109375,530866176
2026-01-16 11:05:00+00:00,95293.03125,95293.03125,95229.578125,95229.578125,16863232
2026-01-16 11:10:00+00:00,95294.3125,95334.5625,95294.3125,95294.5859375,3432448
2026-01-16 11:15:00+00:00,95289.5625,95289.5625,95231.625,95276.3046875,0
2026-01-16 11:20:00+00:00,95345.9375,95345.9375,95295.9765625,95323.6484375,72687616
2026-01-16 11:25:00+00:00,95298.0859375,95335.7890625,95298.0859375,95335.7890625,177131520
2026-01-16 11:30:00+00:00,95319.625,95319.625,95291.5,95291.5,0
2026-01-16 11:35:00+00:00,95341.8359375,95354.265625,95334.4140625,95334.4140625,0
2026-01-16 11:40:00+00:00,95309.65625,95339.3125,95309.65625,95339.3125,0
2026-01-16 11:45:00+00:00,95363.1171875,95363.1171875,95277.25,95277.25,0
2026-01-16 11:50:00+00:00,95430.828125,95431.671875,95386.6171875,95386.6171875,0
2026-01-16 11:55:00+00:00,95389.3203125,95423.96875,95375.8671875,95423.96875,0
2026-01-16 12:00:00+00:00,95417.9453125,95417.9453125,95382.96875,95397.6015625,0
2026-01-16 12:05:00+00:00,95430.03125,95438.109375,95417.3203125,95417.3203125,0
2026-01-16 12:10:00+00:00,95412.734375,95435.046875,95412.734375,95433.5234375,0
2026-01-16 12:15:00+00:00,95471.5390625,95473.1328125,95424.0390625,95424.0390625,0
2026-01-16 12:20:00+00:00,95486.96875,95486.96875,95440.625,95463.9453125,0
2026-01-16 12:25:00+00:00,95538.640625,95538.640625,95485.5859375,95485.5859375,23609344
2026-01-16 12:30:00+00:00,95426.90625,95531.328125,95426.90625,95531.328125,0
2026-01-16 12:35:00+00:00,95417.4609375,95439.3125,95405.921875,95439.3125,23322624
2026-01-16 12:40:00+00:00,95448.0078125,95487.6484375,95442.671875,95442.671875,48472064
2026-01-16 12:45:00+00:00,95394.7578125,95473.0625,95394.7578125,95469.359375,0
2026-01-16 12:50:00+00:00,95356.25,95383.0703125,95327.4375,95383.0703125,0
2026-01-16 12:55:00+00:00,95409.296875,95409.296875,95355.4375,95355.4375,0
2026-01-16 13:00:00+00:00,95415.578125,95415.625,95381.328125,95415.3125,0
2026-01-16 13:05:00+00:00,95371.5234375,95406.6796875,95365.9375,95406.6796875,0
2026-01-16 13:10:00+00:00,95464.4140625,95464.4140625,95403.7734375,95403.7734375,0
2026-01-16 13:15:00+00:00,95471.4375,95498.5859375,95471.4375,95488.6484375,0
2026-01-16 13:20:00+00:00,95508.6875,95509.328125,95457.1015625,95467.71875,0
2026-01-16 13:25:00+00:00,95521.9453125,95523.640625,95508.484375,95508.484375,0
2026-01-16 13:30:00+00:00,95441.53125,95504.421875,95441.53125,95494.453125,0
2026-01-16 13:35:00+00:00,95384.3203125,95434.9453125,95384.3203125,95417.515625,0
2026-01-16 13:40:00+00:00,95384.3515625,95384.3515625,95274.6953125,95293.8828125,0
2026-01-16 13:45:00+00:00,95447.40625,95447.40625,95387.96875,95387.96875,144269312
2026-01-16 13:50:00+00:00,95395.4765625,95439.53125,95394.484375,95439.53125,0
2026-01-16 13:55:00+00:00,95418.40625,95418.40625,95398.9296875,95400.671875,0
2026-01-16 14:00:00+00:00,95428.6875,95483.3828125,95409.6796875,95412.2578125,0
2026-01-16 14:05:00+00:00,95412.1015625,95449.7109375,95407.1171875,95449.7109375,0
2026-01-16 14:10:00+00:00,95402.34375,95417.390625,95402.34375,95417.390625,0
2026-01-16 14:15:00+00:00,95350.953125,95403.4140625,95350.953125,95403.4140625,0
2026-01-16 14:20:00+00:00,95348.2265625,95387.515625,95348.2265625,95351.90625,0
2026-01-16 14:25:00+00:00,95498.703125,95498.703125,95350.40625,95350.40625,0
2026-01-16 14:30:00+00:00,95564.7890625,95635.9140625,95427.2578125,95635.9140625,86708224
2026-01-16 14:35:00+00:00,95426.609375,95563.0703125,95314.1484375,95563.0703125,0
2026-01-16 14:40:00+00:00,95241.203125,95341.015625,95241.203125,95294.8828125,0
2026-01-16 14:45:00+00:00,95374.34375,95412.65625,95221.1328125,95221.1328125,0
2026-01-16 14:50:00+00:00,95256.3671875,95256.3671875,95236.7578125,95254.4921875,0
2026-01-16 14:55:00+00:00,95169.609375,95317.9296875,95169.609375,95272.984375,130723840
2026-01-16 15:00:00+00:00,95175.546875,95175.546875,95100.796875,95151.796875,0
2026-01-16 15:05:00+00:00,95536.4609375,95536.4609375,95216.0703125,95216.0703125,0
2026-01-16 15:10:00+00:00,95521.4921875,95581.2890625,95509.5390625,95527.8046875,0
2026-01-16 15:15:00+00:00,95427.5703125,95505.828125,95427.5703125,95505.828125,392085504
2026-01-16 15:20:00+00:00,95056.6953125,95056.6953125,94865.4296875,94931.109375,0
2026-01-16 15:25:00+00:00,94824.0625,94986.921875,94824.0625,94972.1015625,176410624
2026-01-16 15:30:00+00:00,94479.765625,94749.4765625,94479.765625,94749.4765625,135700480
2026-01-16 15:35:00+00:00,94693.578125,94693.578125,94456.75,94469.9765625,149762048
2026-01-16 15:40:00+00:00,94410.515625,94688.34375,94382.0390625,94688.34375,31780864
2026-01-16 15:45:00+00:00,94317.8515625,94489.2734375,94268.7734375,94470.8828125,0
2026-01-16 15:50:00+00:00,94403.7109375,94455.5390625,94314.78125,94314.78125,141430784
2026-01-16 15:55:00+00:00,94605.625,94605.625,94476.1015625,94476.1015625,0
2026-01-16 16:00:00+00:00,94517.3515625,94572.9140625,94517.3515625,94559.625,0
2026-01-16 16:05:00+00:00,94783.890625,94783.890625,94536.765625,94536.765625,0
2026-01-16 16:10:00+00:00,94616.8671875,94788.0,94616.8671875,94788.0,0
2026-01-16 16:15:00+00:00,94659.3359375,94700.3359375,94604.5078125,94700.3359375,0
2026-01-16 16:20:00+00:00,94898.5234375,94898.5234375,94730.25,94730.25,63463424
2026-01-16 16:25:00+00:00,94879.890625,94879.890625,94845.0859375,94879.1328125,0
2026-01-16 16:30:00+00:00,94658.390625,94833.546875,94658.390625,94833.546875,0
2026-01-16 16:35:00+00:00,94800.5703125,94820.78125,94662.8203125,94662.8203125,0
2026-01-16 16:40:00+00:00,94887.3203125,94887.3203125,94824.9765625,94824.9765625,0
2026-01-16 16:45:00+00:00,94892.0234375,94937.5,94858.8515625,94858.8515625,0
2026-01-16 16:50:00+00:00,94918.265625,94928.546875,94890.4921875,94890.4921875,0
2026-01-16 16:55:00+00:00,94795.359375,94887.9453125,94772.4140625,94865.7109375,0
2026-01-16 17:00:00+00:00,94751.6484375,94831.453125,94751.6484375,94831.453125,0
2026-01-16 17:05:00+00:00,94698.3046875,94773.6328125,94676.546875,94762.078125,0
2026-01-16 17:10:00+00:00,94623.0,94732.5390625,94623.0,94732.5390625,0
2026-01-16 17:15:00+00:00,94788.703125,94788.703125,94741.7421875,94741.7421875,0
2026-01-16 17:20:00+00:00,94754.6953125,94793.3984375,94743.3984375,94793.3984375,0
2026-01-16 17:25:00+00:00,94696.4453125,94696.4453125,94538.2265625,94662.1953125,0
2026-01-16 17:30:00+00:00,94792.734375,94792.734375,94711.078125,94711.078125,0
2026-01-16 17:35:00+00:00,94754.09375,94825.8359375,94737.5859375,94775.515625,0
2026-01-16 17:40:00+00:00,94848.828125,94848.828125,94779.7578125,94779.7578125,0
2026-01-16 17:45:00+00:00,94821.15625,94876.7578125,94821.15625,94864.2109375,0
2026-01-16 17:50:00+00:00,94765.4609375,94828.84375,94765.4609375,94828.84375,362360832
2026-01-16 17:55:00+00:00,94893.2578125,94893.2578125,94759.25,94759.25,0
2026-01-16 18:00:00+00:00,95082.8515625,95082.8515625,95032.8671875,95032.8671875,0
2026-01-16 18:05:00+00:00,95079.1484375,95095.0234375,95030.546875,95030.546875,131227648
2026-01-16 18:10:00+00:00,95065.609375,95074.3515625,95027.78125,95074.3515625,0
2026-01-16 18:15:00+00:00,95126.5625,95126.5625,95033.3671875,95033.3671875,0
2026-01-16 18:20:00+00:00,95053.3203125,95087.8359375,95012.7109375,95087.8359375,0
2026-01-16 18:25:00+00:00,95113.21875,95140.84375,95087.5546875,95087.5546875,0
2026-01-16 18:30:00+00:00,95117.4375,95156.140625,95117.4375,95151.3984375,0
2026-01-16 18:35:00+00:00,95082.3046875,95135.0546875,95082.3046875,95117.4375,0
2026-01-16 18:40:00+00:00,95089.875,95116.21875,95063.4140625,95087.8125,0
2026-01-16 18:45:00+00:00,95027.75,95114.234375,95027.75,95083.3203125,0
2026-01-16 18:50:00+00:00,95015.6015625,95015.6015625,94963.34375,94963.34375,0
2026-01-16 18:55:00+00:00,95003.015625,95037.5546875,95003.015625,95037.5546875,0
2026-01-16 19:00:00+00:00,94902.5703125,94955.8515625,94902.5703125,94955.8515625,0
2026-01-16 19:05:00+00:00,94924.65625,94924.65625,94919.328125,94921.5625,0
2026-01-16 19:10:00+00:00,94947.0625,94947.0625,94930.71875,94930.71875,0
2026-01-16 19:15:00+00:00,94839.2109375,94933.9375,94839.2109375,94933.9375,0
2026-01-16 19:20:00+00:00,94900.6875,94900.6875,94822.21875,94891.0546875,0
2026-01-16 19:25:00+00:00,94829.65625,94875.25,94829.65625,94875.25,0
2026-01-16 19:30:00+00:00,94954.828125,94954.828125,94865.5703125,94865.5703125,0
2026-01-16 19:35:00+00:00,94946.375,94992.625,94944.3515625,94944.3515625,0
2026-01-16 19:40:00+00:00,94892.109375,94928.546875,94892.109375,94928.546875,0
2026-01-16 19:45:00+00:00,94906.546875,94906.546875,94883.015625,94883.015625,0
2026-01-16 19:50:00+00:00,94949.7578125,94973.8046875,94918.7578125,94919.71875,45422592
2026-01-16 19:55:00+00:00,94964.3359375,94964.3359375,94909.578125,94962.375,0
2026-01-16 20:00:00+00:00,94869.2265625,94957.2890625,94869.2265625,94957.2890625,0
2026-01-16 20:05:00+00:00,94721.84375,94824.75,94711.5234375,94824.75,87248896
2026-01-16 20:10:00+00:00,94820.7109375,94820.7109375,94650.234375,94681.234375,0
2026-01-16 20:15:00+00:00,94890.390625,94890.390625,94827.109375,94827.109375,18896896
2026-01-16 20:20:00+00:00,94967.8671875,94989.03125,94931.9140625,94931.9140625,0
2026-01-16 20:25:00+00:00,95069.53125,95069.53125,94970.046875,94970.046875,0
2026-01-16 20:30:00+00:00,95106.5625,95106.5625,95063.78125,95077.6640625,0
2026-01-16 20:35:00+00:00,95155.578125,95155.578125,95090.9921875,95096.5078125,0
2026-01-16 20:40:00+00:00,95178.875,95178.875,95118.0625,95118.0625,0
2026-01-16 20:45:00+00:00,95181.75,95206.984375,95181.75,95206.984375,93298688
2026-01-16 20:50:00+00:00,95255.9296875,95255.9296875,95180.8046875,95180.8046875,0
2026-01-16 20:55:00+00:00,95399.2578125,95399.2578125,95333.34375,95333.34375,93896704
2026-01-16 21:00:00+00:00,95490.5703125,95490.5703125,95442.953125,95476.1171875,0
2026-01-16 21:05:00+00:00,95499.6328125,95500.203125,95482.4375,95482.4375,233553920
2026-01-16 21:10:00+00:00,95435.40625,95528.4609375,95435.40625,95510.09375,71239680
2026-01-16 21:15:00+00:00,95372.15625,95372.15625,95337.671875,95337.671875,43012096
2026-01-16 21:20:00+00:00,95373.1953125,95404.5625,95367.7265625,95367.7265625,35928064
2026-01-16 21:25:00+00:00,95381.3046875,95381.3046875,95350.390625,95363.3984375,100173824
2026-01-16 21:30:00+00:00,95419.421875,95419.421875,95368.609375,95368.609375,0
2026-01-16 21:35:00+00:00,95441.5234375,95441.5234375,95366.2890625,95408.9921875,608256
2026-01-16 21:40:00+00:00,95501.1953125,95512.8515625,95475.625,95475.625,0
2026-01-16 21:45:00+00:00,95493.1796875,95501.0625,95477.234375,95501.0625,74143744
2026-01-16 21:50:00+00:00,95482.3828125,95522.625,95482.3828125,95489.65625,0
2026-01-16 21:55:00+00:00,95443.859375,95468.15625,95437.2109375,95468.15625,0
2026-01-16 22:00:00+00:00,95401.140625,95495.234375,95401.140625,95478.6875,17096704
2026-01-16 22:05:00+00:00,95444.5,95444.5,95419.9453125,95419.9453125,12021760
2026-01-17 00:00:00+00:00,95481.9921875,95521.96875,95481.9921875,95514.765625,0
2026-01-17 00:05:00+00:00,95491.8984375,95520.9765625,95491.8984375,95492.796875,0
2026-01-17 00:10:00+00:00,95489.9453125,95521.4453125,95488.171875,95488.171875,4579328
2026-01-17 00:15:00+00:00,95498.1796875,95523.9765625,95484.203125,95495.4921875,0
2026-01-17 00:20:00+00:00,95470.1484375,95497.296875,95470.1484375,95489.75,1511424
2026-01-17 00:25:00+00:00,95451.78125,95477.9296875,95451.78125,95459.625,25630720
2026-01-17 00:30:00+00:00,95416.234375,95432.1796875,95415.8046875,95432.1796875,10637312
2026-01-17 00:35:00+00:00,95454.5546875,95454.5546875,95395.0234375,95403.6640625,11657216
2026-01-17 00:40:00+00:00,95460.078125,95460.078125,95419.046875,95454.5546875,7649280
2026-01-17 00:45:00+00:00,95466.8359375,95466.8359375,95439.71875,95453.8984375,806912
2026-01-17 00:50:00+00:00,95433.8671875,95469.5390625,95433.8671875,95469.5390625,15833088
2026-01-17 00:55:00+00:00,95455.9921875,95455.9921875,95443.75,95443.75,7174144
