datetime,close,high,low,open,volume
2025-11-18 00:00:00+00:00,92152.4765625,92227.984375,92046.796875,92059.7734375,1501790208
2025-11-18 00:15:00+00:00,91948.640625,92172.6328125,91943.6015625,92137.9375,392577024
2025-11-18 00:30:00+00:00,91256.7578125,91934.515625,91256.7578125,91933.84375,1137614848
2025-11-18 00:45:00+00:00,92003.3203125,92003.3203125,91292.7578125,91307.921875,2875023360
2025-11-18 01:00:00+00:00,91874.0703125,92064.8125,91871.046875,92051.4375,941375488
2025-11-18 01:15:00+00:00,91587.4921875,91980.4765625,91587.4921875,91857.3046875,1059790848
2025-11-18 01:30:00+00:00,91644.3359375,91879.109375,91644.3359375,91701.046875,2326052864
2025-11-18 01:45:00+00:00,91631.765625,91784.1640625,91539.3359375,91761.4296875,1600274432
2025-11-18 02:00:00+00:00,91220.984375,91570.1640625,91213.3828125,91570.1640625,2518777856
2025-11-18 02:15:00+00:00,91491.1484375,91491.1484375,90744.65625,91086.9296875,774881280
2025-11-18 02:30:00+00:00,91254.796875,91566.703125,91087.28125,91555.296875,4319158272
2025-11-18 02:45:00+00:00,90832.3125,91506.7578125,90832.3125,91237.859375,1543045120
2025-11-18 03:00:00+00:00,90288.3515625,90753.7890625,90235.484375,90753.7890625,950525952
2025-11-18 03:15:00+00:00,89978.109375,90401.9375,89978.109375,90293.953125,3677577216
2025-11-18 03:30:00+00:00,90566.2421875,90734.09375,89673.46875,90001.125,1465622528
2025-11-18 03:45:00+00:00,90708.1015625,90773.0234375,90558.96875,90584.8203125,1501298688
2025-11-18 04:00:00+00:00,90256.453125,90739.4140625,90217.4453125,90739.4140625,1145290752
2025-11-18 04:15:00+00:00,89827.0390625,90190.171875,89827.0390625,90183.734375,2762555392
2025-11-18 04:30:00+00:00,89984.9765625,89984.9765625,89854.875,89869.4375,3050610688
2025-11-18 04:45:00+00:00,90046.1875,90046.1875,89491.4921875,89770.484375,3789946880
2025-11-18 05:00:00+00:00,90056.2265625,90056.2265625,89703.8203125,89991.203125,0
2025-11-18 05:15:00+00:00,90140.625,90278.5234375,90086.015625,90136.671875,5668462592
2025-11-18 05:30:00+00:00,89897.75,90194.7421875,89897.75,90092.359375,2380349440
2025-11-18 05:45:00+00:00,90098.3828125,90194.5859375,89945.53125,89945.53125,1417240576
2025-11-18 06:00:00+00:00,90065.8671875,90065.8671875,89885.3125,89966.765625,3047587840
2025-11-18 06:15:00+00:00,89896.28125,90056.90625,89870.6953125,90056.90625,2777546752
2025-11-18 06:30:00+00:00,89434.0546875,89988.2578125,89434.0546875,89930.7109375,1750728704
2025-11-18 06:45:00+00:00,89508.5859375,89639.4765625,89300.4609375,89389.6875,2447728640
2025-11-18 07:00:00+00:00,89771.53125,89776.671875,89368.6015625,89529.2421875,1852891136
2025-11-18 07:15:00+00:00,90000.8203125,90038.8671875,89701.8125,89772.1796875,1826996224
2025-11-18 07:30:00+00:00,90384.5625,90398.25,90000.6953125,90029.1796875,578707456
2025-11-18 07:45:00+00:00,90372.5390625,90408.9921875,90332.8046875,90383.9375,2273812480
2025-11-18 08:00:00+00:00,90702.375,90702.375,90391.1796875,90391.1796875,761528320
2025-11-18 08:15:00+00:00,90736.734375,91048.5703125,90656.71875,90710.1015625,2128453632
2025-11-18 08:30:00+00:00,91246.765625,91271.8359375,90759.2578125,90759.2578125,0
2025-11-18 08:45:00+00:00,91149.703125,91287.3828125,91149.703125,91253.6171875,6477545472
2025-11-18 09:00:00+00:00,91030.5546875,91149.703125,90892.703125,91149.703125,178290688
2025-11-18 09:15:00+00:00,90874.4140625,91312.71875,90817.3359375,91046.234375,1620336640
2025-11-18 09:30:00+00:00,91040.1953125,91040.1953125,90855.6171875,90867.1640625,2606751744
2025-11-18 09:45:00+00:00,91283.1328125,91283.1328125,91053.7109375,91053.7109375,0
2025-11-18 10:00:00+00:00,91340.921875,91441.671875,91302.53125,91327.6171875,2715992064
2025-11-18 10:15:00+00:00,91232.9296875,91388.6640625,91169.75,91342.40625,2929491968
2025-11-18 10:30:00+00:00,91390.75,91456.453125,91242.3359375,91242.3359375,1863827456
2025-11-18 10:45:00+00:00,91491.203125,91491.203125,91210.8515625,91420.3828125,632430592
2025-11-18 11:00:00+00:00,91339.953125,91480.21875,91339.953125,91480.21875,6411935744
2025-11-18 11:15:00+00:00,91360.8828125,91448.0859375,91172.640625,91315.96875,4176912384
2025-11-18 11:30:00+00:00,91450.578125,91480.8515625,91186.4375,91377.484375,6544506880
2025-11-18 11:45:00+00:00,91444.859375,91495.8515625,91439.1796875,91470.21875,398901248
2025-11-18 12:00:00+00:00,91100.2734375,91476.5078125,91100.2734375,91476.5078125,1696243712
2025-11-18 12:15:00+00:00,91173.3984375,91418.8828125,91048.875,91048.875,2478440448
2025-11-18 12:30:00+00:00,91730.9609375,91730.9609375,91150.109375,91150.109375,5079367680
2025-11-18 12:45:00+00:00,91332.9140625,91726.4453125,91288.0625,91726.4453125,5801238528
2025-11-18 13:00:00+00:00,91410.1875,91512.3515625,91340.65625,91373.4453125,7011524608
2025-11-18 13:15:00+00:00,91248.765625,91466.078125,91246.796875,91392.8359375,428294144
2025-11-18 13:30:00+00:00,91116.8046875,91321.0625,90882.171875,91212.875,5027348480
2025-11-18 13:45:00+00:00,91303.1640625,91369.0078125,91090.3125,91090.3125,2646974464
2025-11-18 14:00:00+00:00,91180.8125,91373.921875,91164.828125,91373.921875,377323520
2025-11-18 14:15:00+00:00,91717.6875,91717.6875,91147.5078125,91147.5078125,335773696
2025-11-18 14:30:00+00:00,91604.6328125,92316.609375,91391.7109375,91745.59375,9491726336
2025-11-18 14:45:00+00:00,91438.2734375,91721.8515625,91386.09375,91483.8671875,3514679296
2025-11-18 15:00:00+00:00,92028.2890625,92028.2890625,90993.53125,91323.8125,2257551360
2025-11-18 15:15:00+00:00,92709.4453125,92865.53125,91949.703125,91973.9765625,3440230400
2025-11-18 15:30:00+00:00,92673.921875,92823.5546875,92412.0625,92709.2109375,1150918656
2025-11-18 15:45:00+00:00,92887.3984375,92892.5078125,92435.8671875,92669.21875,343834624
2025-11-18 16:00:00+00:00,93018.8984375,93098.5,92590.46875,92845.0,1539530752
2025-11-18 16:15:00+00:00,93548.625,93548.625,93048.5859375,93064.0703125,8655044608
2025-11-18 16:30:00+00:00,93369.984375,93733.4375,93369.984375,93625.1953125,2968756224
2025-11-18 16:45:00+00:00,93389.5546875,93426.1640625,93230.5859375,93339.171875,2139430912
2025-11-18 17:00:00+00:00,93402.546875,93558.171875,93400.171875,93408.2421875,1724858368
2025-11-18 17:15:00+00:00,92910.25,93467.1015625,92910.25,93283.5703125,1079459840
2025-11-18 17:30:00+00:00,93295.890625,93369.703125,92833.0859375,92894.9375,1508851712
2025-11-18 17:45:00+00:00,93199.4375,93280.7734375,93087.5546875,93280.7734375,5027291136
2025-11-18 18:00:00+00:00,93610.640625,93664.359375,93198.9375,93198.9375,0
2025-11-18 18:15:00+00:00,93264.5078125,93601.6875,93203.2734375,93601.6875,1096261632
2025-11-18 18:30:00+00:00,93311.234375,93383.3203125,93200.7734375,93224.34375,449429504
2025-11-18 18:45:00+00:00,93303.046875,93610.359375,93303.046875,93332.734375,153993216
2025-11-18 19:00:00+00:00,93454.015625,93454.015625,93206.546875,93289.59375,799744000
2025-11-18 19:15:00+00:00,93382.2265625,93428.921875,93316.1953125,93425.921875,4633935872
2025-11-18 19:30:00+00:00,93344.609375,93472.2890625,93221.515625,93393.2734375,498966528
2025-11-18 19:45:00+00:00,93052.4375,93282.3515625,92985.0859375,93282.3515625,0
2025-11-18 20:00:00+00:00,92948.140625,93187.09375,92948.09375,93187.09375,0
2025-11-18 20:15:00+00:00,93008.578125,93180.796875,92988.5390625,93001.171875,5033828352
2025-11-18 20:30:00+00:00,92830.953125,93079.265625,92830.953125,93079.265625,4518912000
2025-11-18 20:45:00+00:00,92775.1015625,92887.140625,92644.0703125,92751.5625,1388609536
2025-11-18 21:00:00+00:00,92958.015625,92958.015625,92725.078125,92781.9140625,0
2025-11-18 21:15:00+00:00,92918.5546875,92978.296875,92874.4296875,92960.875,1035165696
2025-11-18 21:30:00+00:00,92643.03125,92899.234375,92614.28125,92899.234375,4805820416
2025-11-18 21:45:00+00:00,92452.7109375,92629.3828125,92427.1484375,92629.3828125,0
2025-11-18 22:00:00+00:00,92977.125,92977.125,92447.0625,92447.0625,4341522432
2025-11-18 22:15:00+00:00,93169.15625,93195.921875,92958.3828125,93003.46875,3754262528
2025-11-18 22:30:00+00:00,93272.125,93344.2109375,93190.1328125,93190.1328125,949428224
2025-11-18 22:45:00+00:00,93116.8359375,93235.0859375,93081.6328125,93235.0859375,2357125120
2025-11-18 23:00:00+00:00,92731.5,93122.328125,92721.8515625,93122.328125,43073536
2025-11-18 23:15:00+00:00,92803.140625,92869.1875,92750.234375,92773.3515625,1955151872
2025-11-18 23:30:00+00:00,92840.90625,92926.1953125,92784.5546875,92784.5546875,790388736
2025-11-18 23:45:00+00:00,92945.421875,92945.421875,92732.4375,92834.09375,1249476608
2025-11-19 00:00:00+00:00,92546.5,92944.140625,92546.5,92944.140625,582508544
2025-11-19 00:15:00+00:00,92304.1328125,92501.7421875,92036.2578125,92501.7421875,4189749248
2025-11-19 00:30:00+00:00,92582.140625,92582.140625,92095.2421875,92261.984375,93437952
2025-11-19 00:45:00+00:00,92511.15625,92588.4375,92473.0,92576.109375,281935872
2025-11-19 01:00:00+00:00,92055.2421875,92381.359375,92000.5390625,92381.359375,0
2025-11-19 01:15:00+00:00,92341.1875,92562.484375,91933.4921875,92017.4140625,588054528
2025-11-19 01:30:00+00:00,92276.75,92375.34375,92186.3125,92375.34375,362569728
2025-11-19 01:45:00+00:00,92194.3671875,92300.8515625,92167.4921875,92300.8515625,1237950464
2025-11-19 02:00:00+00:00,92659.6328125,92663.1171875,92314.4140625,92375.4453125,23306240
2025-11-19 02:15:00+00:00,92512.0390625,92732.7890625,92286.0546875,92683.4296875,664633344
2025-11-19 02:30:00+00:00,92557.390625,92730.953125,92535.484375,92535.484375,379641856
2025-11-19 02:45:00+00:00,92574.2421875,92702.0,92553.1640625,92553.1640625,3283705856
2025-11-19 03:00:00+00:00,92455.640625,92556.53125,92431.90625,92507.9765625,364920832
2025-11-19 03:15:00+00:00,92377.5,92473.484375,92349.2734375,92406.5078125,0
2025-11-19 03:30:00+00:00,92038.21875,92410.171875,91891.7109375,92401.5,182001664
2025-11-19 03:45:00+00:00,91900.3984375,92175.9296875,91816.8359375,92124.8828125,0
2025-11-19 04:00:00+00:00,91703.5390625,91906.1171875,91703.5390625,91875.859375,63324160
2025-11-19 04:15:00+00:00,91706.1953125,91732.828125,91619.4609375,91682.65625,130269184
2025-11-19 04:30:00+00:00,91409.5546875,91656.40625,91397.9453125,91656.40625,257138688
2025-11-19 04:45:00+00:00,91425.171875,91457.4375,91387.1171875,91422.3203125,0
2025-11-19 05:00:00+00:00,91174.4140625,91397.921875,91113.7109375,91397.921875,0
2025-11-19 05:15:00+00:00,90803.5,91174.765625,90803.5,91136.5703125,1527037952
2025-11-19 05:30:00+00:00,90392.125,90771.5625,90362.40625,90771.5625,174153728
2025-11-19 05:45:00+00:00,90238.9375,90343.6875,89989.59375,90343.6875,279068672
2025-11-19 06:00:00+00:00,90565.671875,90590.15625,90262.1796875,90348.96875,735485952
2025-11-19 06:15:00+00:00,90700.8359375,90700.8359375,90465.546875,90652.8046875,995573760
2025-11-19 06:30:00+00:00,90922.03125,90939.0078125,90715.28125,90715.28125,373538816
2025-11-19 06:45:00+00:00,90916.234375,91007.84375,90768.6640625,90899.6171875,0
2025-11-19 07:00:00+00:00,91268.1953125,91268.1953125,90915.1796875,90929.421875,2091360256
2025-11-19 07:15:00+00:00,91216.8359375,91293.0703125,91144.3359375,91270.0703125,559185920
2025-11-19 07:30:00+00:00,91666.3359375,91695.5859375,91152.2890625,91215.0078125,0
2025-11-19 07:45:00+00:00,91855.6484375,91951.125,91690.5,91690.5,0
2025-11-19 08:00:00+00:00,91686.5625,91833.625,91671.015625,91833.625,300130304
2025-11-19 08:15:00+00:00,91853.9296875,91868.9921875,91609.3125,91713.140625,604741632
2025-11-19 08:30:00+00:00,91526.2421875,91849.109375,91489.140625,91840.6015625,0
2025-11-19 08:45:00+00:00,91427.5390625,91528.0078125,91337.953125,91528.0078125,375169024
2025-11-19 09:00:00+00:00,91287.1640625,91424.5703125,91085.4921875,91410.2890625,158621696
2025-11-19 09:15:00+00:00,91196.15625,91338.734375,91119.6328125,91283.6328125,33079296
2025-11-19 09:30:00+00:00,91374.4453125,91390.6484375,91224.3828125,91224.3828125,78651392
2025-11-19 09:45:00+00:00,91402.7578125,91403.0859375,91272.234375,91403.0859375,292274176
2025-11-19 10:00:00+00:00,91496.8515625,91613.546875,91486.4609375,91486.4609375,306962432
2025-11-19 10:15:00+00:00,91433.6796875,91512.75,91324.8515625,91477.2578125,655851520
2025-11-19 10:30:00+00:00,91425.65625,91433.1640625,91376.5703125,91433.1640625,75751424
2025-11-19 10:45:00+00:00,91263.03125,91428.3359375,91194.8046875,91428.3359375,142598144
2025-11-19 11:00:00+00:00,91517.7578125,91517.7578125,91260.40625,91271.9921875,514187264
2025-11-19 11:15:00+00:00,91540.3046875,91644.6484375,91525.6875,91545.6171875,552943616
2025-11-19 11:30:00+00:00,91506.421875,91545.765625,91428.640625,91545.765625,442064896
2025-11-19 11:45:00+00:00,91363.3046875,91518.8125,91315.90625,91518.8125,299245568
2025-11-19 12:00:00+00:00,91320.3203125,91519.125,91312.5703125,91371.8203125,511926272
2025-11-19 12:15:00+00:00,91342.8515625,91375.6796875,91232.125,91345.453125,1395154944
2025-11-19 12:30:00+00:00,91348.9609375,91410.7265625,91274.0546875,91322.703125,550699008
2025-11-19 12:45:00+00:00,91695.25,91695.25,91380.6015625,91380.6015625,646144000
2025-11-19 13:00:00+00:00,91606.8125,91716.5390625,91534.3046875,91716.5390625,39550976
2025-11-19 13:15:00+00:00,91692.28125,91707.0390625,91554.59375,91554.59375,622632960
2025-11-19 13:30:00+00:00,91387.71875,91793.6328125,91376.6015625,91709.21875,0
2025-11-19 13:45:00+00:00,91307.4453125,91471.015625,91262.1328125,91410.5390625,258605056
2025-11-19 14:00:00+00:00,91453.4140625,91453.4140625,91109.0078125,91327.9375,763568128
2025-11-19 14:15:00+00:00,91112.34375,91428.75,91053.046875,91428.75,72916992
2025-11-19 14:30:00+00:00,91662.03125,91662.03125,91089.609375,91093.6484375,400367616
2025-11-19 14:45:00+00:00,91565.53125,91695.3125,91486.1796875,91695.3125,2684076032
2025-11-19 15:00:00+00:00,92028.734375,92175.328125,91645.5078125,91645.5078125,214761472
2025-11-19 15:15:00+00:00,91169.21875,92267.5078125,91169.21875,91959.7109375,399400960
2025-11-19 15:30:00+00:00,90632.75,91230.6953125,90549.4375,91230.6953125,2586292224
2025-11-19 15:45:00+00:00,89842.6640625,90636.59375,89842.6640625,90636.59375,2909769728
2025-11-19 16:00:00+00:00,89989.78125,90131.625,89867.3828125,89867.3828125,0
2025-11-19 16:15:00+00:00,89648.3359375,90100.953125,89559.1171875,90039.3203125,795967488
2025-11-19 16:30:00+00:00,89724.8828125,89765.7421875,89442.75,89738.703125,1433083904
2025-11-19 16:45:00+00:00,89719.3828125,89768.8671875,89448.1171875,89674.375,395214848
2025-11-19 17:00:00+00:00,89316.5234375,90001.6484375,89316.5234375,89842.421875,0
2025-11-19 17:15:00+00:00,89443.2890625,89446.484375,89257.5,89317.2734375,1748340736
2025-11-19 17:30:00+00:00,89403.2421875,89452.3046875,88878.796875,89452.3046875,2174607360
2025-11-19 17:45:00+00:00,89286.203125,89286.203125,89060.015625,89260.328125,10915164160
2025-11-19 18:00:00+00:00,89567.625,89567.625,89301.90625,89429.1015625,638091264
2025-11-19 18:15:00+00:00,88844.3046875,89620.1328125,88844.3046875,89604.765625,3144228864
2025-11-19 18:30:00+00:00,88827.796875,89158.3671875,88827.796875,88931.8125,2144174080
2025-11-19 18:45:00+00:00,89156.0078125,89169.796875,88787.5078125,88812.8515625,1043546112
2025-11-19 19:00:00+00:00,88945.7890625,89268.390625,88945.7890625,89058.1171875,462266368
2025-11-19 19:15:00+00:00,88845.015625,89065.6171875,88776.046875,89038.9140625,1399308288
2025-11-19 19:30:00+00:00,88622.0390625,88901.265625,88622.0390625,88828.1796875,948420608
2025-11-19 19:45:00+00:00,88828.6640625,88974.9140625,88587.1328125,88614.5859375,671014912
2025-11-19 20:00:00+00:00,88572.8125,88796.2890625,88526.828125,88778.3515625,1345429504
2025-11-19 20:15:00+00:00,89179.53125,89201.3359375,88609.5390625,88609.5390625,11321344
2025-11-19 20:30:00+00:00,89032.34375,89377.421875,89032.34375,89263.0703125,2286510080
2025-11-19 20:45:00+00:00,89547.765625,89547.765625,89077.0703125,89091.3671875,4450582528
2025-11-19 21:00:00+00:00,89594.765625,89782.8046875,89392.1171875,89448.640625,1985978368
2025-11-19 21:15:00+00:00,90171.6328125,90625.140625,89580.0625,89580.0625,3629056
2025-11-19 21:30:00+00:00,90318.6953125,90520.9140625,89990.0390625,89990.0390625,4394590208
2025-11-19 21:45:00+00:00,90630.5,90665.6328125,90319.3828125,90382.9140625,874430464
2025-11-19 22:00:00+00:00,90338.34375,90530.3203125,90289.8125,90530.3203125,1006149632
2025-11-19 22:15:00+00:00,90404.0,90404.0,90068.0859375,90283.453125,3681091584
2025-11-19 22:30:00+00:00,90435.9140625,90520.6640625,90347.6328125,90520.6640625,1346560000
2025-11-19 22:45:00+00:00,90387.015625,90442.90625,90318.25,90442.90625,1722195968
2025-11-19 23:00:00+00:00,91178.375,91234.453125,90390.4765625,90390.4765625,545759232
2025-11-19 23:15:00+00:00,91358.5390625,91433.984375,91162.1328125,91162.1328125,1385988096
2025-11-19 23:30:00+00:00,91178.5546875,91383.125,91178.5546875,91359.140625,986071040
2025-11-19 23:45:00+00:00,91433.9140625,91458.09375,91196.78125,91196.78125,710459392
2025-11-20 00:00:00+00:00,91338.3671875,91460.7890625,91174.5859375,91460.7890625,1081827328
2025-11-20 00:15:00+00:00,91756.328125,91756.328125,91354.53125,91398.8359375,533127168
2025-11-20 00:30:00+00:00,92104.3359375,92177.46875,91758.796875,91758.796875,807919616
2025-11-20 00:45:00+00:00,91801.25,92150.0625,91800.234375,92150.0625,109953024
2025-11-20 01:00:00+00:00,92244.953125,92244.953125,91779.515625,91808.5390625,969703424
2025-11-20 01:15:00+00:00,92073.5,92374.2265625,92073.5,92167.28125,886038528
2025-11-20 01:30:00+00:00,92474.25,92564.453125,92198.5,92198.5,665550848
2025-11-20 01:45:00+00:00,92471.296875,92561.0078125,92421.3046875,92487.15625,968417280
2025-11-20 02:00:00+00:00,92498.4296875,92687.5234375,92361.3046875,92479.6953125,1544691712
2025-11-20 02:15:00+00:00,92429.0546875,92599.7421875,92383.3671875,92526.84375,351444992
2025-11-20 02:30:00+00:00,92410.8046875,92498.2578125,92410.8046875,92428.984375,485113856
2025-11-20 02:45:00+00:00,92599.0,92606.71875,92274.625,92336.109375,651206656
2025-11-20 03:00:00+00:00,92419.0,92581.8671875,92389.71875,92519.3984375,791199744
2025-11-20 03:15:00+00:00,92425.4296875,92609.953125,92397.4375,92404.4609375,267362304
2025-11-20 03:30:00+00:00,92488.703125,92559.53125,92351.140625,92351.140625,945963008
2025-11-20 03:45:00+00:00,92440.28125,92487.359375,92377.7578125,92487.359375,163086336
2025-11-20 04:00:00+00:00,92442.90625,92442.90625,92327.0390625,92405.9296875,0
2025-11-20 04:15:00+00:00,92227.40625,92409.6875,92116.5,92409.6875,614268928
2025-11-20 04:30:00+00:00,92193.1484375,92321.7890625,92189.90625,92224.09375,0
2025-11-20 04:45:00+00:00,92781.34375,92781.34375,92224.5078125,92226.765625,34193408
2025-11-20 05:00:00+00:00,92819.171875,92996.515625,92816.5546875,92851.796875,966975488
2025-11-20 05:15:00+00:00,92604.9296875,92796.0,92604.9296875,92794.46875,49823744
2025-11-20 05:30:00+00:00,92508.203125,92614.203125,92507.546875,92614.203125,856055808
2025-11-20 05:45:00+00:00,92524.6171875,92663.4296875,92505.03125,92505.03125,641146880
2025-11-20 06:00:00+00:00,92675.7890625,92739.7421875,92539.8046875,92539.8046875,0
2025-11-20 06:15:00+00:00,92379.3203125,92646.0625,92349.7421875,92646.0625,70123520
2025-11-20 06:30:00+00:00,91841.8046875,92399.609375,91841.8046875,92364.9921875,4136288256
2025-11-20 06:45:00+00:00,91814.5703125,91890.3046875,91636.1796875,91774.5234375,872546304
2025-11-20 07:00:00+00:00,91858.6484375,91951.6015625,91774.7265625,91873.7421875,183869440
2025-11-20 07:15:00+00:00,91842.8203125,91955.9609375,91772.40625,91840.9296875,360030208
2025-11-20 07:30:00+00:00,91997.5859375,92050.25,91855.1171875,91855.1171875,822362112
2025-11-20 07:45:00+00:00,92279.4296875,92320.90625,92049.234375,92049.234375,0
2025-11-20 08:00:00+00:00,92042.0234375,92281.9140625,92042.0234375,92241.375,692510720
2025-11-20 08:15:00+00:00,92110.53125,92180.2578125,92039.2578125,92039.2578125,33390592
2025-11-20 08:30:00+00:00,92163.9375,92234.9140625,92115.953125,92190.34375,981024768
2025-11-20 08:45:00+00:00,92012.578125,92212.5234375,91984.921875,92175.1328125,151781376
2025-11-20 09:00:00+00:00,92013.1640625,92023.8359375,91913.671875,92023.8359375,3721289728
2025-11-20 09:15:00+00:00,91749.0546875,91999.3359375,91749.0546875,91988.453125,10715136
2025-11-20 09:30:00+00:00,91662.15625,91830.1015625,91662.15625,91714.2265625,767401984
2025-11-20 09:45:00+00:00,91782.359375,91833.703125,91441.5546875,91635.5078125,889274368
2025-11-20 10:00:00+00:00,91539.8984375,91896.75,91539.8984375,91798.953125,811302912
2025-11-20 10:15:00+00:00,91864.4140625,91866.984375,91539.5625,91539.5625,1322483712
2025-11-20 10:30:00+00:00,91684.1875,91965.546875,91660.78125,91877.4453125,408051712
2025-11-20 10:45:00+00:00,91701.765625,91738.9609375,91652.2734375,91703.0234375,461168640
2025-11-20 11:00:00+00:00,91671.140625,91724.59375,91583.0234375,91715.5390625,872513536
2025-11-20 11:15:00+00:00,91432.5625,91711.3359375,91432.5625,91653.1796875,323248128
2025-11-20 11:30:00+00:00,91721.59375,91762.1640625,91469.796875,91469.796875,2346221568
2025-11-20 11:45:00+00:00,91879.7109375,91887.1015625,91687.453125,91722.0703125,674627584
2025-11-20 12:00:00+00:00,91756.875,91895.46875,91756.875,91856.5703125,879050752
2025-11-20 12:15:00+00:00,91654.8359375,91772.3984375,91632.109375,91632.109375,502562816
2025-11-20 12:30:00+00:00,91668.09375,91829.296875,91642.9765625,91645.03125,4302217216
2025-11-20 12:45:00+00:00,91776.109375,91830.9921875,91679.921875,91679.921875,811524096
2025-11-20 13:00:00+00:00,91891.15625,91891.15625,91657.53125,91757.453125,125927424
2025-11-20 13:15:00+00:00,91719.6015625,91905.5078125,91713.484375,91905.5078125,857964544
2025-11-20 13:30:00+00:00,91753.7890625,92148.828125,91704.0390625,91927.609375,937951232
2025-11-20 13:45:00+00:00,91567.328125,91893.609375,91512.1953125,91600.28125,1185734656
2025-11-20 14:00:00+00:00,90748.9765625,91536.1015625,90472.5703125,91536.1015625,117661696
2025-11-20 14:15:00+00:00,91309.046875,91392.9375,90668.8515625,90699.0546875,5777096704
2025-11-20 14:30:00+00:00,91001.6328125,91492.328125,90783.78125,91323.5859375,1635418112
2025-11-20 14:45:00+00:00,90997.046875,91140.40625,90709.9296875,90972.1875,0
2025-11-20 15:00:00+00:00,90347.7734375,91033.6484375,90347.7734375,91033.6484375,3783958528
2025-11-20 15:15:00+00:00,90556.421875,90704.2578125,90260.75,90316.015625,619356160
2025-11-20 15:30:00+00:00,90436.09375,90554.1953125,90235.2890625,90554.1953125,2397650944
2025-11-20 15:45:00+00:00,89917.03125,90483.6875,89917.03125,90483.6875,98869248
2025-11-20 16:00:00+00:00,88695.5390625,89761.9296875,88470.2265625,89757.34375,1200398336
2025-11-20 16:15:00+00:00,88848.3359375,88900.2734375,88232.953125,88555.078125,801095680
2025-11-20 16:30:00+00:00,88199.59375,88718.5,88065.0859375,88647.4453125,5504647168
2025-11-20 16:45:00+00:00,87709.1015625,88233.4296875,87709.1015625,88099.7109375,1512013824
2025-11-20 17:00:00+00:00,86730.8046875,87887.453125,86730.8046875,87680.078125,1366196224
2025-11-20 17:15:00+00:00,86958.609375,87074.1640625,86808.5859375,86983.703125,2236760064
2025-11-20 17:30:00+00:00,86681.7421875,87232.8125,86474.5078125,87014.359375,2087862272
2025-11-20 17:45:00+00:00,87101.0625,87101.0625,86600.0703125,86664.6015625,809287680
2025-11-20 18:00:00+00:00,87540.375,87540.375,86919.2421875,87151.328125,6295355392
2025-11-20 18:15:00+00:00,86858.1953125,87584.328125,86848.9453125,87584.328125,1252179968
2025-11-20 18:30:00+00:00,86660.328125,86871.1015625,86584.65625,86871.1015625,1518419968
2025-11-20 18:45:00+00:00,86323.6328125,86676.28125,86304.9921875,86676.28125,0
2025-11-20 19:00:00+00:00,86344.7734375,86418.0546875,86057.9609375,86418.0546875,4033789952
2025-11-20 19:15:00+00:00,86941.8515625,86949.734375,86273.3828125,86308.3359375,4643987456
2025-11-20 19:30:00+00:00,86468.4453125,86709.15625,86376.1640625,86624.484375,1488470016
2025-11-20 19:45:00+00:00,86746.90625,86746.90625,86449.8125,86525.15625,0
2025-11-20 20:00:00+00:00,86334.609375,86797.265625,86334.609375,86797.265625,5437267968
2025-11-20 20:15:00+00:00,86849.2890625,86849.2890625,86327.71875,86327.71875,4186824704
2025-11-20 20:30:00+00:00,86398.7734375,86962.53125,86398.7734375,86920.5546875,3085598720
2025-11-20 20:45:00+00:00,86345.0078125,86553.15625,86345.0078125,86457.5078125,322191360
2025-11-20 21:00:00+00:00,86753.3828125,86761.046875,86329.0625,86329.0625,92528640
2025-11-20 21:15:00+00:00,87048.765625,87297.609375,86785.765625,86785.765625,5482348544
2025-11-20 21:30:00+00:00,87432.6328125,87432.6328125,87019.2109375,87019.2109375,2441216
2025-11-20 21:45:00+00:00,87204.28125,87564.09375,87204.28125,87474.375,104611840
2025-11-20 22:00:00+00:00,87736.9453125,87747.40625,87145.765625,87214.390625,2617081856
2025-11-20 22:15:00+00:00,88011.28125,88011.28125,87725.1015625,87793.6796875,0
2025-11-20 22:30:00+00:00,88040.2421875,88126.8046875,87672.546875,88017.875,2182299648
2025-11-20 22:45:00+00:00,88049.3203125,88093.3125,87858.2265625,88016.8828125,1241473024
2025-11-20 23:00:00+00:00,87510.703125,88100.90625,87355.9609375,88030.7109375,4456284160
2025-11-20 23:15:00+00:00,87196.59375,87639.8046875,87181.3203125,87459.6015625,1978589184
2025-11-20 23:30:00+00:00,86944.6875,87189.078125,86698.2109375,87145.6796875,4442259456
2025-11-20 23:45:00+00:00,86698.3671875,86971.671875,86600.28125,86971.671875,6539804672
2025-11-21 00:00:00+00:00,87038.4296875,87038.4296875,86523.953125,86523.953125,0
2025-11-21 00:15:00+00:00,87211.015625,87287.2265625,87030.71875,87038.4296875,7019151360
2025-11-21 00:30:00+00:00,87285.78125,87356.359375,87016.1171875,87177.8125,179666944
2025-11-21 00:45:00+00:00,87122.53125,87312.78125,87122.53125,87140.140625,6363471872
2025-11-21 01:00:00+00:00,87099.921875,87325.9765625,87099.921875,87227.4375,574259200
2025-11-21 01:15:00+00:00,87119.234375,87253.484375,86785.7109375,87035.5859375,1316544512
2025-11-21 01:30:00+00:00,87145.2265625,87206.125,86838.84375,87206.125,4645183488
2025-11-21 01:45:00+00:00,87018.1953125,87197.453125,86932.890625,87113.671875,643874816
2025-11-21 02:00:00+00:00,86411.9921875,86974.859375,86411.9921875,86974.859375,1166417920
2025-11-21 02:15:00+00:00,86481.5859375,86664.40625,86115.1328125,86361.890625,1291812864
2025-11-21 02:30:00+00:00,86300.5390625,86531.3125,86256.15625,86480.4765625,3798417408
2025-11-21 02:45:00+00:00,85403.7265625,86120.84375,85403.7265625,85915.4921875,4969381888
2025-11-21 03:00:00+00:00,85739.21875,85906.890625,85461.7109375,85461.7109375,1194147840
2025-11-21 03:15:00+00:00,85500.4609375,85830.6328125,85384.5625,85685.9609375,2433982464
2025-11-21 03:30:00+00:00,85968.234375,85968.234375,85518.9609375,85580.921875,332038144
2025-11-21 03:45:00+00:00,85883.3984375,85977.5859375,85837.0078125,85962.171875,5626814464
2025-11-21 04:00:00+00:00,85651.59375,85739.96875,85547.8046875,85722.21875,0
2025-11-21 04:15:00+00:00,85786.6953125,85786.6953125,85553.8671875,85664.9453125,1592549376
2025-11-21 04:30:00+00:00,85777.0859375,85780.53125,85338.2890625,85770.234375,4875886592
2025-11-21 04:45:00+00:00,85976.578125,85976.578125,85685.703125,85807.25,1433264128
2025-11-21 05:00:00+00:00,85991.84375,86088.1953125,85888.765625,85948.6953125,343416832
2025-11-21 05:15:00+00:00,86174.6171875,86225.875,86056.265625,86056.265625,2341142528
2025-11-21 05:30:00+00:00,85914.578125,86170.375,85758.796875,86144.984375,691027968
2025-11-21 05:45:00+00:00,86073.4296875,86073.4296875,85880.40625,86000.28125,1506566144
2025-11-21 06:00:00+00:00,85913.0703125,86116.1640625,85827.4609375,86077.34375,8689172480
2025-11-21 06:15:00+00:00,85623.796875,85866.2578125,85621.875,85866.2578125,177618944
2025-11-21 06:30:00+00:00,85568.2421875,85673.515625,85509.0234375,85555.4296875,2575187968
2025-11-21 06:45:00+00:00,85504.765625,85609.34375,85472.1953125,85586.734375,121552896
2025-11-21 07:00:00+00:00,85416.9140625,85599.921875,85383.203125,85496.0,75980800
2025-11-21 07:15:00+00:00,85199.953125,85410.6328125,85152.4296875,85410.6328125,5931515904
2025-11-21 07:30:00+00:00,84311.5234375,85152.4609375,83324.109375,85152.4609375,5642698752
2025-11-21 07:45:00+00:00,83816.34375,84264.1171875,83728.7421875,84264.1171875,4679344128
2025-11-21 08:00:00+00:00,84530.3203125,84530.3203125,83670.2734375,83911.9296875,6705455104
2025-11-21 08:15:00+00:00,84178.4453125,84484.4296875,84178.4453125,84386.1015625,2917212160
2025-11-21 08:30:00+00:00,83702.9375,84293.859375,83702.9375,84152.90625,444268544
2025-11-21 08:45:00+00:00,83625.5390625,83779.578125,83557.3984375,83701.3203125,3728154624
2025-11-21 09:00:00+00:00,83598.8359375,83804.5234375,83559.1875,83582.0859375,1370497024
2025-11-21 09:15:00+00:00,83041.34375,83621.25,83041.34375,83595.28125,1953619968
2025-11-21 09:30:00+00:00,82443.1875,82987.8046875,82443.1875,82982.5703125,2063745024
2025-11-21 09:45:00+00:00,82355.15625,82551.125,82062.703125,82524.3046875,258260992
2025-11-21 10:00:00+00:00,82056.2109375,82323.5390625,81738.8359375,82150.90625,9686155264
2025-11-21 10:15:00+00:00,81983.25,82266.203125,81730.671875,82029.046875,2689818624
2025-11-21 10:30:00+00:00,82469.6171875,82734.09375,81961.765625,81961.765625,1150656512
2025-11-21 10:45:00+00:00,82619.28125,82652.1953125,82406.8828125,82431.9375,5367824384
2025-11-21 11:00:00+00:00,82900.2890625,83146.6796875,82548.7734375,82652.0390625,535150592
2025-11-21 11:15:00+00:00,82901.8984375,83025.5,82901.8984375,82941.2265625,3561021440
2025-11-21 11:30:00+00:00,82390.265625,82941.8046875,82390.265625,82836.0703125,2686885888
2025-11-21 11:45:00+00:00,82228.7734375,82408.46875,82140.640625,82408.46875,2315558912
2025-11-21 12:00:00+00:00,82080.6015625,82250.625,81921.375,82228.703125,518316032
2025-11-21 12:15:00+00:00,80756.515625,82143.578125,80756.515625,82143.578125,3722231808
2025-11-21 12:30:00+00:00,82752.453125,82759.9765625,80760.6640625,80760.6640625,4008861696
2025-11-21 12:45:00+00:00,83190.15625,83471.1796875,82891.390625,82891.390625,3752157184
2025-11-21 13:00:00+00:00,83539.109375,83546.3671875,83142.1875,83152.8671875,1872273408
2025-11-21 13:15:00+00:00,83536.296875,84050.6484375,83536.296875,83704.9921875,606945280
2025-11-21 13:30:00+00:00,84048.046875,84048.046875,83338.84375,83338.84375,2475761664
2025-11-21 13:45:00+00:00,84102.34375,84270.0078125,84048.015625,84048.015625,3478216704
2025-11-21 14:00:00+00:00,83830.4375,84089.921875,83722.953125,84035.828125,2161459200
2025-11-21 14:15:00+00:00,83507.34375,83771.46875,83507.34375,83771.46875,9024020480
2025-11-21 14:30:00+00:00,84779.5,85113.8515625,83543.3046875,83543.3046875,4674846720
2025-11-21 14:45:00+00:00,85036.3671875,85318.171875,84212.3828125,84778.875,1436975104
2025-11-21 15:00:00+00:00,84294.78125,84938.171875,84294.78125,84938.171875,13046513664
2025-11-21 15:15:00+00:00,83713.4140625,84155.140625,83676.0703125,84123.203125,878788608
2025-11-21 15:30:00+00:00,82952.359375,83719.1484375,82846.1796875,83560.7109375,0
2025-11-21 15:45:00+00:00,82816.7109375,83273.265625,82816.7109375,83165.96875,9604972544
2025-11-21 16:00:00+00:00,82677.9765625,82922.84375,82414.4765625,82866.078125,459620352
2025-11-21 16:15:00+00:00,83179.3046875,83179.3046875,82761.15625,82820.109375,471285760
2025-11-21 16:30:00+00:00,83399.40625,83679.8671875,83005.78125,83164.8671875,0
2025-11-21 16:45:00+00:00,84713.3359375,84713.3359375,83163.421875,83268.1015625,12363300864
2025-11-21 17:00:00+00:00,85071.25,85331.7265625,84566.5625,84849.2578125,8647892992
2025-11-21 17:15:00+00:00,84996.8515625,85350.0390625,84979.171875,85154.34375,1294360576
2025-11-21 17:30:00+00:00,85129.4765625,85362.765625,85038.8828125,85136.1484375,1024753664
2025-11-21 17:45:00+00:00,84845.890625,85239.0390625,84845.890625,85102.2734375,2822070272
2025-11-21 18:00:00+00:00,83588.671875,84799.2890625,83588.671875,84799.2890625,0
2025-11-21 18:15:00+00:00,84051.9921875,84051.9921875,83326.296875,83617.0859375,437010432
2025-11-21 18:30:00+00:00,84385.8671875,84464.4765625,84069.640625,84069.640625,618864640
2025-11-21 18:45:00+00:00,84512.421875,84848.40625,84379.09375,84420.703125,648806400
2025-11-21 19:00:00+00:00,84479.78125,84721.2421875,84479.78125,84531.0546875,9151242240
2025-11-21 19:15:00+00:00,84894.890625,84897.5625,84505.2734375,84505.2734375,581189632
2025-11-21 19:30:00+00:00,84562.0703125,84839.4921875,84562.0703125,84839.4921875,29843456
2025-11-21 19:45:00+00:00,84169.3671875,84388.09375,84093.7578125,84388.09375,8291254272
2025-11-21 20:00:00+00:00,84182.6875,84241.2265625,83804.0390625,84150.1796875,2131050496
2025-11-21 20:15:00+00:00,83575.828125,84082.7109375,83575.828125,84082.7109375,0
2025-11-21 20:30:00+00:00,84150.3359375,84150.3359375,83470.5703125,83494.1640625,1291788288
2025-11-21 20:45:00+00:00,84510.875,84561.46875,84151.7734375,84151.7734375,1947394048
2025-11-21 21:00:00+00:00,84552.9921875,84640.9296875,84371.7578125,84502.375,2612486144
2025-11-21 21:15:00+00:00,84887.5078125,84887.5078125,84417.5859375,84559.3671875,217120768
2025-11-21 21:30:00+00:00,85279.4921875,85279.4921875,84903.78125,84903.78125,835502080
2025-11-21 21:45:00+00:00,85096.375,85344.1953125,85096.375,85207.296875,1796341760
2025-11-21 22:00:00+00:00,85091.625,85311.234375,85091.625,85124.7109375,418906112
2025-11-21 22:15:00+00:00,84879.671875,85126.5625,84738.3828125,85102.4296875,0
2025-11-21 22:30:00+00:00,84519.7265625,84800.4140625,84290.78125,84800.4140625,972627968
2025-11-21 22:45:00+00:00,84316.1171875,84810.1484375,84316.1171875,84536.59375,1174044672
2025-11-21 23:00:00+00:00,84365.7265625,84365.7265625,84107.5859375,84281.6796875,772866048
2025-11-21 23:15:00+00:00,84889.578125,84889.578125,84386.1015625,84386.1015625,2231091200
2025-11-21 23:30:00+00:00,85184.234375,85184.234375,84852.453125,84903.859375,202055680
2025-11-21 23:45:00+00:00,85012.9296875,85235.375,85001.140625,85147.21875,0
2025-11-22 00:00:00+00:00,85367.9375,85378.703125,85075.9609375,85075.9609375,0
2025-11-22 00:15:00+00:00,84967.3359375,85503.0078125,84967.3359375,85503.0078125,251699200
2025-11-22 00:30:00+00:00,84962.1953125,85138.21875,84888.6484375,84888.6484375,805003264
2025-11-22 00:45:00+00:00,84689.8203125,85047.6171875,84579.546875,85047.6171875,8913870848
2025-11-22 01:00:00+00:00,84647.3828125,84812.359375,84612.65625,84687.3984375,1108418560
2025-11-22 01:15:00+00:00,84815.3125,84846.390625,84646.5,84646.5,302907392
2025-11-22 01:30:00+00:00,84862.40625,85119.828125,84860.0234375,84860.0234375,10624802816
2025-11-22 01:45:00+00:00,85010.109375,85067.9375,84862.09375,84869.8125,1049133056
2025-11-22 02:00:00+00:00,84677.53125,85098.7734375,84677.53125,85054.6328125,0
2025-11-22 02:15:00+00:00,84644.984375,84710.6484375,84560.375,84673.203125,9346572288
2025-11-22 02:30:00+00:00,84347.7578125,84636.7734375,84285.09375,84636.7734375,613163008
2025-11-22 02:45:00+00:00,84422.21875,84422.21875,84267.3828125,84333.453125,7422771200
2025-11-22 03:00:00+00:00,84499.109375,84507.984375,84352.875,84438.5859375,7507017728
2025-11-22 03:15:00+00:00,84311.171875,84538.9765625,84235.9296875,84538.9765625,0
2025-11-22 03:30:00+00:00,84319.6484375,84393.859375,84213.546875,84372.6328125,795623424
2025-11-22 03:45:00+00:00,84406.234375,84410.265625,84206.53125,84319.3984375,333012992
2025-11-22 04:00:00+00:00,84050.359375,84431.53125,84050.359375,84397.1953125,696123392
2025-11-22 04:15:00+00:00,83983.9140625,84058.7734375,83908.6953125,84049.4765625,491470848
2025-11-22 04:30:00+00:00,83881.359375,84047.3984375,83818.5859375,84005.046875,942858240
2025-11-22 04:45:00+00:00,84140.8046875,84169.5,83912.8828125,83912.8828125,162496512
2025-11-22 05:00:00+00:00,84144.5625,84202.578125,84114.0546875,84178.703125,742727680
2025-11-22 05:15:00+00:00,83966.2734375,84163.9765625,83872.9921875,84163.9765625,1438482432
2025-11-22 05:30:00+00:00,83873.6171875,83982.9296875,83858.359375,83982.9296875,960593920
2025-11-22 05:45:00+00:00,84237.21875,84237.21875,83873.3515625,83873.3515625,1094508544
2025-11-22 06:00:00+00:00,84174.3203125,84223.96875,84055.6875,84223.96875,1460084736
2025-11-22 06:15:00+00:00,84451.96875,84461.796875,84192.875,84192.875,351780864
2025-11-22 06:30:00+00:00,84545.0859375,84701.359375,84438.7734375,84438.7734375,855588864
2025-11-22 06:45:00+00:00,84618.375,84628.578125,84523.765625,84572.75,437608448
2025-11-22 07:00:00+00:00,84416.5625,84592.625,84416.5625,84592.625,599941120
2025-11-22 07:15:00+00:00,84408.2109375,84534.8671875,84381.8671875,84385.453125,102645760
2025-11-22 07:30:00+00:00,84470.3515625,84526.6953125,84383.2578125,84434.0,0
2025-11-22 07:45:00+00:00,84514.515625,84578.4609375,84507.375,84537.1328125,65708032
2025-11-22 08:00:00+00:00,84425.3046875,84521.4140625,84404.015625,84521.4140625,315056128
2025-11-22 08:15:00+00:00,84178.34375,84457.1875,84178.34375,84442.90625,0
2025-11-22 08:30:00+00:00,83940.5625,84169.3125,83908.421875,84169.3125,6001934336
2025-11-22 08:45:00+00:00,84056.0859375,84070.2734375,83931.0625,84014.6796875,467640320
2025-11-22 09:00:00+00:00,84264.9921875,84264.9921875,83948.5546875,83974.5,0
2025-11-22 09:15:00+00:00,84051.171875,84252.328125,83977.671875,84252.328125,692469760
2025-11-22 09:30:00+00:00,83837.1484375,84158.75,83837.1484375,84054.8828125,0
2025-11-22 09:45:00+00:00,83837.984375,84058.9609375,83837.984375,83871.28125,5679464448
2025-11-22 10:00:00+00:00,84122.171875,84122.171875,83853.53125,83853.53125,0
2025-11-22 10:15:00+00:00,83676.2265625,84134.5234375,83629.8515625,84134.5234375,68460544
2025-11-22 10:30:00+00:00,83595.8359375,83704.984375,83595.8359375,83632.75,0
2025-11-22 10:45:00+00:00,83703.1484375,83703.1484375,83490.8984375,83571.9375,0
2025-11-22 11:00:00+00:00,83934.53125,83957.28125,83656.4140625,83664.0546875,154673152
2025-11-22 11:15:00+00:00,84191.125,84191.125,83869.8046875,83953.34375,294215680
2025-11-22 11:30:00+00:00,84166.515625,84258.875,84099.328125,84188.2265625,493101056
2025-11-22 11:45:00+00:00,84144.0390625,84244.578125,84136.3203125,84244.578125,0
2025-11-22 12:00:00+00:00,83674.1171875,84096.421875,83674.1171875,84096.421875,831160320
2025-11-22 12:15:00+00:00,83604.1796875,83799.140625,83604.1796875,83653.21875,0
2025-11-22 12:30:00+00:00,83720.65625,83757.8671875,83683.71875,83697.8828125,0
2025-11-22 12:45:00+00:00,83850.5078125,83856.8671875,83635.5,83694.390625,0
2025-11-22 13:00:00+00:00,84054.328125,84054.328125,83658.4921875,83826.578125,0
2025-11-22 13:15:00+00:00,83823.6171875,84053.8828125,83778.265625,84053.8828125,0
2025-11-22 13:30:00+00:00,83810.9921875,83832.7265625,83698.8515625,83832.7265625,3301130240
2025-11-22 13:45:00+00:00,83890.1796875,83974.7109375,83835.9375,83861.921875,507731968
2025-11-22 14:00:00+00:00,84269.75,84269.75,83897.1953125,83897.1953125,4305891328
2025-11-22 14:15:00+00:00,84538.8046875,84573.0078125,84319.7578125,84506.7890625,203358208
2025-11-22 14:30:00+00:00,84375.828125,84528.984375,84375.828125,84528.984375,0
2025-11-22 14:45:00+00:00,84453.5234375,84453.5234375,84231.3984375,84351.9375,0
2025-11-22 15:00:00+00:00,84287.5390625,84454.578125,84275.953125,84438.640625,0
2025-11-22 15:15:00+00:00,84397.5625,84417.453125,84318.2109375,84318.2109375,0
2025-11-22 15:30:00+00:00,84053.1875,84392.71875,84023.2734375,84392.71875,0
2025-11-22 15:45:00+00:00,84197.09375,84197.09375,84031.0078125,84047.234375,2641842176
2025-11-22 16:00:00+00:00,84502.875,84502.875,84209.0859375,84221.4765625,0
2025-11-22 16:15:00+00:00,84531.7109375,84573.765625,84442.6484375,84514.5625,2633191424
2025-11-22 16:30:00+00:00,84610.078125,84610.078125,84495.859375,84532.921875,0
2025-11-22 16:45:00+00:00,84682.390625,84756.6328125,84585.2421875,84756.6328125,0
2025-11-22 17:00:00+00:00,84419.625,84611.2109375,84419.625,84611.2109375,0
2025-11-22 17:15:00+00:00,84635.7109375,84635.7109375,84462.984375,84473.390625,274206720
2025-11-22 17:30:00+00:00,84511.8203125,84614.0703125,84511.8203125,84614.0703125,0
2025-11-22 17:45:00+00:00,84492.046875,84505.8671875,84458.578125,84505.8671875,0
2025-11-22 18:00:00+00:00,84575.28125,84604.8984375,84465.5859375,84549.4140625,0
2025-11-22 18:15:00+00:00,84509.890625,84564.171875,84509.890625,84564.171875,0
2025-11-22 18:30:00+00:00,84509.7890625,84533.6640625,84453.140625,84533.6640625,0
2025-11-22 18:45:00+00:00,84537.2890625,84598.5546875,84492.2890625,84503.8203125,0
2025-11-22 19:00:00+00:00,84638.4921875,84718.4375,84564.1640625,84604.2734375,270458880
2025-11-22 19:15:00+00:00,84584.484375,84727.0546875,84573.9453125,84700.09375,0
2025-11-22 19:30:00+00:00,84511.3046875,84590.1015625,84511.3046875,84562.2734375,52592640
2025-11-22 19:45:00+00:00,84610.125,84661.4765625,84522.7265625,84522.7265625,0
2025-11-22 20:00:00+00:00,84704.4140625,84745.578125,84590.703125,84608.5,0
2025-11-22 20:15:00+00:00,84701.84375,84711.4609375,84621.6796875,84706.1015625,0
2025-11-22 20:30:00+00:00,84471.0703125,84684.15625,84471.0703125,84684.15625,0
2025-11-22 20:45:00+00:00,84397.015625,84420.8828125,84239.4921875,84391.1640625,0
2025-11-22 21:00:00+00:00,84248.1171875,84437.25,84229.84375,84413.265625,106242048
2025-11-22 21:15:00+00:00,84284.0,84342.046875,84266.0078125,84266.0078125,64442368
2025-11-22 21:30:00+00:00,84345.8046875,84345.8046875,84262.75,84267.625,0
2025-11-22 21:45:00+00:00,84363.34375,84363.34375,84288.4375,84349.546875,243200000
2025-11-22 22:00:00+00:00,84452.5390625,84452.5390625,84251.9375,84372.1015625,63307776
2025-11-22 22:15:00+00:00,84574.65625,84607.1953125,84501.453125,84533.3671875,1943961600
2025-11-22 22:30:00+00:00,84695.25,84695.25,84554.0390625,84561.84375,0
2025-11-22 22:45:00+00:00,85102.5703125,85164.078125,84700.4296875,84700.4296875,269426688
2025-11-22 23:00:00+00:00,84866.1875,85086.8359375,84827.15625,85036.921875,0
2025-11-22 23:15:00+00:00,84824.921875,84979.3828125,84761.8515625,84979.3828125,1921945600
2025-11-22 23:30:00+00:00,84794.4453125,84963.984375,84794.4453125,84810.171875,12767232
2025-11-22 23:45:00+00:00,84661.171875,84767.328125,84661.171875,84759.1015625,51109888
2025-11-23 00:00:00+00:00,85027.390625,85027.390625,84680.8125,84680.8125,388751360
2025-11-23 00:15:00+00:00,85169.5234375,85224.0703125,85019.4375,85102.046875,279199744
2025-11-23 00:30:00+00:00,84901.5625,85095.828125,84901.5625,85028.0078125,185114624
2025-11-23 00:45:00+00:00,84893.2890625,85043.84375,84851.3046875,84938.9921875,0
2025-11-23 01:00:00+00:00,85258.8125,85258.8125,84905.3671875,84905.3671875,66977792
2025-11-23 01:15:00+00:00,85396.2265625,85424.9296875,85260.859375,85275.828125,357625856
2025-11-23 01:30:00+00:00,85828.09375,85828.09375,85459.875,85473.4296875,0
2025-11-23 01:45:00+00:00,85791.6328125,85865.9140625,85716.4140625,85819.109375,2519351296
2025-11-23 02:00:00+00:00,85710.859375,85979.0625,85658.9609375,85835.5078125,555069440
2025-11-23 02:15:00+00:00,86058.375,86066.2734375,85734.625,85761.5546875,142774272
2025-11-23 02:30:00+00:00,86216.9921875,86268.2109375,86026.921875,86026.921875,3597074432
2025-11-23 02:45:00+00:00,86008.625,86203.703125,86003.6875,86159.2421875,280584192
2025-11-23 03:00:00+00:00,85833.328125,85998.8671875,85806.4296875,85962.1875,313118720
2025-11-23 03:15:00+00:00,85866.0,85869.7265625,85809.15625,85809.640625,0
2025-11-23 03:30:00+00:00,86029.3046875,86067.7578125,85867.34375,85886.4453125,256221184
2025-11-23 03:45:00+00:00,86194.265625,86200.2421875,86013.3359375,86035.7890625,206520320
2025-11-23 04:00:00+00:00,86433.9453125,86433.9453125,86159.5078125,86289.8984375,338366464
2025-11-23 04:15:00+00:00,86574.9296875,86743.296875,86377.6953125,86410.0,325804032
2025-11-23 04:30:00+00:00,86531.5234375,86539.5703125,86400.15625,86405.3515625,439746560
2025-11-23 04:45:00+00:00,86524.7421875,86606.15625,86524.7421875,86530.0390625,71766016
2025-11-23 05:00:00+00:00,86341.3203125,86509.3671875,86341.3203125,86509.3671875,210620416
2025-11-23 05:15:00+00:00,86201.0,86400.421875,86201.0,86391.171875,71200768
2025-11-23 05:30:00+00:00,86026.5078125,86214.671875,86026.5078125,86204.96875,750202880
2025-11-23 05:45:00+00:00,86279.78125,86279.78125,86016.046875,86016.046875,118403072
2025-11-23 06:00:00+00:00,86283.9921875,86437.953125,86283.9921875,86287.75,131031040
2025-11-23 06:15:00+00:00,86074.65625,86268.8203125,86074.65625,86268.8203125,288137216
2025-11-23 06:30:00+00:00,86040.640625,86121.28125,85987.3359375,86107.3046875,285933568
2025-11-23 06:45:00+00:00,85881.9921875,86043.328125,85868.3359375,85997.40625,0
2025-11-23 07:00:00+00:00,85813.21875,85859.625,85628.0078125,85859.625,2079793152
2025-11-23 07:15:00+00:00,85447.8359375,85829.6875,85413.03125,85829.6875,1976602624
2025-11-23 07:30:00+00:00,85669.1328125,85669.1328125,85443.3359375,85464.984375,620765184
2025-11-23 07:45:00+00:00,85691.453125,85720.921875,85633.078125,85668.4375,168345600
2025-11-23 08:00:00+00:00,85966.3203125,85983.8671875,85728.5234375,85735.734375,423112704
2025-11-23 08:15:00+00:00,85978.8984375,86031.2421875,85970.3203125,85970.3203125,405893120
2025-11-23 08:30:00+00:00,85827.8984375,85968.1015625,85827.8984375,85968.1015625,484466688
2025-11-23 08:45:00+00:00,86129.15625,86129.15625,85821.125,85821.296875,2174095360
2025-11-23 09:00:00+00:00,86168.34375,86168.34375,86077.4453125,86108.328125,14848000
2025-11-23 09:15:00+00:00,86086.59375,86194.78125,86086.59375,86193.7734375,374423552
2025-11-23 09:30:00+00:00,86371.65625,86371.65625,86101.640625,86135.8046875,358658048
2025-11-23 09:45:00+00:00,86353.421875,86403.078125,86319.359375,86403.078125,162148352
2025-11-23 10:00:00+00:00,86242.4765625,86353.2109375,86241.3125,86353.2109375,1868836864
2025-11-23 10:15:00+00:00,86143.7890625,86326.5,86143.7890625,86239.9609375,396255232
2025-11-23 10:30:00+00:00,86241.8984375,86241.8984375,86096.5859375,86115.625,80130048
2025-11-23 10:45:00+00:00,86053.359375,86217.5625,86053.359375,86202.15625,2116501504
2025-11-23 11:00:00+00:00,85868.8515625,86011.453125,85840.2421875,86011.453125,2250301440
2025-11-23 11:15:00+00:00,86002.4375,86053.7890625,85858.0546875,85893.109375,310595584
2025-11-23 11:30:00+00:00,86186.40625,86186.40625,86028.625,86028.625,271908864
2025-11-23 11:45:00+00:00,86266.1640625,86391.9453125,86193.1171875,86209.0078125,156819456
2025-11-23 12:00:00+00:00,86489.6015625,86489.6015625,86263.578125,86264.4609375,189890560
2025-11-23 12:15:00+00:00,86751.4609375,86808.5390625,86637.0,86637.0,2170224640
2025-11-23 12:30:00+00:00,86503.28125,86780.8203125,86503.28125,86729.1015625,93315072
2025-11-23 12:45:00+00:00,86491.4765625,86633.5,86443.5234375,86540.3359375,2056019968
2025-11-23 13:00:00+00:00,86343.5625,86631.375,86343.5625,86480.6875,491012096
2025-11-23 13:15:00+00:00,86407.8046875,86555.6640625,86327.125,86327.125,1967198208
2025-11-23 13:30:00+00:00,86658.9140625,86663.4296875,86425.796875,86425.796875,230338560
2025-11-23 13:45:00+00:00,86870.15625,86870.15625,86663.078125,86663.078125,2884964352
2025-11-23 14:00:00+00:00,86802.578125,87107.375,86756.1171875,86912.796875,625942528
2025-11-23 14:15:00+00:00,86758.015625,86799.6796875,86632.7578125,86788.8359375,115167232
2025-11-23 14:30:00+00:00,86767.375,86843.0390625,86707.8828125,86754.4296875,307421184
2025-11-23 14:45:00+00:00,86516.9921875,86768.515625,86505.8671875,86741.3359375,411508736
2025-11-23 15:00:00+00:00,86675.265625,86720.7890625,86481.3125,86517.3359375,571535360
2025-11-23 15:15:00+00:00,86670.8203125,86719.8359375,86606.359375,86680.609375,215797760
2025-11-23 15:30:00+00:00,86980.1015625,86980.1015625,86668.2421875,86668.2421875,89890816
2025-11-23 15:45:00+00:00,87115.7890625,87115.7890625,86899.78125,86981.921875,2504732672
2025-11-23 16:00:00+00:00,87129.6953125,87388.296875,87047.4453125,87047.4453125,775294976
2025-11-23 16:15:00+00:00,87019.59375,87162.2265625,86984.7109375,87159.625,356720640
2025-11-23 16:30:00+00:00,87338.03125,87359.5703125,86973.796875,86976.046875,378621952
2025-11-23 16:45:00+00:00,86721.734375,87314.71875,86721.734375,87314.71875,557912064
2025-11-23 17:00:00+00:00,86710.578125,86758.140625,86497.75,86662.0234375,869322752
2025-11-23 17:15:00+00:00,86864.703125,86864.703125,86589.0,86689.8515625,296087552
2025-11-23 17:30:00+00:00,86828.625,86909.5390625,86761.3515625,86861.359375,561512448
2025-11-23 17:45:00+00:00,86721.8203125,86846.515625,86606.1484375,86846.515625,2681950208
2025-11-23 18:00:00+00:00,86743.8671875,86876.0,86741.7265625,86760.5859375,43720704
2025-11-23 18:15:00+00:00,86919.28125,87122.0625,86769.4296875,86769.4296875,504279040
2025-11-23 18:30:00+00:00,87112.4140625,87158.65625,86935.8046875,86950.1640625,5456359424
2025-11-23 18:45:00+00:00,86983.296875,87146.84375,86949.3984375,87146.84375,509292544
2025-11-23 19:00:00+00:00,87187.046875,87187.046875,86950.0390625,86956.6484375,151998464
2025-11-23 19:15:00+00:00,87469.984375,87469.984375,87204.9609375,87204.9609375,374349824
2025-11-23 19:30:00+00:00,87569.5703125,87609.8515625,87387.0078125,87401.828125,1139826688
2025-11-23 19:45:00+00:00,87326.5,87609.8125,87326.5,87609.8125,448638976
2025-11-23 20:00:00+00:00,87325.3046875,87430.3515625,87251.2421875,87303.2734375,943828992
2025-11-23 20:15:00+00:00,87640.0390625,87647.09375,87404.8359375,87440.5625,448208896
2025-11-23 20:30:00+00:00,87471.6328125,87608.0859375,87438.203125,87608.0859375,3055521792
2025-11-23 20:45:00+00:00,87410.640625,87526.3828125,87410.640625,87526.3828125,547438592
2025-11-23 21:00:00+00:00,87247.5546875,87460.0859375,87247.5546875,87460.0859375,433037312
2025-11-23 21:15:00+00:00,87522.859375,87522.859375,87262.5234375,87262.5234375,220037120
2025-11-23 21:30:00+00:00,87772.703125,87772.703125,87553.40625,87553.40625,690384896
2025-11-23 21:45:00+00:00,87973.9453125,87973.9453125,87627.3203125,87629.5859375,309981184
2025-11-23 22:00:00+00:00,87756.8125,88010.4453125,87693.03125,87966.109375,734191616
2025-11-23 22:15:00+00:00,87890.109375,87932.21875,87595.5546875,87731.015625,105304064
2025-11-23 22:30:00+00:00,87780.3203125,87885.2265625,87706.171875,87885.2265625,1016221696
2025-11-23 22:45:00+00:00,87961.4375,87961.4375,87775.6328125,87779.109375,0
2025-11-23 23:00:00+00:00,87465.40625,88025.1875,87465.40625,88025.1875,1152524288
2025-11-23 23:15:00+00:00,86981.6484375,87372.65625,86935.9140625,87309.8359375,416055296
2025-11-23 23:30:00+00:00,86865.5,86987.6328125,86758.390625,86987.6328125,3367206912
2025-11-23 23:45:00+00:00,86763.125,86850.21875,86763.125,86806.28125,412581888
2025-11-24 00:00:00+00:00,86339.078125,86794.40625,86339.078125,86794.40625,0
2025-11-24 00:15:00+00:00,86362.96875,86385.96875,85967.28125,86294.796875,2695077888
2025-11-24 00:30:00+00:00,86739.3671875,86899.078125,86271.9453125,86271.9453125,3079327744
2025-11-24 00:45:00+00:00,86694.1328125,87106.9453125,86685.4375,86817.5546875,3093499904
2025-11-24 01:00:00+00:00,86936.8046875,86936.8046875,86573.6875,86616.765625,570642432
2025-11-24 01:15:00+00:00,86816.8828125,86816.8828125,86643.1796875,86746.609375,331112448
2025-11-24 01:30:00+00:00,86423.6015625,86755.90625,86423.6015625,86755.90625,268611584
2025-11-24 01:45:00+00:00,87013.015625,87013.015625,86435.6328125,86491.59375,0
2025-11-24 02:00:00+00:00,87804.7578125,87840.7421875,87032.484375,87032.484375,678408192
2025-11-24 02:15:00+00:00,87780.6875,87987.9921875,87780.6875,87849.3828125,3228102656
2025-11-24 02:30:00+00:00,87405.9921875,87712.9375,87308.890625,87712.9375,602923008
2025-11-24 02:45:00+00:00,87414.140625,87439.8046875,87289.1484375,87366.859375,0
2025-11-24 03:00:00+00:00,87210.1015625,87505.6953125,87195.90625,87501.875,0
2025-11-24 03:15:00+00:00,87567.3125,87717.4140625,87297.7734375,87297.7734375,2954665984
2025-11-24 03:30:00+00:00,87372.96875,87601.7109375,87372.96875,87589.4765625,110891008
2025-11-24 03:45:00+00:00,87344.1484375,87463.140625,87284.03125,87408.53125,1866530816
2025-11-24 04:00:00+00:00,87448.5390625,87544.8125,87344.1484375,87344.1484375,435683328
2025-11-24 04:15:00+00:00,86551.328125,87346.4609375,86435.75,87346.4609375,444510208
2025-11-24 04:30:00+00:00,86620.2890625,86770.7890625,86557.0078125,86557.0078125,967499776
2025-11-24 04:45:00+00:00,86691.2734375,86765.34375,86615.6875,86685.046875,325083136
2025-11-24 05:00:00+00:00,87524.9453125,87524.9453125,86695.1640625,86699.234375,0
2025-11-24 05:15:00+00:00,87679.390625,87717.4765625,87502.2421875,87545.078125,1212006400
2025-11-24 05:30:00+00:00,87453.375,87622.484375,87453.375,87622.484375,940359680
2025-11-24 05:45:00+00:00,87376.5078125,87500.5625,87276.3203125,87500.5625,289431552
2025-11-24 06:00:00+00:00,86998.3046875,87441.078125,86951.4375,87403.4765625,0
2025-11-24 06:15:00+00:00,87069.6171875,87095.9375,86926.8359375,86926.8359375,5801484288
2025-11-24 06:30:00+00:00,86982.296875,87104.7265625,86877.8984375,87104.7265625,0
2025-11-24 06:45:00+00:00,86920.609375,87013.6953125,86845.5,86979.8203125,1876328448
2025-11-24 07:00:00+00:00,86832.6015625,86880.796875,86721.0078125,86880.796875,132210688
2025-11-24 07:15:00+00:00,86835.2421875,86964.296875,86762.359375,86794.21875,506077184
2025-11-24 07:30:00+00:00,87120.7734375,87120.7734375,86823.7265625,86842.34375,306409472
2025-11-24 07:45:00+00:00,86977.4453125,87267.1328125,86977.4453125,87267.1328125,258875392
2025-11-24 08:00:00+00:00,86895.03125,86960.1640625,86762.421875,86948.171875,734892032
2025-11-24 08:15:00+00:00,86847.640625,86951.828125,86798.5859375,86902.9140625,273518592
2025-11-24 08:30:00+00:00,86795.8671875,86825.28125,86724.0,86796.5,55812096
2025-11-24 08:45:00+00:00,86959.3671875,86959.3671875,86719.78125,86800.6875,226283520
2025-11-24 09:00:00+00:00,86581.859375,86949.046875,86540.4921875,86949.046875,290594816
2025-11-24 09:15:00+00:00,85926.6328125,86575.96875,85888.4921875,86575.96875,5558763520
2025-11-24 09:30:00+00:00,85906.7578125,86104.9921875,85858.46875,85863.734375,1181913088
2025-11-24 09:45:00+00:00,85968.671875,86030.171875,85968.671875,85970.0,73273344
2025-11-24 10:00:00+00:00,85900.9296875,86083.7109375,85875.6484375,85933.015625,349364224
2025-11-24 10:15:00+00:00,85743.8515625,85923.5859375,85743.8515625,85864.4453125,631836672
2025-11-24 10:30:00+00:00,85890.7109375,85890.7109375,85691.3203125,85771.5,806318080
2025-11-24 10:45:00+00:00,86053.9140625,86053.9140625,85890.609375,85890.609375,253030400
2025-11-24 11:00:00+00:00,86041.84375,86103.75,85834.1796875,86026.6640625,567885824
2025-11-24 11:15:00+00:00,86001.453125,86116.3515625,85985.2578125,86037.8125,659456
2025-11-24 11:30:00+00:00,86282.296875,86298.1484375,86011.640625,86011.640625,447062016
2025-11-24 11:45:00+00:00,86224.9765625,86331.3828125,86224.9765625,86331.3828125,131891200
2025-11-24 12:00:00+00:00,85948.4375,86224.1640625,85948.4375,86224.1640625,0
2025-11-24 12:15:00+00:00,86043.9375,86043.9375,85937.734375,85980.265625,352309248
2025-11-24 12:30:00+00:00,85884.28125,86234.75,85884.28125,86133.6640625,456396800
2025-11-24 12:45:00+00:00,85928.125,86093.3046875,85899.234375,85907.5625,284372992
2025-11-24 13:00:00+00:00,86321.3828125,86400.71875,85968.609375,85968.859375,2952753152
2025-11-24 13:15:00+00:00,86450.1484375,86450.1484375,86159.2421875,86341.6328125,1353093120
2025-11-24 13:30:00+00:00,86466.5,86497.046875,86353.4921875,86461.0390625,691630080
2025-11-24 13:45:00+00:00,86189.2265625,86490.5390625,86189.2265625,86490.5390625,47546368
2025-11-24 14:00:00+00:00,86058.03125,86089.9765625,85889.796875,86089.9765625,220114944
2025-11-24 14:15:00+00:00,86012.4140625,86036.71875,85954.4375,86015.484375,275075072
2025-11-24 14:30:00+00:00,86053.828125,86569.6953125,85826.1328125,85931.828125,437641216
2025-11-24 14:45:00+00:00,85833.9765625,85833.9765625,85279.109375,85545.3671875,1101328384
2025-11-24 15:00:00+00:00,86309.8671875,86668.375,86030.171875,86030.171875,468905984
2025-11-24 15:15:00+00:00,86095.0,86505.9296875,85940.296875,86505.9296875,1333407744
2025-11-24 15:30:00+00:00,86471.4609375,86471.4609375,85996.296875,85996.296875,545431552
2025-11-24 15:45:00+00:00,86539.2578125,86625.8828125,86374.078125,86502.4609375,340770816
2025-11-24 16:00:00+00:00,86858.7109375,87062.1875,86555.53125,86555.53125,3213840384
2025-11-24 16:15:00+00:00,87241.75,87242.3828125,86910.2890625,86912.9921875,377913344
2025-11-24 16:30:00+00:00,87242.9453125,87242.9453125,87099.3125,87180.4296875,71499776
2025-11-24 16:45:00+00:00,87185.5703125,87573.6328125,87185.5703125,87484.0859375,548618240
2025-11-24 17:00:00+00:00,86997.34375,87272.2421875,86988.890625,87272.2421875,0
2025-11-24 17:15:00+00:00,87683.734375,87683.734375,86945.7734375,86987.7578125,264192000
2025-11-24 17:30:00+00:00,87910.203125,87917.3359375,87671.9921875,87680.5234375,1384636416
2025-11-24 17:45:00+00:00,88394.140625,88394.140625,87890.703125,87893.7421875,682049536
2025-11-24 18:00:00+00:00,88467.6015625,88520.640625,88235.2265625,88362.0390625,1280671744
2025-11-24 18:15:00+00:00,88336.6875,88472.5,88218.984375,88459.4375,303284224
2025-11-24 18:30:00+00:00,88350.6953125,88427.2421875,88217.4609375,88329.0546875,923992064
2025-11-24 18:45:00+00:00,88674.8671875,88674.8671875,88376.59375,88376.59375,636239872
2025-11-24 19:00:00+00:00,88568.796875,88804.015625,88568.796875,88674.8671875,476667904
2025-11-24 19:15:00+00:00,88521.4140625,88726.0546875,88521.4140625,88653.015625,564109312
2025-11-24 19:30:00+00:00,88423.859375,88726.78125,88423.859375,88599.1015625,221888512
2025-11-24 19:45:00+00:00,88234.0546875,88420.6328125,88146.6328125,88420.6328125,2967830528
2025-11-24 20:00:00+00:00,88725.78125,88725.78125,88307.3984375,88307.3984375,350904320
2025-11-24 20:15:00+00:00,88818.4140625,88818.4140625,88619.296875,88649.0078125,1076862976
2025-11-24 20:30:00+00:00,88890.7109375,88917.140625,88764.578125,88797.328125,3293700096
2025-11-24 20:45:00+00:00,89143.7421875,89195.734375,88916.125,88916.125,1333608448
2025-11-24 21:00:00+00:00,89089.3046875,89113.6953125,88950.5703125,89113.6953125,3751018496
2025-11-24 21:15:00+00:00,88897.7265625,89047.125,88897.7265625,89047.125,458407936
2025-11-24 21:30:00+00:00,88933.7578125,89043.9609375,88885.484375,88923.328125,231235584
2025-11-24 21:45:00+00:00,88823.078125,88849.15625,88732.2734375,88790.3984375,3800547328
2025-11-24 22:00:00+00:00,88994.7421875,89001.9375,88777.046875,88777.046875,247070720
2025-11-24 22:15:00+00:00,88735.5859375,88966.6953125,88729.921875,88966.6953125,407183360
2025-11-24 22:30:00+00:00,88830.0859375,88883.3203125,88787.71875,88787.71875,505888768
2025-11-24 22:45:00+00:00,88699.21875,88829.328125,88589.0703125,88825.8203125,579837952
2025-11-24 23:00:00+00:00,88554.1171875,88618.703125,88528.15625,88618.703125,0
2025-11-24 23:15:00+00:00,88525.421875,88577.7265625,88493.890625,88515.8359375,0
2025-11-24 23:30:00+00:00,88344.65625,88576.1875,88331.109375,88576.1875,86294528
2025-11-24 23:45:00+00:00,88261.2578125,88391.1171875,88255.1328125,88391.1171875,341221376
2025-11-25 00:00:00+00:00,88062.75,88268.5390625,88062.75,88268.5390625,147111936
2025-11-25 00:15:00+00:00,87884.84375,88022.75,87884.84375,87963.0546875,3099066368
2025-11-25 00:30:00+00:00,88236.2890625,88236.2890625,87857.4453125,87870.59375,172974080
2025-11-25 00:45:00+00:00,88089.46875,88178.796875,88000.1015625,88159.765625,414507008
2025-11-25 01:00:00+00:00,88131.96875,88131.96875,87906.0625,88072.46875,195108864
2025-11-25 01:15:00+00:00,88059.7890625,88133.6015625,87942.1171875,88129.234375,258293760
2025-11-25 01:30:00+00:00,87958.2734375,88037.6015625,87949.9609375,88037.6015625,289193984
2025-11-25 01:45:00+00:00,87766.8203125,87953.421875,87766.8203125,87953.421875,301596672
2025-11-25 02:00:00+00:00,87824.4140625,87909.78125,87695.84375,87738.234375,145825792
2025-11-25 02:15:00+00:00,87630.1015625,87849.3046875,87618.078125,87790.453125,0
2025-11-25 02:30:00+00:00,87569.4375,87606.140625,87459.7421875,87606.140625,729890816
2025-11-25 02:45:00+00:00,87853.6953125,87853.6953125,87641.640625,87641.640625,297132032
2025-11-25 03:00:00+00:00,87812.4140625,87957.7734375,87773.6640625,87886.0859375,281747456
2025-11-25 03:15:00+00:00,87860.9296875,87900.8046875,87787.8125,87798.1015625,451706880
2025-11-25 03:30:00+00:00,87620.4296875,87879.0078125,87604.671875,87871.53125,218832896
2025-11-25 03:45:00+00:00,87734.015625,87753.90625,87567.5390625,87636.7109375,259661824
2025-11-25 04:00:00+00:00,88029.1875,88029.1875,87767.6328125,87767.6328125,121651200
2025-11-25 04:15:00+00:00,88029.34375,88092.96875,87946.9296875,88092.96875,124272640
2025-11-25 04:30:00+00:00,88195.7578125,88258.8515625,88046.9140625,88046.9140625,202465280
2025-11-25 04:45:00+00:00,88335.015625,88457.3359375,88155.8359375,88155.8359375,0
2025-11-25 05:00:00+00:00,88183.828125,88336.9296875,88183.828125,88336.9296875,444719104
2025-11-25 05:15:00+00:00,87975.71875,88175.8671875,87948.2890625,88173.3203125,0
2025-11-25 05:30:00+00:00,88173.125,88173.125,88002.125,88002.125,2897915904
2025-11-25 05:45:00+00:00,88097.0546875,88195.21875,88097.0546875,88169.7265625,417374208
2025-11-25 06:00:00+00:00,88080.3671875,88125.4921875,88059.0,88125.4921875,222601216
2025-11-25 06:15:00+00:00,87941.9765625,88087.7890625,87941.9765625,88059.4140625,237821952
2025-11-25 06:30:00+00:00,87883.0390625,87955.3125,87883.0390625,87937.390625,133668864
2025-11-25 06:45:00+00:00,87993.71875,87993.71875,87820.0546875,87882.921875,0
2025-11-25 07:00:00+00:00,88008.4453125,88008.4453125,87864.6953125,87963.7109375,175239168
2025-11-25 07:15:00+00:00,87736.78125,87961.0390625,87736.78125,87960.1484375,281968640
2025-11-25 07:30:00+00:00,87708.5703125,87742.5546875,87609.265625,87702.65625,255533056
2025-11-25 07:45:00+00:00,87381.484375,87705.71875,87381.484375,87705.71875,824049664
2025-11-25 08:00:00+00:00,87391.21875,87429.78125,87353.671875,87373.609375,487940096
2025-11-25 08:15:00+00:00,87513.3125,87568.5703125,87401.828125,87401.828125,473026560
2025-11-25 08:30:00+00:00,87390.8359375,87487.1875,87327.734375,87487.1875,308248576
2025-11-25 08:45:00+00:00,87035.765625,87369.1484375,87035.765625,87369.1484375,189054976
2025-11-25 09:00:00+00:00,86836.375,87028.734375,86836.375,86966.1640625,519626752
2025-11-25 09:15:00+00:00,86729.359375,86894.671875,86729.359375,86876.6796875,52420608
2025-11-25 09:30:00+00:00,86981.6328125,86981.6328125,86674.8046875,86674.8046875,300179456
2025-11-25 09:45:00+00:00,87217.9609375,87217.9609375,86933.6328125,87076.625,434348032
2025-11-25 10:00:00+00:00,87066.1484375,87206.796875,87037.0078125,87206.796875,217128960
2025-11-25 10:15:00+00:00,87180.1640625,87180.1640625,86935.90625,87048.546875,560185344
2025-11-25 10:30:00+00:00,87230.4765625,87289.5078125,87179.15625,87194.4453125,301506560
2025-11-25 10:45:00+00:00,87393.8984375,87393.8984375,87201.5546875,87236.65625,179617792
2025-11-25 11:00:00+00:00,87438.6953125,87438.6953125,87293.546875,87395.984375,0
2025-11-25 11:15:00+00:00,87395.7109375,87426.8359375,87307.8984375,87426.8359375,86843392
2025-11-25 11:30:00+00:00,87470.171875,87502.2265625,87369.4296875,87397.46875,3559424
2025-11-25 11:45:00+00:00,87364.375,87475.6796875,87327.7890625,87429.3984375,320331776
2025-11-25 12:00:00+00:00,87569.875,87569.875,87365.5078125,87365.5078125,487337984
2025-11-25 12:15:00+00:00,87625.390625,87676.03125,87552.5078125,87585.6640625,303017984
2025-11-25 12:30:00+00:00,87687.359375,87687.359375,87418.5859375,87611.9453125,471339008
2025-11-25 12:45:00+00:00,87488.8046875,87666.7265625,87488.8046875,87666.7265625,279490560
2025-11-25 13:00:00+00:00,87593.421875,87593.421875,87345.921875,87490.96875,380530688
2025-11-25 13:15:00+00:00,87593.6171875,87651.34375,87555.859375,87585.3359375,139087872
2025-11-25 13:30:00+00:00,87105.140625,87610.515625,87105.140625,87603.546875,525893632
2025-11-25 13:45:00+00:00,87005.359375,87064.0703125,86888.4921875,87031.96875,4624437248
2025-11-25 14:00:00+00:00,86922.8359375,87211.1328125,86859.8828125,87031.8046875,292147200
2025-11-25 14:15:00+00:00,87114.9140625,87134.9609375,86885.3203125,86912.9375,354353152
2025-11-25 14:30:00+00:00,86568.7734375,87146.6171875,86568.7734375,86988.8515625,349208576
2025-11-25 14:45:00+00:00,86611.1171875,86611.1171875,86144.3515625,86581.96875,5037457408
2025-11-25 15:00:00+00:00,86655.875,86778.4765625,86223.8828125,86562.328125,15769600
2025-11-25 15:15:00+00:00,86614.0546875,86614.0546875,86379.0234375,86527.515625,4109455360
2025-11-25 15:30:00+00:00,87005.4609375,87015.03125,86719.3203125,86719.3203125,190365696
2025-11-25 15:45:00+00:00,86947.859375,87238.703125,86897.359375,87089.25,429547520
2025-11-25 16:00:00+00:00,86869.4296875,87016.3671875,86788.6796875,86941.890625,318881792
2025-11-25 16:15:00+00:00,87095.5703125,87197.4296875,86775.015625,86775.015625,3454300160
2025-11-25 16:30:00+00:00,87129.7265625,87180.03125,86998.4921875,87157.25,835805184
2025-11-25 16:45:00+00:00,87070.5703125,87072.8359375,86965.9453125,87072.8359375,129855488
2025-11-25 17:00:00+00:00,87332.5546875,87332.5546875,87019.875,87086.2421875,0
2025-11-25 17:15:00+00:00,87489.34375,87560.46875,87217.6953125,87286.3671875,295256064
2025-11-25 17:30:00+00:00,88015.8125,88070.765625,87444.5234375,87444.5234375,516005888
2025-11-25 17:45:00+00:00,87681.09375,87923.109375,87681.09375,87923.109375,411906048
2025-11-25 18:00:00+00:00,87667.5390625,87699.6640625,87547.8359375,87610.7578125,0
2025-11-25 18:15:00+00:00,87585.03125,87778.8515625,87582.359375,87606.71875,3382738944
2025-11-25 18:30:00+00:00,87470.0,87642.328125,87426.984375,87598.0703125,0
2025-11-25 18:45:00+00:00,87241.4765625,87570.0625,87241.4765625,87470.8671875,199569408
2025-11-25 19:00:00+00:00,86872.0390625,87232.734375,86761.109375,87223.8984375,403857408
2025-11-25 19:15:00+00:00,86230.7734375,86898.578125,86230.7734375,86898.578125,797495296
2025-11-25 19:30:00+00:00,86463.890625,86463.890625,86171.4765625,86230.2890625,340234240
2025-11-25 19:45:00+00:00,86800.15625,86811.3203125,86566.7421875,86566.9921875,3127472128
2025-11-25 20:00:00+00:00,86874.7578125,86874.9921875,86750.7734375,86848.3359375,0
2025-11-25 20:15:00+00:00,87065.359375,87080.4140625,86954.90625,87034.125,342573056
2025-11-25 20:30:00+00:00,87126.5859375,87271.4375,87028.140625,87028.140625,648757248
2025-11-25 20:45:00+00:00,87396.9609375,87396.9609375,87125.359375,87153.40625,481918976
2025-11-25 21:00:00+00:00,87158.1484375,87398.2890625,87089.015625,87336.890625,4669440
2025-11-25 21:15:00+00:00,87286.15625,87327.7734375,87171.9453125,87171.9453125,341532672
2025-11-25 21:30:00+00:00,87180.078125,87293.796875,87046.15625,87293.796875,187850752
2025-11-25 21:45:00+00:00,87000.9296875,87208.5625,86977.8984375,87170.453125,19873792
2025-11-25 22:00:00+00:00,86679.9609375,86918.5,86644.1640625,86918.5,401326080
2025-11-25 22:15:00+00:00,87063.109375,87096.2890625,86605.2578125,86605.2578125,3409059840
2025-11-25 22:30:00+00:00,87339.0078125,87520.5078125,87085.2265625,87094.875,136806400
2025-11-25 22:45:00+00:00,87392.234375,87392.234375,87219.3984375,87316.9453125,641720320
2025-11-25 23:00:00+00:00,87671.3984375,87671.3984375,87413.0234375,87604.5703125,231813120
2025-11-25 23:15:00+00:00,87509.6171875,87764.9609375,87509.6171875,87764.9609375,1164054528
2025-11-25 23:30:00+00:00,87423.171875,87560.078125,87416.6015625,87492.0234375,208449536
2025-11-25 23:45:00+00:00,87349.984375,87419.3359375,87308.9296875,87404.7578125,62377984
2025-11-26 00:00:00+00:00,87447.8359375,87542.1328125,87311.9375,87311.9375,81952768
2025-11-26 00:15:00+00:00,87544.8125,87685.0,87393.1484375,87424.859375,356569088
2025-11-26 00:30:00+00:00,87465.734375,87695.9140625,87401.0703125,87582.0234375,380747776
2025-11-26 00:45:00+00:00,87512.875,87663.9140625,87494.9140625,87494.9140625,155725824
2025-11-26 01:00:00+00:00,87480.484375,87539.4296875,87359.5390625,87539.4296875,283697152
2025-11-26 01:15:00+00:00,87597.0625,87611.4296875,87423.796875,87465.171875,163500032
2025-11-26 01:30:00+00:00,88150.796875,88150.796875,87600.3359375,87600.3359375,186064896
2025-11-26 01:45:00+00:00,87894.0234375,88051.15625,87862.859375,88051.15625,3525255168
2025-11-26 02:00:00+00:00,87944.953125,87968.6953125,87842.609375,87877.515625,38494208
2025-11-26 02:15:00+00:00,87767.1015625,88014.5859375,87767.1015625,87964.828125,299618304
2025-11-26 02:30:00+00:00,87902.5546875,87913.390625,87662.296875,87662.296875,91066368
2025-11-26 02:45:00+00:00,87663.3984375,87849.53125,87663.3984375,87849.53125,21352448
2025-11-26 03:00:00+00:00,87701.5625,87701.5625,87667.09375,87670.640625,245780480
2025-11-26 03:15:00+00:00,87794.3984375,87827.4375,87656.78125,87666.3828125,225828864
2025-11-26 03:30:00+00:00,87294.8359375,87789.3359375,87284.96875,87789.3359375,3044646912
2025-11-26 03:45:00+00:00,87063.0546875,87321.6875,87063.0546875,87321.6875,304238592
2025-11-26 04:00:00+00:00,86935.1015625,87221.2265625,86914.453125,87133.0859375,299716608
2025-11-26 04:15:00+00:00,87193.3046875,87193.3046875,86895.28125,86895.28125,562548736
2025-11-26 04:30:00+00:00,87238.625,87305.71875,87199.5234375,87199.5234375,345706496
2025-11-26 04:45:00+00:00,87211.8671875,87280.671875,87184.96875,87244.6015625,76144640
2025-11-26 05:00:00+00:00,87383.3515625,87412.8359375,87208.0078125,87208.0078125,193060864
2025-11-26 05:15:00+00:00,87493.34375,87582.1875,87377.703125,87377.703125,687673344
2025-11-26 05:30:00+00:00,87630.1171875,87660.1953125,87504.375,87504.375,1068908544
2025-11-26 05:45:00+00:00,87491.5703125,87606.4296875,87491.5703125,87606.4296875,19554304
2025-11-26 06:00:00+00:00,87590.1640625,87602.828125,87455.359375,87462.078125,19742720
2025-11-26 06:15:00+00:00,87571.359375,87603.140625,87486.5859375,87603.140625,3234877440
2025-11-26 06:30:00+00:00,87625.375,87625.375,87444.578125,87552.65625,558583808
2025-11-26 06:45:00+00:00,87802.03125,87830.7734375,87578.125,87648.109375,51109888
2025-11-26 07:00:00+00:00,87715.3828125,87807.625,87690.421875,87793.6484375,199790592
2025-11-26 07:15:00+00:00,87756.03125,87854.1171875,87745.625,87762.3203125,159531008
2025-11-26 07:30:00+00:00,87714.3125,87773.4765625,87714.3125,87770.75,28307456
2025-11-26 07:45:00+00:00,87862.171875,87862.171875,87724.9765625,87742.3984375,145858560
2025-11-26 08:00:00+00:00,87657.3515625,87905.921875,87656.4296875,87905.921875,19046400
2025-11-26 08:15:00+00:00,87544.0,87627.234375,87509.78125,87587.7578125,2797268992
2025-11-26 08:30:00+00:00,87538.484375,87573.578125,87432.515625,87518.9609375,227790848
2025-11-26 08:45:00+00:00,87392.3515625,87535.5625,87392.3515625,87511.703125,72728576
2025-11-26 09:00:00+00:00,87360.8515625,87402.140625,87317.015625,87402.140625,35811328
2025-11-26 09:15:00+00:00,87117.1796875,87330.6796875,87117.1796875,87330.6796875,0
2025-11-26 09:30:00+00:00,86952.46875,87115.625,86926.4609375,87115.625,357806080
2025-11-26 09:45:00+00:00,86783.984375,86943.453125,86767.2109375,86943.453125,0
2025-11-26 10:00:00+00:00,86905.2578125,86993.5859375,86800.5546875,86800.5546875,271638528
2025-11-26 10:15:00+00:00,86838.734375,86895.21875,86787.8046875,86889.078125,141524992
2025-11-26 10:30:00+00:00,86885.15625,86885.15625,86671.5390625,86840.734375,28938240
2025-11-26 10:45:00+00:00,86918.8359375,86939.53125,86806.234375,86862.0546875,35840000
2025-11-26 11:00:00+00:00,86943.0234375,86949.8203125,86839.5546875,86922.6953125,194334720
2025-11-26 11:15:00+00:00,86866.984375,86944.828125,86866.984375,86944.828125,433504256
2025-11-26 11:30:00+00:00,87042.953125,87042.953125,86869.9453125,86869.9453125,0
2025-11-26 11:45:00+00:00,87031.1640625,87055.5,86955.3515625,87035.1484375,2430914560
2025-11-26 12:00:00+00:00,86614.9453125,87128.640625,86614.9453125,87065.8515625,32153600
2025-11-26 12:15:00+00:00,86498.765625,86563.765625,86406.53125,86563.765625,592949248
2025-11-26 12:30:00+00:00,86635.3046875,86647.8671875,86463.421875,86499.1171875,257302528
2025-11-26 12:45:00+00:00,86642.9453125,86668.9296875,86608.046875,86622.5546875,397578240
2025-11-26 13:00:00+00:00,86618.703125,86652.7265625,86592.2578125,86632.0390625,0
2025-11-26 13:15:00+00:00,86729.859375,86744.90625,86572.8046875,86572.8046875,35971072
2025-11-26 13:30:00+00:00,87020.609375,87020.609375,86599.609375,86732.109375,141807616
2025-11-26 13:45:00+00:00,87023.5078125,87030.7109375,86940.21875,86974.375,78786560
2025-11-26 14:00:00+00:00,87297.3828125,87297.3828125,86944.7421875,87023.578125,51359744
2025-11-26 14:15:00+00:00,87294.9296875,87294.9296875,87193.1953125,87242.640625,175656960
2025-11-26 14:30:00+00:00,87296.6171875,87451.859375,87135.3984375,87299.4609375,421347328
2025-11-26 14:45:00+00:00,86955.6640625,87575.53125,86955.6640625,87264.53125,0
2025-11-26 15:00:00+00:00,87039.5703125,87144.484375,86841.265625,86841.265625,488873984
2025-11-26 15:15:00+00:00,87240.9609375,87240.9609375,86912.5703125,86998.546875,359583744
2025-11-26 15:30:00+00:00,86969.78125,87298.0078125,86969.78125,87270.9140625,2499403776
2025-11-26 15:45:00+00:00,86897.2265625,86936.1328125,86734.171875,86916.4375,147111936
2025-11-26 16:00:00+00:00,87504.3828125,87504.3828125,86956.9453125,86956.9453125,2747396096
2025-11-26 16:15:00+00:00,87607.6640625,87700.8984375,87530.7578125,87530.7578125,2652684288
2025-11-26 16:30:00+00:00,87709.03125,87892.2578125,87564.9921875,87564.9921875,615469056
2025-11-26 16:45:00+00:00,87812.828125,87812.828125,87497.921875,87684.2265625,0
2025-11-26 17:00:00+00:00,87903.890625,87903.890625,87760.984375,87798.7734375,804081664
2025-11-26 17:15:00+00:00,88438.53125,88438.53125,87731.1015625,87891.359375,566632448
2025-11-26 17:30:00+00:00,89294.390625,89294.390625,88693.921875,88693.921875,1235951616
2025-11-26 17:45:00+00:00,89942.109375,89942.109375,89468.71875,89468.71875,1627680768
2025-11-26 18:00:00+00:00,90008.6953125,90081.71875,89822.765625,89908.8046875,1377705984
2025-11-26 18:15:00+00:00,90380.8203125,90380.8203125,90036.6328125,90036.6328125,1048039424
2025-11-26 18:30:00+00:00,89859.703125,90323.53125,89809.1953125,90323.53125,863109120
2025-11-26 18:45:00+00:00,90144.4453125,90144.4453125,89745.09375,89747.484375,668614656
2025-11-26 19:00:00+00:00,89829.4375,90149.2109375,89829.4375,90129.1796875,0
2025-11-26 19:15:00+00:00,89785.203125,89997.5703125,89785.203125,89808.28125,295677952
2025-11-26 19:30:00+00:00,89930.953125,89988.3828125,89807.546875,89819.3203125,324169728
2025-11-26 19:45:00+00:00,89989.7578125,90024.0625,89861.2421875,89884.484375,92684288
2025-11-26 20:00:00+00:00,89949.8828125,89949.8828125,89516.9140625,89924.015625,445493248
2025-11-26 20:15:00+00:00,90019.5234375,90047.3046875,89816.1484375,89976.8046875,180826112
2025-11-26 20:30:00+00:00,89844.875,90031.3359375,89844.875,89990.5,875343872
2025-11-26 20:45:00+00:00,89899.359375,89916.5234375,89673.125,89717.890625,0
2025-11-26 21:00:00+00:00,89856.6640625,89989.140625,89856.6640625,89901.2578125,147410944
2025-11-26 21:15:00+00:00,90218.8671875,90218.8671875,89845.1875,89864.375,205705216
2025-11-26 21:30:00+00:00,90197.953125,90426.4921875,90197.953125,90258.1015625,607838208
2025-11-26 21:45:00+00:00,90179.109375,90358.8984375,90179.109375,90227.2578125,462872576
2025-11-26 22:00:00+00:00,90386.78125,90568.3671875,90132.9296875,90160.609375,303730688
2025-11-26 22:15:00+00:00,90335.921875,90521.46875,90233.390625,90321.625,306745344
2025-11-26 22:30:00+00:00,90261.1796875,90344.359375,90220.8046875,90323.421875,111915008
2025-11-26 22:45:00+00:00,90426.59375,90426.59375,90229.53125,90252.0625,145985536
2025-11-26 23:00:00+00:00,90523.90625,90550.4453125,90369.9140625,90384.421875,180293632
2025-11-26 23:15:00+00:00,90413.09375,90524.8984375,90413.09375,90524.8984375,256888832
2025-11-26 23:30:00+00:00,90415.4453125,90425.390625,90333.125,90365.609375,5754880
2025-11-26 23:45:00+00:00,90522.234375,90558.3125,90398.7890625,90398.7890625,357900288
2025-11-27 00:00:00+00:00,90191.265625,90474.9921875,90191.265625,90474.9921875,105918464
2025-11-27 00:15:00+00:00,90207.8515625,90233.1015625,90127.2109375,90194.265625,331636736
2025-11-27 00:30:00+00:00,90375.0546875,90375.0546875,90226.5546875,90226.5546875,284672000
2025-11-27 00:45:00+00:00,90492.703125,90578.8359375,90352.0078125,90352.0078125,3734716416
2025-11-27 01:00:00+00:00,90635.828125,90809.3359375,90461.3046875,90469.7109375,684441600
2025-11-27 01:15:00+00:00,90734.421875,90770.8046875,90633.921875,90694.5625,491327488
2025-11-27 01:30:00+00:00,90705.1953125,90739.921875,90637.6875,90739.921875,0
2025-11-27 01:45:00+00:00,91038.1484375,91038.1484375,90648.71875,90712.0078125,0
2025-11-27 02:00:00+00:00,91018.90625,91138.6484375,90919.9609375,91138.6484375,832577536
2025-11-27 02:15:00+00:00,91386.640625,91386.640625,91017.3828125,91017.3828125,320442368
2025-11-27 02:30:00+00:00,91709.0390625,91709.0390625,91405.1875,91450.09375,1916932096
2025-11-27 02:45:00+00:00,91435.8515625,91862.0,91435.8515625,91804.2421875,1370660864
2025-11-27 03:00:00+00:00,91355.4765625,91567.75,91349.8046875,91399.3203125,737361920
2025-11-27 03:15:00+00:00,91375.6484375,91565.453125,91356.15625,91356.15625,233545728
2025-11-27 03:30:00+00:00,91196.4453125,91346.171875,91129.0078125,91346.171875,367943680
2025-11-27 03:45:00+00:00,91161.3984375,91198.96875,91078.0703125,91138.59375,648642560
2025-11-27 04:00:00+00:00,91292.2578125,91324.3671875,91059.6484375,91138.7421875,0
2025-11-27 04:15:00+00:00,91200.1171875,91326.1171875,91199.671875,91301.578125,884695040
2025-11-27 04:30:00+00:00,91186.7734375,91257.9609375,91109.09375,91109.09375,324509696
2025-11-27 04:45:00+00:00,91257.5078125,91268.6953125,91177.25,91177.25,125124608
2025-11-27 05:00:00+00:00,91260.609375,91297.5078125,91191.6875,91222.484375,3956367360
2025-11-27 05:15:00+00:00,91476.3125,91509.8515625,91264.171875,91282.9296875,327802880
2025-11-27 05:30:00+00:00,90959.09375,91490.2890625,90959.09375,91490.2890625,176422912
2025-11-27 05:45:00+00:00,90964.6328125,91059.46875,90941.8046875,90947.0078125,665821184
2025-11-27 06:00:00+00:00,91231.921875,91231.921875,90991.15625,91006.59375,0
2025-11-27 06:15:00+00:00,91378.625,91378.625,91218.65625,91281.2265625,165249024
2025-11-27 06:30:00+00:00,91309.3203125,91372.9140625,91309.3203125,91372.9140625,261742592
2025-11-27 06:45:00+00:00,91245.71875,91342.3671875,91208.2734375,91317.9140625,248528896
2025-11-27 07:00:00+00:00,91293.734375,91293.734375,91152.7734375,91254.796875,0
2025-11-27 07:15:00+00:00,91437.1328125,91437.1328125,91261.3203125,91262.0625,170000384
2025-11-27 07:30:00+00:00,91366.765625,91430.3203125,91366.765625,91430.3203125,565747712
2025-11-27 07:45:00+00:00,91395.1015625,91479.1640625,91351.8046875,91362.0625,144187392
2025-11-27 08:00:00+00:00,91274.1875,91446.1484375,91274.1875,91412.6015625,119152640
2025-11-27 08:15:00+00:00,91356.6015625,91356.6015625,91253.4765625,91280.2578125,224796672
2025-11-27 08:30:00+00:00,91412.25,91418.453125,91324.125,91372.28125,480444416
2025-11-27 08:45:00+00:00,91494.8046875,91494.8046875,91394.359375,91394.359375,161087488
2025-11-27 09:00:00+00:00,91501.5625,91523.5546875,91484.046875,91489.3203125,359931904
2025-11-27 09:15:00+00:00,91625.4296875,91741.671875,91508.9453125,91508.9453125,522649600
2025-11-27 09:30:00+00:00,91834.921875,91834.921875,91600.8515625,91600.8515625,302243840
2025-11-27 09:45:00+00:00,91553.3984375,91836.625,91553.3984375,91836.625,60940288
2025-11-27 10:00:00+00:00,91596.953125,91661.5625,91532.2578125,91532.3828125,0
2025-11-27 10:15:00+00:00,91691.4765625,91727.2734375,91591.3359375,91596.25,508280832
2025-11-27 10:30:00+00:00,91579.984375,91692.515625,91371.546875,91692.515625,416079872
2025-11-27 10:45:00+00:00,91637.2109375,91650.6953125,91508.84375,91579.8046875,98885632
2025-11-27 11:00:00+00:00,91525.09375,91620.015625,91501.0,91620.015625,221822976
2025-11-27 11:15:00+00:00,91413.71875,91534.1171875,91413.71875,91522.5390625,233193472
2025-11-27 11:30:00+00:00,91446.90625,91446.90625,91408.4921875,91408.4921875,208871424
2025-11-27 11:45:00+00:00,91386.90625,91457.03125,91386.90625,91457.03125,55074816
2025-11-27 12:00:00+00:00,91423.59375,91423.59375,91349.328125,91383.9453125,0
2025-11-27 12:15:00+00:00,91299.6015625,91420.53125,91198.0234375,91410.828125,138854400
2025-11-27 12:30:00+00:00,91126.015625,91318.6484375,91126.015625,91265.515625,47931392
2025-11-27 12:45:00+00:00,90975.6484375,91197.859375,90975.6484375,91099.7578125,239263744
2025-11-27 13:00:00+00:00,90768.7109375,91050.890625,90768.7109375,91015.4296875,347709440
2025-11-27 13:15:00+00:00,90684.234375,90807.4140625,90489.515625,90800.890625,764149760
2025-11-27 13:30:00+00:00,90810.9609375,90813.9140625,90566.578125,90734.2421875,289185792
2025-11-27 13:45:00+00:00,90935.609375,90973.921875,90727.9765625,90803.1171875,677462016
2025-11-27 14:00:00+00:00,90808.984375,90873.6640625,90808.984375,90845.4375,0
2025-11-27 14:15:00+00:00,90873.4296875,90873.4296875,90652.3671875,90816.5546875,3796533248
2025-11-27 14:30:00+00:00,90723.3671875,90941.9375,90632.5859375,90941.9375,3817357312
2025-11-27 14:45:00+00:00,90803.4921875,90803.4921875,90688.6015625,90733.328125,0
2025-11-27 15:00:00+00:00,90654.8203125,90937.7578125,90654.8203125,90780.1015625,131981312
2025-11-27 15:15:00+00:00,90919.578125,90919.578125,90676.125,90676.125,188915712
2025-11-27 15:30:00+00:00,90784.640625,90943.421875,90780.0703125,90908.859375,0
2025-11-27 15:45:00+00:00,90959.4765625,90962.1796875,90861.96875,90861.96875,16113664
2025-11-27 16:00:00+00:00,91072.875,91072.875,90871.359375,90935.90625,378388480
2025-11-27 16:15:00+00:00,91192.4375,91236.0859375,91172.1015625,91212.4921875,501374976
2025-11-27 16:30:00+00:00,91375.09375,91521.3359375,91189.1484375,91189.1484375,313729024
2025-11-27 16:45:00+00:00,91455.765625,91455.765625,91247.53125,91324.4921875,0
2025-11-27 17:00:00+00:00,91477.9609375,91485.03125,91376.6328125,91448.7265625,3895050240
2025-11-27 17:15:00+00:00,91449.0390625,91569.078125,91449.0390625,91480.3125,252026880
2025-11-27 17:30:00+00:00,91404.3046875,91497.1640625,91334.0703125,91358.765625,0
2025-11-27 17:45:00+00:00,91477.421875,91488.7734375,91408.3828125,91422.4765625,18673664
2025-11-27 18:00:00+00:00,91429.640625,91480.2421875,91429.640625,91480.2421875,0
2025-11-27 18:15:00+00:00,91413.8046875,91479.4921875,91388.359375,91415.109375,0
2025-11-27 18:30:00+00:00,91773.921875,91773.921875,91390.78125,91390.78125,0
2025-11-27 18:45:00+00:00,91792.296875,91811.3671875,91720.4140625,91752.9453125,3858579456
2025-11-27 19:00:00+00:00,91621.84375,91791.7421875,91585.484375,91791.7421875,0
2025-11-27 19:15:00+00:00,91609.296875,91635.3359375,91587.4140625,91635.3359375,0
2025-11-27 19:30:00+00:00,91677.1875,91677.1875,91517.3125,91608.046875,0
2025-11-27 19:45:00+00:00,91537.890625,91699.7890625,91532.53125,91699.7890625,282415104
2025-11-27 20:00:00+00:00,91541.6640625,91548.140625,91492.09375,91542.53125,321224704
2025-11-27 20:15:00+00:00,91441.7265625,91521.7421875,91401.34375,91509.15625,0
2025-11-27 20:30:00+00:00,91487.5,91566.296875,91431.7734375,91431.7734375,0
2025-11-27 20:45:00+00:00,91456.75,91479.6875,91434.7109375,91465.3984375,0
2025-11-27 21:00:00+00:00,91358.046875,91411.203125,91309.4921875,91411.203125,212533248
2025-11-27 21:15:00+00:00,91500.15625,91535.65625,91406.3046875,91406.3046875,0
2025-11-27 21:30:00+00:00,91553.7265625,91560.4140625,91507.3515625,91513.8203125,289398784
2025-11-27 21:45:00+00:00,91438.140625,91555.90625,91438.140625,91555.90625,72179712
2025-11-27 22:00:00+00:00,91427.7421875,91443.109375,91370.3359375,91443.109375,3051782144
2025-11-27 22:15:00+00:00,91559.15625,91561.3984375,91444.8671875,91455.203125,403951616
2025-11-27 22:30:00+00:00,91410.015625,91573.6484375,91410.015625,91573.6484375,0
2025-11-27 22:45:00+00:00,91304.4765625,91344.9921875,91223.90625,91229.28125,219439104
2025-11-27 23:00:00+00:00,91510.46875,91510.46875,91313.515625,91313.515625,430333952
2025-11-27 23:15:00+00:00,91415.5859375,91519.7734375,91348.515625,91519.484375,0
2025-11-27 23:30:00+00:00,91350.59375,91384.65625,91223.359375,91384.65625,0
2025-11-27 23:45:00+00:00,91287.6015625,91387.578125,91273.609375,91387.578125,0
2025-11-28 00:00:00+00:00,91150.7890625,91317.5234375,91150.7890625,91317.5234375,33923072
2025-11-28 00:15:00+00:00,91207.3203125,91244.9140625,91111.3671875,91160.765625,0
2025-11-28 00:30:00+00:00,91208.3125,91358.7109375,91208.3125,91217.4375,2827259904
2025-11-28 00:45:00+00:00,91178.859375,91220.328125,91166.625,91206.546875,0
2025-11-28 01:00:00+00:00,90937.5078125,91187.1015625,90937.5078125,91187.1015625,0
2025-11-28 01:15:00+00:00,90952.359375,90969.4375,90849.5859375,90897.5390625,0
2025-11-28 01:30:00+00:00,91002.4453125,91038.171875,90854.421875,90943.546875,287727616
2025-11-28 01:45:00+00:00,90850.5234375,91022.7734375,90847.4765625,91012.1796875,375246848
2025-11-28 02:00:00+00:00,90789.9453125,90868.3203125,90778.8828125,90820.7421875,0
2025-11-28 02:15:00+00:00,90759.8125,90960.421875,90759.8125,90856.6640625,27193344
2025-11-28 02:30:00+00:00,90804.1484375,90806.5,90699.5703125,90720.6171875,0
2025-11-28 02:45:00+00:00,91082.8515625,91098.734375,90803.3046875,90803.3046875,2125582336
2025-11-28 03:00:00+00:00,91130.6875,91130.6875,91003.6484375,91052.1484375,27635712
2025-11-28 03:15:00+00:00,91187.9765625,91201.21875,91056.984375,91120.9609375,0
2025-11-28 03:30:00+00:00,91134.625,91261.8828125,91134.625,91192.171875,75198464
2025-11-28 03:45:00+00:00,91204.703125,91209.7890625,91125.8828125,91125.8828125,0
2025-11-28 04:00:00+00:00,91334.3984375,91349.7265625,91127.8203125,91193.9453125,145313792
2025-11-28 04:15:00+00:00,91383.5703125,91384.6640625,91315.046875,91351.1484375,11653120
2025-11-28 04:30:00+00:00,91444.59375,91480.7578125,91361.21875,91379.0859375,12664832
2025-11-28 04:45:00+00:00,91449.46875,91458.9453125,91427.4921875,91436.9765625,0
2025-11-28 05:00:00+00:00,91506.078125,91506.078125,91330.0546875,91429.8984375,46751744
2025-11-28 05:15:00+00:00,91500.234375,91521.5859375,91455.34375,91496.7265625,161832960
2025-11-28 05:30:00+00:00,91509.546875,91519.59375,91484.4296875,91493.8671875,64909312
2025-11-28 05:45:00+00:00,91636.9921875,91675.6953125,91543.5859375,91552.140625,238551040
2025-11-28 06:00:00+00:00,91428.03125,91642.546875,91428.03125,91642.546875,320122880
2025-11-28 06:15:00+00:00,91325.6171875,91449.671875,91319.296875,91449.671875,0
2025-11-28 06:30:00+00:00,91411.1328125,91411.1328125,91194.3671875,91296.1953125,305475584
2025-11-28 06:45:00+00:00,91317.1484375,91398.921875,91317.1484375,91395.3828125,123498496
2025-11-28 07:00:00+00:00,91400.921875,91407.5859375,91306.4375,91306.4375,3334144
2025-11-28 07:15:00+00:00,91462.6328125,91507.578125,91398.1171875,91399.484375,0
2025-11-28 07:30:00+00:00,91084.3046875,91461.9296875,91084.3046875,91461.9296875,69722112
2025-11-28 07:45:00+00:00,90895.9609375,91081.9375,90862.7421875,91081.9375,883515392
2025-11-28 08:00:00+00:00,91181.6484375,91181.6484375,90923.90625,90923.90625,51257344
2025-11-28 08:15:00+00:00,91153.1328125,91210.9296875,91110.2421875,91157.7734375,1975742464
2025-11-28 08:30:00+00:00,91131.5390625,91235.2421875,91048.078125,91144.8125,857821184
2025-11-28 08:45:00+00:00,91590.015625,91596.7109375,91136.8671875,91136.8671875,364261376
2025-11-28 09:00:00+00:00,91622.6015625,91813.1171875,91529.546875,91599.828125,359624704
2025-11-28 09:15:00+00:00,91592.765625,91637.875,91552.0625,91612.3359375,205709312
2025-11-28 09:30:00+00:00,91503.40625,91580.3046875,91494.96875,91574.40625,1698852864
2025-11-28 09:45:00+00:00,91530.359375,91580.7109375,91468.796875,91468.796875,0
2025-11-28 10:00:00+00:00,91506.3671875,91589.4375,91490.8828125,91584.2265625,25690112
2025-11-28 10:15:00+00:00,91564.9375,91594.1875,91489.8828125,91507.21875,33763328
2025-11-28 10:30:00+00:00,91633.4609375,91636.6328125,91529.4140625,91563.5546875,71847936
2025-11-28 10:45:00+00:00,91804.265625,91820.3515625,91605.1015625,91624.359375,265039872
2025-11-28 11:00:00+00:00,91573.6171875,91873.53125,91573.6171875,91818.28125,313176064
2025-11-28 11:15:00+00:00,91318.5546875,91318.5546875,91150.65625,91164.9296875,2184474624
2025-11-28 11:30:00+00:00,91315.9453125,91324.4765625,91253.125,91278.8125,85803008
2025-11-28 11:45:00+00:00,91456.0078125,91456.0078125,91312.6875,91312.6875,385282048
2025-11-28 12:00:00+00:00,91508.71875,91568.265625,91452.0859375,91454.734375,344784896
2025-11-28 12:15:00+00:00,91558.6875,91558.6875,91486.2890625,91511.8515625,2072576
2025-11-28 12:30:00+00:00,91495.203125,91632.8359375,91481.6953125,91553.6015625,209260544
2025-11-28 12:45:00+00:00,91491.28125,91511.15625,91445.6953125,91481.3359375,0
2025-11-28 13:00:00+00:00,91458.2890625,91593.296875,91403.7734375,91493.4375,88551424
2025-11-28 13:15:00+00:00,91537.0234375,91568.9921875,91446.828125,91464.4375,0
2025-11-28 13:30:00+00:00,91853.4921875,91853.4921875,91530.2265625,91541.2109375,79380480
2025-11-28 13:45:00+00:00,92297.046875,92330.59375,91828.3125,91828.3125,2070884352
2025-11-28 14:00:00+00:00,92257.046875,92464.8359375,92251.046875,92355.1953125,831320064
2025-11-28 14:15:00+00:00,92900.6484375,92913.328125,92367.7265625,92367.7265625,408862720
2025-11-28 14:30:00+00:00,92111.5625,92691.3984375,92032.5546875,92691.3984375,1636556800
2025-11-28 14:45:00+00:00,92148.7578125,92274.875,91939.421875,92073.9296875,2316800000
2025-11-28 15:00:00+00:00,92236.3125,92356.8984375,92069.3125,92224.3359375,808677376
2025-11-28 15:15:00+00:00,92652.359375,92682.9453125,92263.734375,92263.734375,286892032
2025-11-28 15:30:00+00:00,92600.15625,92766.03125,92600.15625,92700.0859375,840142848
2025-11-28 15:45:00+00:00,92350.546875,92563.8984375,92341.125,92563.8984375,482185216
2025-11-28 16:00:00+00:00,91934.7578125,92371.3515625,91934.7578125,92365.2421875,0
2025-11-28 16:15:00+00:00,91231.8125,92022.8046875,91231.8125,91915.578125,2056138752
2025-11-28 16:30:00+00:00,91444.671875,91468.2421875,91239.6015625,91239.6015625,2429726720
2025-11-28 16:45:00+00:00,90971.75,91575.8046875,90971.75,91575.8046875,173862912
2025-11-28 17:00:00+00:00,90914.7890625,91172.4296875,90880.9140625,90948.390625,551399424
2025-11-28 17:15:00+00:00,90522.2109375,90947.6796875,90522.2109375,90947.6796875,1538572288
2025-11-28 17:30:00+00:00,90362.6484375,90571.0078125,90281.1640625,90526.8203125,1018859520
2025-11-28 17:45:00+00:00,90784.4921875,90784.4921875,90304.21875,90304.21875,768827392
2025-11-28 18:00:00+00:00,90898.90625,90898.90625,90517.0234375,90624.46875,1049939968
2025-11-28 18:15:00+00:00,90796.921875,90917.8125,90696.234375,90917.8125,1929736192
2025-11-28 18:30:00+00:00,90875.3984375,90875.3984375,90750.453125,90850.6171875,1864921088
2025-11-28 18:45:00+00:00,90758.109375,90944.0,90736.890625,90850.2734375,1706668032
2025-11-28 19:00:00+00:00,90985.0859375,90985.0859375,90841.6875,90841.6875,1883983872
2025-11-28 19:15:00+00:00,91145.4921875,91166.6484375,90972.53125,90972.90625,166432768
2025-11-28 19:30:00+00:00,91178.84375,91189.984375,91040.6796875,91146.859375,315637760
2025-11-28 19:45:00+00:00,91164.7421875,91176.7578125,91084.4453125,91147.15625,309645312
2025-11-28 20:00:00+00:00,91029.90625,91170.484375,90901.578125,91170.484375,21204992
2025-11-28 20:15:00+00:00,91180.40625,91197.6015625,91010.09375,91010.09375,349954048
2025-11-28 20:30:00+00:00,91143.859375,91220.0703125,91143.859375,91216.453125,208613376
2025-11-28 20:45:00+00:00,91190.1015625,91190.1875,91134.8359375,91154.5546875,111841280
2025-11-28 21:00:00+00:00,91193.28125,91238.8125,91192.5,91228.8671875,174714880
2025-11-28 21:15:00+00:00,91123.2890625,91202.2890625,91079.125,91202.2890625,68583424
2025-11-28 21:30:00+00:00,91271.703125,91271.703125,91136.234375,91160.28125,291770368
2025-11-28 21:45:00+00:00,91001.5859375,91273.90625,91001.5859375,91273.90625,42815488
2025-11-28 22:00:00+00:00,90895.59375,91002.765625,90891.671875,90907.2109375,308957184
2025-11-28 22:15:00+00:00,90939.7265625,90939.7265625,90777.890625,90777.890625,40198144
2025-11-29 19:30:00+00:00,90692.0078125,90733.03125,90684.1796875,90733.03125,20365312
2025-11-29 19:45:00+00:00,90675.4296875,90694.9921875,90646.484375,90667.5390625,147533824
2025-11-29 20:00:00+00:00,90481.703125,90682.03125,90481.703125,90682.03125,0
2025-11-29 20:15:00+00:00,90688.1875,90688.1875,90490.8828125,90490.8828125,23191552
2025-11-29 20:30:00+00:00,90728.3671875,90768.28125,90690.625,90702.5390625,47738880
2025-11-29 20:45:00+00:00,91008.421875,91031.6640625,90800.5390625,90800.5390625,165691392
2025-11-29 21:00:00+00:00,90893.125,91026.2578125,90893.125,91000.5703125,97202176
2025-11-29 21:15:00+00:00,90979.9609375,90994.640625,90863.8828125,90877.546875,0
2025-11-29 21:30:00+00:00,91035.4140625,91036.3515625,90981.953125,90981.953125,641658880
2025-11-29 21:45:00+00:00,91045.890625,91078.0859375,90997.734375,91055.6640625,0
2025-11-29 22:00:00+00:00,90922.71875,91036.65625,90922.71875,91036.65625,0
2025-11-29 22:15:00+00:00,90773.21875,90832.359375,90742.90625,90777.5078125,181415936
2025-11-29 22:30:00+00:00,90909.53125,90909.53125,90755.4140625,90755.4140625,23007232
2025-11-29 22:45:00+00:00,90838.671875,90940.8125,90809.796875,90914.4765625,27398144
2025-11-29 23:00:00+00:00,90741.546875,90825.234375,90741.546875,90825.234375,0
2025-11-29 23:15:00+00:00,90893.3984375,90901.890625,90731.5078125,90740.46875,25210880
2025-11-29 23:30:00+00:00,90886.765625,90891.65625,90854.6328125,90889.046875,52396032
2025-11-29 23:45:00+00:00,90850.890625,90884.9921875,90804.5078125,90884.9921875,114827264
2025-11-30 00:00:00+00:00,90916.5078125,90951.1484375,90809.6328125,90836.71875,23146496
2025-11-30 00:15:00+00:00,90916.2265625,90970.828125,90903.390625,90918.0,92516352
2025-11-30 00:30:00+00:00,90876.2890625,90920.171875,90855.234375,90889.8359375,100216832
2025-11-30 00:45:00+00:00,90911.953125,90911.953125,90857.1796875,90891.390625,36499456
2025-11-30 01:00:00+00:00,91034.4375,91038.1328125,90904.2578125,90910.7265625,88567808
2025-11-30 01:15:00+00:00,90965.140625,91061.7265625,90961.0,91039.7421875,94519296
2025-11-30 01:30:00+00:00,90994.671875,91057.515625,90975.9375,90983.5390625,245633024
2025-11-30 01:45:00+00:00,90961.6796875,90990.03125,90940.5078125,90990.03125,0
2025-11-30 02:00:00+00:00,90998.8984375,91054.6171875,90947.984375,90950.390625,46317568
2025-11-30 02:15:00+00:00,90959.8984375,91005.015625,90959.8984375,90981.1015625,108457984
2025-11-30 02:30:00+00:00,90869.3671875,91001.125,90869.3671875,90963.5078125,0
2025-11-30 02:45:00+00:00,90812.421875,90893.2578125,90799.3359375,90880.3125,101019648
2025-11-30 03:00:00+00:00,90643.8203125,90829.4765625,90643.8203125,90810.25,21889024
2025-11-30 03:15:00+00:00,90724.3828125,90742.828125,90521.59375,90649.2109375,250978304
2025-11-30 03:30:00+00:00,90905.890625,90905.890625,90724.96875,90731.7578125,221605888
2025-11-30 03:45:00+00:00,90907.5546875,90941.8828125,90899.625,90919.4140625,818343936
2025-11-30 04:00:00+00:00,90973.453125,90978.7578125,90915.96875,90915.96875,93335552
2025-11-30 04:15:00+00:00,90892.1796875,90956.640625,90892.1796875,90956.640625,0
2025-11-30 04:30:00+00:00,90871.171875,90911.25,90871.171875,90897.921875,128188416
2025-11-30 04:45:00+00:00,90874.015625,90883.5078125,90845.828125,90883.5078125,41594880
2025-11-30 05:00:00+00:00,90804.265625,90886.875,90773.09375,90886.875,0
2025-11-30 05:15:00+00:00,90720.703125,90813.6875,90720.703125,90798.5703125,39895040
2025-11-30 05:30:00+00:00,90791.609375,90791.609375,90712.6171875,90712.6171875,1560576
2025-11-30 05:45:00+00:00,90821.984375,90831.921875,90750.0546875,90777.859375,158072832
2025-11-30 06:00:00+00:00,90786.203125,90873.625,90777.296875,90812.8046875,3022848
2025-11-30 06:15:00+00:00,90915.40625,90915.40625,90775.0546875,90789.2265625,56610816
2025-11-30 06:30:00+00:00,90929.3671875,90953.265625,90906.6328125,90945.984375,69754880
2025-11-30 06:45:00+00:00,90908.2578125,90931.921875,90892.1015625,90931.921875,132059136
2025-11-30 07:00:00+00:00,90961.25,90961.25,90891.1796875,90912.0546875,0
2025-11-30 07:15:00+00:00,90995.8046875,91006.3984375,90952.0625,90984.3671875,88854528
2025-11-30 07:30:00+00:00,90938.1640625,90998.0703125,90935.34375,90974.203125,0
2025-11-30 07:45:00+00:00,90973.234375,91038.3984375,90938.078125,90938.078125,133132288
2025-11-30 08:00:00+00:00,91005.25,91055.125,90958.2109375,90970.2265625,186589184
2025-11-30 08:15:00+00:00,91216.1484375,91349.359375,90983.28125,91013.5703125,183107584
2025-11-30 08:30:00+00:00,91211.0546875,91211.0546875,90994.5625,91097.0234375,294739968
2025-11-30 08:45:00+00:00,91234.6640625,91272.0546875,91134.9296875,91186.375,680927232
2025-11-30 09:00:00+00:00,91494.6953125,91494.6953125,91193.484375,91217.484375,0
2025-11-30 09:15:00+00:00,91414.2578125,91566.0703125,91372.6484375,91531.171875,633528320
2025-11-30 09:30:00+00:00,91420.84375,91420.84375,91355.9921875,91417.703125,182157312
2025-11-30 09:45:00+00:00,91409.203125,91420.28125,91348.0703125,91420.28125,27750400
2025-11-30 10:00:00+00:00,91289.1796875,91442.015625,91272.984375,91423.96875,4874240
2025-11-30 10:15:00+00:00,91383.65625,91383.65625,91270.1796875,91282.875,17883136
2025-11-30 10:30:00+00:00,91247.828125,91395.3359375,91245.328125,91395.3359375,106614784
2025-11-30 10:45:00+00:00,91238.5546875,91276.3046875,91231.1484375,91245.375,0
2025-11-30 11:00:00+00:00,91370.921875,91372.0625,91244.203125,91246.4140625,84414464
2025-11-30 11:15:00+00:00,91252.546875,91342.3359375,91238.09375,91342.3359375,43945984
2025-11-30 11:30:00+00:00,91176.375,91267.171875,91133.5078125,91257.5234375,46186496
2025-11-30 11:45:00+00:00,91059.453125,91191.171875,91059.453125,91171.390625,87269376
2025-11-30 12:00:00+00:00,91226.7421875,91226.7421875,91050.4375,91056.2265625,20373504
2025-11-30 12:15:00+00:00,91313.4765625,91334.953125,91256.96875,91256.96875,98074624
2025-11-30 12:30:00+00:00,91361.0859375,91361.0859375,91237.4296875,91290.515625,28418048
2025-11-30 12:45:00+00:00,91448.640625,91480.5703125,91422.953125,91452.0859375,337293312
2025-11-30 13:00:00+00:00,91471.0234375,91506.3359375,91447.4921875,91457.0078125,98516992
2025-11-30 13:15:00+00:00,91838.125,91965.046875,91469.40625,91469.40625,445493248
2025-11-30 13:30:00+00:00,91721.8203125,91864.03125,91721.8203125,91843.5,1068535808
2025-11-30 13:45:00+00:00,91761.46875,91788.1328125,91684.8515625,91707.6875,78614528
2025-11-30 14:00:00+00:00,91704.0078125,91780.71875,91704.0078125,91780.71875,139866112
2025-11-30 14:15:00+00:00,91557.6015625,91692.9453125,91544.546875,91692.9453125,113520640
2025-11-30 14:30:00+00:00,91335.8203125,91563.8984375,91310.015625,91551.6796875,251817984
2025-11-30 14:45:00+00:00,91477.2265625,91477.2265625,91333.7421875,91353.6015625,1081790464
2025-11-30 15:00:00+00:00,91385.2421875,91497.4921875,91339.8515625,91497.4921875,182820864
2025-11-30 15:15:00+00:00,91622.5859375,91622.5859375,91378.6484375,91419.4921875,70840320
2025-11-30 15:30:00+00:00,91450.171875,91600.9921875,91390.765625,91600.9921875,127574016
2025-11-30 15:45:00+00:00,91461.4375,91514.609375,91427.6484375,91447.3046875,231350272
2025-11-30 16:00:00+00:00,91492.359375,91492.546875,91440.9375,91455.3984375,14372864
2025-11-30 16:15:00+00:00,91766.1015625,91793.1484375,91491.71875,91517.1875,0
2025-11-30 16:30:00+00:00,91705.671875,91761.40625,91680.53125,91761.40625,240062464
2025-11-30 16:45:00+00:00,91816.1875,91865.8515625,91732.578125,91732.578125,1499136
2025-11-30 17:00:00+00:00,91412.515625,91776.90625,91412.515625,91776.90625,117231616
2025-11-30 17:15:00+00:00,91415.78125,91541.703125,91401.4921875,91431.96875,0
2025-11-30 17:30:00+00:00,91512.890625,91543.6484375,91352.1484375,91400.5,847200256
2025-11-30 17:45:00+00:00,91497.828125,91554.8671875,91488.0703125,91503.671875,68923392
2025-11-30 18:00:00+00:00,91283.9609375,91495.1015625,91250.6875,91495.1015625,0
2025-11-30 18:15:00+00:00,91360.359375,91376.375,91280.1875,91298.6875,0
2025-11-30 18:30:00+00:00,91366.890625,91410.5546875,91343.59375,91380.1328125,0
2025-11-30 18:45:00+00:00,91448.78125,91467.359375,91387.203125,91389.40625,0
2025-11-30 19:00:00+00:00,91466.828125,91481.2890625,91421.8359375,91451.6640625,115621888
2025-11-30 19:15:00+00:00,91342.96875,91484.8359375,91333.2890625,91457.4453125,62582784
2025-11-30 19:30:00+00:00,91468.1796875,91486.7109375,91321.671875,91348.4296875,42696704
2025-11-30 19:45:00+00:00,91467.609375,91493.0625,91432.4453125,91472.4609375,117587968
2025-11-30 20:00:00+00:00,91607.875,91607.875,91450.7421875,91474.3203125,2224128
2025-11-30 20:15:00+00:00,91326.578125,91593.6484375,91326.578125,91593.6484375,177098752
2025-11-30 20:30:00+00:00,91260.9453125,91327.2578125,91212.390625,91327.2578125,171745280
2025-11-30 20:45:00+00:00,91343.46875,91357.1640625,91262.7265625,91262.7265625,109727744
2025-11-30 21:00:00+00:00,91103.21875,91328.6640625,91103.21875,91324.4296875,169971712
2025-11-30 21:15:00+00:00,91019.125,91203.34375,90965.703125,91180.796875,171528192
2025-11-30 21:30:00+00:00,91087.5390625,91181.3828125,91081.6015625,91087.0078125,202764288
2025-11-30 21:45:00+00:00,91172.078125,91185.375,91074.78125,91074.78125,348782592
2025-11-30 22:00:00+00:00,91314.890625,91314.890625,91173.234375,91173.234375,110252032
2025-11-30 22:15:00+00:00,91262.0859375,91334.6640625,91234.8515625,91299.25,115273728
2025-11-30 22:30:00+00:00,91163.640625,91272.71875,91084.3203125,91272.71875,43253760
2025-11-30 22:45:00+00:00,91235.375,91235.375,91105.8828125,91135.0234375,34697216
2025-11-30 23:00:00+00:00,90943.9921875,91242.9765625,90923.4453125,91242.9765625,71471104
2025-11-30 23:15:00+00:00,90681.3203125,90984.46875,90681.3203125,90984.46875,171900928
2025-11-30 23:30:00+00:00,90625.0,90697.265625,90541.046875,90697.265625,1027018752
2025-11-30 23:45:00+00:00,90440.6328125,90713.046875,90419.40625,90650.6484375,343109632
2025-12-01 00:00:00+00:00,89015.671875,90379.84375,88992.046875,90379.84375,1827602432
2025-12-01 00:15:00+00:00,88391.6796875,89021.515625,88391.6796875,88938.21875,1304866816
2025-12-01 00:30:00+00:00,87880.625,88404.203125,87781.4453125,88347.1484375,2195648512
2025-12-01 00:45:00+00:00,87154.7578125,87751.40625,87068.546875,87751.40625,1303334912
2025-12-01 01:00:00+00:00,87422.3671875,87595.9453125,87043.6796875,87049.8203125,1367486464
2025-12-01 01:15:00+00:00,87342.9765625,87715.6015625,87342.3046875,87437.5390625,832630784
2025-12-01 01:30:00+00:00,87483.0859375,87566.4296875,87211.953125,87211.953125,854175744
2025-12-01 01:45:00+00:00,87316.8046875,87470.5,87259.7265625,87470.5,666497024
2025-12-01 02:00:00+00:00,87495.3828125,87495.3828125,87152.265625,87231.7890625,293093376
2025-12-01 02:15:00+00:00,87163.1171875,87449.5078125,87134.109375,87449.5078125,1070768128
2025-12-01 02:30:00+00:00,86882.328125,87140.46875,86677.484375,87140.46875,1725931520
2025-12-01 02:45:00+00:00,86749.7421875,86852.3828125,86545.1484375,86852.3828125,780972032
2025-12-01 03:00:00+00:00,86522.5234375,86789.1953125,86462.7578125,86745.25,849297408
2025-12-01 03:15:00+00:00,86455.6640625,86572.921875,86394.515625,86448.1875,495460352
2025-12-01 03:30:00+00:00,86427.25,86427.25,86226.484375,86360.1015625,858357760
2025-12-01 03:45:00+00:00,86397.4765625,86458.9609375,86281.1484375,86458.9609375,515477504
2025-12-01 04:00:00+00:00,86159.4921875,86383.203125,86159.4921875,86383.203125,1118777344
2025-12-01 04:15:00+00:00,85752.7265625,86090.6953125,85752.7265625,86090.6953125,824102912
2025-12-01 04:30:00+00:00,85989.4375,85989.4375,85732.765625,85732.765625,689008640
2025-12-01 04:45:00+00:00,85816.6875,85927.3828125,85782.3515625,85927.3828125,559034368
2025-12-01 05:00:00+00:00,85826.59375,85883.8203125,85665.9453125,85812.5703125,729628672
2025-12-01 05:15:00+00:00,85942.1796875,85942.1796875,85730.84375,85767.484375,486629376
2025-12-01 05:30:00+00:00,85797.8046875,85923.25,85717.484375,85923.25,246972416
2025-12-01 05:45:00+00:00,85975.171875,85998.2578125,85776.078125,85776.078125,766754816
2025-12-01 06:00:00+00:00,86218.15625,86218.15625,85987.671875,85987.671875,2144841728
2025-12-01 06:15:00+00:00,86049.359375,86267.7578125,86044.0859375,86267.7578125,381747200
2025-12-01 06:30:00+00:00,86213.59375,86240.640625,86040.71875,86074.296875,431587328
2025-12-01 06:45:00+00:00,86270.1796875,86320.9375,86171.609375,86252.140625,591994880
2025-12-01 07:00:00+00:00,86139.078125,86270.9296875,86111.015625,86266.3828125,317616128
2025-12-01 07:15:00+00:00,86284.0625,86284.0625,86089.78125,86170.0,209313792
2025-12-01 07:30:00+00:00,86443.78125,86445.4140625,86196.921875,86266.390625,1176129536
2025-12-01 07:45:00+00:00,86533.8359375,86541.1640625,86478.6484375,86478.6484375,1109180416
2025-12-01 08:00:00+00:00,86457.15625,86635.3515625,86422.1875,86536.78125,742842368
2025-12-01 08:15:00+00:00,86594.8359375,86594.8359375,86466.2578125,86466.2578125,374222848
2025-12-01 08:30:00+00:00,86741.5234375,86741.5234375,86553.5546875,86598.5703125,0
2025-12-01 08:45:00+00:00,86847.7734375,86847.7734375,86770.6171875,86785.375,2366828544
2025-12-01 09:00:00+00:00,86664.984375,86896.9453125,86664.984375,86866.2109375,320278528
2025-12-01 09:15:00+00:00,86633.90625,86767.3515625,86587.5078125,86629.109375,94126080
2025-12-01 09:30:00+00:00,86749.3203125,86749.3203125,86619.1640625,86619.1640625,267862016
2025-12-01 09:45:00+00:00,86716.6953125,86889.15625,86713.28125,86837.7578125,252592128
2025-12-01 10:00:00+00:00,86742.078125,86796.2734375,86726.046875,86726.046875,403722240
2025-12-01 10:15:00+00:00,86564.8359375,86707.8828125,86564.8359375,86707.8828125,224436224
2025-12-01 10:30:00+00:00,86609.03125,86640.265625,86598.421875,86603.484375,474845184
2025-12-01 10:45:00+00:00,86638.0703125,86661.265625,86624.234375,86624.234375,142426112
2025-12-01 11:00:00+00:00,86469.6328125,86646.1171875,86469.6328125,86644.25,43061248
2025-12-01 11:15:00+00:00,86432.9140625,86498.609375,86429.125,86473.1328125,425885696
2025-12-01 11:30:00+00:00,86366.515625,86434.9140625,86366.515625,86434.9140625,464908288
2025-12-01 11:45:00+00:00,86227.578125,86332.2109375,86227.578125,86312.921875,494014464
2025-12-01 12:00:00+00:00,85850.9921875,86156.4921875,85820.0703125,86137.1484375,142147584
2025-12-01 12:15:00+00:00,85847.8359375,85992.890625,85847.15625,85856.0,367525888
2025-12-01 12:30:00+00:00,85551.125,85833.21875,85551.125,85810.859375,821764096
2025-12-01 12:45:00+00:00,85484.3046875,85487.8671875,84817.421875,85463.0234375,609775616
2025-12-01 13:00:00+00:00,85977.71875,86056.90625,85418.2890625,85418.2890625,4125130752
2025-12-01 13:15:00+00:00,85976.4375,86088.3203125,85949.421875,86017.015625,213774336
2025-12-01 13:30:00+00:00,85758.21875,85976.1953125,85684.7109375,85976.1953125,639594496
2025-12-01 13:45:00+00:00,86006.6015625,86034.3046875,85757.1015625,85763.9921875,313139200
2025-12-01 14:00:00+00:00,86310.421875,86310.421875,85983.1171875,85983.1171875,2052194304
2025-12-01 14:15:00+00:00,86241.328125,86241.328125,86045.390625,86217.5625,486150144
2025-12-01 14:30:00+00:00,86052.8984375,86580.734375,86018.1484375,86257.890625,1313300480
2025-12-01 14:45:00+00:00,86161.53125,86237.3359375,85942.140625,86035.1796875,416342016
2025-12-01 15:00:00+00:00,85833.3046875,86061.4921875,85743.328125,86044.4921875,552919040
2025-12-01 15:15:00+00:00,85011.078125,85707.1015625,85006.78125,85707.1015625,758472704
2025-12-01 15:30:00+00:00,84041.84375,84926.734375,84041.84375,84856.7109375,3061235712
2025-12-01 15:45:00+00:00,84637.1953125,84807.65625,83909.734375,83909.734375,2411495424
2025-12-01 16:00:00+00:00,84287.6640625,84722.6484375,84186.8984375,84653.6015625,349118464
2025-12-01 16:15:00+00:00,84607.40625,84607.40625,84104.4921875,84147.5078125,3155320832
2025-12-01 16:30:00+00:00,85300.5390625,85358.1328125,84547.796875,84547.796875,982605824
2025-12-01 16:45:00+00:00,84513.078125,85225.78125,84513.078125,85225.78125,1183318016
2025-12-01 17:00:00+00:00,84808.8125,84955.8984375,84529.6953125,84529.6953125,880926720
2025-12-01 17:15:00+00:00,84967.2109375,84967.2109375,84478.2578125,84608.828125,757719040
2025-12-01 17:30:00+00:00,85075.984375,85075.984375,84699.390625,84907.2421875,286662656
2025-12-01 17:45:00+00:00,84953.6953125,85260.0859375,84953.6953125,85185.875,899088384
2025-12-01 18:00:00+00:00,85365.28125,85365.28125,84933.296875,84933.296875,158703616
2025-12-01 18:15:00+00:00,85298.40625,85477.53125,85298.40625,85442.03125,410058752
2025-12-01 18:30:00+00:00,84732.265625,85287.5078125,84732.265625,85287.5078125,804118528
2025-12-01 18:45:00+00:00,85179.3203125,85242.296875,84748.2421875,84748.2421875,806895616
2025-12-01 19:00:00+00:00,85036.375,85239.2890625,84841.2109375,85218.265625,578224128
2025-12-01 19:15:00+00:00,84803.859375,85028.0390625,84803.859375,85019.25,585932800
2025-12-01 19:30:00+00:00,84735.7265625,85013.703125,84654.0078125,84654.0078125,2812051456
2025-12-01 19:45:00+00:00,85033.78125,85033.78125,84725.546875,84725.546875,1245880320
2025-12-01 20:00:00+00:00,85719.4296875,85813.5859375,85021.875,85021.875,823599104
2025-12-01 20:15:00+00:00,85299.1328125,85571.6015625,85279.5625,85545.984375,433176576
2025-12-01 20:30:00+00:00,85379.390625,85408.5390625,85239.828125,85321.53125,1062174720
2025-12-01 20:45:00+00:00,85469.125,85499.828125,85372.375,85459.328125,569614336
2025-12-01 21:00:00+00:00,85677.953125,85869.3359375,85455.1796875,85455.1796875,2886467584
2025-12-01 21:15:00+00:00,86221.296875,86339.5859375,85675.21875,85675.21875,2293260288
2025-12-01 21:30:00+00:00,86449.8359375,86450.90625,86198.4453125,86198.4453125,700497920
2025-12-01 21:45:00+00:00,86425.0703125,86449.8359375,86255.5859375,86449.8359375,754622464
2025-12-01 22:00:00+00:00,86486.59375,86792.0546875,86440.8828125,86440.8828125,1147183104
2025-12-01 22:15:00+00:00,86479.4765625,86647.796875,86444.640625,86485.9375,2517139456
2025-12-01 22:30:00+00:00,86694.65625,86700.984375,86381.71875,86474.4765625,265748480
2025-12-01 22:45:00+00:00,86648.2578125,86853.6796875,86648.2578125,86674.4921875,156254208
2025-12-01 23:00:00+00:00,86553.6640625,86736.984375,86541.671875,86599.984375,969834496
2025-12-01 23:15:00+00:00,86713.7734375,86732.2734375,86476.1953125,86476.1953125,217341952
2025-12-01 23:30:00+00:00,86526.7890625,86822.59375,86526.7890625,86822.59375,723165184
2025-12-01 23:45:00+00:00,86305.8984375,86521.265625,86298.8203125,86521.265625,38322176
2025-12-02 00:00:00+00:00,86387.5625,86541.8359375,86300.1640625,86306.09375,0
2025-12-02 00:15:00+00:00,86300.09375,86366.4609375,86205.09375,86336.5,163651584
2025-12-02 00:30:00+00:00,86393.7578125,86474.171875,86323.0234375,86323.0234375,36552704
2025-12-02 00:45:00+00:00,86500.1875,86620.84375,86336.0625,86337.578125,0
2025-12-02 01:00:00+00:00,86910.4765625,87272.2734375,86504.2578125,86519.75,789299200
2025-12-02 01:15:00+00:00,86773.3671875,86836.359375,86634.8046875,86771.7109375,734158848
2025-12-02 01:30:00+00:00,86587.4453125,86765.7265625,86575.265625,86743.390625,373506048
2025-12-02 01:45:00+00:00,86440.8515625,86580.7890625,86398.6953125,86567.4140625,93626368
2025-12-02 02:00:00+00:00,86583.0546875,86583.0546875,86336.3046875,86449.2734375,401375232
2025-12-02 02:15:00+00:00,86731.75,86815.2578125,86558.4609375,86558.4609375,340008960
2025-12-02 02:30:00+00:00,86812.984375,86859.3515625,86677.53125,86698.53125,0
2025-12-02 02:45:00+00:00,86583.1953125,86786.2421875,86583.1953125,86776.8046875,343744512
2025-12-02 03:00:00+00:00,86608.1171875,86626.2890625,86453.2578125,86547.4765625,85786624
2025-12-02 03:15:00+00:00,86347.671875,86603.1796875,86324.171875,86603.1796875,225443840
2025-12-02 03:30:00+00:00,86755.953125,86755.953125,86223.6015625,86348.1015625,0
2025-12-02 03:45:00+00:00,86956.0703125,87005.375,86814.5390625,86839.515625,371204096
2025-12-02 04:00:00+00:00,87105.1875,87193.3671875,86961.7109375,86961.7109375,531464192
2025-12-02 04:15:00+00:00,87042.2109375,87218.3828125,87042.2109375,87078.7421875,67715072
2025-12-02 04:30:00+00:00,86937.6171875,87035.875,86937.6171875,87035.875,0
2025-12-02 04:45:00+00:00,86970.6328125,87004.3046875,86926.828125,86926.828125,379068416
2025-12-02 05:00:00+00:00,87072.84375,87075.4921875,86857.1484375,86974.765625,0
2025-12-02 05:15:00+00:00,86971.2109375,87021.78125,86971.2109375,87001.984375,345710592
2025-12-02 05:30:00+00:00,86928.0546875,86941.875,86899.125,86912.7109375,326483968
2025-12-02 05:45:00+00:00,86997.5390625,87021.875,86961.21875,86961.21875,248561664
2025-12-02 06:00:00+00:00,86920.1875,87012.4140625,86911.90625,87012.4140625,87179264
2025-12-02 06:15:00+00:00,86902.5234375,86970.328125,86899.1015625,86946.1171875,220020736
2025-12-02 06:30:00+00:00,87173.859375,87173.859375,86919.078125,86919.078125,48455680
2025-12-02 06:45:00+00:00,87106.515625,87164.609375,87106.515625,87150.7734375,335527936
2025-12-02 07:00:00+00:00,87011.6015625,87118.734375,86938.53125,87118.578125,0
2025-12-02 07:15:00+00:00,86927.4609375,86987.5625,86917.609375,86974.7578125,216236032
2025-12-02 07:30:00+00:00,87004.515625,87026.3984375,86934.8359375,86934.9296875,0
2025-12-02 07:45:00+00:00,87032.6953125,87038.984375,86994.265625,86994.265625,0
2025-12-02 08:00:00+00:00,86725.953125,87039.8359375,86725.953125,87039.8359375,0
2025-12-02 08:15:00+00:00,86501.2578125,86763.96875,86501.2578125,86763.96875,1938137088
2025-12-02 08:30:00+00:00,86481.1796875,86705.9765625,86452.9765625,86496.3671875,129687552
2025-12-02 08:45:00+00:00,86408.96875,86635.6875,86408.96875,86547.5546875,534749184
2025-12-02 09:00:00+00:00,86716.9921875,86834.1484375,86509.9609375,86509.9609375,1474994176
2025-12-02 09:15:00+00:00,86885.1953125,86943.859375,86580.515625,86692.96875,622477312
2025-12-02 09:30:00+00:00,86679.2890625,86862.4296875,86645.953125,86862.4296875,188694528
2025-12-02 09:45:00+00:00,86742.0703125,86759.359375,86644.1015625,86671.859375,448225280
2025-12-02 10:00:00+00:00,86928.9921875,86928.9921875,86753.5234375,86753.5234375,401448960
2025-12-02 10:15:00+00:00,86816.4140625,86903.6484375,86816.4140625,86903.6484375,2112405504
2025-12-02 10:30:00+00:00,86993.796875,86993.796875,86818.671875,86820.3046875,93290496
2025-12-02 10:45:00+00:00,87301.625,87490.9765625,87036.9609375,87036.9609375,0
2025-12-02 11:00:00+00:00,87057.015625,87352.1171875,87057.015625,87298.359375,2012487680
2025-12-02 11:15:00+00:00,87314.8515625,87314.8515625,87037.6875,87075.828125,2213543936
2025-12-02 11:30:00+00:00,87354.46875,87407.953125,87335.046875,87407.953125,390815744
2025-12-02 11:45:00+00:00,87395.390625,87553.921875,87330.8828125,87330.8828125,71327744
2025-12-02 12:00:00+00:00,87467.75,87479.8828125,87341.3671875,87381.4140625,0
2025-12-02 12:15:00+00:00,87402.7890625,87461.5390625,87384.8828125,87453.75,0
2025-12-02 12:30:00+00:00,87359.609375,87505.84375,87251.9296875,87451.453125,221224960
2025-12-02 12:45:00+00:00,87250.3671875,87351.6640625,87250.3671875,87337.359375,0
2025-12-02 13:00:00+00:00,87189.1796875,87284.8671875,87114.8359375,87284.8671875,0
2025-12-02 13:15:00+00:00,87390.90625,87421.3359375,87165.734375,87165.734375,469639168
2025-12-02 13:30:00+00:00,87499.59375,87534.4609375,87352.1640625,87352.1640625,127066112
2025-12-02 13:45:00+00:00,87841.1953125,87841.1953125,87489.6171875,87489.6171875,220995584
2025-12-02 14:00:00+00:00,88240.5546875,88240.5546875,87667.4140625,87779.3984375,642080768
2025-12-02 14:15:00+00:00,88717.859375,88718.2265625,88346.9921875,88387.1171875,2302771200
2025-12-02 14:30:00+00:00,88528.046875,88863.171875,88492.5390625,88636.3515625,962486272
2025-12-02 14:45:00+00:00,89157.0625,89221.328125,88814.75,88814.75,792199168
2025-12-02 15:00:00+00:00,90598.1015625,90598.1015625,89255.9140625,89255.9140625,1746591744
2025-12-02 15:15:00+00:00,90202.4296875,90692.7265625,90202.4296875,90644.8515625,1843052544
2025-12-02 15:30:00+00:00,90793.640625,90793.640625,90113.40625,90250.3125,2085920768
2025-12-02 15:45:00+00:00,90948.328125,91084.7265625,90618.6640625,90618.6640625,646307840
2025-12-02 16:00:00+00:00,90898.1015625,91220.0546875,90898.1015625,90928.65625,558727168
2025-12-02 16:15:00+00:00,90338.2109375,90893.953125,90326.5,90893.953125,698703872
2025-12-02 16:30:00+00:00,90674.4375,90860.25,90316.7734375,90316.7734375,160423936
2025-12-02 16:45:00+00:00,90902.4296875,91134.2109375,90607.3125,90607.3125,185049088
2025-12-02 17:00:00+00:00,91061.8046875,91120.8359375,90833.2421875,90833.2421875,1014398976
2025-12-02 17:15:00+00:00,91884.46875,91884.46875,90999.8203125,90999.8203125,789307392
2025-12-02 17:30:00+00:00,91753.15625,91945.46875,91650.8046875,91790.03125,992550912
2025-12-02 17:45:00+00:00,91497.4296875,91749.484375,91491.9453125,91749.484375,253485056
2025-12-02 18:00:00+00:00,91735.59375,91861.1640625,91494.40625,91494.40625,284942336
2025-12-02 18:15:00+00:00,91890.046875,92193.4921875,91832.1015625,91832.78125,774160384
2025-12-02 18:30:00+00:00,92021.3046875,92186.6328125,91895.0859375,91956.4765625,484384768
2025-12-02 18:45:00+00:00,91862.984375,92034.0703125,91825.796875,91990.4765625,526065664
2025-12-02 19:00:00+00:00,92182.40625,92219.34375,91963.6171875,91963.6171875,1856315392
2025-12-02 19:15:00+00:00,92047.59375,92125.609375,91970.0703125,92079.4453125,475144192
2025-12-02 19:30:00+00:00,92225.1953125,92309.515625,92043.9296875,92043.9296875,434495488
2025-12-02 19:45:00+00:00,91951.6484375,92153.0078125,91943.3828125,92153.0078125,102875136
2025-12-02 20:00:00+00:00,91717.6484375,91945.8359375,91701.75,91945.8359375,139354112
2025-12-02 20:15:00+00:00,91403.1875,91604.0625,91274.5234375,91604.0625,443219968
2025-12-02 20:30:00+00:00,90885.9375,91126.4921875,90821.234375,90998.8671875,795058176
2025-12-02 20:45:00+00:00,91046.8828125,91086.15625,90945.5,90962.75,657858560
2025-12-02 21:00:00+00:00,91254.625,91295.5703125,91053.6484375,91119.1328125,217628672
2025-12-02 21:15:00+00:00,91492.1875,91492.1875,91254.9140625,91271.890625,2264989696
2025-12-02 21:30:00+00:00,91482.15625,91507.359375,91385.7734375,91472.1328125,498688000
2025-12-02 21:45:00+00:00,91613.0,91654.3515625,91494.515625,91507.5078125,356818944
2025-12-02 22:00:00+00:00,91767.421875,91867.5,91600.859375,91635.1796875,327639040
2025-12-02 22:15:00+00:00,91766.484375,91895.171875,91766.484375,91892.3203125,58228736
2025-12-02 22:30:00+00:00,91906.7421875,91906.7421875,91648.03125,91724.90625,119250944
2025-12-02 22:45:00+00:00,92003.703125,92003.703125,91808.7109375,91808.7109375,239566848
2025-12-02 23:00:00+00:00,91952.1171875,92004.703125,91894.890625,92004.703125,321118208
2025-12-02 23:15:00+00:00,91687.7734375,91921.8359375,91687.7734375,91902.0703125,60506112
2025-12-02 23:30:00+00:00,91495.875,91705.234375,91478.609375,91705.234375,323649536
2025-12-02 23:45:00+00:00,91360.6640625,91488.21875,91360.6640625,91488.21875,335134720
2025-12-03 00:00:00+00:00,91442.3671875,91519.5390625,91269.7421875,91345.3125,194797568
2025-12-03 00:15:00+00:00,91208.578125,91434.9140625,91200.671875,91362.96875,346562560
2025-12-03 00:30:00+00:00,91362.0234375,91362.0234375,91080.0,91221.78125,315195392
2025-12-03 00:45:00+00:00,91588.7421875,91741.6640625,91461.4140625,91461.4140625,456843264
2025-12-03 01:00:00+00:00,91783.421875,91818.1953125,91542.7109375,91632.609375,382173184
2025-12-03 01:15:00+00:00,91894.15625,91980.6171875,91721.0703125,91769.5625,570818560
2025-12-03 01:30:00+00:00,91948.8359375,91979.078125,91907.3515625,91921.296875,83566592
2025-12-03 01:45:00+00:00,92189.578125,92359.796875,91970.3671875,91975.078125,582541312
2025-12-03 02:00:00+00:00,92823.0546875,92823.0546875,92237.671875,92237.671875,443228160
2025-12-03 02:15:00+00:00,92872.671875,92973.796875,92691.296875,92884.25,4431568896
2025-12-03 02:30:00+00:00,92720.5078125,92858.53125,92688.40625,92858.53125,829448192
2025-12-03 02:45:00+00:00,92814.484375,92843.7578125,92420.046875,92680.9765625,486268928
2025-12-03 03:00:00+00:00,92788.7265625,92945.15625,92661.3515625,92813.1328125,198057984
2025-12-03 03:15:00+00:00,92840.203125,92840.203125,92696.4921875,92787.3046875,473702400
2025-12-03 03:30:00+00:00,92717.15625,92849.296875,92717.15625,92849.296875,570744832
2025-12-03 03:45:00+00:00,92738.0703125,92780.2265625,92729.046875,92737.140625,37814272
2025-12-03 04:00:00+00:00,92981.9921875,92981.9921875,92694.1328125,92710.0703125,11567104
2025-12-03 04:15:00+00:00,93166.3828125,93166.3828125,92849.796875,92927.3671875,517234688
2025-12-03 04:30:00+00:00,93007.96875,93082.71875,92852.265625,92852.265625,1207951360
2025-12-03 04:45:00+00:00,93418.109375,93418.109375,92949.8203125,92991.140625,576167936
2025-12-03 05:00:00+00:00,93372.8203125,93537.2734375,93297.71875,93369.4765625,573415424
2025-12-03 05:15:00+00:00,93386.6015625,93386.6015625,93212.015625,93382.6953125,246824960
2025-12-03 05:30:00+00:00,93517.3125,93606.890625,93326.1640625,93377.109375,743145472
2025-12-03 05:45:00+00:00,93640.78125,93640.78125,93455.65625,93470.4375,427409408
2025-12-03 06:00:00+00:00,93718.2890625,93826.734375,93633.65625,93703.5234375,829251584
2025-12-03 06:15:00+00:00,93924.7421875,93935.609375,93709.609375,93709.609375,440107008
2025-12-03 06:30:00+00:00,93543.90625,93934.2890625,93542.0078125,93934.2890625,249143296
2025-12-03 06:45:00+00:00,93420.2109375,93420.2109375,93221.65625,93356.6015625,2938454016
2025-12-03 07:00:00+00:00,93262.328125,93438.7109375,93262.328125,93438.7109375,116285440
2025-12-03 07:15:00+00:00,93131.15625,93238.078125,92960.828125,93238.078125,516603904
2025-12-03 07:30:00+00:00,93090.140625,93090.140625,93016.2265625,93088.8203125,583442432
2025-12-03 07:45:00+00:00,93009.0,93107.828125,92977.84375,93107.828125,640950272
2025-12-03 08:00:00+00:00,93008.171875,93154.8125,92944.9296875,93019.3515625,13099008
2025-12-03 08:15:00+00:00,92896.1015625,93024.734375,92865.796875,93024.734375,128827392
2025-12-03 08:30:00+00:00,92881.6171875,93003.0546875,92844.5390625,92909.5546875,647184384
2025-12-03 08:45:00+00:00,92728.46875,92920.0078125,92728.46875,92844.578125,65060864
2025-12-03 09:00:00+00:00,92901.390625,92903.8359375,92758.1953125,92758.1953125,289341440
2025-12-03 09:15:00+00:00,92935.390625,92959.8984375,92888.8203125,92959.8984375,0
2025-12-03 09:30:00+00:00,92913.125,92959.296875,92857.4140625,92904.3359375,31899648
2025-12-03 09:45:00+00:00,93182.9296875,93182.9296875,92914.4921875,92914.4921875,0
2025-12-03 10:00:00+00:00,93167.140625,93209.25,93078.0234375,93209.25,2794209280
2025-12-03 10:15:00+00:00,93256.09375,93380.3203125,93178.546875,93178.546875,136421376
2025-12-03 10:30:00+00:00,92953.3125,93208.5546875,92923.8125,93208.5546875,270647296
2025-12-03 10:45:00+00:00,92928.59375,93068.2734375,92928.59375,92961.7109375,317145088
2025-12-03 11:00:00+00:00,92807.4296875,93014.8125,92788.8984375,92938.109375,0
2025-12-03 11:15:00+00:00,93011.4765625,93037.6796875,92792.71875,92804.3828125,93511680
2025-12-03 11:30:00+00:00,92917.171875,93041.4921875,92917.171875,93041.4921875,387366912
2025-12-03 11:45:00+00:00,93030.828125,93034.3203125,92940.4765625,92940.4765625,5013504
2025-12-03 12:00:00+00:00,92883.4921875,93087.4375,92883.4921875,93030.1171875,387391488
2025-12-03 12:15:00+00:00,92765.59375,92923.9609375,92765.59375,92895.421875,384679936
2025-12-03 12:30:00+00:00,92834.0859375,92882.4609375,92740.609375,92759.3359375,187875328
2025-12-03 12:45:00+00:00,92976.1953125,92976.1953125,92852.3984375,92854.953125,335634432
2025-12-03 13:00:00+00:00,92992.5,93083.1484375,92953.1328125,92953.1328125,0
2025-12-03 13:15:00+00:00,93114.15625,93120.609375,92961.671875,92961.671875,0
2025-12-03 13:30:00+00:00,93209.7734375,93209.7734375,92980.4609375,93078.53125,26279936
2025-12-03 13:45:00+00:00,93145.3984375,93236.265625,93145.3984375,93222.8203125,0
2025-12-03 14:00:00+00:00,92199.7265625,93166.890625,91883.2109375,93166.890625,780410880
2025-12-03 14:15:00+00:00,92520.1328125,92522.8046875,92074.921875,92074.921875,2592104448
2025-12-03 14:30:00+00:00,93506.84375,93506.84375,92250.3984375,92343.0859375,0
2025-12-03 14:45:00+00:00,92663.9140625,93554.9296875,92592.6328125,93554.9296875,1433985024
2025-12-03 15:00:00+00:00,92415.6171875,92987.9453125,92415.6171875,92479.0703125,2456322048
2025-12-03 15:15:00+00:00,92415.671875,92415.671875,92018.0390625,92248.9375,0
2025-12-03 15:30:00+00:00,92441.5234375,92712.9140625,92364.984375,92391.921875,85516288
2025-12-03 15:45:00+00:00,92391.71875,92655.5,92384.2265625,92384.2265625,0
2025-12-03 16:00:00+00:00,91930.9453125,92440.0078125,91878.703125,92380.34375,2455232512
2025-12-03 16:15:00+00:00,92251.046875,92251.046875,92038.6015625,92038.6015625,271941632
2025-12-03 16:30:00+00:00,92620.6328125,92727.40625,92274.6796875,92274.6796875,0
2025-12-03 16:45:00+00:00,92271.6875,92731.96875,92271.6875,92731.96875,346243072
2025-12-03 17:00:00+00:00,92529.3828125,92614.4921875,92276.625,92276.625,712114176
2025-12-03 17:15:00+00:00,92550.875,92658.015625,92288.4375,92616.5,548945920
2025-12-03 17:30:00+00:00,92815.8203125,92854.453125,92530.59375,92530.59375,0
2025-12-03 17:45:00+00:00,93017.203125,93032.640625,92727.71875,92815.3046875,2753904640
2025-12-03 18:00:00+00:00,93486.4921875,93486.4921875,92981.7421875,92981.7421875,192438272
2025-12-03 18:15:00+00:00,93074.984375,93456.4296875,92970.8046875,93456.4296875,582017024
2025-12-03 18:30:00+00:00,93216.9609375,93216.9609375,93034.5390625,93096.1171875,150822912
2025-12-03 18:45:00+00:00,92572.125,93183.1171875,92430.9296875,93183.1171875,382885888
2025-12-03 19:00:00+00:00,92742.9453125,92825.6640625,92612.4375,92612.4375,2330828800
2025-12-03 19:15:00+00:00,92751.1796875,92768.15625,92585.0546875,92726.2421875,0
2025-12-03 19:30:00+00:00,92734.796875,92781.171875,92649.9453125,92751.4609375,0
2025-12-03 19:45:00+00:00,93015.546875,93089.234375,92793.4921875,92793.4921875,0
2025-12-03 20:00:00+00:00,92954.125,93107.4296875,92865.453125,93034.28125,919994368
2025-12-03 20:15:00+00:00,93024.609375,93087.5078125,92970.578125,92973.6875,459456512
2025-12-03 20:30:00+00:00,93025.171875,93121.828125,93008.5546875,93030.1015625,0
2025-12-03 20:45:00+00:00,92913.59375,93309.734375,92913.59375,93189.1328125,138870784
2025-12-03 21:00:00+00:00,93082.7734375,93083.8203125,92911.6796875,92971.890625,75120640
2025-12-03 21:15:00+00:00,93247.6796875,93304.796875,93049.046875,93061.015625,95461376
2025-12-03 21:30:00+00:00,93482.140625,93482.140625,93286.6875,93286.6875,276029440
2025-12-03 21:45:00+00:00,93679.609375,93679.609375,93406.6875,93489.375,78520320
2025-12-03 22:00:00+00:00,93693.96875,93803.765625,93540.6875,93744.78125,1579327488
2025-12-03 22:15:00+00:00,93405.8515625,93707.59375,93405.8515625,93707.59375,0
2025-12-03 22:30:00+00:00,93645.9296875,93649.5546875,93351.6953125,93433.109375,419209216
2025-12-03 22:45:00+00:00,93802.8671875,93932.9453125,93605.1875,93605.1875,929841152
2025-12-03 23:00:00+00:00,93736.40625,94049.6953125,93736.40625,93805.984375,2379988992
2025-12-03 23:15:00+00:00,93699.0390625,93791.7734375,93618.484375,93791.7734375,874250240
2025-12-03 23:30:00+00:00,93562.8671875,93662.0390625,93522.734375,93662.0390625,0
2025-12-03 23:45:00+00:00,93592.453125,93641.7734375,93540.203125,93556.421875,492281856
2025-12-04 00:00:00+00:00,93010.0078125,93478.859375,93010.0078125,93463.3828125,0
2025-12-04 00:15:00+00:00,92865.78125,93113.7421875,92795.1484375,92997.2265625,576520192
2025-12-04 00:30:00+00:00,93050.3125,93050.3125,92749.1484375,92849.2578125,699293696
2025-12-04 00:45:00+00:00,93090.1171875,93142.6953125,92963.078125,93079.078125,334258176
2025-12-04 01:00:00+00:00,93607.4609375,93607.4609375,93045.6953125,93073.5859375,0
2025-12-04 01:15:00+00:00,93369.5,93700.109375,93284.3828125,93700.109375,3020136448
2025-12-04 01:30:00+00:00,93464.9453125,93542.8828125,93374.2578125,93393.2734375,270155776
2025-12-04 01:45:00+00:00,93202.7578125,93468.15625,93202.7578125,93468.15625,0
2025-12-04 02:00:00+00:00,93639.421875,93654.0,93197.5,93209.8046875,291348480
2025-12-04 02:15:00+00:00,93844.6953125,94010.6796875,93680.1015625,93689.7734375,1880817664
2025-12-04 02:30:00+00:00,93872.0,93964.7109375,93692.6484375,93823.4765625,20594688
2025-12-04 02:45:00+00:00,93982.4140625,93982.4140625,93795.234375,93870.7421875,284164096
2025-12-04 03:00:00+00:00,93838.2578125,94022.4765625,93838.2578125,93972.65625,83238912
2025-12-04 03:15:00+00:00,93638.3125,93845.5,93581.4375,93845.5,79233024
2025-12-04 03:30:00+00:00,93475.6640625,93626.765625,93464.7421875,93626.765625,350322688
2025-12-04 03:45:00+00:00,93546.546875,93594.5625,93470.71875,93474.5703125,386834432
2025-12-04 04:00:00+00:00,93520.6484375,93553.65625,93405.1328125,93553.65625,260743168
2025-12-04 04:15:00+00:00,93413.1328125,93480.375,93404.03125,93480.375,0
2025-12-04 04:30:00+00:00,93364.6953125,93501.046875,93364.6953125,93416.8671875,0
2025-12-04 04:45:00+00:00,93326.0859375,93392.4609375,93267.125,93392.4609375,337313792
2025-12-04 05:00:00+00:00,93192.8515625,93376.7578125,93096.8125,93345.90625,206626816
2025-12-04 05:15:00+00:00,93241.7734375,93241.7734375,93041.265625,93201.078125,1932763136
2025-12-04 05:30:00+00:00,93004.59375,93234.703125,93004.59375,93234.703125,580444160
2025-12-04 05:45:00+00:00,92989.1953125,93016.5,92821.0625,92994.25,181583872
2025-12-04 06:00:00+00:00,93056.34375,93056.34375,92891.6875,93005.1875,92594176
2025-12-04 06:15:00+00:00,93218.5078125,93224.0390625,93051.2421875,93051.2421875,0
2025-12-04 06:30:00+00:00,93199.515625,93364.609375,93199.515625,93211.1328125,515579904
2025-12-04 06:45:00+00:00,93149.25,93195.78125,93075.265625,93169.8671875,446799872
2025-12-04 07:00:00+00:00,92952.921875,93169.0703125,92952.921875,93169.0703125,0
2025-12-04 07:15:00+00:00,93137.984375,93177.2734375,93050.859375,93050.859375,0
2025-12-04 07:30:00+00:00,93290.578125,93290.578125,93119.734375,93119.734375,259686400
2025-12-04 07:45:00+00:00,93395.09375,93395.09375,93246.25,93297.46875,219291648
2025-12-04 08:00:00+00:00,93134.1328125,93591.2109375,93134.1328125,93405.609375,70860800
2025-12-04 08:15:00+00:00,93181.1640625,93229.078125,93133.03125,93150.1640625,935698432
2025-12-04 08:30:00+00:00,93359.6796875,93391.765625,93121.6875,93177.7890625,0
2025-12-04 08:45:00+00:00,93218.3046875,93400.84375,93173.2734375,93363.0078125,428613632
2025-12-04 09:00:00+00:00,93469.65625,93582.7109375,93291.3671875,93291.3671875,468484096
2025-12-04 09:15:00+00:00,93400.90625,93422.1640625,93317.765625,93422.1640625,354082816
2025-12-04 09:30:00+00:00,93492.46875,93492.46875,93391.25,93391.25,995221504
2025-12-04 09:45:00+00:00,93494.8828125,93599.9375,93470.421875,93501.0859375,506912768
2025-12-04 10:00:00+00:00,93406.3984375,93563.9765625,93406.3984375,93510.8984375,1915461632
2025-12-04 10:15:00+00:00,93337.2578125,93394.5078125,93333.3984375,93383.140625,155115520
2025-12-04 10:30:00+00:00,93329.171875,93379.734375,93326.5390625,93331.2109375,58638336
2025-12-04 10:45:00+00:00,93264.0234375,93316.859375,93205.2890625,93303.3984375,147202048
2025-12-04 11:00:00+00:00,93266.2890625,93293.765625,93220.2734375,93262.5078125,35659776
2025-12-04 11:15:00+00:00,93064.1015625,93273.0703125,93034.1484375,93273.0703125,0
2025-12-04 11:30:00+00:00,92799.2578125,93038.046875,92797.765625,93038.046875,110346240
2025-12-04 11:45:00+00:00,92943.4375,92981.1640625,92821.390625,92832.0703125,2625552384
2025-12-04 12:00:00+00:00,92975.828125,93017.203125,92945.234375,92966.2734375,143278080
2025-12-04 12:15:00+00:00,92855.484375,93003.390625,92817.171875,92963.03125,473604096
2025-12-04 12:30:00+00:00,93115.234375,93141.3125,92867.375,92875.015625,0
2025-12-04 12:45:00+00:00,93040.796875,93165.9921875,93040.796875,93109.3203125,1110736896
2025-12-04 13:00:00+00:00,92656.703125,93018.1640625,92595.921875,93000.0703125,382296064
2025-12-04 13:15:00+00:00,92847.65625,92847.65625,92583.6484375,92583.6484375,94724096
2025-12-04 13:30:00+00:00,92818.828125,92900.7890625,92711.8671875,92832.5078125,1009270784
2025-12-04 13:45:00+00:00,92558.546875,92775.1875,92485.859375,92775.1875,114884608
2025-12-04 14:00:00+00:00,92667.9609375,92674.46875,92533.0234375,92533.0234375,0
2025-12-04 14:15:00+00:00,92805.6953125,92805.6953125,92645.2109375,92650.5859375,141770752
2025-12-04 14:30:00+00:00,92606.75,92800.828125,92515.0546875,92800.828125,0
2025-12-04 14:45:00+00:00,91918.953125,92654.328125,91905.4375,92654.328125,180846592
2025-12-04 15:00:00+00:00,92660.4453125,92660.4453125,92013.609375,92013.609375,160944128
2025-12-04 15:15:00+00:00,92552.8359375,92851.515625,92441.546875,92680.7421875,227024896
2025-12-04 15:30:00+00:00,93049.8203125,93060.65625,92505.4453125,92529.8125,568766464
2025-12-04 15:45:00+00:00,93007.4921875,93049.546875,92797.328125,93049.546875,1768783872
2025-12-04 16:00:00+00:00,92917.671875,92941.8984375,92584.40625,92941.8984375,151814144
2025-12-04 16:15:00+00:00,92971.6875,93165.234375,92855.2109375,92872.46875,364625920
2025-12-04 16:30:00+00:00,92527.328125,92954.1171875,92527.328125,92954.1171875,70201344
2025-12-04 16:45:00+00:00,92479.0625,92665.9921875,92308.2421875,92551.96875,557228032
2025-12-04 17:00:00+00:00,92344.84375,92504.4140625,92182.0078125,92461.078125,192077824
2025-12-04 17:15:00+00:00,92152.0546875,92299.1484375,92130.5078125,92299.1484375,16297984
2025-12-04 17:30:00+00:00,91928.8125,92264.765625,91830.0546875,92169.296875,34652160
2025-12-04 17:45:00+00:00,92425.2890625,92435.890625,91948.375,91980.5390625,1189031936
2025-12-04 18:00:00+00:00,92438.0390625,92438.0390625,92248.609375,92421.8671875,2179342336
2025-12-04 18:15:00+00:00,92467.640625,92525.9140625,92225.0234375,92371.5703125,77332480
2025-12-04 18:30:00+00:00,92039.5859375,92544.4921875,92039.5859375,92485.1484375,149540864
2025-12-04 18:45:00+00:00,92038.3046875,92236.5703125,92010.1484375,92047.5390625,2263515136
2025-12-04 19:00:00+00:00,91501.171875,92164.59375,91501.171875,92144.0234375,106917888
2025-12-04 19:15:00+00:00,91395.1328125,91486.0390625,90978.71875,91430.6171875,1228066816
2025-12-04 19:30:00+00:00,91935.765625,91941.4453125,91356.921875,91356.921875,2805940224
2025-12-04 19:45:00+00:00,92028.8671875,92069.0,91911.703125,91949.7734375,655130624
2025-12-04 20:00:00+00:00,91962.140625,92101.3125,91771.90625,92067.2890625,659439616
2025-12-04 20:15:00+00:00,92181.4140625,92181.4140625,91964.9140625,92041.125,361603072
2025-12-04 20:30:00+00:00,92236.8984375,92236.8984375,92044.484375,92080.765625,300503040
2025-12-04 20:45:00+00:00,92529.390625,92529.390625,92330.1484375,92334.8828125,104505344
2025-12-04 21:00:00+00:00,92546.9453125,92663.65625,92432.6640625,92514.6640625,224378880
2025-12-04 21:15:00+00:00,92413.6484375,92562.8671875,92369.2734375,92486.515625,281366528
2025-12-04 21:30:00+00:00,92321.28125,92372.09375,92265.703125,92372.09375,122236928
2025-12-04 21:45:00+00:00,92172.4453125,92264.5234375,92156.4296875,92264.5234375,0
2025-12-04 22:00:00+00:00,92311.640625,92337.2421875,92172.4453125,92172.4453125,214405120
2025-12-04 22:15:00+00:00,92212.671875,92349.3828125,92197.171875,92317.09375,139632640
2025-12-04 22:30:00+00:00,92437.3203125,92449.0546875,92219.796875,92219.796875,1790423040
2025-12-04 22:45:00+00:00,92419.203125,92484.6484375,92419.203125,92458.4609375,56225792
2025-12-04 23:00:00+00:00,92328.7265625,92442.7734375,92299.3828125,92399.1796875,211849216
2025-12-04 23:15:00+00:00,92239.578125,92376.53125,92239.578125,92335.3828125,56274944
2025-12-04 23:30:00+00:00,92115.8828125,92285.8046875,92115.8828125,92242.984375,172929024
2025-12-04 23:45:00+00:00,92146.9921875,92164.7421875,92136.5625,92136.5625,0
2025-12-05 00:00:00+00:00,92137.9921875,92268.390625,92137.9921875,92139.3359375,206872576
2025-12-05 00:15:00+00:00,92359.34375,92475.6796875,92103.9453125,92103.9453125,0
2025-12-05 00:30:00+00:00,92426.703125,92426.703125,92336.3828125,92340.1015625,1575469056
2025-12-05 00:45:00+00:00,92292.671875,92412.25,92271.484375,92412.25,0
2025-12-05 01:00:00+00:00,92413.9765625,92492.203125,92297.5859375,92309.9765625,0
2025-12-05 01:15:00+00:00,92603.4765625,92603.4765625,92409.125,92409.125,1839861760
2025-12-05 01:30:00+00:00,92473.53125,92555.7734375,92421.359375,92555.7734375,342183936
2025-12-05 01:45:00+00:00,92387.2578125,92507.015625,92379.2265625,92484.2265625,176021504
2025-12-05 02:00:00+00:00,92320.8828125,92382.46875,92282.9453125,92382.46875,101163008
2025-12-05 02:15:00+00:00,92594.0078125,92628.8046875,92383.1328125,92383.1328125,26288128
2025-12-05 02:30:00+00:00,92671.6953125,92679.1640625,92521.34375,92587.9453125,0
2025-12-05 02:45:00+00:00,92544.34375,92674.09375,92544.34375,92674.09375,179122176
2025-12-05 03:00:00+00:00,92574.53125,92638.6015625,92544.4140625,92547.1875,0
2025-12-05 03:15:00+00:00,92413.5703125,92596.5703125,92413.5703125,92596.5703125,376700928
2025-12-05 03:30:00+00:00,92372.0,92438.2890625,92367.46875,92419.015625,196964352
2025-12-05 03:45:00+00:00,92150.609375,92359.609375,92070.9296875,92359.609375,1429958656
2025-12-05 04:00:00+00:00,92334.2890625,92352.890625,92172.640625,92172.640625,1653501952
2025-12-05 04:15:00+00:00,92229.7578125,92385.453125,92229.7578125,92351.96875,0
2025-12-05 04:30:00+00:00,91971.796875,92224.703125,91971.796875,92224.703125,197361664
2025-12-05 04:45:00+00:00,92048.828125,92086.6796875,91862.125,91900.203125,177139712
2025-12-05 05:00:00+00:00,92180.5703125,92196.734375,92044.4765625,92044.4765625,9531392
2025-12-05 05:15:00+00:00,92004.9140625,92177.8984375,91956.3671875,92173.359375,314236928
2025-12-05 05:30:00+00:00,92025.2734375,92025.2734375,91934.9140625,91968.59375,0
2025-12-05 05:45:00+00:00,91938.3515625,92035.7421875,91918.03125,92035.7421875,0
2025-12-05 06:00:00+00:00,92130.5859375,92130.5859375,91944.078125,91944.078125,494260224
2025-12-05 06:15:00+00:00,92055.546875,92122.4921875,92032.1796875,92121.3359375,0
2025-12-05 06:30:00+00:00,92104.8828125,92104.8828125,91984.2421875,92053.90625,0
2025-12-05 06:45:00+00:00,92288.828125,92288.828125,92108.6640625,92108.6640625,60407808
2025-12-05 07:00:00+00:00,92377.8046875,92418.359375,92257.25,92288.3203125,361918464
2025-12-05 07:15:00+00:00,92496.078125,92496.078125,92369.6640625,92369.6640625,141537280
2025-12-05 07:30:00+00:00,92358.09375,92483.8125,92358.09375,92483.8125,36114432
2025-12-05 07:45:00+00:00,92246.8359375,92347.2265625,92246.5234375,92347.2265625,834953216
2025-12-05 08:00:00+00:00,92152.390625,92257.3515625,92099.546875,92257.3515625,138289152
2025-12-05 08:15:00+00:00,92119.46875,92144.9140625,92051.5859375,92132.515625,233504768
2025-12-05 08:30:00+00:00,92024.4921875,92108.109375,91977.078125,92108.109375,95068160
2025-12-05 08:45:00+00:00,92103.515625,92131.1015625,92028.609375,92028.609375,43737088
2025-12-05 09:00:00+00:00,91911.2265625,92128.2734375,91911.2265625,92124.5078125,400961536
2025-12-05 09:15:00+00:00,91381.2421875,91889.296875,91381.2421875,91889.296875,432050176
2025-12-05 09:30:00+00:00,91113.1875,91450.3046875,91113.1875,91367.1484375,539795456
2025-12-05 09:45:00+00:00,91147.0546875,91147.0546875,91051.4765625,91083.484375,329670656
2025-12-05 10:00:00+00:00,91319.9296875,91319.9296875,91131.265625,91159.8125,289239040
2025-12-05 10:15:00+00:00,91400.6796875,91447.2890625,91280.7578125,91280.7578125,218681344
2025-12-05 10:30:00+00:00,91462.5625,91462.5625,91328.1640625,91389.734375,49266688
2025-12-05 10:45:00+00:00,91353.8203125,91481.359375,91348.796875,91481.359375,9916416
2025-12-05 11:00:00+00:00,91530.4453125,91530.4453125,91290.6796875,91321.21875,0
2025-12-05 11:15:00+00:00,91428.4921875,91538.3828125,91379.953125,91538.3828125,47353856
2025-12-05 11:30:00+00:00,91226.734375,91444.8046875,91199.1796875,91442.6796875,65634304
2025-12-05 11:45:00+00:00,91395.03125,91414.5234375,91189.0546875,91189.0546875,369197056
2025-12-05 12:00:00+00:00,91290.1171875,91422.6640625,91288.71875,91381.8046875,137846784
2025-12-05 12:15:00+00:00,91225.28125,91337.4140625,91155.390625,91286.9921875,189079552
2025-12-05 12:30:00+00:00,91236.8671875,91286.640625,91179.46875,91228.65625,432443392
2025-12-05 12:45:00+00:00,91262.7890625,91262.7890625,91205.21875,91219.2265625,0
2025-12-05 13:00:00+00:00,91228.0703125,91347.5078125,91122.2421875,91255.4921875,130707456
2025-12-05 13:15:00+00:00,90685.8515625,91162.2109375,90685.8515625,91162.2109375,80461824
2025-12-05 13:30:00+00:00,90386.0703125,90853.4765625,90386.0703125,90812.8046875,234434560
2025-12-05 13:45:00+00:00,90573.9140625,90693.1328125,90332.375,90434.0078125,412979200
2025-12-05 14:00:00+00:00,90555.0390625,90744.578125,90513.0703125,90513.0703125,342126592
2025-12-05 14:15:00+00:00,90488.1796875,90561.046875,90383.5,90561.046875,194490368
2025-12-05 14:30:00+00:00,90267.546875,90665.2734375,90010.3359375,90483.5546875,214822912
2025-12-05 14:45:00+00:00,90270.2109375,90462.5,90061.9765625,90234.03125,1758769152
2025-12-05 15:00:00+00:00,91142.5390625,91399.390625,90292.03125,90292.03125,784097280
2025-12-05 15:15:00+00:00,91099.546875,91167.0703125,90955.1796875,91042.4375,1181061120
2025-12-05 15:30:00+00:00,90955.1640625,91380.7265625,90955.1640625,91171.2109375,361504768
2025-12-05 15:45:00+00:00,90320.109375,91071.9921875,90320.109375,91018.1796875,524075008
2025-12-05 16:00:00+00:00,89341.0,90453.953125,89341.0,90453.953125,1937104896
2025-12-05 16:15:00+00:00,89158.09375,89349.265625,89072.6328125,89349.265625,1007714304
2025-12-05 16:30:00+00:00,88437.609375,89129.265625,88232.8828125,89129.265625,1013985280
2025-12-05 16:45:00+00:00,88878.6875,88878.6875,88384.078125,88402.8046875,2675093504
2025-12-05 17:00:00+00:00,88731.7421875,88938.296875,88689.8359375,88900.9296875,538333184
2025-12-05 17:15:00+00:00,88792.8046875,89011.6796875,88752.015625,88752.015625,702730240
2025-12-05 17:30:00+00:00,89016.1640625,89129.3046875,88804.1484375,88804.1484375,204034048
2025-12-05 17:45:00+00:00,89371.1640625,89487.3359375,89058.59375,89058.59375,580091904
2025-12-05 18:00:00+00:00,89666.140625,89803.1015625,89329.25,89368.71875,152842240
2025-12-05 18:15:00+00:00,89332.546875,89663.84375,89325.4140625,89663.84375,923668480
2025-12-05 18:30:00+00:00,89083.3046875,89469.9296875,89083.3046875,89414.2578125,109043712
2025-12-05 18:45:00+00:00,89003.90625,89182.671875,88983.4921875,89102.8515625,1688973312
2025-12-05 19:00:00+00:00,89117.4609375,89151.3984375,88910.5703125,88979.6328125,220381184
2025-12-05 19:15:00+00:00,89446.609375,89500.3046875,89125.9375,89154.3984375,55042048
2025-12-05 19:30:00+00:00,89552.8515625,89614.53125,89401.8515625,89447.796875,0
2025-12-05 19:45:00+00:00,89725.2890625,89802.9609375,89429.390625,89493.5,102408192
2025-12-05 20:00:00+00:00,89592.0625,89680.0625,89408.1640625,89680.0625,434978816
2025-12-05 20:15:00+00:00,89621.265625,89727.28125,89578.7421875,89707.1328125,235724800
2025-12-05 20:30:00+00:00,89359.8984375,89595.9765625,89359.8984375,89595.9765625,1797267456
2025-12-05 20:45:00+00:00,89336.2421875,89339.0625,89277.46875,89335.078125,120049664
2025-12-05 21:00:00+00:00,89434.8828125,89434.8828125,89323.0625,89323.0625,318910464
2025-12-05 21:15:00+00:00,89437.7890625,89491.9921875,89425.671875,89463.984375,193757184
2025-12-05 21:30:00+00:00,89321.4453125,89468.2265625,89273.96875,89450.1015625,615940096
2025-12-05 21:45:00+00:00,89184.6640625,89307.0,89120.3984375,89299.1328125,643596288
2025-12-05 22:00:00+00:00,88944.9453125,89188.171875,88944.9453125,89188.171875,242360320
2025-12-05 22:15:00+00:00,89192.265625,89209.9296875,89002.8359375,89002.8359375,171253760
2025-12-05 22:30:00+00:00,89317.4609375,89317.4609375,89151.90625,89223.6953125,1150283776
2025-12-05 22:45:00+00:00,89297.1875,89368.6796875,89297.1875,89311.171875,101933056
2025-12-05 23:00:00+00:00,89114.7421875,89282.65625,88977.3203125,89282.65625,171638784
2025-12-05 23:15:00+00:00,89257.6484375,89257.6484375,89133.1953125,89133.1953125,190476288
2025-12-05 23:30:00+00:00,89317.0859375,89348.34375,89259.578125,89259.578125,1307156480
2025-12-05 23:45:00+00:00,89381.8515625,89384.484375,89253.4921875,89277.125,0
2025-12-06 00:00:00+00:00,89092.0390625,89360.8359375,89092.0390625,89360.8359375,831078400
2025-12-06 00:15:00+00:00,89152.1796875,89155.6640625,89108.3046875,89133.5546875,541093888
2025-12-06 00:30:00+00:00,89434.5234375,89434.5234375,89177.578125,89177.578125,604401664
2025-12-06 00:45:00+00:00,89448.2578125,89449.546875,89392.421875,89449.546875,13688832
2025-12-06 01:00:00+00:00,89400.1328125,89440.5703125,89339.5546875,89440.5703125,7061504
2025-12-06 01:15:00+00:00,89425.203125,89489.546875,89399.765625,89405.6484375,347316224
2025-12-06 01:30:00+00:00,89257.3984375,89454.1328125,89257.3984375,89454.1328125,101031936
2025-12-06 01:45:00+00:00,89320.0,89379.015625,89255.46875,89270.3125,190930944
2025-12-06 02:00:00+00:00,89290.0859375,89334.5625,89234.9140625,89319.875,139862016
2025-12-06 02:15:00+00:00,89289.9453125,89317.46875,89270.625,89298.6640625,451178496
2025-12-06 02:30:00+00:00,89277.546875,89302.7734375,89260.4453125,89302.7734375,0
2025-12-06 02:45:00+00:00,89343.7890625,89346.7578125,89261.4140625,89267.0703125,385478656
2025-12-06 03:00:00+00:00,89776.0703125,89776.0703125,89367.6171875,89367.6171875,0
2025-12-06 03:15:00+00:00,89578.7109375,89793.8984375,89578.7109375,89793.8984375,649826304
2025-12-06 03:30:00+00:00,89662.515625,89729.0078125,89553.3359375,89572.8125,440815616
2025-12-06 03:45:00+00:00,89709.21875,89747.5390625,89680.234375,89680.234375,129859584
2025-12-06 04:00:00+00:00,89588.2265625,89706.421875,89586.3671875,89705.296875,3235840
2025-12-06 04:15:00+00:00,89638.0625,89643.8984375,89583.3671875,89591.25,210444288
2025-12-06 04:30:00+00:00,89599.8828125,89663.0703125,89599.8828125,89647.1796875,0
2025-12-06 04:45:00+00:00,89711.7265625,89711.7265625,89594.453125,89594.453125,0
2025-12-06 05:00:00+00:00,89733.9921875,89751.2109375,89693.109375,89693.109375,127156224
2025-12-06 05:15:00+00:00,89624.78125,89736.9609375,89610.3828125,89736.9609375,423243776
2025-12-06 05:30:00+00:00,89602.859375,89633.8984375,89567.1328125,89633.8984375,0
2025-12-06 05:45:00+00:00,89628.9765625,89634.78125,89578.453125,89586.015625,184160256
2025-12-06 06:00:00+00:00,89667.171875,89667.171875,89567.5390625,89627.8828125,33148928
2025-12-06 06:15:00+00:00,89753.5078125,89753.5078125,89657.078125,89674.6015625,46436352
2025-12-06 06:30:00+00:00,89683.7265625,89771.8359375,89683.7265625,89771.8359375,39043072
2025-12-06 06:45:00+00:00,89693.375,89720.9609375,89673.0234375,89690.0390625,0
2025-12-06 07:00:00+00:00,89719.953125,89719.953125,89685.8046875,89711.578125,73928704
2025-12-06 07:15:00+00:00,89640.0625,89715.734375,89640.0625,89715.421875,30707712
2025-12-06 07:30:00+00:00,89666.140625,89678.8359375,89501.703125,89594.0859375,117395456
2025-12-06 07:45:00+00:00,89638.171875,89701.2421875,89614.328125,89660.953125,317521920
2025-12-06 08:00:00+00:00,89571.9453125,89630.9921875,89571.75,89627.609375,28995584
2025-12-06 08:15:00+00:00,89342.953125,89626.0625,89342.953125,89571.34375,258797568
2025-12-06 08:30:00+00:00,89410.5546875,89410.5546875,89290.7734375,89308.4609375,321032192
2025-12-06 08:45:00+00:00,89337.828125,89408.28125,89317.921875,89408.28125,1845104640
2025-12-06 09:00:00+00:00,89540.5078125,89540.5078125,89308.1875,89319.796875,16695296
2025-12-06 09:15:00+00:00,89628.546875,89628.546875,89520.71875,89532.3984375,22179840
2025-12-06 09:30:00+00:00,89641.7265625,89659.265625,89547.59375,89642.2265625,112861184
2025-12-06 09:45:00+00:00,89629.75,89677.1328125,89629.75,89654.1875,37113856
2025-12-06 10:00:00+00:00,89580.03125,89634.1171875,89540.984375,89620.6015625,128049152
2025-12-06 10:15:00+00:00,89561.1015625,89693.6328125,89561.1015625,89584.7578125,424828928
2025-12-06 10:30:00+00:00,89606.1640625,89606.1640625,89549.421875,89560.015625,68599808
2025-12-06 10:45:00+00:00,89554.4921875,89586.71875,89524.9375,89586.71875,957964288
2025-12-06 11:00:00+00:00,89552.703125,89587.2734375,89526.3125,89526.3125,38653952
2025-12-06 11:15:00+00:00,89625.765625,89626.4140625,89536.15625,89536.15625,285827072
2025-12-06 11:30:00+00:00,89687.53125,89687.53125,89609.8671875,89609.8671875,144945152
2025-12-06 11:45:00+00:00,89648.8359375,89729.40625,89648.8359375,89711.2265625,392908800
2025-12-06 12:00:00+00:00,89611.75,89659.46875,89611.5546875,89659.328125,27435008
2025-12-06 12:15:00+00:00,89649.6015625,89649.6015625,89599.4375,89610.2734375,13152256
2025-12-06 12:30:00+00:00,89611.265625,89666.484375,89609.0859375,89657.59375,0
2025-12-06 12:45:00+00:00,89604.390625,89630.171875,89593.234375,89624.3125,0
2025-12-06 13:00:00+00:00,89616.4375,89637.3828125,89598.6015625,89598.6015625,0
2025-12-06 13:15:00+00:00,89696.5859375,89708.3671875,89621.03125,89624.2890625,0
2025-12-06 13:30:00+00:00,89745.96875,89756.734375,89690.140625,89704.265625,0
2025-12-06 13:45:00+00:00,89691.0546875,89778.234375,89691.0546875,89772.5078125,0
2025-12-06 14:00:00+00:00,89741.6484375,89741.6484375,89676.25,89682.421875,78905344
2025-12-06 14:15:00+00:00,89963.125,90157.4765625,89748.4921875,89748.4921875,198586368
2025-12-06 14:30:00+00:00,90044.7265625,90083.8515625,89944.875,89944.875,91578368
2025-12-06 14:45:00+00:00,90050.109375,90174.3359375,90026.796875,90026.796875,0
2025-12-06 15:00:00+00:00,89881.7421875,90045.5703125,89856.6875,90045.5703125,0
2025-12-06 15:15:00+00:00,89623.1953125,89876.3828125,89582.7421875,89876.3828125,29302784
2025-12-06 15:30:00+00:00,89911.953125,89911.953125,89626.1484375,89641.078125,0
2025-12-06 15:45:00+00:00,89885.171875,89944.703125,89873.953125,89910.6015625,32485376
2025-12-06 16:00:00+00:00,89969.78125,89985.5703125,89779.0546875,89779.0546875,0
2025-12-06 16:15:00+00:00,89909.734375,89974.96875,89902.78125,89955.7890625,0
2025-12-06 16:30:00+00:00,89843.28125,89920.1328125,89843.28125,89897.5390625,0
2025-12-06 16:45:00+00:00,89733.109375,89854.7578125,89714.890625,89851.2578125,0
2025-12-06 17:00:00+00:00,89698.0703125,89786.6484375,89680.9296875,89730.1484375,463413248
2025-12-06 17:15:00+00:00,89770.640625,89770.640625,89680.484375,89707.21875,0
2025-12-06 17:30:00+00:00,89685.921875,89816.3828125,89684.703125,89816.3828125,0
2025-12-06 17:45:00+00:00,89713.203125,89713.203125,89672.0546875,89691.328125,0
2025-12-06 18:00:00+00:00,89683.234375,89722.0,89674.234375,89722.0,0
2025-12-06 18:15:00+00:00,89783.640625,89787.09375,89734.96875,89777.984375,137805824
2025-12-06 18:30:00+00:00,89710.296875,89756.5546875,89703.2890625,89740.125,0
2025-12-06 18:45:00+00:00,89657.1171875,89690.03125,89599.5546875,89690.03125,67604480
2025-12-06 19:00:00+00:00,89512.65625,89749.1484375,89458.390625,89663.1953125,329965568
2025-12-06 19:15:00+00:00,89490.125,89582.7734375,89453.0859375,89515.5703125,0
2025-12-06 19:30:00+00:00,89468.828125,89556.1328125,89350.9453125,89556.1328125,35446784
2025-12-06 19:45:00+00:00,89433.890625,89468.6171875,89424.1953125,89458.140625,6131712
2025-12-06 20:00:00+00:00,89430.640625,89509.09375,89366.1796875,89433.6015625,50425856
2025-12-06 20:15:00+00:00,89466.5625,89466.5625,89418.984375,89428.9453125,0
2025-12-06 20:30:00+00:00,89555.671875,89555.671875,89463.03125,89463.03125,0
2025-12-06 20:45:00+00:00,89570.984375,89570.984375,89546.6171875,89553.8203125,0
2025-12-06 21:00:00+00:00,89531.96875,89604.9296875,89510.421875,89565.4609375,0
2025-12-06 21:15:00+00:00,89459.03125,89531.703125,89444.609375,89531.703125,129007616
2025-12-06 21:30:00+00:00,89545.734375,89545.734375,89452.1640625,89463.2109375,765952
2025-12-06 21:45:00+00:00,89479.1875,89518.578125,89470.203125,89513.375,0
2025-12-06 22:00:00+00:00,89482.9296875,89482.9296875,89352.734375,89458.59375,45027328
2025-12-06 22:15:00+00:00,89445.0859375,89538.8828125,89445.0859375,89532.375,7122944
2025-12-06 22:30:00+00:00,89414.6484375,89431.3359375,89411.2734375,89415.796875,0
2025-12-06 22:45:00+00:00,89326.234375,89374.9296875,89300.4921875,89374.9296875,45744128
2025-12-06 23:00:00+00:00,89182.9609375,89331.578125,89148.734375,89310.046875,363147264
2025-12-06 23:15:00+00:00,89020.640625,89213.109375,88981.4921875,89176.703125,209104896
2025-12-06 23:30:00+00:00,89116.65625,89178.78125,89027.0,89027.0,603185152
2025-12-06 23:45:00+00:00,89270.5859375,89273.4921875,89115.3359375,89115.3359375,163381248
2025-12-07 00:00:00+00:00,89285.34375,89347.5390625,89225.390625,89257.46875,36327424
2025-12-07 00:15:00+00:00,89342.390625,89342.9453125,89225.9140625,89250.734375,0
2025-12-07 00:30:00+00:00,89549.0234375,89549.46875,89379.921875,89379.921875,133861376
2025-12-07 00:45:00+00:00,89499.3984375,89530.609375,89481.2265625,89527.3984375,156954624
2025-12-07 01:00:00+00:00,89521.984375,89521.984375,89458.8515625,89458.8515625,0
2025-12-07 01:15:00+00:00,89490.3515625,89596.4375,89468.9296875,89522.1875,152875008
2025-12-07 01:30:00+00:00,89409.265625,89489.0703125,89409.265625,89485.9765625,550137856
2025-12-07 01:45:00+00:00,89378.28125,89464.8671875,89378.28125,89420.578125,1826816
2025-12-07 02:00:00+00:00,89413.421875,89423.421875,89348.90625,89348.90625,4415488
2025-12-07 02:15:00+00:00,89494.109375,89522.640625,89391.328125,89391.328125,699129856
2025-12-07 02:30:00+00:00,89436.609375,89479.75,89420.4609375,89471.4609375,0
2025-12-07 02:45:00+00:00,89670.8125,89670.8125,89457.1015625,89457.1015625,149508096
2025-12-07 03:00:00+00:00,89632.2578125,89640.296875,89586.09375,89640.296875,2965504
2025-12-07 03:15:00+00:00,89596.0234375,89621.890625,89586.609375,89620.5234375,0
2025-12-07 03:30:00+00:00,89722.1640625,89722.1640625,89595.390625,89597.4140625,25108480
2025-12-07 03:45:00+00:00,89732.3203125,89750.2890625,89717.265625,89726.40625,19009536
2025-12-07 04:00:00+00:00,89724.4609375,89806.9375,89724.4609375,89736.515625,63541248
2025-12-07 04:15:00+00:00,89692.7265625,89728.96875,89690.6484375,89722.765625,537759744
2025-12-07 04:30:00+00:00,89548.0390625,89668.40625,89517.1328125,89668.40625,491962368
2025-12-07 04:45:00+00:00,89568.5859375,89598.40625,89560.953125,89587.6953125,131420160
2025-12-07 05:00:00+00:00,89498.8359375,89590.1171875,89476.4921875,89570.1640625,13332480
2025-12-07 05:15:00+00:00,89506.4375,89506.4921875,89468.0078125,89486.421875,9248768
2025-12-07 05:30:00+00:00,89538.2578125,89539.765625,89494.9375,89494.9375,147435520
2025-12-07 05:45:00+00:00,89535.3203125,89539.1640625,89500.7109375,89538.5703125,33640448
2025-12-07 06:00:00+00:00,89603.4609375,89624.84375,89520.2109375,89524.71875,27754496
2025-12-07 06:15:00+00:00,89689.53125,89701.53125,89590.171875,89594.1953125,137363456
2025-12-07 06:30:00+00:00,89694.53125,89696.921875,89668.53125,89685.875,47124480
2025-12-07 06:45:00+00:00,89693.625,89695.4296875,89640.96875,89685.234375,61640704
2025-12-07 07:00:00+00:00,89487.375,89755.9921875,89487.375,89702.7578125,57352192
2025-12-07 07:15:00+00:00,89397.0703125,89507.2421875,89394.65625,89492.5546875,5677056
2025-12-07 07:30:00+00:00,89299.3984375,89411.609375,89271.5234375,89411.609375,610267136
2025-12-07 07:45:00+00:00,89367.4921875,89414.859375,89260.28125,89260.859375,113684480
2025-12-07 08:00:00+00:00,89302.6015625,89382.1328125,89299.140625,89382.1328125,0
2025-12-07 08:15:00+00:00,89366.34375,89370.6796875,89229.546875,89258.4453125,0
2025-12-07 08:30:00+00:00,89520.3671875,89524.8515625,89358.8359375,89364.0703125,70184960
2025-12-07 08:45:00+00:00,89328.65625,89490.0234375,89328.65625,89490.0234375,115466240
2025-12-07 09:00:00+00:00,89391.4609375,89392.546875,89335.078125,89341.5,50774016
2025-12-07 09:15:00+00:00,89210.3359375,89395.4921875,89160.0078125,89391.8359375,0
2025-12-07 09:30:00+00:00,89207.9765625,89278.0,89203.671875,89203.671875,119582720
2025-12-07 09:45:00+00:00,89152.0703125,89214.9765625,89098.2734375,89207.4140625,50016256
2025-12-07 10:00:00+00:00,89274.578125,89277.84375,89137.875,89137.875,125554688
2025-12-07 10:15:00+00:00,89247.390625,89316.171875,89242.5234375,89316.171875,85893120
2025-12-07 10:30:00+00:00,89364.2265625,89364.2265625,89141.3046875,89241.5078125,50257920
2025-12-07 10:45:00+00:00,89295.9296875,89374.3125,89288.6015625,89322.5078125,307408896
2025-12-07 11:00:00+00:00,89251.9609375,89281.90625,89251.9609375,89272.703125,143355904
2025-12-07 11:15:00+00:00,89244.90625,89276.3125,89244.90625,89251.9609375,11378688
2025-12-07 11:30:00+00:00,89256.703125,89280.6953125,89236.796875,89236.796875,0
2025-12-07 11:45:00+00:00,89199.75,89256.2734375,89192.921875,89256.2734375,0
2025-12-07 12:00:00+00:00,89302.890625,89302.890625,89167.6328125,89201.8125,17207296
2025-12-07 12:15:00+00:00,89271.5703125,89334.6796875,89265.7109375,89305.9453125,28696576
2025-12-07 12:30:00+00:00,89320.2578125,89320.2578125,89285.8046875,89285.8046875,10108928
2025-12-07 12:45:00+00:00,89491.4375,89582.8671875,89331.4296875,89331.4296875,601110528
2025-12-07 13:00:00+00:00,89343.6484375,89524.6953125,89341.171875,89491.7421875,69140480
2025-12-07 13:15:00+00:00,89003.5078125,89372.65625,88949.0234375,89350.53125,681058304
2025-12-07 13:30:00+00:00,88990.1953125,89048.7265625,88948.6640625,88977.609375,269742080
2025-12-07 13:45:00+00:00,89086.1953125,89087.9453125,88959.0078125,88986.2109375,123088896
2025-12-07 14:00:00+00:00,88897.9921875,89096.5703125,88897.9921875,89070.71875,4571136
2025-12-07 14:15:00+00:00,88184.3125,88874.0859375,88051.5625,88864.8984375,145084416
2025-12-07 14:30:00+00:00,88238.890625,88348.0625,87823.5,88054.625,2267131904
2025-12-07 14:45:00+00:00,88224.4140625,88330.390625,88152.4765625,88273.140625,133476352
2025-12-07 15:00:00+00:00,88911.09375,89023.296875,88206.3515625,88250.9609375,307650560
2025-12-07 15:15:00+00:00,88783.875,88923.28125,88722.5625,88923.28125,441954304
2025-12-07 15:30:00+00:00,88964.0234375,89079.2265625,88764.03125,88764.03125,629227520
2025-12-07 15:45:00+00:00,89498.5859375,89512.78125,88936.46875,88936.46875,510025728
2025-12-07 16:00:00+00:00,89303.203125,89587.203125,89240.4140625,89587.203125,1300062208
2025-12-07 16:15:00+00:00,89320.46875,89439.4765625,89199.21875,89252.390625,333307904
2025-12-07 16:30:00+00:00,89510.671875,89591.0703125,89295.890625,89341.390625,151871488
2025-12-07 16:45:00+00:00,89675.546875,89675.546875,89421.390625,89498.21875,132558848
2025-12-07 17:00:00+00:00,89871.28125,89877.859375,89665.6640625,89772.421875,194260992
2025-12-07 17:15:00+00:00,90664.7734375,90664.7734375,89891.1796875,89892.65625,1021874176
2025-12-07 17:30:00+00:00,90905.6484375,91173.875,90726.6640625,90726.6640625,1296580608
2025-12-07 17:45:00+00:00,90995.703125,91107.09375,90773.859375,90773.859375,644681728
2025-12-07 18:00:00+00:00,91281.09375,91408.3984375,90990.34375,90990.34375,755314688
2025-12-07 18:15:00+00:00,91637.7421875,91657.5546875,91329.9609375,91329.9609375,318181376
2025-12-07 18:30:00+00:00,91455.6875,91719.8515625,91455.6875,91608.3046875,593481728
2025-12-07 18:45:00+00:00,91386.5234375,91499.4453125,91338.3515625,91455.6875,296402944
2025-12-07 19:00:00+00:00,91529.21875,91529.21875,91308.4375,91387.40625,75964416
2025-12-07 19:15:00+00:00,91309.1953125,91545.7109375,91309.1953125,91545.7109375,634880
2025-12-07 19:30:00+00:00,91354.8359375,91403.5625,91279.0,91291.171875,481239040
2025-12-07 19:45:00+00:00,91367.9921875,91423.6796875,91344.1953125,91403.6015625,276623360
2025-12-07 20:00:00+00:00,91383.09375,91440.171875,91365.9765625,91401.015625,101314560
2025-12-07 20:15:00+00:00,91481.7890625,91487.1484375,91378.2890625,91381.8046875,184836096
2025-12-07 20:30:00+00:00,91480.296875,91480.296875,91382.9140625,91469.3125,78766080
2025-12-07 20:45:00+00:00,91456.53125,91504.9296875,91408.125,91504.9296875,62943232
2025-12-07 21:00:00+00:00,91284.53125,91454.2265625,91284.53125,91454.2265625,70467584
2025-12-07 21:15:00+00:00,90892.328125,91303.0703125,90879.4765625,91295.59375,107896832
2025-12-07 21:30:00+00:00,90568.078125,91012.265625,90540.1015625,90887.921875,1477599232
2025-12-07 21:45:00+00:00,90123.9375,90554.796875,89961.5078125,90554.796875,230981632
2025-12-07 22:00:00+00:00,89334.9296875,90157.8515625,89150.5390625,90157.8515625,1735041024
2025-12-07 22:15:00+00:00,89603.765625,89711.7421875,89302.1171875,89397.6171875,1154142208
2025-12-07 22:30:00+00:00,90022.5390625,90098.0390625,89703.578125,89703.578125,498438144
2025-12-07 22:45:00+00:00,89670.59375,90173.6875,89486.421875,90048.90625,740786176
2025-12-07 23:00:00+00:00,89740.4921875,89757.125,89583.765625,89628.4609375,338964480
2025-12-07 23:15:00+00:00,90059.8515625,90059.8515625,89733.7265625,89733.7265625,21352448
2025-12-07 23:30:00+00:00,89909.8203125,90074.078125,89883.7578125,90074.078125,1091518464
2025-12-07 23:45:00+00:00,90320.2421875,90345.4609375,89930.5703125,89949.03125,269959168
2025-12-08 00:00:00+00:00,90115.921875,90426.9453125,90115.921875,90426.9453125,376520704
2025-12-08 00:15:00+00:00,90250.1171875,90290.40625,90006.03125,90095.1953125,218087424
2025-12-08 00:30:00+00:00,90394.5859375,90602.1484375,90238.171875,90268.8203125,1415684096
2025-12-08 00:45:00+00:00,90422.671875,90460.2421875,90310.671875,90345.375,200884224
2025-12-08 01:00:00+00:00,90712.34375,90752.21875,90354.796875,90354.796875,379088896
2025-12-08 01:15:00+00:00,91156.5,91156.5,90644.6484375,90676.4609375,387481600
2025-12-08 01:30:00+00:00,91300.8671875,91670.484375,91184.6953125,91184.6953125,1608200192
2025-12-08 01:45:00+00:00,90906.8671875,91265.1328125,90890.546875,91265.1328125,732790784
2025-12-08 02:00:00+00:00,90968.2421875,90999.5234375,90863.015625,90910.8203125,443961344
2025-12-08 02:15:00+00:00,91050.734375,91063.984375,90947.1640625,90947.1640625,460808192
2025-12-08 02:30:00+00:00,91174.9453125,91219.8984375,91015.84375,91032.3125,43806720
2025-12-08 02:45:00+00:00,91429.0625,91440.1484375,91146.203125,91211.6015625,1092235264
2025-12-08 03:00:00+00:00,91151.78125,91419.4296875,91151.78125,91379.65625,590589952
2025-12-08 03:15:00+00:00,91347.0,91358.421875,91167.265625,91167.265625,426631168
2025-12-08 03:30:00+00:00,91034.3359375,91307.5546875,91010.359375,91307.5546875,79433728
2025-12-08 03:45:00+00:00,91126.984375,91126.984375,91028.7265625,91028.7265625,1189711872
2025-12-08 04:00:00+00:00,91124.1171875,91148.484375,91092.9921875,91132.6875,217292800
2025-12-08 04:15:00+00:00,91267.4453125,91341.5078125,91107.078125,91119.828125,66134016
2025-12-08 04:30:00+00:00,91249.21875,91452.6015625,91221.671875,91300.796875,1219063808
2025-12-08 04:45:00+00:00,91271.1640625,91271.1640625,91181.203125,91232.25,205692928
2025-12-08 05:00:00+00:00,91149.8359375,91294.0234375,91087.1484375,91294.0234375,910635008
2025-12-08 05:15:00+00:00,91329.9609375,91371.2578125,91102.4375,91141.9609375,482066432
2025-12-08 05:30:00+00:00,91350.25,91416.03125,91312.625,91312.625,362299392
2025-12-08 05:45:00+00:00,91349.4375,91407.9375,91324.4140625,91350.2421875,144928768
2025-12-08 06:00:00+00:00,91387.765625,91415.4765625,91253.8828125,91338.0859375,259960832
2025-12-08 06:15:00+00:00,91425.703125,91430.6796875,91351.2421875,91390.7734375,147726336
2025-12-08 06:30:00+00:00,91587.3671875,91599.5859375,91447.3515625,91447.3515625,1163489280
2025-12-08 06:45:00+00:00,91454.828125,91635.78125,91454.828125,91582.71875,350162944
2025-12-08 07:00:00+00:00,91390.7265625,91514.4921875,91390.7265625,91457.5390625,62259200
2025-12-08 07:15:00+00:00,91699.75,91714.9375,91427.1328125,91429.3125,479232
2025-12-08 07:30:00+00:00,91719.859375,91810.265625,91680.2734375,91710.4296875,455872512
2025-12-08 07:45:00+00:00,91544.1953125,91704.5,91517.7578125,91704.5,163602432
2025-12-08 08:00:00+00:00,91574.7109375,91583.1171875,91526.875,91565.6328125,43171840
2025-12-08 08:15:00+00:00,91693.3046875,91717.2265625,91589.0625,91589.0625,417472512
2025-12-08 08:30:00+00:00,91808.671875,91808.671875,91632.2578125,91703.8359375,268267520
2025-12-08 08:45:00+00:00,91830.4765625,91885.7421875,91747.625,91833.3125,234934272
2025-12-08 09:00:00+00:00,92114.8203125,92255.546875,91842.125,91842.125,847601664
2025-12-08 09:15:00+00:00,91986.171875,92099.75,91959.375,92099.75,311558144
2025-12-08 09:30:00+00:00,92018.84375,92047.6953125,91932.4296875,91997.9609375,994967552
2025-12-08 09:45:00+00:00,91953.1640625,92017.703125,91940.8515625,92017.703125,86458368
2025-12-08 10:00:00+00:00,91973.9609375,92061.15625,91863.328125,91937.0,112828416
2025-12-08 10:15:00+00:00,92019.0703125,92056.734375,91979.484375,92006.421875,1202483200
2025-12-08 10:30:00+00:00,92185.4453125,92187.390625,92012.875,92033.453125,33931264
2025-12-08 10:45:00+00:00,92147.109375,92216.90625,92138.859375,92199.609375,212389888
2025-12-08 11:00:00+00:00,92115.8359375,92151.6953125,92035.859375,92151.6953125,2744320
2025-12-08 11:15:00+00:00,92106.5390625,92182.3828125,92106.5390625,92153.3359375,338989056
2025-12-08 11:30:00+00:00,91931.7109375,91999.046875,91902.2109375,91989.28125,242159616
2025-12-08 11:45:00+00:00,92000.78125,92000.78125,91924.34375,91928.9765625,237797376
2025-12-08 12:00:00+00:00,91831.9453125,91982.6640625,91821.234375,91982.6640625,136343552
2025-12-08 12:15:00+00:00,91879.8671875,91890.6484375,91797.984375,91817.625,169431040
2025-12-08 12:30:00+00:00,91778.59375,91915.96875,91751.125,91883.40625,86720512
2025-12-08 12:45:00+00:00,91796.140625,91827.78125,91757.40625,91772.359375,774451200
2025-12-08 13:00:00+00:00,92000.0546875,92099.34375,91752.859375,91791.28125,367165440
2025-12-08 13:15:00+00:00,91621.8125,91872.8359375,91586.640625,91872.8359375,315805696
2025-12-08 13:30:00+00:00,91549.7265625,91674.515625,91466.625,91674.515625,1380036608
2025-12-08 13:45:00+00:00,91429.8359375,91725.8359375,91429.8359375,91626.140625,275509248
2025-12-08 14:00:00+00:00,91490.984375,91590.0859375,91421.953125,91448.625,1133965312
2025-12-08 14:15:00+00:00,91343.328125,91536.09375,91202.296875,91525.828125,23302144
2025-12-08 14:30:00+00:00,91344.203125,91585.8984375,90880.15625,91341.1875,796704768
2025-12-08 14:45:00+00:00,90846.3125,91615.046875,90846.3125,91482.546875,445313024
2025-12-08 15:00:00+00:00,90204.9453125,90923.125,90204.9453125,90882.3359375,438886400
2025-12-08 15:15:00+00:00,90018.21875,90471.109375,89812.3515625,90239.75,546410496
2025-12-08 15:30:00+00:00,89689.6640625,90172.640625,89689.6640625,89986.1796875,839491584
2025-12-08 15:45:00+00:00,90054.5625,90180.3671875,89726.109375,89726.109375,551329792
2025-12-08 16:00:00+00:00,90039.0390625,90068.3359375,89753.640625,89910.1796875,179830784
2025-12-08 16:15:00+00:00,90295.0703125,90361.8671875,89891.2421875,89994.25,733831168
2025-12-08 16:30:00+00:00,90292.96875,90440.8515625,90169.40625,90305.6015625,726695936
2025-12-08 16:45:00+00:00,89968.3125,90300.796875,89832.546875,90300.796875,528515072
2025-12-08 17:00:00+00:00,90182.1875,90208.6328125,89803.734375,89954.265625,237850624
2025-12-08 17:15:00+00:00,90034.7265625,90181.578125,89896.3671875,90126.09375,207241216
2025-12-08 17:30:00+00:00,89884.515625,90085.0234375,89765.7578125,90006.9921875,193384448
2025-12-08 17:45:00+00:00,90282.9609375,90282.9609375,89821.3203125,89857.0390625,420569088
2025-12-08 18:00:00+00:00,90446.8828125,90446.8828125,90205.296875,90242.078125,182730752
2025-12-08 18:15:00+00:00,90216.9140625,90486.9453125,90216.9140625,90369.171875,436461568
2025-12-08 18:30:00+00:00,90309.3046875,90337.140625,90065.046875,90160.328125,0
2025-12-08 18:45:00+00:00,89760.9296875,90419.7109375,89760.9296875,90411.4140625,476983296
2025-12-08 19:00:00+00:00,90027.1328125,90169.7109375,89870.453125,89870.453125,800210944
2025-12-08 19:15:00+00:00,90115.2734375,90207.296875,89999.359375,90047.0625,593027072
2025-12-08 19:30:00+00:00,90096.8984375,90309.5,90096.8984375,90142.296875,218259456
2025-12-08 19:45:00+00:00,90099.9375,90328.765625,90098.0703125,90165.3046875,511066112
2025-12-08 20:00:00+00:00,90443.2578125,90461.859375,90125.0390625,90125.0390625,550412288
2025-12-08 20:15:00+00:00,90474.34375,90543.09375,90350.34375,90362.8125,516997120
2025-12-08 20:30:00+00:00,90630.3203125,90630.3203125,90402.21875,90477.25,120475648
2025-12-08 20:45:00+00:00,90736.6796875,90914.5546875,90600.015625,90600.015625,592609280
2025-12-08 21:00:00+00:00,90821.03125,90971.6796875,90734.3125,90812.7890625,432914432
2025-12-08 21:15:00+00:00,90973.0,90973.0,90783.09375,90783.09375,302956544
2025-12-08 21:30:00+00:00,91120.015625,91218.0390625,91039.6640625,91039.6640625,249262080
2025-12-08 21:45:00+00:00,91379.140625,91379.140625,91127.0859375,91166.421875,0
2025-12-08 22:00:00+00:00,90999.125,91336.2890625,90999.125,91336.2890625,0
2025-12-08 22:15:00+00:00,90962.578125,91047.3359375,90878.3203125,90982.140625,89501696
2025-12-08 22:30:00+00:00,90871.8203125,91036.375,90789.4453125,90981.2265625,0
2025-12-08 22:45:00+00:00,90793.1796875,90909.2578125,90776.5390625,90825.28125,0
2025-12-08 23:00:00+00:00,90810.6640625,90993.421875,90810.6640625,90832.390625,169381888
2025-12-08 23:15:00+00:00,90698.8671875,90875.453125,90523.0625,90817.890625,0
2025-12-08 23:30:00+00:00,90686.0546875,90762.9375,90629.4609375,90715.65625,549748736
2025-12-08 23:45:00+00:00,90606.3671875,90659.0234375,90606.0234375,90659.0234375,0
2025-12-09 00:00:00+00:00,90771.328125,90771.328125,90611.1796875,90644.140625,143851520
2025-12-09 00:15:00+00:00,90736.3671875,90820.96875,90726.375,90768.71875,18821120
2025-12-09 00:30:00+00:00,90481.3515625,90745.1171875,90465.2890625,90745.1171875,0
2025-12-09 00:45:00+00:00,90410.28125,90508.5,90380.578125,90469.5390625,1219919872
2025-12-09 01:00:00+00:00,90420.6640625,90455.09375,90307.9609375,90412.0625,438136832
2025-12-09 01:15:00+00:00,90366.3515625,90552.28125,90366.3515625,90452.6953125,1208733696
2025-12-09 01:30:00+00:00,90080.8046875,90261.53125,90080.8046875,90253.171875,0
2025-12-09 01:45:00+00:00,90081.6171875,90102.9609375,90017.4296875,90070.9609375,270155776
2025-12-09 02:00:00+00:00,90177.0625,90248.1640625,90056.03125,90084.9296875,319909888
2025-12-09 02:15:00+00:00,90300.0859375,90329.265625,90159.015625,90159.015625,46923776
2025-12-09 02:30:00+00:00,90264.3046875,90367.6328125,90207.5859375,90367.6328125,233013248
2025-12-09 02:45:00+00:00,90106.9296875,90293.90625,90106.9296875,90252.7578125,0
2025-12-09 03:00:00+00:00,90007.7578125,90132.7109375,89998.9765625,90072.609375,28819456
2025-12-09 03:15:00+00:00,90024.7890625,90086.046875,89830.9375,89998.71875,984363008
2025-12-09 03:30:00+00:00,90367.859375,90396.2734375,90052.9921875,90052.9921875,1199149056
2025-12-09 03:45:00+00:00,90435.75,90438.3515625,90330.625,90378.515625,388755456
2025-12-09 04:00:00+00:00,90488.3359375,90495.9140625,90412.375,90412.375,297873408
2025-12-09 04:15:00+00:00,90401.8046875,90500.078125,90376.7890625,90474.5625,208842752
2025-12-09 04:30:00+00:00,89945.203125,90416.0703125,89781.4765625,90416.0703125,320667648
2025-12-09 04:45:00+00:00,89945.96875,89966.78125,89897.84375,89943.65625,285347840
2025-12-09 05:00:00+00:00,89898.8984375,89959.0546875,89792.9296875,89930.3828125,97992704
2025-12-09 05:15:00+00:00,89836.3359375,89884.4140625,89586.9765625,89808.21875,296558592
2025-12-09 05:30:00+00:00,90154.5390625,90194.296875,89847.734375,89847.734375,659898368
2025-12-09 05:45:00+00:00,89924.875,90176.59375,89919.875,90132.1171875,1991770112
2025-12-09 06:00:00+00:00,89968.1796875,90120.609375,89920.8125,89920.8125,145035264
2025-12-09 06:15:00+00:00,89884.296875,90019.09375,89859.3671875,89997.484375,161071104
2025-12-09 06:30:00+00:00,89874.84375,89932.6875,89808.2890625,89881.6875,417112064
2025-12-09 06:45:00+00:00,90169.5390625,90202.3984375,89896.8359375,89896.8359375,401231872
2025-12-09 07:00:00+00:00,90153.078125,90205.9765625,90111.4609375,90185.8359375,0
2025-12-09 07:15:00+00:00,90375.734375,90415.0625,90138.296875,90138.296875,12804096
2025-12-09 07:30:00+00:00,90461.8828125,90512.625,90356.6015625,90371.9296875,957517824
2025-12-09 07:45:00+00:00,90480.9765625,90524.1484375,90457.7265625,90470.15625,259330048
2025-12-09 08:00:00+00:00,90531.2578125,90546.828125,90474.3125,90477.609375,0
2025-12-09 08:15:00+00:00,90579.9375,90591.03125,90528.046875,90528.046875,199184384
2025-12-09 08:30:00+00:00,90504.0390625,90539.421875,90453.0546875,90539.421875,231841792
2025-12-09 08:45:00+00:00,90487.265625,90595.03125,90487.265625,90507.0,295628800
2025-12-09 09:00:00+00:00,90438.234375,90499.0078125,90328.9140625,90493.1484375,0
2025-12-09 09:15:00+00:00,90309.4375,90455.9765625,90309.4375,90443.4921875,25894912
2025-12-09 09:30:00+00:00,90184.828125,90342.015625,90184.828125,90309.875,44478464
2025-12-09 09:45:00+00:00,90156.625,90224.328125,90156.625,90187.46875,161542144
2025-12-09 10:00:00+00:00,90200.9921875,90201.0,90103.3984375,90155.0859375,0
2025-12-09 10:15:00+00:00,90208.5,90227.1015625,90163.984375,90194.765625,296964096
2025-12-09 10:30:00+00:00,90138.8046875,90314.78125,90014.7890625,90199.1171875,125378560
2025-12-09 10:45:00+00:00,90231.4296875,90231.4296875,90055.6640625,90158.03125,432222208
2025-12-09 11:00:00+00:00,90263.609375,90334.9296875,90238.921875,90275.46875,157954048
2025-12-09 11:15:00+00:00,90275.3671875,90277.453125,90164.6171875,90249.875,219832320
2025-12-09 11:30:00+00:00,90291.171875,90291.515625,90236.1796875,90279.2421875,445562880
2025-12-09 11:45:00+00:00,90375.5078125,90375.5078125,90281.1328125,90281.1328125,41472000
2025-12-09 12:00:00+00:00,90365.5390625,90443.671875,90365.5390625,90375.3125,69718016
2025-12-09 12:15:00+00:00,90585.9140625,90670.171875,90363.2265625,90363.2265625,359948288
2025-12-09 12:30:00+00:00,90615.265625,90626.046875,90547.7109375,90577.9453125,104390656
2025-12-09 12:45:00+00:00,90610.328125,90645.5078125,90610.328125,90619.765625,0
2025-12-09 13:00:00+00:00,90512.234375,90611.921875,90499.8125,90599.359375,81690624
2025-12-09 13:15:00+00:00,90683.015625,90718.1640625,90500.25,90500.25,99770368
2025-12-09 13:30:00+00:00,90291.5078125,90826.0625,90291.5078125,90699.0,196018176
2025-12-09 13:45:00+00:00,90415.15625,90415.15625,90229.25,90235.40625,205307904
2025-12-09 14:00:00+00:00,90426.4375,90570.9140625,90418.75,90418.75,995385344
2025-12-09 14:15:00+00:00,90221.953125,90416.40625,90154.546875,90416.40625,27004928
2025-12-09 14:30:00+00:00,90243.3828125,90544.265625,90051.0625,90254.7421875,51916800
2025-12-09 14:45:00+00:00,90243.671875,90309.1015625,90104.9296875,90179.734375,0
2025-12-09 15:00:00+00:00,90728.7265625,91197.4375,90361.7265625,90361.7265625,2819874816
2025-12-09 15:15:00+00:00,90925.6796875,90925.6796875,90589.7578125,90605.6796875,1105088512
2025-12-09 15:30:00+00:00,91808.640625,91928.4453125,91029.4453125,91222.4140625,0
2025-12-09 15:45:00+00:00,92724.46875,92812.984375,91905.3515625,91999.5546875,3037618176
2025-12-09 16:00:00+00:00,93494.15625,93494.15625,92656.3828125,92656.3828125,2035691520
2025-12-09 16:15:00+00:00,93471.671875,93592.75,93335.15625,93421.359375,1135976448
2025-12-09 16:30:00+00:00,94071.4921875,94071.4921875,93380.8046875,93380.8046875,1659850752
2025-12-09 16:45:00+00:00,94288.1015625,94461.84375,94152.546875,94194.0078125,1909198848
2025-12-09 17:00:00+00:00,94273.8984375,94601.5703125,94189.546875,94189.546875,627359744
2025-12-09 17:15:00+00:00,93716.9765625,94272.125,93699.2265625,94272.125,419508224
2025-12-09 17:30:00+00:00,93832.2578125,93897.0078125,93573.5625,93766.2578125,1244643328
2025-12-09 17:45:00+00:00,93842.578125,94016.4921875,93805.3984375,93805.3984375,645742592
2025-12-09 18:00:00+00:00,93952.3125,93999.578125,93688.421875,93874.6796875,288935936
2025-12-09 18:15:00+00:00,94165.984375,94170.453125,93965.375,93979.84375,128688128
2025-12-09 18:30:00+00:00,93926.546875,94160.9296875,93926.546875,94160.9296875,881786880
2025-12-09 18:45:00+00:00,93986.015625,93991.5625,93738.234375,93926.3515625,140845056
2025-12-09 19:00:00+00:00,93901.2265625,93967.453125,93778.125,93936.5625,760758272
2025-12-09 19:15:00+00:00,94010.0625,94016.84375,93897.96875,93948.59375,100519936
2025-12-09 19:30:00+00:00,93748.015625,94140.6640625,93748.015625,94008.0546875,11878400
2025-12-09 19:45:00+00:00,93815.1640625,93929.71875,93709.2578125,93709.2578125,361676800
2025-12-09 20:00:00+00:00,93733.4921875,93808.9765625,93621.2265625,93741.5078125,1408589824
2025-12-09 20:15:00+00:00,93126.03125,93714.2421875,92819.7109375,93714.2421875,739835904
2025-12-09 20:30:00+00:00,93047.828125,93206.8671875,92882.8125,93055.640625,1008439296
2025-12-09 20:45:00+00:00,93102.7734375,93221.578125,93024.0546875,93024.0546875,136007680
2025-12-09 21:00:00+00:00,93142.203125,93220.8359375,93039.7578125,93090.6171875,304168960
2025-12-09 21:15:00+00:00,93128.0859375,93168.0234375,93006.28125,93034.5703125,576503808
2025-12-09 21:30:00+00:00,92776.7421875,93143.0546875,92776.7421875,93128.8671875,326578176
2025-12-09 21:45:00+00:00,92697.71875,92754.2109375,92316.5546875,92737.7421875,783486976
2025-12-09 22:00:00+00:00,92739.109375,92865.5546875,92646.15625,92681.03125,617152512
2025-12-09 22:15:00+00:00,92544.1328125,92698.484375,92544.1328125,92681.90625,87433216
2025-12-09 22:30:00+00:00,92961.3984375,92961.3984375,92551.765625,92551.765625,1770860544
2025-12-09 22:45:00+00:00,92921.28125,92994.84375,92829.34375,92958.421875,427270144
2025-12-09 23:00:00+00:00,92682.8359375,92903.53125,92657.7890625,92903.53125,476958720
2025-12-09 23:15:00+00:00,92873.5234375,92873.5234375,92584.84375,92584.84375,0
2025-12-09 23:30:00+00:00,92962.296875,92969.734375,92824.2421875,92885.0625,544858112
2025-12-09 23:45:00+00:00,92717.1875,92961.8515625,92717.1875,92961.8515625,255262720
2025-12-10 00:00:00+00:00,92770.34375,92770.34375,92665.4765625,92705.875,20135936
2025-12-10 00:15:00+00:00,92448.4453125,92750.890625,92357.1875,92750.890625,745582592
2025-12-10 00:30:00+00:00,92503.3359375,92566.78125,92454.1171875,92529.0625,384602112
2025-12-10 00:45:00+00:00,92166.734375,92531.1875,92143.8359375,92503.828125,487149568
2025-12-10 01:00:00+00:00,92257.609375,92295.6953125,92143.734375,92166.5234375,401100800
2025-12-10 01:15:00+00:00,92265.1328125,92406.5703125,92211.4453125,92251.3828125,72765440
2025-12-10 01:30:00+00:00,92246.78125,92267.2421875,92027.890625,92267.2421875,1327886336
2025-12-10 01:45:00+00:00,92359.421875,92365.2734375,92196.0,92265.9375,324612096
2025-12-10 02:00:00+00:00,92208.734375,92333.53125,92070.703125,92333.53125,0
2025-12-10 02:15:00+00:00,92516.84375,92551.25,92230.4609375,92230.4609375,325529600
2025-12-10 02:30:00+00:00,92366.7734375,92515.1484375,92366.7734375,92515.1484375,505122816
2025-12-10 02:45:00+00:00,92380.78125,92395.53125,92267.0625,92395.53125,283435008
2025-12-10 03:00:00+00:00,92476.90625,92540.0859375,92410.46875,92540.0859375,425029632
2025-12-10 03:15:00+00:00,92423.0234375,92473.15625,92357.125,92473.15625,155172864
2025-12-10 03:30:00+00:00,92493.6875,92493.6875,92410.5703125,92428.4375,0
2025-12-10 03:45:00+00:00,92418.5390625,92523.8671875,92418.5390625,92474.0546875,0
2025-12-10 04:00:00+00:00,92504.4140625,92506.421875,92415.40625,92415.859375,1668042752
2025-12-10 04:15:00+00:00,92451.2578125,92664.28125,92435.546875,92514.8125,402554880
2025-12-10 04:30:00+00:00,92597.828125,92631.71875,92442.875,92445.7421875,0
2025-12-10 04:45:00+00:00,92574.15625,92604.4609375,92509.1640625,92587.9375,237862912
2025-12-10 05:00:00+00:00,92587.234375,92638.5625,92567.3125,92567.3125,245964800
2025-12-10 05:15:00+00:00,92607.2578125,92711.7109375,92607.2578125,92636.9609375,313516032
2025-12-10 05:30:00+00:00,92649.4921875,92649.4921875,92564.09375,92564.09375,1437696
2025-12-10 05:45:00+00:00,92608.1328125,92641.3671875,92573.421875,92639.1484375,414449664
2025-12-10 06:00:00+00:00,92591.71875,92600.359375,92462.4765625,92600.359375,63406080
2025-12-10 06:15:00+00:00,92549.8359375,92600.8125,92537.0234375,92600.8125,117727232
2025-12-10 06:30:00+00:00,92651.359375,92659.5859375,92548.734375,92548.734375,78413824
2025-12-10 06:45:00+00:00,92708.0390625,92729.78125,92640.109375,92691.4921875,243412992
2025-12-10 07:00:00+00:00,92611.109375,92707.5234375,92602.8828125,92667.65625,69763072
2025-12-10 07:15:00+00:00,92572.046875,92611.5,92509.2734375,92611.5,511852544
2025-12-10 07:30:00+00:00,92722.5234375,92722.5234375,92549.453125,92584.0390625,204374016
2025-12-10 07:45:00+00:00,92733.6328125,92733.6328125,92662.9765625,92699.0390625,570957824
2025-12-10 08:00:00+00:00,92695.9765625,92778.1796875,92695.9765625,92778.1796875,135041024
2025-12-10 08:15:00+00:00,92711.171875,92731.046875,92682.2734375,92702.703125,18132992
2025-12-10 08:30:00+00:00,92674.7265625,92708.5234375,92581.609375,92703.4296875,151326720
2025-12-10 08:45:00+00:00,92650.9453125,92657.4140625,92616.6875,92656.2890625,143872000
2025-12-10 09:00:00+00:00,92641.640625,92670.2421875,92591.1953125,92638.3046875,50561024
2025-12-10 09:15:00+00:00,92509.7109375,92613.90625,92485.6484375,92613.0859375,0
2025-12-10 09:30:00+00:00,92596.7265625,92596.7265625,92502.640625,92502.640625,374272000
2025-12-10 09:45:00+00:00,92936.8515625,92936.8515625,92600.890625,92600.890625,250433536
2025-12-10 10:00:00+00:00,92966.6953125,93181.6015625,92929.0546875,92944.96875,1242304512
2025-12-10 10:15:00+00:00,92511.4609375,92981.6640625,92499.78125,92981.6640625,137736192
2025-12-10 10:30:00+00:00,92266.875,92503.140625,92215.4765625,92503.140625,845443072
2025-12-10 10:45:00+00:00,92388.03125,92388.03125,92188.515625,92265.09375,314314752
2025-12-10 11:00:00+00:00,92409.0546875,92430.4765625,92274.4453125,92292.828125,261607424
2025-12-10 11:15:00+00:00,92367.203125,92367.4453125,92312.703125,92360.921875,1585442816
2025-12-10 11:30:00+00:00,92028.484375,92368.1640625,92028.484375,92368.1640625,408887296
2025-12-10 11:45:00+00:00,92112.546875,92119.5234375,91839.6171875,92014.4765625,891674624
2025-12-10 12:00:00+00:00,92076.0,92190.0234375,92061.546875,92130.1328125,325931008
2025-12-10 12:15:00+00:00,92014.640625,92097.203125,91991.921875,92053.796875,245133312
2025-12-10 12:30:00+00:00,91972.40625,92116.5234375,91897.2265625,92028.6328125,254554112
2025-12-10 12:45:00+00:00,92033.6015625,92033.6015625,91857.0546875,91967.234375,412553216
2025-12-10 13:00:00+00:00,92066.28125,92071.171875,91971.1953125,92007.25,1824325632
2025-12-10 13:15:00+00:00,92191.0390625,92208.6171875,92019.1015625,92055.09375,279052288
2025-12-10 13:30:00+00:00,92007.9921875,92157.078125,92000.3515625,92157.078125,444903424
2025-12-10 13:45:00+00:00,92082.21875,92082.21875,92029.921875,92038.78125,0
2025-12-10 14:00:00+00:00,91987.1875,92096.4609375,91982.28125,92096.4609375,122642432
2025-12-10 14:15:00+00:00,91946.7890625,92031.609375,91888.1328125,91990.3984375,183390208
2025-12-10 14:30:00+00:00,91987.03125,91987.03125,91847.546875,91879.40625,96550912
2025-12-10 14:45:00+00:00,91787.484375,91933.8203125,91711.921875,91933.8203125,307675136
2025-12-10 15:00:00+00:00,92056.9453125,92124.8671875,91786.859375,91810.25,467890176
2025-12-10 15:15:00+00:00,91977.90625,92107.1015625,91894.6640625,92084.796875,127283200
2025-12-10 15:30:00+00:00,91926.7265625,91990.890625,91676.8984375,91976.1328125,0
2025-12-10 15:45:00+00:00,92012.4921875,92034.6875,91833.53125,91916.671875,125267968
2025-12-10 16:00:00+00:00,92246.234375,92246.234375,91956.8125,92072.859375,0
2025-12-10 16:15:00+00:00,92519.234375,92579.34375,92211.421875,92237.078125,43569152
2025-12-10 16:30:00+00:00,92305.3515625,92549.875,92272.734375,92549.875,1073799168
2025-12-10 16:45:00+00:00,92173.6953125,92395.03125,92138.5625,92372.1875,0
2025-12-10 17:00:00+00:00,92201.90625,92213.3671875,92140.125,92176.6328125,0
2025-12-10 17:15:00+00:00,92396.15625,92461.4453125,92201.9453125,92243.671875,31338496
2025-12-10 17:30:00+00:00,92426.59375,92433.796875,92251.609375,92334.7421875,225878016
2025-12-10 17:45:00+00:00,92395.203125,92479.90625,92379.7265625,92443.875,69787648
2025-12-10 18:00:00+00:00,92474.3046875,92474.3046875,92312.09375,92400.4375,0
2025-12-10 18:15:00+00:00,92188.609375,92441.9765625,92055.921875,92441.9765625,247144448
2025-12-10 18:30:00+00:00,92584.2265625,93013.9453125,92234.1796875,92234.1796875,349360128
2025-12-10 18:45:00+00:00,92372.96875,92772.3671875,92269.2265625,92584.6875,1243906048
2025-12-10 19:00:00+00:00,92879.3046875,92946.6328125,92054.2578125,92501.7890625,2410782720
2025-12-10 19:15:00+00:00,92367.7734375,93043.5390625,92367.7734375,93001.4921875,1231712256
2025-12-10 19:30:00+00:00,92608.734375,93128.8515625,92392.5390625,92392.5390625,691589120
2025-12-10 19:45:00+00:00,92979.0546875,92994.140625,92593.09375,92593.09375,3104124928
2025-12-10 20:00:00+00:00,94011.125,94011.125,92751.09375,92946.1171875,168595456
2025-12-10 20:15:00+00:00,93575.3671875,94447.9921875,93260.578125,94197.2265625,3474231296
2025-12-10 20:30:00+00:00,93698.3984375,93754.0703125,93528.46875,93746.2109375,918241280
2025-12-10 20:45:00+00:00,92528.1640625,93820.3828125,92449.1953125,93683.546875,0
2025-12-10 21:00:00+00:00,92343.3828125,92624.859375,91923.453125,92490.6015625,3206201344
2025-12-10 21:15:00+00:00,92455.0625,92556.40625,92269.3203125,92319.96875,551636992
2025-12-10 21:30:00+00:00,92425.359375,92641.5078125,92241.359375,92410.2265625,81887232
2025-12-10 21:45:00+00:00,92509.34375,92787.4140625,92448.78125,92488.0390625,1085833216
2025-12-10 22:00:00+00:00,92171.84375,92683.015625,92171.84375,92372.5,206540800
2025-12-10 22:15:00+00:00,92318.8671875,92468.1484375,92008.3359375,92200.4375,133554176
2025-12-10 22:30:00+00:00,92557.84375,92610.515625,92219.1484375,92366.0703125,629006336
2025-12-10 22:45:00+00:00,92578.71875,92614.1328125,92457.046875,92554.5,411267072
2025-12-10 23:00:00+00:00,92391.5,92568.5625,92346.9375,92530.5703125,178663424
2025-12-10 23:15:00+00:00,92197.625,92361.15625,92197.625,92341.25,892014592
2025-12-10 23:30:00+00:00,92090.9609375,92173.6953125,92032.6015625,92117.0703125,49102848
2025-12-10 23:45:00+00:00,92055.515625,92072.734375,91979.4296875,92052.1953125,126894080
2025-12-11 00:00:00+00:00,92023.1875,92083.9765625,91987.5390625,92034.4453125,22290432
2025-12-11 00:15:00+00:00,91792.21875,92038.96875,91792.21875,92038.96875,156356608
2025-12-11 00:30:00+00:00,91296.9453125,91777.359375,91268.9453125,91777.359375,1064390656
2025-12-11 00:45:00+00:00,91422.4609375,91422.4609375,91148.2890625,91293.328125,465137664
2025-12-11 01:00:00+00:00,91084.0859375,91415.5546875,91084.0859375,91415.5546875,514838528
2025-12-11 01:15:00+00:00,91091.1484375,91091.1484375,90804.109375,91061.6953125,605323264
2025-12-11 01:30:00+00:00,90995.5078125,91139.171875,90976.3671875,91106.4921875,353423360
2025-12-11 01:45:00+00:00,90739.1015625,91025.6875,90721.15625,91025.6875,476180480
2025-12-11 02:00:00+00:00,90244.375,90709.59375,90244.375,90709.59375,619454464
2025-12-11 02:15:00+00:00,90228.703125,90286.5390625,90006.96875,90251.4609375,782749696
2025-12-11 02:30:00+00:00,90226.7421875,90226.7421875,89963.75,90119.1171875,469307392
2025-12-11 02:45:00+00:00,90046.1171875,90157.53125,89915.875,90113.078125,606306304
2025-12-11 03:00:00+00:00,89633.171875,90079.1328125,89494.6875,90079.1328125,85712896
2025-12-11 03:15:00+00:00,89720.2109375,89929.5859375,89598.453125,89598.453125,1371713536
2025-12-11 03:30:00+00:00,89824.984375,89869.34375,89658.3828125,89721.5703125,544526336
2025-12-11 03:45:00+00:00,89905.5078125,89910.8828125,89818.015625,89836.0,431923200
2025-12-11 04:00:00+00:00,90074.7109375,90074.7109375,89768.9375,89807.2109375,1253736448
2025-12-11 04:15:00+00:00,90009.765625,90081.328125,89938.671875,90081.328125,460685312
2025-12-11 04:30:00+00:00,90186.90625,90186.90625,90092.4375,90117.3125,715726848
2025-12-11 04:45:00+00:00,90489.390625,90489.390625,90082.9375,90138.4921875,117071872
2025-12-11 05:00:00+00:00,90214.8671875,90466.5078125,90214.8671875,90466.5078125,430170112
2025-12-11 05:15:00+00:00,90289.71875,90342.7734375,90111.328125,90111.328125,1071644672
2025-12-11 05:30:00+00:00,90214.4453125,90302.53125,90214.4453125,90286.5703125,128204800
2025-12-11 05:45:00+00:00,90317.8984375,90341.0546875,90235.25,90235.25,103522304
2025-12-11 06:00:00+00:00,90287.953125,90331.1015625,90263.625,90327.21875,0
2025-12-11 06:15:00+00:00,90086.875,90294.78125,90067.828125,90294.78125,119242752
2025-12-11 06:30:00+00:00,90324.734375,90433.125,90125.0,90125.0,582533120
2025-12-11 06:45:00+00:00,90317.0703125,90367.6796875,90251.25,90332.2734375,278536192
2025-12-11 07:00:00+00:00,90214.671875,90335.8515625,90214.671875,90331.5859375,0
2025-12-11 07:15:00+00:00,90135.3828125,90286.3828125,90135.3828125,90228.4765625,1657217024
2025-12-11 07:30:00+00:00,90186.828125,90238.375,90162.1875,90162.1875,125648896
2025-12-11 07:45:00+00:00,90258.65625,90275.109375,90176.40625,90197.234375,4964352
2025-12-11 08:00:00+00:00,90086.3984375,90268.8125,90049.09375,90257.734375,90619904
2025-12-11 08:15:00+00:00,90187.6796875,90192.640625,90070.4375,90070.4375,1285275648
2025-12-11 08:30:00+00:00,90052.921875,90097.9453125,90008.578125,90097.9453125,1364910080
2025-12-11 08:45:00+00:00,90186.234375,90209.5625,90059.4609375,90059.4609375,375603200
2025-12-11 09:00:00+00:00,90263.4375,90275.28125,90202.7421875,90202.7421875,349298688
2025-12-11 09:15:00+00:00,90406.453125,90461.2421875,90263.4375,90263.4375,327024640
2025-12-11 09:30:00+00:00,90372.328125,90488.09375,90343.078125,90464.21875,529670144
2025-12-11 09:45:00+00:00,90224.1015625,90385.734375,90224.1015625,90346.4140625,165158912
2025-12-11 10:00:00+00:00,90277.3984375,90324.53125,90243.7578125,90243.7578125,222814208
2025-12-11 10:15:00+00:00,90288.46875,90354.4375,90206.875,90354.4375,0
2025-12-11 10:30:00+00:00,90221.1328125,90270.34375,90214.546875,90270.34375,0
2025-12-11 10:45:00+00:00,90353.875,90353.875,90214.265625,90219.1953125,0
2025-12-11 11:00:00+00:00,90379.1953125,90413.6328125,90330.75,90346.34375,0
2025-12-11 11:15:00+00:00,90328.703125,90387.7734375,90319.1015625,90366.8125,231460864
2025-12-11 11:30:00+00:00,90279.328125,90332.9140625,90279.328125,90296.53125,0
2025-12-11 11:45:00+00:00,90276.5078125,90276.5078125,90237.296875,90273.5234375,0
2025-12-11 12:00:00+00:00,90201.859375,90277.78125,90179.375,90277.78125,112316416
2025-12-11 12:15:00+00:00,90322.9609375,90334.5390625,90199.0390625,90199.0390625,0
2025-12-11 12:30:00+00:00,90297.5859375,90386.4609375,90297.5859375,90316.6953125,1626316800
2025-12-11 12:45:00+00:00,90130.203125,90309.34375,90130.203125,90306.6875,0
2025-12-11 13:00:00+00:00,90059.546875,90107.0078125,90038.2421875,90053.328125,45457408
2025-12-11 13:15:00+00:00,90116.9453125,90116.9453125,89999.8671875,90055.2578125,96411648
2025-12-11 13:30:00+00:00,90083.09375,90094.8984375,89924.1640625,90044.0859375,173158400
2025-12-11 13:45:00+00:00,90096.8203125,90145.8984375,90009.875,90061.828125,48414720
2025-12-11 14:00:00+00:00,90141.015625,90146.375,90074.0,90097.578125,226045952
2025-12-11 14:15:00+00:00,90180.875,90253.21875,90152.5859375,90152.5859375,251101184
2025-12-11 14:30:00+00:00,90426.84375,90426.84375,89959.6953125,89959.6953125,482181120
2025-12-11 14:45:00+00:00,89595.6015625,90287.953125,89341.171875,90287.953125,451469312
2025-12-11 15:00:00+00:00,90180.1328125,90180.1328125,89458.125,89458.125,2048536576
2025-12-11 15:15:00+00:00,90392.2109375,90585.953125,90060.21875,90165.09375,418951168
2025-12-11 15:30:00+00:00,89858.7421875,90179.859375,89762.1953125,90171.84375,1611169792
2025-12-11 15:45:00+00:00,89825.3515625,89970.9375,89698.375,89854.4296875,1176027136
2025-12-11 16:00:00+00:00,89412.59375,89923.3828125,89412.59375,89912.9921875,352477184
2025-12-11 16:15:00+00:00,89552.2734375,89656.2109375,89395.0,89417.2890625,393924608
2025-12-11 16:30:00+00:00,90009.9296875,90023.25,89507.3359375,89650.6640625,0
2025-12-11 16:45:00+00:00,89662.6328125,90105.46875,89662.6328125,89987.9765625,1953701888
2025-12-11 17:00:00+00:00,89871.578125,89871.578125,89697.546875,89718.21875,354492416
2025-12-11 17:15:00+00:00,90199.9921875,90261.140625,89855.90625,89855.90625,376750080
2025-12-11 17:30:00+00:00,90081.171875,90212.640625,90004.2421875,90105.1640625,351055872
2025-12-11 17:45:00+00:00,89994.71875,90117.765625,89994.71875,90052.703125,80584704
2025-12-11 18:00:00+00:00,90330.6015625,90330.6015625,89954.9140625,89980.2890625,2518691840
2025-12-11 18:15:00+00:00,90387.65625,90472.359375,90297.078125,90332.8828125,141090816
2025-12-11 18:30:00+00:00,90643.21875,90643.21875,90345.1796875,90355.2578125,293146624
2025-12-11 18:45:00+00:00,90654.0859375,91163.2734375,90612.1875,91119.484375,557137920
2025-12-11 19:00:00+00:00,90719.234375,90900.703125,90632.4765625,90768.984375,333590528
2025-12-11 19:15:00+00:00,91103.140625,91151.5703125,90780.640625,90780.640625,543227904
2025-12-11 19:30:00+00:00,91353.125,91511.421875,91164.0546875,91164.0546875,115167232
2025-12-11 19:45:00+00:00,90834.9921875,91436.53125,90802.796875,91373.0390625,45330432
2025-12-11 20:00:00+00:00,91377.9296875,91434.1875,90874.296875,90874.296875,89931776
2025-12-11 20:15:00+00:00,91065.21875,91422.453125,91000.4296875,91399.640625,0
2025-12-11 20:30:00+00:00,91542.546875,91628.3515625,91079.375,91079.375,238157824
2025-12-11 20:45:00+00:00,91813.8203125,91813.8203125,91451.234375,91564.4765625,38973440
2025-12-11 21:00:00+00:00,92470.3671875,92507.9453125,91762.796875,91794.125,950890496
2025-12-11 21:15:00+00:00,92878.125,93032.125,92573.796875,92573.796875,897347584
2025-12-11 21:30:00+00:00,93065.765625,93512.1796875,92912.640625,92912.640625,1975021568
2025-12-11 21:45:00+00:00,92885.890625,93205.2265625,92885.890625,93150.59375,379793408
2025-12-11 22:00:00+00:00,92960.3046875,93069.6328125,92900.546875,92900.546875,627335168
2025-12-11 22:15:00+00:00,92349.21875,92953.5625,92323.609375,92953.5625,304898048
2025-12-11 22:30:00+00:00,92341.140625,92628.1171875,92312.9375,92312.9375,1424146432
2025-12-11 22:45:00+00:00,92450.28125,92450.28125,92206.734375,92368.7109375,368816128
2025-12-11 23:00:00+00:00,92562.5703125,92611.921875,92418.9765625,92418.9765625,1888321536
2025-12-11 23:15:00+00:00,92524.796875,92622.5703125,92514.8984375,92517.6796875,289927168
2025-12-11 23:30:00+00:00,92768.4453125,92795.046875,92521.1796875,92521.1796875,77426688
2025-12-11 23:45:00+00:00,92516.328125,92771.578125,92483.1796875,92760.640625,291348480
2025-12-12 00:00:00+00:00,92436.6640625,92574.265625,92436.6640625,92522.484375,144957440
2025-12-12 00:15:00+00:00,92410.0546875,92647.03125,92410.0546875,92451.3046875,383156224
2025-12-12 00:30:00+00:00,92378.109375,92418.515625,92335.4609375,92410.2578125,1375596544
2025-12-12 00:45:00+00:00,91893.4921875,92372.5703125,91893.4921875,92327.546875,0
2025-12-12 01:00:00+00:00,91781.46875,91853.328125,91506.9921875,91506.9921875,510939136
2025-12-12 01:15:00+00:00,92103.21875,92169.75,91884.59375,91897.2578125,426786816
2025-12-12 01:30:00+00:00,92246.3515625,92266.8203125,92125.3671875,92125.3671875,360620032
2025-12-12 01:45:00+00:00,92131.1484375,92220.734375,92131.1484375,92193.1640625,0
2025-12-12 02:00:00+00:00,92481.2578125,92481.2578125,91996.1328125,92166.7421875,117473280
2025-12-12 02:15:00+00:00,92418.6640625,92419.0625,92301.78125,92400.6953125,309800960
2025-12-12 02:30:00+00:00,92437.0703125,92479.5546875,92405.765625,92414.453125,116936704
2025-12-12 02:45:00+00:00,92582.3359375,92726.8359375,92442.484375,92452.9765625,1188016128
2025-12-12 03:00:00+00:00,92478.34375,92720.140625,92478.34375,92599.2421875,786681856
2025-12-12 03:15:00+00:00,92243.0078125,92451.8359375,92233.046875,92451.8359375,1004638208
2025-12-12 03:30:00+00:00,92365.984375,92371.0546875,92239.4296875,92266.2578125,0
2025-12-12 03:45:00+00:00,92317.5390625,92379.5703125,92317.5390625,92365.90625,343670784
2025-12-12 04:00:00+00:00,92267.3828125,92347.5390625,92267.3828125,92323.609375,132747264
2025-12-12 04:15:00+00:00,92205.859375,92253.953125,92174.0859375,92253.953125,28311552
2025-12-12 04:30:00+00:00,92258.4609375,92263.203125,92207.6953125,92213.0234375,0
2025-12-12 04:45:00+00:00,92391.1796875,92414.546875,92249.7265625,92254.0859375,341151744
2025-12-12 05:00:00+00:00,92330.2265625,92502.4765625,92330.2265625,92392.640625,18837504
2025-12-12 05:15:00+00:00,92130.28125,92294.5390625,92108.0234375,92254.359375,123719680
2025-12-12 05:30:00+00:00,92326.6875,92330.015625,92153.140625,92153.140625,1353576448
2025-12-12 05:45:00+00:00,92455.7890625,92459.15625,92338.7578125,92338.7578125,332124160
2025-12-12 06:00:00+00:00,92641.5625,92667.265625,92439.203125,92455.3984375,402489344
2025-12-12 06:15:00+00:00,92627.109375,92720.09375,92627.109375,92699.53125,432525312
2025-12-12 06:30:00+00:00,92564.203125,92613.78125,92528.734375,92613.78125,0
2025-12-12 06:45:00+00:00,92528.6484375,92597.6484375,92498.71875,92572.734375,1089904640
2025-12-12 07:00:00+00:00,92554.1796875,92556.4921875,92508.6171875,92532.3984375,161968128
2025-12-12 07:15:00+00:00,92410.078125,92525.8828125,92410.078125,92525.8828125,460808192
2025-12-12 07:30:00+00:00,92427.234375,92514.1796875,92297.6328125,92395.859375,740958208
2025-12-12 07:45:00+00:00,92448.7109375,92460.09375,92427.3125,92447.5859375,948559872
2025-12-12 08:00:00+00:00,92453.4765625,92460.8125,92408.28125,92460.8125,361668608
2025-12-12 08:15:00+00:00,92229.9921875,92451.40625,92229.9921875,92451.40625,166678528
2025-12-12 08:30:00+00:00,92246.8828125,92264.3359375,92212.3203125,92262.875,1758547968
2025-12-12 08:45:00+00:00,92301.8671875,92304.6328125,92194.46875,92244.5,334884864
2025-12-12 09:00:00+00:00,92345.171875,92348.65625,92256.8984375,92348.65625,734339072
2025-12-12 09:15:00+00:00,92245.8125,92381.96875,92245.8125,92363.3515625,130220032
2025-12-12 09:30:00+00:00,92179.171875,92216.8671875,92140.4375,92167.0625,433672192
2025-12-12 09:45:00+00:00,92537.0703125,92537.0703125,92198.890625,92202.15625,795205632
2025-12-12 10:00:00+00:00,92570.0625,92623.703125,92557.1796875,92584.921875,446812160
2025-12-12 10:15:00+00:00,92503.515625,92575.203125,92470.703125,92575.203125,596918272
2025-12-12 10:30:00+00:00,92434.1015625,92492.4765625,92434.1015625,92492.4765625,190578688
2025-12-12 10:45:00+00:00,92543.1796875,92571.7109375,92437.140625,92445.953125,743288832
2025-12-12 11:00:00+00:00,92413.6015625,92525.0,92413.6015625,92525.0,237346816
2025-12-12 11:15:00+00:00,92370.140625,92402.3046875,92338.1328125,92402.3046875,593813504
2025-12-12 11:30:00+00:00,92399.0390625,92409.3046875,92332.0,92373.515625,449605632
2025-12-12 11:45:00+00:00,92395.375,92395.375,92356.0078125,92390.7734375,393551872
2025-12-12 12:00:00+00:00,92269.9296875,92415.5703125,92269.9296875,92415.5703125,86814720
2025-12-12 12:15:00+00:00,92218.4609375,92300.046875,92218.4609375,92279.484375,497819648
2025-12-12 12:30:00+00:00,92141.421875,92229.4765625,92138.421875,92203.5703125,78831616
2025-12-12 12:45:00+00:00,92402.03125,92402.03125,92110.3671875,92110.3671875,489025536
2025-12-12 13:00:00+00:00,92386.453125,92435.4921875,92349.46875,92435.4921875,1693425664
2025-12-12 13:15:00+00:00,92317.4921875,92507.53125,92317.4921875,92385.265625,621375488
2025-12-12 13:30:00+00:00,92317.890625,92359.703125,92304.15625,92305.265625,5378048
2025-12-12 13:45:00+00:00,92323.40625,92388.1015625,92294.7265625,92294.7265625,602099712
2025-12-12 14:00:00+00:00,92246.625,92311.3515625,92241.7890625,92310.171875,151863296
2025-12-12 14:15:00+00:00,92159.453125,92288.703125,92138.1484375,92219.2109375,754491392
2025-12-12 14:30:00+00:00,92460.6875,92547.3203125,92012.8671875,92012.8671875,1568661504
2025-12-12 14:45:00+00:00,92588.9921875,92589.546875,92312.8671875,92423.515625,278020096
2025-12-12 15:00:00+00:00,92130.453125,92344.53125,91958.1875,92314.484375,256655360
2025-12-12 15:15:00+00:00,91008.7109375,92023.8203125,91008.7109375,92023.8203125,732348416
2025-12-12 15:30:00+00:00,90436.7265625,90894.265625,90354.203125,90762.0703125,2652479488
2025-12-12 15:45:00+00:00,89817.984375,90752.421875,89817.984375,90462.3125,1326718976
2025-12-12 16:00:00+00:00,89981.9140625,90037.9296875,89743.8125,89972.2265625,2432499712
2025-12-12 16:15:00+00:00,90350.984375,90350.984375,89876.9921875,89977.3203125,1493581824
2025-12-12 16:30:00+00:00,89606.7421875,90408.1171875,89546.15625,90408.1171875,506003456
2025-12-12 16:45:00+00:00,89982.59375,90156.6953125,89700.484375,89700.484375,1300578304
2025-12-12 17:00:00+00:00,90340.375,90412.78125,90053.5625,90123.296875,995131392
2025-12-12 17:15:00+00:00,89949.3125,90632.9453125,89924.5234375,90430.09375,728686592
2025-12-12 17:30:00+00:00,90156.828125,90255.6484375,89997.5234375,89997.5234375,1627660288
2025-12-12 17:45:00+00:00,90056.2265625,90307.59375,90016.2109375,90212.3359375,387473408
2025-12-12 18:00:00+00:00,90397.703125,90397.703125,90084.46875,90084.46875,1670447104
2025-12-12 18:15:00+00:00,90569.3515625,90569.3515625,90321.2421875,90415.0390625,1316241408
2025-12-12 18:30:00+00:00,90672.5546875,90672.5546875,90538.8359375,90603.0,874815488
2025-12-12 18:45:00+00:00,90354.390625,90605.7421875,90354.390625,90482.484375,0
2025-12-12 19:00:00+00:00,90075.8046875,90378.890625,90068.8515625,90378.890625,922091520
2025-12-12 19:15:00+00:00,90218.65625,90342.828125,90107.734375,90112.203125,628695040
2025-12-12 19:30:00+00:00,90152.28125,90277.015625,90152.28125,90208.59375,189915136
2025-12-12 19:45:00+00:00,90169.8515625,90234.9921875,90132.1015625,90132.1015625,324558848
2025-12-12 20:00:00+00:00,90088.0390625,90236.8984375,90088.0390625,90218.3828125,61685760
2025-12-12 20:15:00+00:00,90077.96875,90248.0703125,90077.96875,90091.1484375,70320128
2025-12-12 20:30:00+00:00,90077.8671875,90077.8671875,89926.5234375,90062.7578125,1752522752
2025-12-12 20:45:00+00:00,90212.9296875,90322.6640625,90147.734375,90169.296875,497827840
2025-12-12 21:00:00+00:00,90337.609375,90337.609375,90178.0390625,90227.9921875,0
2025-12-12 21:15:00+00:00,90190.3046875,90283.9140625,90162.671875,90283.9140625,0
2025-12-12 21:30:00+00:00,90278.9453125,90287.4609375,90249.2421875,90250.3984375,0
2025-12-12 21:45:00+00:00,90238.5859375,90312.484375,90225.2265625,90306.0625,108093440
2025-12-12 22:00:00+00:00,90370.2421875,90370.2421875,90205.0703125,90205.0703125,167903232
2025-12-12 22:15:00+00:00,90363.1796875,90379.5078125,90340.609375,90360.6328125,48799744
2025-12-12 22:30:00+00:00,90338.0859375,90373.4609375,90331.5078125,90357.796875,153198592
2025-12-12 22:45:00+00:00,90334.3203125,90356.6484375,90290.828125,90346.75,262389760
2025-12-12 23:00:00+00:00,90398.0234375,90398.078125,90340.234375,90340.234375,259481600
2025-12-12 23:15:00+00:00,90340.2890625,90410.109375,90335.0546875,90409.296875,278528
2025-12-12 23:30:00+00:00,90383.59375,90386.34375,90322.5078125,90322.5078125,102785024
2025-12-12 23:45:00+00:00,90265.09375,90376.65625,90265.09375,90376.65625,346005504
2025-12-13 00:00:00+00:00,90388.5390625,90417.578125,90242.75,90279.3203125,247463936
2025-12-13 00:15:00+00:00,90334.5234375,90393.0703125,90334.5234375,90386.390625,311934976
2025-12-13 00:30:00+00:00,90334.6875,90348.15625,90316.65625,90316.65625,138584064
2025-12-13 00:45:00+00:00,90349.96875,90359.5,90330.9921875,90351.65625,130621440
2025-12-13 01:00:00+00:00,90348.9140625,90370.7421875,90327.25,90329.203125,292397056
2025-12-13 01:15:00+00:00,90317.4296875,90347.921875,90315.3359375,90347.921875,63479808
2025-12-13 01:30:00+00:00,90228.0859375,90332.6484375,90218.671875,90332.4296875,288178176
2025-12-13 01:45:00+00:00,90206.3203125,90206.3203125,90128.15625,90151.25,474710016
2025-12-13 02:00:00+00:00,90288.015625,90317.4140625,90246.71875,90247.8359375,140689408
2025-12-13 02:15:00+00:00,90291.34375,90314.421875,90283.703125,90291.1953125,288833536
2025-12-13 02:30:00+00:00,90279.8359375,90297.2265625,90265.5,90297.2265625,320888832
2025-12-13 02:45:00+00:00,90241.2734375,90288.921875,90241.2734375,90288.921875,197615616
2025-12-13 03:00:00+00:00,90279.4375,90280.671875,90225.1328125,90245.609375,180699136
2025-12-13 03:15:00+00:00,90350.921875,90367.90625,90307.4375,90307.4375,186204160
2025-12-13 03:30:00+00:00,90433.8671875,90433.8671875,90339.6875,90341.4765625,207495168
2025-12-13 03:45:00+00:00,90344.0859375,90429.34375,90344.0859375,90419.78125,46063616
2025-12-13 04:00:00+00:00,90322.484375,90359.953125,90318.1015625,90359.953125,370737152
2025-12-13 04:15:00+00:00,90360.4296875,90360.4296875,90312.453125,90322.8515625,108879872
2025-12-13 04:30:00+00:00,90388.890625,90405.5546875,90318.6875,90344.5546875,472817664
2025-12-13 04:45:00+00:00,90397.828125,90416.1171875,90383.671875,90383.671875,232062976
2025-12-13 05:00:00+00:00,90390.21875,90394.21875,90375.2421875,90394.21875,159948800
2025-12-13 05:15:00+00:00,90371.3359375,90394.5703125,90354.3359375,90390.3515625,222781440
2025-12-13 05:30:00+00:00,90306.8515625,90366.125,90306.8515625,90357.8984375,161284096
2025-12-13 05:45:00+00:00,90351.421875,90351.421875,90290.546875,90299.28125,379002880
2025-12-13 06:00:00+00:00,90328.7890625,90363.1015625,90314.7109375,90354.671875,30801920
2025-12-13 06:15:00+00:00,90296.3671875,90331.6171875,90295.8671875,90331.6015625,27951104
2025-12-13 06:30:00+00:00,90351.3828125,90351.3828125,90293.5,90296.578125,180912128
2025-12-13 06:45:00+00:00,90368.75,90376.5078125,90339.3203125,90340.53125,64380928
2025-12-13 07:00:00+00:00,90360.875,90368.6171875,90354.78125,90358.640625,32382976
2025-12-13 07:15:00+00:00,90385.9375,90392.203125,90346.265625,90346.265625,11173888
2025-12-13 07:30:00+00:00,90367.203125,90409.7421875,90350.2109375,90393.28125,37371904
2025-12-13 07:45:00+00:00,90354.0,90371.8359375,90352.21875,90366.3359375,20422656
2025-12-13 08:00:00+00:00,90345.90625,90361.2734375,90335.203125,90351.9921875,0
2025-12-13 08:15:00+00:00,90516.9765625,90550.359375,90384.53125,90384.53125,343425024
2025-12-13 08:30:00+00:00,90423.6328125,90526.015625,90423.6328125,90526.015625,369852416
2025-12-13 08:45:00+00:00,90441.3203125,90537.046875,90417.84375,90427.390625,214491136
2025-12-13 09:00:00+00:00,90496.5625,90504.84375,90462.6796875,90462.6796875,292552704
2025-12-13 09:15:00+00:00,90449.65625,90483.1640625,90449.65625,90472.078125,0
2025-12-13 09:30:00+00:00,90481.71875,90501.1875,90425.3984375,90450.5234375,8478720
2025-12-13 09:45:00+00:00,90413.4375,90515.359375,90413.4375,90474.875,253034496
2025-12-13 10:00:00+00:00,90444.6328125,90509.609375,90419.4453125,90419.4453125,167469056
2025-12-13 10:15:00+00:00,90518.4765625,90527.453125,90486.3515625,90486.3515625,171712512
2025-12-13 10:30:00+00:00,90612.8203125,90644.8359375,90515.4921875,90515.4921875,234586112
2025-12-13 10:45:00+00:00,90581.6640625,90610.09375,90573.8359375,90610.09375,404258816
2025-12-13 11:00:00+00:00,90573.0,90621.734375,90569.5703125,90588.3203125,502562816
2025-12-13 11:15:00+00:00,90488.1875,90562.484375,90488.1875,90562.484375,2760704
2025-12-13 11:30:00+00:00,90365.1015625,90471.6875,90359.125,90471.6875,238796800
2025-12-13 11:45:00+00:00,90355.0390625,90424.9453125,90335.796875,90377.0703125,174481408
2025-12-13 12:00:00+00:00,90473.828125,90488.75,90361.4375,90361.4375,0
2025-12-13 12:15:00+00:00,90375.3671875,90438.8203125,90375.3671875,90432.546875,123469824
2025-12-13 12:30:00+00:00,90360.90625,90425.4375,90360.90625,90378.6171875,953753600
2025-12-13 12:45:00+00:00,90368.203125,90370.3359375,90314.859375,90349.21875,129646592
2025-12-13 13:00:00+00:00,90337.78125,90430.8828125,90337.78125,90430.8828125,37249024
2025-12-13 13:15:00+00:00,90272.40625,90457.421875,90272.40625,90346.7578125,107364352
2025-12-13 13:30:00+00:00,90290.1015625,90311.5625,90240.4609375,90252.109375,47046656
2025-12-13 13:45:00+00:00,90272.125,90326.8984375,90259.9921875,90279.4296875,0
2025-12-13 14:00:00+00:00,90278.1796875,90310.5234375,90262.3984375,90310.5234375,34373632
2025-12-13 14:15:00+00:00,90052.53125,90304.0625,90052.53125,90304.0625,0
2025-12-13 14:30:00+00:00,90206.03125,90222.21875,89988.046875,89988.046875,0
2025-12-13 14:45:00+00:00,90121.3125,90213.4296875,90121.3125,90207.7265625,149676032
2025-12-13 15:00:00+00:00,90177.0703125,90301.8515625,90148.46875,90154.296875,0
2025-12-13 15:15:00+00:00,90146.09375,90196.296875,90120.28125,90183.703125,0
2025-12-13 15:30:00+00:00,90127.7421875,90180.9296875,90127.7421875,90156.2421875,0
2025-12-13 15:45:00+00:00,90119.0390625,90125.5625,90066.53125,90121.6171875,0
2025-12-13 16:00:00+00:00,90201.234375,90260.7734375,90119.0390625,90119.0390625,0
2025-12-13 16:15:00+00:00,90090.6953125,90203.5703125,90090.6953125,90203.5703125,393412608
2025-12-13 16:30:00+00:00,90083.8984375,90103.3359375,90072.421875,90093.4296875,0
2025-12-13 16:45:00+00:00,90115.046875,90143.203125,90078.1953125,90078.1953125,0
2025-12-13 17:00:00+00:00,90076.6015625,90115.609375,90017.15625,90115.609375,0
2025-12-13 17:15:00+00:00,90036.40625,90098.3203125,90036.40625,90074.53125,0
2025-12-13 17:30:00+00:00,90105.4296875,90107.3125,90018.796875,90032.5,0
2025-12-13 17:45:00+00:00,90065.71875,90105.9296875,90063.9921875,90105.9296875,0
2025-12-13 18:00:00+00:00,90143.734375,90149.1328125,90074.71875,90074.71875,0
2025-12-13 18:15:00+00:00,90183.9609375,90192.3125,90139.375,90192.3125,263487488
2025-12-13 18:30:00+00:00,90160.0,90190.6015625,90152.7265625,90163.4140625,0
2025-12-13 18:45:00+00:00,90131.875,90168.421875,90118.1484375,90167.109375,0
2025-12-13 19:00:00+00:00,90190.546875,90190.546875,90126.2109375,90146.390625,0
2025-12-13 19:15:00+00:00,90164.8984375,90196.0078125,90164.8984375,90196.0078125,0
2025-12-13 19:30:00+00:00,90227.046875,90241.0625,90159.0703125,90159.203125,19394560
2025-12-13 19:45:00+00:00,90215.390625,90246.9921875,90206.6484375,90236.421875,20140032
2025-12-13 20:00:00+00:00,90195.765625,90235.8984375,90195.765625,90223.625,0
2025-12-13 20:15:00+00:00,90167.328125,90188.0390625,90158.1484375,90181.8984375,37400576
2025-12-13 20:30:00+00:00,90176.7734375,90195.4140625,90140.8828125,90173.8984375,0
2025-12-13 20:45:00+00:00,90107.0859375,90199.046875,90107.0859375,90161.84375,0
2025-12-13 21:00:00+00:00,90033.0859375,90112.8203125,90026.8125,90112.8203125,137244672
2025-12-13 21:15:00+00:00,89978.4296875,90041.3125,89978.4296875,90035.890625,47247360
2025-12-13 21:30:00+00:00,90080.375,90080.375,89828.6484375,89980.953125,123940864
2025-12-13 21:45:00+00:00,90181.5546875,90195.25,90045.5625,90080.0078125,26656768
2025-12-13 22:00:00+00:00,90178.78125,90235.859375,90175.6171875,90186.9375,77664256
2025-12-13 22:15:00+00:00,90120.0390625,90146.4375,90077.3046875,90077.3046875,0
2025-12-13 22:30:00+00:00,90189.21875,90237.296875,90122.859375,90124.6171875,31830016
2025-12-13 22:45:00+00:00,90113.3125,90209.6484375,90113.3125,90195.078125,61493248
2025-12-13 23:00:00+00:00,90193.640625,90202.359375,90108.4921875,90108.4921875,132849664
2025-12-13 23:15:00+00:00,90223.4140625,90234.8203125,90167.3359375,90180.984375,0
2025-12-13 23:30:00+00:00,90243.7890625,90280.328125,90212.265625,90220.34375,100745216
2025-12-13 23:45:00+00:00,90297.0078125,90297.0078125,90260.1875,90260.1875,149446656
2025-12-14 00:00:00+00:00,90222.1796875,90264.171875,90168.09375,90264.171875,136183808
2025-12-14 00:15:00+00:00,90322.0390625,90329.21875,90227.7734375,90279.5,209195008
2025-12-14 00:30:00+00:00,90458.1484375,90472.9140625,90323.8203125,90323.8203125,178257920
2025-12-14 00:45:00+00:00,90375.453125,90490.1953125,90375.453125,90484.2421875,209436672
2025-12-14 01:00:00+00:00,90383.1171875,90386.1328125,90331.2109375,90386.1328125,107753472
2025-12-14 01:15:00+00:00,90454.875,90458.7890625,90397.78125,90397.78125,34512896
2025-12-14 01:30:00+00:00,90225.3125,90461.3125,90225.3125,90461.3125,149725184
2025-12-14 01:45:00+00:00,90290.640625,90301.828125,90239.359375,90258.65625,0
2025-12-14 02:00:00+00:00,90363.2578125,90377.6015625,90309.515625,90316.578125,106967040
2025-12-14 02:15:00+00:00,90398.4296875,90399.640625,90340.6640625,90354.390625,35831808
2025-12-14 02:30:00+00:00,90320.703125,90405.875,90298.265625,90372.0625,872448
2025-12-14 02:45:00+00:00,90323.59375,90331.546875,90280.171875,90323.0,152997888
2025-12-14 03:00:00+00:00,90304.8125,90324.6796875,90303.109375,90320.8515625,831488
2025-12-14 03:15:00+00:00,90294.3515625,90306.4921875,90290.8828125,90303.2578125,26652672
2025-12-14 03:30:00+00:00,90297.921875,90301.7421875,90280.9765625,90292.25,152416256
2025-12-14 03:45:00+00:00,90272.6171875,90302.6484375,90272.6171875,90298.3046875,0
2025-12-14 04:00:00+00:00,90303.7890625,90323.3984375,90272.8671875,90274.3125,26611712
2025-12-14 04:15:00+00:00,90299.671875,90342.4140625,90297.8828125,90305.796875,8450048
2025-12-14 04:30:00+00:00,90203.015625,90334.7578125,90203.015625,90322.3515625,60215296
2025-12-14 04:45:00+00:00,90207.453125,90235.8046875,90178.4765625,90194.578125,105422848
2025-12-14 05:00:00+00:00,90160.828125,90208.2265625,90150.125,90183.8828125,108220416
2025-12-14 05:15:00+00:00,90101.96875,90184.3359375,90101.96875,90184.3359375,100933632
2025-12-14 05:30:00+00:00,90173.6640625,90176.2109375,90122.4609375,90125.6328125,122314752
2025-12-14 05:45:00+00:00,90218.28125,90234.3671875,90176.4921875,90176.4921875,103444480
2025-12-14 06:00:00+00:00,90222.2578125,90244.5625,90199.671875,90217.828125,108630016
2025-12-14 06:15:00+00:00,90124.34375,90224.796875,90124.34375,90217.9140625,64991232
2025-12-14 06:30:00+00:00,90199.1796875,90208.5546875,90113.078125,90128.71875,248950784
2025-12-14 06:45:00+00:00,90173.15625,90200.796875,90158.265625,90200.796875,176300032
2025-12-14 07:00:00+00:00,90177.453125,90181.9765625,90154.671875,90181.9765625,0
2025-12-14 07:15:00+00:00,90140.5546875,90170.0859375,90140.5546875,90167.7265625,0
2025-12-14 07:30:00+00:00,90154.3515625,90161.265625,90120.09375,90140.25,0
2025-12-14 07:45:00+00:00,90260.6328125,90288.546875,90154.65625,90161.3125,172929024
2025-12-14 08:00:00+00:00,90255.71875,90280.8515625,90253.1484375,90260.5,48103424
2025-12-14 08:15:00+00:00,90230.21875,90287.25,90219.625,90245.734375,0
2025-12-14 08:30:00+00:00,90190.7109375,90227.171875,90190.7109375,90226.59375,3735552
2025-12-14 08:45:00+00:00,90149.5078125,90196.2578125,90149.34375,90187.3671875,0
2025-12-14 09:00:00+00:00,90121.4453125,90165.7734375,90111.0703125,90139.5625,17797120
2025-12-14 09:15:00+00:00,90108.078125,90145.5234375,90102.484375,90102.484375,118435840
2025-12-14 09:30:00+00:00,90041.2734375,90117.46875,90022.8203125,90096.6875,73310208
2025-12-14 09:45:00+00:00,90039.96875,90058.890625,90025.734375,90028.1796875,6423986176
2025-12-14 10:00:00+00:00,89897.234375,90058.2109375,89897.234375,90038.5859375,17530880
2025-12-14 10:15:00+00:00,90060.1484375,90116.9765625,89874.3671875,89876.96875,89186304
2025-12-14 10:30:00+00:00,89932.5234375,89990.578125,89915.234375,89990.578125,29622272
2025-12-14 10:45:00+00:00,89864.765625,89947.3671875,89863.0078125,89947.3671875,0
2025-12-14 11:00:00+00:00,89702.484375,89845.625,89677.2890625,89845.625,122540032
2025-12-14 11:15:00+00:00,89593.7578125,89750.8828125,89593.7578125,89750.8828125,9551872
2025-12-14 11:30:00+00:00,89193.1328125,89603.2890625,89193.1328125,89488.046875,0
2025-12-14 11:45:00+00:00,89386.75,89386.75,88899.2578125,88899.2578125,1067130880
2025-12-14 12:00:00+00:00,89375.390625,89433.984375,89164.328125,89415.796875,525250560
2025-12-14 12:15:00+00:00,89452.203125,89555.9375,89412.8671875,89412.8671875,514732032
2025-12-14 12:30:00+00:00,89595.59375,89595.59375,89416.875,89424.0703125,216059904
2025-12-14 12:45:00+00:00,89447.1640625,89654.21875,89447.1640625,89605.9765625,9834496
2025-12-14 13:00:00+00:00,89291.015625,89432.921875,89226.3828125,89432.921875,32120832
2025-12-14 13:15:00+00:00,89255.8125,89313.015625,89214.140625,89279.109375,26828800
2025-12-14 13:30:00+00:00,89302.71875,89358.7421875,89264.8359375,89271.2421875,130584576
2025-12-14 13:45:00+00:00,89401.4375,89401.4375,89244.2734375,89295.3828125,0
2025-12-14 14:00:00+00:00,89441.671875,89551.3359375,89424.9921875,89490.6484375,386498560
2025-12-14 14:15:00+00:00,89276.484375,89416.4921875,89271.1328125,89403.0078125,549453824
2025-12-14 14:30:00+00:00,88995.8046875,89293.4921875,88995.8046875,89293.4921875,551575552
2025-12-14 14:45:00+00:00,89109.390625,89127.1328125,88951.3515625,88993.703125,142172160
2025-12-14 15:00:00+00:00,89007.0859375,89154.0078125,88972.375,89118.7265625,229609472
2025-12-14 15:15:00+00:00,88947.625,89148.5,88947.625,89041.578125,0
2025-12-14 15:30:00+00:00,89113.7421875,89113.7421875,88971.1796875,89035.6796875,29884416
2025-12-14 15:45:00+00:00,89052.140625,89093.703125,89011.4453125,89093.703125,0
2025-12-14 16:00:00+00:00,89019.21875,89047.3203125,88982.828125,89044.1875,0
2025-12-14 16:15:00+00:00,89269.8828125,89338.21875,89026.859375,89026.859375,146739200
2025-12-14 16:30:00+00:00,88955.5625,89325.8984375,88955.5625,89281.5546875,109092864
2025-12-14 16:45:00+00:00,88704.8515625,88879.3515625,88704.8515625,88834.859375,65392640
2025-12-14 17:00:00+00:00,88828.3828125,89028.6484375,88828.3828125,88847.890625,529747968
2025-12-14 17:15:00+00:00,88789.1796875,88898.265625,88677.109375,88677.109375,13766656
2025-12-14 17:30:00+00:00,88834.3359375,88847.0546875,88688.8125,88789.1640625,52948992
2025-12-14 17:45:00+00:00,88855.9921875,88910.6796875,88747.0625,88796.2421875,21139456
2025-12-14 18:00:00+00:00,88943.03125,88943.03125,88785.2109375,88835.140625,27377664
2025-12-14 18:15:00+00:00,88806.8203125,89060.125,88766.9765625,88938.5546875,199135232
2025-12-14 18:30:00+00:00,88908.1171875,88945.546875,88807.125,88807.125,109297664
2025-12-14 18:45:00+00:00,89028.4609375,89028.4609375,88877.9296875,88907.3671875,0
2025-12-14 19:00:00+00:00,88752.34375,89021.8203125,88708.0,89021.8203125,389464064
2025-12-14 19:15:00+00:00,88687.8125,88761.796875,88547.8125,88761.796875,460427264
2025-12-14 19:30:00+00:00,88632.703125,88754.171875,88562.5546875,88710.96875,0
2025-12-14 19:45:00+00:00,88605.0546875,88645.4453125,88571.109375,88615.859375,0
2025-12-14 20:00:00+00:00,88634.5703125,88735.609375,88433.390625,88660.578125,0
2025-12-14 20:15:00+00:00,88687.625,88809.21875,88672.875,88787.1953125,319188992
2025-12-14 20:30:00+00:00,88671.0,88714.4453125,88614.9765625,88683.5234375,6152192
2025-12-14 20:45:00+00:00,88593.5078125,88714.265625,88556.765625,88669.84375,0
2025-12-14 21:00:00+00:00,88528.65625,88584.515625,88492.640625,88584.515625,0
2025-12-14 21:15:00+00:00,88618.4453125,88711.9140625,88534.0546875,88534.0546875,0
2025-12-14 21:30:00+00:00,88540.3203125,88612.2890625,88528.1328125,88612.2890625,0
2025-12-14 21:45:00+00:00,88473.1015625,88566.953125,88464.671875,88543.703125,92540928
2025-12-14 22:00:00+00:00,88503.1953125,88581.640625,88469.046875,88469.046875,135049216
2025-12-14 22:15:00+00:00,88406.328125,88508.296875,88406.328125,88492.2890625,177115136
2025-12-14 22:30:00+00:00,88162.9609375,88404.125,88088.28125,88404.125,206876672
2025-12-14 22:45:00+00:00,88380.984375,88380.984375,88174.28125,88187.3671875,100761600
2025-12-14 23:00:00+00:00,88047.7734375,88514.953125,88017.734375,88514.953125,0
2025-12-14 23:15:00+00:00,88034.7265625,88146.0859375,87981.578125,88056.2734375,286412800
2025-12-14 23:30:00+00:00,88054.5625,88101.046875,87638.3203125,88046.828125,599945216
2025-12-14 23:45:00+00:00,88172.1484375,88318.671875,88024.84375,88049.703125,327200768
2025-12-15 00:00:00+00:00,88153.5703125,88473.390625,88153.5703125,88167.90625,217362432
2025-12-15 00:15:00+00:00,88561.1484375,88571.4921875,88130.1640625,88162.4140625,162521088
2025-12-15 00:30:00+00:00,88201.1875,88632.359375,88153.8515625,88544.40625,94519296
2025-12-15 00:45:00+00:00,88491.96875,88497.4375,88233.984375,88260.0703125,165015552
2025-12-15 01:00:00+00:00,88604.7265625,88604.7265625,88452.6328125,88528.703125,244183040
2025-12-15 01:15:00+00:00,88682.4921875,88748.6875,88577.9453125,88614.265625,89649152
2025-12-15 01:30:00+00:00,89087.15625,89270.640625,88699.640625,88699.640625,633696256
2025-12-15 01:45:00+00:00,89222.875,89334.4921875,88998.3515625,89049.578125,299585536
2025-12-15 02:00:00+00:00,89546.5546875,89652.9453125,89263.765625,89263.765625,592474112
2025-12-15 02:15:00+00:00,89662.4453125,89983.921875,89545.4609375,89545.4609375,846458880
2025-12-15 02:30:00+00:00,89409.15625,89717.1640625,89409.15625,89717.1640625,76595200
2025-12-15 02:45:00+00:00,89333.046875,89472.6640625,89285.375,89472.6640625,382029824
2025-12-15 03:00:00+00:00,89395.3515625,89438.25,89286.8828125,89325.1953125,0
2025-12-15 03:15:00+00:00,89430.2109375,89529.25,89400.5234375,89400.5234375,269287424
2025-12-15 03:30:00+00:00,89270.71875,89391.4921875,89255.6484375,89391.4921875,245420032
2025-12-15 03:45:00+00:00,89300.5546875,89350.4609375,89285.671875,89285.671875,126566400
2025-12-15 04:00:00+00:00,89511.9453125,89525.6953125,89286.5859375,89286.5859375,330289152
2025-12-15 04:15:00+00:00,89307.2109375,89590.1953125,89296.140625,89511.1328125,18386944
2025-12-15 04:30:00+00:00,89625.9296875,89632.1484375,89341.421875,89341.421875,0
2025-12-15 04:45:00+00:00,89705.4609375,89757.4140625,89640.5390625,89662.21875,285483008
2025-12-15 05:00:00+00:00,89660.0546875,89665.2890625,89600.203125,89665.2890625,0
2025-12-15 05:15:00+00:00,89739.6953125,89743.8125,89657.28125,89657.28125,0
2025-12-15 05:30:00+00:00,89590.6796875,89724.3671875,89590.6796875,89724.3671875,99885056
2025-12-15 05:45:00+00:00,89609.96875,89619.7421875,89503.6640625,89573.5703125,7929856
2025-12-15 06:00:00+00:00,89540.9140625,89629.3125,89497.828125,89618.0390625,0
2025-12-15 06:15:00+00:00,89594.4375,89594.4375,89500.484375,89508.28125,0
2025-12-15 06:30:00+00:00,89610.6328125,89627.9921875,89567.1640625,89583.5703125,0
2025-12-15 06:45:00+00:00,89762.5234375,89899.2421875,89609.6328125,89609.6328125,12058624
2025-12-15 07:00:00+00:00,89578.9375,89828.03125,89544.40625,89761.3828125,261844992
2025-12-15 07:15:00+00:00,89599.609375,89638.390625,89577.7265625,89577.7265625,44716032
2025-12-15 07:30:00+00:00,89620.4375,89724.0625,89599.2734375,89599.2734375,0
2025-12-15 07:45:00+00:00,89765.875,89775.5390625,89617.6015625,89617.6015625,200847360
2025-12-15 08:00:00+00:00,89677.328125,89800.4765625,89675.40625,89752.6796875,114929664
2025-12-15 08:15:00+00:00,89901.8984375,89901.8984375,89721.53125,89721.53125,0
2025-12-15 08:30:00+00:00,89854.84375,89908.265625,89808.890625,89868.03125,468836352
2025-12-15 08:45:00+00:00,89798.7578125,89861.046875,89798.7578125,89850.296875,0
2025-12-15 09:00:00+00:00,89829.3046875,89926.109375,89803.671875,89803.671875,402341888
2025-12-15 09:15:00+00:00,89890.6875,89940.40625,89858.0390625,89858.0390625,0
2025-12-15 09:30:00+00:00,89862.7265625,89901.6875,89862.7265625,89901.2265625,0
2025-12-15 09:45:00+00:00,89866.8125,89950.6796875,89831.171875,89851.6640625,83288064
2025-12-15 10:00:00+00:00,89823.46875,89934.6875,89823.46875,89882.359375,208633856
2025-12-15 10:15:00+00:00,89919.53125,89919.53125,89749.6171875,89825.21875,90894336
2025-12-15 10:30:00+00:00,89822.5234375,89975.203125,89785.0625,89892.4765625,379781120
2025-12-15 10:45:00+00:00,89862.7734375,89897.2734375,89833.7265625,89833.7265625,252110848
2025-12-15 11:00:00+00:00,89844.4140625,89886.6015625,89844.4140625,89865.4375,0
2025-12-15 11:15:00+00:00,89802.2421875,89819.109375,89792.1328125,89810.9609375,108171264
2025-12-15 11:30:00+00:00,89610.15625,89826.9140625,89592.796875,89806.390625,0
2025-12-15 11:45:00+00:00,89653.140625,89704.640625,89589.8671875,89589.8671875,534374400
2025-12-15 12:00:00+00:00,89439.8359375,89651.890625,89439.8359375,89651.890625,488478720
2025-12-15 12:15:00+00:00,89596.109375,89631.28125,89448.3828125,89448.3828125,144513024
2025-12-15 12:30:00+00:00,89753.9296875,89753.9296875,89579.1328125,89579.1328125,828289024
2025-12-15 12:45:00+00:00,89707.7578125,89751.3515625,89647.578125,89751.3515625,71817216
2025-12-15 13:00:00+00:00,89565.3125,89722.1875,89498.1328125,89706.375,336529408
2025-12-15 13:15:00+00:00,89475.8671875,89575.4921875,89375.8125,89575.4921875,106258432
2025-12-15 13:30:00+00:00,89498.5546875,89498.5546875,89297.6328125,89445.6015625,21354496
2025-12-15 13:45:00+00:00,89452.8984375,89563.4296875,89452.8984375,89488.1328125,676388864
2025-12-15 14:00:00+00:00,89589.5546875,89626.3125,89445.328125,89445.328125,270538752
2025-12-15 14:15:00+00:00,89436.546875,89700.625,89384.4921875,89607.890625,416083968
2025-12-15 14:30:00+00:00,89353.703125,89834.75,89099.6328125,89418.65625,611229696
2025-12-15 14:45:00+00:00,88136.921875,89311.0390625,87956.8828125,89311.0390625,448712704
2025-12-15 15:00:00+00:00,87627.0234375,88091.3828125,87504.8203125,88091.3828125,1311490048
2025-12-15 15:15:00+00:00,86769.4375,87516.296875,86705.6796875,87516.296875,3289905152
2025-12-15 15:30:00+00:00,86941.2734375,87130.484375,86681.4453125,86852.75,589680640
2025-12-15 15:45:00+00:00,86956.4140625,87349.1484375,86763.7578125,87149.296875,1946017792
2025-12-15 16:00:00+00:00,86936.6796875,87156.4296875,86867.2109375,86872.3515625,717168640
2025-12-15 16:15:00+00:00,86983.4609375,87123.3359375,86946.796875,86948.2265625,705196032
2025-12-15 16:30:00+00:00,86299.9140625,86930.015625,86243.265625,86930.015625,736858112
2025-12-15 16:45:00+00:00,86324.3125,86467.015625,86217.7578125,86459.46875,1178017792
2025-12-15 17:00:00+00:00,86296.640625,86449.9140625,86240.28125,86409.109375,272142336
2025-12-15 17:15:00+00:00,86196.921875,86330.46875,86127.96875,86230.6015625,288153600
2025-12-15 17:30:00+00:00,85921.6875,86202.109375,85739.140625,86202.109375,599871488
2025-12-15 17:45:00+00:00,85712.1484375,85894.5,85630.5234375,85894.5,945876992
2025-12-15 18:00:00+00:00,85773.90625,85947.5,85653.71875,85738.8671875,661807104
2025-12-15 18:15:00+00:00,85661.8515625,85913.609375,85592.8046875,85909.2890625,189722624
2025-12-15 18:30:00+00:00,85702.3359375,85824.3203125,85337.203125,85474.7109375,600444928
2025-12-15 18:45:00+00:00,86227.8515625,86239.7265625,85726.796875,85726.796875,688709632
2025-12-15 19:00:00+00:00,86073.640625,86490.5546875,86073.640625,86197.875,2122911744
2025-12-15 19:15:00+00:00,86186.3984375,86357.90625,85924.8984375,86022.2890625,359944192
2025-12-15 19:30:00+00:00,86206.0390625,86325.078125,86135.359375,86135.359375,466739200
2025-12-15 19:45:00+00:00,86203.125,86204.578125,86012.546875,86161.3984375,777641984
2025-12-15 20:00:00+00:00,85769.4296875,86152.84375,85769.4296875,86132.421875,0
2025-12-15 20:15:00+00:00,85809.2421875,85846.4609375,85645.6953125,85777.8828125,1884606464
2025-12-15 20:30:00+00:00,85947.484375,85983.2421875,85704.34375,85734.734375,620658688
2025-12-15 20:45:00+00:00,85892.359375,85930.984375,85820.875,85908.25,1213075456
2025-12-15 21:00:00+00:00,85619.328125,85818.1640625,85570.0859375,85818.1640625,170971136
2025-12-15 21:15:00+00:00,86081.34375,86081.34375,85602.1953125,85602.1953125,406945792
2025-12-15 21:30:00+00:00,85996.5390625,86145.8828125,85983.4296875,86078.84375,1327628288
2025-12-15 21:45:00+00:00,86236.46875,86236.46875,86070.3359375,86070.3359375,235593728
2025-12-15 22:00:00+00:00,86035.15625,86211.7421875,86011.296875,86205.6171875,1683148800
2025-12-15 22:15:00+00:00,85991.53125,86028.8203125,85859.3515625,86028.8203125,80441344
2025-12-15 22:30:00+00:00,86032.3046875,86076.625,85943.609375,86001.328125,93532160
2025-12-15 22:45:00+00:00,86163.25,86163.25,85985.515625,86039.4140625,0
2025-12-15 23:00:00+00:00,86426.40625,86426.40625,86204.9375,86238.8125,0
2025-12-15 23:15:00+00:00,86181.2109375,86438.28125,86155.390625,86438.28125,350052352
2025-12-15 23:30:00+00:00,86423.84375,86426.03125,86193.6953125,86209.40625,1066422272
2025-12-15 23:45:00+00:00,86422.1875,86444.1484375,86331.21875,86444.1484375,304762880
2025-12-16 00:00:00+00:00,86291.2890625,86496.2890625,86291.2890625,86424.4375,39718912
2025-12-16 00:15:00+00:00,86349.375,86395.1015625,86263.0078125,86316.8515625,0
2025-12-16 00:30:00+00:00,86139.1875,86345.3984375,86101.953125,86345.3984375,80261120
2025-12-16 00:45:00+00:00,85874.703125,86132.0703125,85874.703125,86132.0703125,98852864
2025-12-16 01:00:00+00:00,86095.328125,86111.40625,85773.46875,85773.46875,426192896
2025-12-16 01:15:00+00:00,85874.03125,86139.359375,85874.03125,86101.53125,254713856
2025-12-16 01:30:00+00:00,85789.03125,85985.015625,85696.125,85890.734375,54112256
2025-12-16 01:45:00+00:00,85904.03125,85906.4375,85783.0625,85848.9921875,147075072
2025-12-16 02:00:00+00:00,85987.78125,86006.2421875,85868.0546875,85913.15625,109559808
2025-12-16 02:15:00+00:00,86190.53125,86190.765625,85889.3359375,85981.9140625,156143616
2025-12-16 02:30:00+00:00,86150.6171875,86187.5,86078.875,86183.4375,756158464
2025-12-16 02:45:00+00:00,85878.828125,86129.8359375,85834.234375,86106.1484375,94531584
2025-12-16 03:00:00+00:00,85730.875,86002.703125,85730.875,85923.265625,1301540864
2025-12-16 03:15:00+00:00,85608.3046875,85756.703125,85608.3046875,85720.6015625,205647872
2025-12-16 03:30:00+00:00,85745.5,85784.1796875,85568.0546875,85691.8828125,445419520
2025-12-16 03:45:00+00:00,85837.78125,85845.7421875,85750.1796875,85750.1796875,1577168896
2025-12-16 04:00:00+00:00,85803.0703125,85862.765625,85788.4609375,85837.78125,280252416
2025-12-16 04:15:00+00:00,85626.625,85804.2265625,85626.625,85804.2265625,277553152
2025-12-16 04:30:00+00:00,85643.3203125,85666.5390625,85485.6640625,85634.921875,260440064
2025-12-16 04:45:00+00:00,85800.59375,85802.6640625,85381.6875,85623.09375,1088593920
2025-12-16 05:00:00+00:00,85873.140625,85940.65625,85804.640625,85804.640625,273289216
2025-12-16 05:15:00+00:00,85975.6171875,85975.6171875,85842.703125,85842.703125,134361088
2025-12-16 05:30:00+00:00,86074.125,86080.0859375,85952.890625,85966.5703125,238002176
2025-12-16 05:45:00+00:00,85996.9921875,86160.6484375,85985.0625,86155.8515625,78344192
2025-12-16 06:00:00+00:00,86205.1796875,86269.359375,86008.203125,86008.203125,180215808
2025-12-16 06:15:00+00:00,86375.1796875,86414.5078125,86205.2890625,86205.2890625,1547628544
2025-12-16 06:30:00+00:00,86390.6640625,86442.1640625,86361.734375,86394.9296875,27508736
2025-12-16 06:45:00+00:00,86542.5625,86556.953125,86413.2890625,86413.2890625,224272384
2025-12-16 07:00:00+00:00,86413.9765625,86563.328125,86413.9765625,86496.9921875,263647232
2025-12-16 07:15:00+00:00,86202.6171875,86305.40625,86142.3203125,86305.40625,380669952
2025-12-16 07:30:00+00:00,85910.5859375,86208.8828125,85910.5859375,86200.625,303058944
2025-12-16 07:45:00+00:00,86039.8125,86081.8515625,85891.96875,85891.96875,1523564544
2025-12-16 08:00:00+00:00,86199.59375,86199.59375,85967.171875,86007.2109375,249180160
2025-12-16 08:15:00+00:00,86173.1640625,86203.21875,86083.8671875,86153.4609375,1419911168
2025-12-16 08:30:00+00:00,86242.2265625,86262.4921875,86104.3203125,86262.4921875,72105984
2025-12-16 08:45:00+00:00,86234.78125,86310.078125,86226.4921875,86262.6796875,208261120
2025-12-16 09:00:00+00:00,86324.8671875,86331.5390625,86243.8984375,86266.1953125,106594304
2025-12-16 09:15:00+00:00,86231.6328125,86348.3359375,86209.6484375,86326.4921875,206348288
2025-12-16 09:30:00+00:00,86327.640625,86380.1328125,86245.1796875,86253.2265625,76136448
2025-12-16 09:45:00+00:00,86323.8828125,86382.390625,86245.765625,86347.6796875,43966464
2025-12-16 10:00:00+00:00,86430.6953125,86430.6953125,86304.5546875,86331.8203125,60538880
2025-12-16 10:15:00+00:00,86421.078125,86476.390625,86372.9140625,86428.671875,98586624
2025-12-16 10:30:00+00:00,87239.9296875,87239.9296875,86391.375,86392.515625,148934656
2025-12-16 10:45:00+00:00,87051.265625,87288.140625,86872.5234375,87121.28125,877146112
2025-12-16 11:00:00+00:00,86888.46875,86916.3046875,86852.6484375,86893.1171875,322207744
2025-12-16 11:15:00+00:00,87038.9140625,87080.71875,86950.1171875,86950.1171875,420270080
2025-12-16 11:30:00+00:00,87088.6171875,87251.3359375,87042.8203125,87106.25,50208768
2025-12-16 11:45:00+00:00,87278.96875,87291.6484375,87025.96875,87084.0703125,382636032
2025-12-16 12:00:00+00:00,87288.7578125,87293.6953125,87210.0625,87245.671875,220909568
2025-12-16 12:15:00+00:00,87135.640625,87255.5234375,87122.4296875,87227.8984375,27889664
2025-12-16 12:30:00+00:00,87183.7890625,87195.7421875,87079.46875,87132.96875,310087680
2025-12-16 12:45:00+00:00,87210.5625,87409.9765625,87161.4609375,87228.9140625,183128064
2025-12-16 13:00:00+00:00,87126.1875,87235.03125,87091.125,87220.4609375,1498693632
2025-12-16 13:15:00+00:00,87332.46875,87377.1328125,87237.5703125,87237.5703125,182108160
2025-12-16 13:30:00+00:00,87108.609375,87527.84375,86944.828125,87406.2578125,1028141056
2025-12-16 13:45:00+00:00,86548.96875,87012.03125,86548.96875,86899.40625,1327132672
2025-12-16 14:00:00+00:00,86704.8359375,86884.2890625,86272.8125,86507.453125,1749446656
2025-12-16 14:15:00+00:00,86952.015625,87058.5625,86826.484375,86827.8828125,618803200
2025-12-16 14:30:00+00:00,87044.234375,87325.328125,86934.15625,86934.15625,652980224
2025-12-16 14:45:00+00:00,87215.671875,87517.765625,86904.7734375,86904.7734375,1264500736
2025-12-16 15:00:00+00:00,87174.609375,87376.2734375,87026.5390625,87255.0625,811450368
2025-12-16 15:15:00+00:00,87144.796875,87263.5390625,86993.84375,87263.5390625,0
2025-12-16 15:30:00+00:00,87166.9296875,87303.875,87099.15625,87184.640625,96153600
2025-12-16 15:45:00+00:00,87875.8828125,88108.234375,87299.921875,87299.921875,1443176448
2025-12-16 16:00:00+00:00,87706.65625,87950.71875,87706.65625,87950.71875,313470976
2025-12-16 16:15:00+00:00,87919.3203125,87992.578125,87608.8125,87667.2578125,154091520
2025-12-16 16:30:00+00:00,87466.6328125,87838.1875,87421.5703125,87751.84375,0
2025-12-16 16:45:00+00:00,87626.015625,87705.84375,87464.8515625,87521.90625,0
2025-12-16 17:00:00+00:00,87710.9609375,87764.4296875,87569.9296875,87605.359375,306671616
2025-12-16 17:15:00+00:00,87321.140625,87801.640625,87293.84375,87801.640625,317612032
2025-12-16 17:30:00+00:00,87149.078125,87466.78125,87149.078125,87410.1875,1224302592
2025-12-16 17:45:00+00:00,87142.9453125,87221.3828125,87142.9453125,87213.015625,0
2025-12-16 18:00:00+00:00,87507.3125,87507.3125,87064.734375,87111.7890625,97968128
2025-12-16 18:15:00+00:00,87385.2265625,87487.1328125,87303.3359375,87474.2890625,174039040
2025-12-16 18:30:00+00:00,87841.5625,87889.8203125,87389.8359375,87389.8359375,0
2025-12-16 18:45:00+00:00,87730.515625,87975.828125,87723.75,87885.4375,1404416000
2025-12-16 19:00:00+00:00,87347.3359375,87746.9921875,87347.3359375,87746.9921875,0
2025-12-16 19:15:00+00:00,87321.2578125,87401.90625,87284.5625,87284.5625,199024640
2025-12-16 19:30:00+00:00,87519.140625,87590.15625,87405.6953125,87443.0390625,49766400
2025-12-16 19:45:00+00:00,87613.0234375,87754.5625,87539.203125,87539.203125,0
2025-12-16 20:00:00+00:00,87481.75,87630.953125,87424.84375,87581.15625,35545088
2025-12-16 20:15:00+00:00,87526.4140625,87566.8828125,87354.046875,87488.5,1194115072
2025-12-16 20:30:00+00:00,87760.4921875,87760.4921875,87530.4296875,87530.4296875,0
2025-12-16 20:45:00+00:00,87656.7421875,87778.1484375,87607.6484375,87755.1171875,78458880
2025-12-16 21:00:00+00:00,87623.1640625,87679.5390625,87498.7890625,87615.640625,12791808
2025-12-16 21:15:00+00:00,87688.3203125,87725.0390625,87602.15625,87640.6015625,132726784
2025-12-16 21:30:00+00:00,87889.1328125,87915.609375,87676.1484375,87676.1484375,0
2025-12-16 21:45:00+00:00,87763.109375,87885.140625,87749.0859375,87853.734375,198283264
2025-12-16 22:00:00+00:00,87751.265625,87868.8984375,87751.265625,87765.171875,24096768
2025-12-16 22:15:00+00:00,87801.9140625,87813.015625,87636.0234375,87636.0234375,270913536
2025-12-16 22:30:00+00:00,87871.96875,87883.3203125,87807.546875,87875.78125,86089728
2025-12-16 22:45:00+00:00,87757.2109375,87877.21875,87757.2109375,87877.21875,191164416
2025-12-16 23:00:00+00:00,87694.2109375,87818.4453125,87688.4765625,87772.9453125,88920064
2025-12-16 23:15:00+00:00,87603.15625,87802.203125,87603.15625,87718.8828125,0
2025-12-16 23:30:00+00:00,87768.4453125,87768.4453125,87647.0546875,87657.296875,0
2025-12-16 23:45:00+00:00,87848.2421875,87850.40625,87748.4921875,87791.8046875,0
2025-12-17 00:00:00+00:00,87586.2421875,87842.8671875,87586.2421875,87842.8671875,988565504
2025-12-17 00:15:00+00:00,87502.8984375,87601.890625,87479.9140625,87529.6640625,16453632
2025-12-17 00:30:00+00:00,87427.671875,87522.0234375,87426.109375,87483.5703125,256032768
2025-12-17 00:45:00+00:00,87526.046875,87555.03125,87415.8671875,87415.8671875,0
2025-12-17 01:00:00+00:00,87650.2109375,87657.96875,87536.7890625,87536.7890625,0
2025-12-17 01:15:00+00:00,87732.9765625,87888.8359375,87603.9609375,87603.9609375,1354444800
2025-12-17 01:30:00+00:00,87598.4140625,87837.2734375,87598.4140625,87818.2265625,59760640
2025-12-17 01:45:00+00:00,87517.6875,87622.6796875,87484.6640625,87562.5625,137707520
2025-12-17 02:00:00+00:00,87308.6484375,87547.5234375,87308.6484375,87532.8984375,185659392
2025-12-17 02:15:00+00:00,87368.9921875,87368.9921875,87200.109375,87258.8671875,1210220544
2025-12-17 02:30:00+00:00,87383.5,87383.5,87252.3125,87320.546875,143044608
2025-12-17 02:45:00+00:00,87457.0234375,87560.7109375,87366.0859375,87366.0859375,14950400
2025-12-17 03:00:00+00:00,87462.234375,87580.9765625,87462.234375,87463.953125,0
2025-12-17 03:15:00+00:00,87381.4140625,87449.8984375,87381.4140625,87449.4609375,950685696
2025-12-17 03:30:00+00:00,87290.5,87350.9375,87193.8359375,87325.296875,8658944
2025-12-17 03:45:00+00:00,87185.2109375,87267.21875,87177.265625,87251.09375,0
2025-12-17 04:00:00+00:00,87323.4921875,87357.15625,87210.3828125,87210.3828125,151187456
2025-12-17 04:15:00+00:00,87042.7734375,87310.7265625,86991.6484375,87310.7265625,1075896320
2025-12-17 04:30:00+00:00,86909.6796875,87073.5625,86889.0,87043.78125,105881600
2025-12-17 04:45:00+00:00,86777.421875,86848.1484375,86746.40625,86848.1484375,66383872
2025-12-17 05:00:00+00:00,86656.34375,86762.515625,86430.5078125,86762.515625,86753280
2025-12-17 05:15:00+00:00,86292.5234375,86625.3671875,86229.78125,86609.640625,155705344
2025-12-17 05:30:00+00:00,86441.9140625,86441.9140625,86236.703125,86414.4453125,265101312
2025-12-17 05:45:00+00:00,86602.9140625,86674.4296875,86437.1640625,86466.6328125,221802496
2025-12-17 06:00:00+00:00,86855.4140625,86935.7421875,86583.359375,86605.6484375,929210368
2025-12-17 06:15:00+00:00,86897.921875,86933.6328125,86821.8125,86843.90625,215842816
2025-12-17 06:30:00+00:00,86774.1171875,86902.4296875,86752.921875,86878.8984375,70811648
2025-12-17 06:45:00+00:00,86741.2734375,86779.46875,86727.4140625,86767.703125,1137250304
2025-12-17 07:00:00+00:00,86667.4296875,86799.2734375,86663.2265625,86743.6484375,0
2025-12-17 07:15:00+00:00,86706.9296875,86709.515625,86592.4453125,86639.703125,0
2025-12-17 07:30:00+00:00,87019.9296875,87071.4921875,86710.765625,86710.765625,131166208
2025-12-17 07:45:00+00:00,87032.375,87032.375,86924.46875,86990.25,77852672
2025-12-17 08:00:00+00:00,86809.9140625,87024.109375,86809.9140625,87024.109375,958156800
2025-12-17 08:15:00+00:00,86501.171875,86807.6171875,86501.171875,86807.6171875,120471552
2025-12-17 08:30:00+00:00,86439.59375,86527.28125,86398.7421875,86504.578125,316215296
2025-12-17 08:45:00+00:00,86348.0546875,86454.6484375,86313.46875,86454.6484375,59826176
2025-12-17 09:00:00+00:00,86434.0234375,86461.53125,86337.03125,86365.984375,349876224
2025-12-17 09:15:00+00:00,86278.7421875,86560.203125,86265.609375,86457.7734375,0
2025-12-17 09:30:00+00:00,86411.5,86411.5,86237.71875,86270.421875,151371776
2025-12-17 09:45:00+00:00,86408.046875,86437.7890625,86404.2265625,86421.046875,127275008
2025-12-17 10:00:00+00:00,86628.484375,86628.484375,86290.140625,86406.921875,53780480
2025-12-17 10:15:00+00:00,86626.8203125,86700.6640625,86526.0859375,86667.734375,121815040
2025-12-17 10:30:00+00:00,86691.8515625,86734.0078125,86497.078125,86576.8515625,231145472
2025-12-17 10:45:00+00:00,86582.0234375,86784.59375,86554.8046875,86695.3203125,0
2025-12-17 11:00:00+00:00,86813.296875,86813.296875,86566.7421875,86600.9921875,7139328
2025-12-17 11:15:00+00:00,86782.0234375,86831.53125,86772.75,86826.4375,54496899072
2025-12-17 11:30:00+00:00,86861.734375,86887.2421875,86772.953125,86774.03125,0
2025-12-17 11:45:00+00:00,86952.9765625,87080.6953125,86844.28125,86864.1640625,210546688
2025-12-17 12:00:00+00:00,87100.546875,87165.5078125,86953.8359375,86953.8359375,172556288
2025-12-17 12:15:00+00:00,86984.265625,87118.296875,86984.265625,87097.21875,78200832
2025-12-17 12:30:00+00:00,86990.6484375,87057.078125,86990.6484375,87057.078125,213217280
2025-12-17 12:45:00+00:00,86994.59375,87038.59375,86835.2734375,86839.5546875,902561792
2025-12-17 13:00:00+00:00,87033.328125,87169.921875,86973.7265625,86998.2265625,104239104
2025-12-17 13:15:00+00:00,87046.6015625,87046.6015625,86826.59375,86873.078125,0
2025-12-17 13:30:00+00:00,87205.0703125,87248.8046875,87051.921875,87051.921875,608264192
2025-12-17 13:45:00+00:00,87636.28125,87676.1015625,87346.0859375,87346.0859375,22171648
2025-12-17 14:00:00+00:00,87632.2578125,87675.703125,87494.1796875,87618.9453125,0
2025-12-17 14:15:00+00:00,87681.6015625,87809.921875,87618.96875,87618.96875,931215360
2025-12-17 14:30:00+00:00,87420.4921875,87863.4765625,87420.4921875,87699.015625,0
2025-12-17 14:45:00+00:00,89451.8046875,89451.8046875,87194.9609375,87445.671875,363659264
2025-12-17 15:00:00+00:00,90043.265625,90197.6875,89524.5,89524.5,2569297920
2025-12-17 15:15:00+00:00,89834.9296875,90234.7734375,89661.0625,90194.296875,766992384
2025-12-17 15:30:00+00:00,88706.453125,89959.875,88706.453125,89878.125,485675008
2025-12-17 15:45:00+00:00,87302.0546875,88634.390625,87302.0546875,88634.390625,1038471168
2025-12-17 16:00:00+00:00,87333.9375,87693.265625,87222.421875,87222.421875,1379807232
2025-12-17 16:15:00+00:00,86409.328125,87033.515625,86360.3125,87033.515625,564195328
2025-12-17 16:30:00+00:00,86460.1796875,86574.65625,86163.265625,86317.3984375,759463936
2025-12-17 16:45:00+00:00,86909.4375,86909.4375,86489.015625,86593.328125,306995200
2025-12-17 17:00:00+00:00,86717.2890625,86913.578125,86530.28125,86913.578125,382697472
2025-12-17 17:15:00+00:00,86952.296875,87042.3046875,86651.3515625,86651.3515625,316370944
2025-12-17 17:30:00+00:00,86499.8203125,86872.4921875,86499.8203125,86872.4921875,0
2025-12-17 17:45:00+00:00,86422.5234375,86526.140625,86311.8984375,86339.3203125,319971328
2025-12-17 18:00:00+00:00,86556.09375,86785.1171875,86394.6875,86394.6875,117596160
2025-12-17 18:15:00+00:00,86437.9921875,86651.4921875,86437.9921875,86507.0859375,1132658688
2025-12-17 18:30:00+00:00,85807.1015625,86500.640625,85807.1015625,86455.328125,94797824
2025-12-17 18:45:00+00:00,85754.4453125,85934.546875,85735.890625,85934.546875,3103666176
2025-12-17 19:00:00+00:00,85430.8671875,85793.1640625,85344.1796875,85793.1640625,497995776
2025-12-17 19:15:00+00:00,85695.015625,85851.6015625,85513.75,85516.71875,1378922496
2025-12-17 19:30:00+00:00,85592.0078125,85788.6015625,85429.453125,85681.015625,199303168
2025-12-17 19:45:00+00:00,85976.78125,86112.2109375,85737.3515625,85737.3515625,590176256
2025-12-17 20:00:00+00:00,85663.2734375,85986.8203125,85635.21875,85986.8203125,0
2025-12-17 20:15:00+00:00,86074.03125,86168.734375,85731.4609375,85731.4609375,1466720256
2025-12-17 20:30:00+00:00,86046.2734375,86101.875,85882.6328125,86101.875,209907712
2025-12-17 20:45:00+00:00,85852.1484375,86120.6015625,85838.203125,86078.328125,267718656
2025-12-17 21:00:00+00:00,86004.515625,86004.515625,85836.9140625,85836.9140625,1093197824
2025-12-17 21:15:00+00:00,85790.6640625,85977.890625,85758.6015625,85977.890625,171892736
2025-12-17 21:30:00+00:00,85833.8203125,85872.4609375,85713.6015625,85803.734375,1141166080
2025-12-17 21:45:00+00:00,85950.6640625,85975.375,85845.9375,85869.203125,233631744
2025-12-17 22:00:00+00:00,86060.890625,86060.890625,85907.859375,85945.2109375,344973312
2025-12-17 22:15:00+00:00,86350.875,86350.875,85996.0625,86040.984375,519880704
2025-12-17 22:30:00+00:00,86160.6796875,86245.515625,86103.828125,86218.171875,17907712
2025-12-17 22:45:00+00:00,86298.7265625,86338.1015625,86114.2890625,86160.96875,148799488
2025-12-17 23:00:00+00:00,86054.2734375,86305.0078125,86054.2734375,86305.0078125,1174007808
2025-12-17 23:15:00+00:00,85965.90625,86034.6171875,85947.3203125,85982.4921875,185200640
2025-12-17 23:30:00+00:00,86080.6015625,86080.6015625,85930.3203125,85997.8671875,26644480
2025-12-17 23:45:00+00:00,86105.1328125,86127.8671875,86042.203125,86070.046875,239534080
2025-12-18 00:00:00+00:00,86157.0390625,86206.5078125,86089.8671875,86196.7890625,202940416
2025-12-18 00:15:00+00:00,86105.96875,86182.265625,86039.640625,86144.9140625,0
2025-12-18 00:30:00+00:00,86155.0859375,86272.6484375,86138.375,86214.5703125,0
2025-12-18 00:45:00+00:00,86203.75,86237.6171875,86123.1015625,86132.6875,380227584
2025-12-18 01:00:00+00:00,85933.0234375,86202.46875,85848.5,86202.46875,0
2025-12-18 01:15:00+00:00,85995.5625,86018.2890625,85893.65625,85941.25,450613248
2025-12-18 01:30:00+00:00,86098.984375,86107.1953125,85965.84375,85977.890625,6008832
2025-12-18 01:45:00+00:00,86097.6953125,86149.640625,86008.921875,86110.6171875,408940544
2025-12-18 02:00:00+00:00,86488.46875,86488.46875,86037.40625,86095.859375,228999168
2025-12-18 02:15:00+00:00,86408.21875,86736.5390625,86303.0625,86459.21875,219742208
2025-12-18 02:30:00+00:00,86605.5625,86605.5625,86396.4296875,86396.4296875,861233152
2025-12-18 02:45:00+00:00,86641.4375,86710.3515625,86617.8203125,86666.609375,250269696
2025-12-18 03:00:00+00:00,86593.515625,86636.34375,86524.75,86550.265625,575193088
2025-12-18 03:15:00+00:00,86358.2265625,86593.515625,86334.328125,86593.515625,104325120
2025-12-18 03:30:00+00:00,86494.3359375,86513.421875,86254.765625,86328.53125,1817899008
2025-12-18 03:45:00+00:00,86554.53125,86609.9921875,86479.796875,86479.796875,357724160
2025-12-18 04:00:00+00:00,86691.4921875,86773.359375,86583.875,86583.875,163307520
2025-12-18 04:15:00+00:00,86810.0390625,86848.9375,86694.4453125,86703.7109375,1297584128
2025-12-18 04:30:00+00:00,86829.359375,86857.8359375,86799.859375,86827.3046875,126255104
2025-12-18 04:45:00+00:00,86733.515625,86814.078125,86733.515625,86814.078125,315420672
2025-12-18 05:00:00+00:00,86612.578125,86727.9765625,86612.578125,86727.9765625,316628992
2025-12-18 05:15:00+00:00,86530.5234375,86602.765625,86517.609375,86588.6796875,139845632
2025-12-18 05:30:00+00:00,86651.1796875,86694.8671875,86485.4453125,86528.8046875,0
2025-12-18 05:45:00+00:00,86394.859375,86644.4375,86360.46875,86644.4375,485433344
2025-12-18 06:00:00+00:00,86506.953125,86506.953125,86392.3515625,86397.921875,0
2025-12-18 06:15:00+00:00,86455.0,86550.3828125,86407.6015625,86514.7890625,189906944
2025-12-18 06:30:00+00:00,86467.5390625,86479.625,86403.2734375,86440.1953125,7835648
2025-12-18 06:45:00+00:00,86592.9375,86592.9375,86414.7109375,86451.8203125,250159104
2025-12-18 07:00:00+00:00,86767.8359375,86794.609375,86590.421875,86636.453125,201056256
2025-12-18 07:15:00+00:00,86791.0859375,86820.03125,86783.890625,86790.375,257806336
2025-12-18 07:30:00+00:00,86700.046875,86823.0234375,86682.328125,86803.1171875,212848640
2025-12-18 07:45:00+00:00,86772.3515625,86772.3515625,86695.8359375,86710.25,192987136
2025-12-18 08:00:00+00:00,86696.15625,86843.46875,86674.5703125,86796.6328125,467587072
2025-12-18 08:15:00+00:00,86886.296875,86951.2578125,86745.03125,86745.03125,0
2025-12-18 08:30:00+00:00,87017.7734375,87017.7734375,86936.7421875,86963.609375,1296609280
2025-12-18 08:45:00+00:00,86946.1015625,87036.234375,86936.21875,86988.1953125,429101056
2025-12-18 09:00:00+00:00,86845.3515625,86942.5546875,86829.6640625,86942.5546875,33898496
2025-12-18 09:15:00+00:00,86962.390625,86989.7890625,86775.515625,86775.515625,120209408
2025-12-18 09:30:00+00:00,87220.2578125,87220.2578125,86980.1640625,86980.1640625,184778752
2025-12-18 09:45:00+00:00,87257.828125,87327.046875,87257.828125,87327.046875,646889472
2025-12-18 10:00:00+00:00,87327.90625,87367.78125,87222.6171875,87242.3359375,166383616
2025-12-18 10:15:00+00:00,87352.0234375,87352.0234375,87250.6328125,87300.171875,118460416
2025-12-18 10:30:00+00:00,87265.5703125,87389.9140625,87265.5703125,87343.0859375,214257664
2025-12-18 10:45:00+00:00,87255.8359375,87298.84375,87218.3125,87285.9609375,42110976
2025-12-18 11:00:00+00:00,87147.5390625,87291.1953125,87128.1171875,87281.8828125,418164736
2025-12-18 11:15:00+00:00,87119.296875,87119.296875,87071.96875,87101.453125,5083136
2025-12-18 11:30:00+00:00,87119.0390625,87205.0,87105.515625,87132.09375,14135296
2025-12-18 11:45:00+00:00,87220.5234375,87222.453125,87105.2265625,87105.2265625,395616256
2025-12-18 12:00:00+00:00,87126.0390625,87285.2265625,87126.0390625,87271.328125,74256384
2025-12-18 12:15:00+00:00,87103.390625,87177.1171875,87103.390625,87119.796875,177598464
2025-12-18 12:30:00+00:00,87337.8984375,87355.9375,87135.0,87135.0,224747520
2025-12-18 12:45:00+00:00,87181.09375,87352.75,87130.8359375,87340.9453125,65536
2025-12-18 13:00:00+00:00,87863.859375,87863.859375,87313.1640625,87313.1640625,390729728
2025-12-18 13:15:00+00:00,87595.5234375,87846.984375,87587.7578125,87846.984375,234741760
2025-12-18 13:30:00+00:00,88695.46875,88695.46875,87600.5078125,87600.5078125,1339117568
2025-12-18 13:45:00+00:00,88797.2890625,89106.109375,88711.4140625,88711.4140625,2028699648
2025-12-18 14:00:00+00:00,88334.53125,89283.6640625,88302.390625,88935.765625,343654400
2025-12-18 14:15:00+00:00,88475.7265625,88626.4453125,88145.25,88145.25,2131066880
2025-12-18 14:30:00+00:00,88006.4375,88819.3828125,88006.4375,88477.046875,813277184
2025-12-18 14:45:00+00:00,88299.4140625,88360.9453125,87784.625,87784.625,1458843648
2025-12-18 15:00:00+00:00,88033.359375,88561.6171875,88033.359375,88369.046875,0
2025-12-18 15:15:00+00:00,88531.578125,88531.578125,88058.5390625,88058.5390625,137613312
2025-12-18 15:30:00+00:00,89194.7421875,89279.9609375,88358.0703125,88358.0703125,234061824
2025-12-18 15:45:00+00:00,88502.203125,89037.1484375,88489.703125,89037.1484375,71782400
2025-12-18 16:00:00+00:00,88325.1640625,88466.8203125,88280.5078125,88447.6328125,0
2025-12-18 16:15:00+00:00,87913.5,88318.9609375,87913.5,88220.65625,116695040
2025-12-18 16:30:00+00:00,88249.1640625,88340.0078125,88046.0546875,88046.0546875,491765760
2025-12-18 16:45:00+00:00,87928.2421875,88245.1796875,87900.78125,88191.4296875,221503488
2025-12-18 17:00:00+00:00,86386.2734375,87900.3125,86386.2734375,87900.3125,416780288
2025-12-18 17:15:00+00:00,85923.578125,86319.015625,85479.0234375,86319.015625,1932267520
2025-12-18 17:30:00+00:00,86329.171875,86370.9609375,85650.828125,85650.828125,704786432
2025-12-18 17:45:00+00:00,86302.8359375,86515.421875,86172.4921875,86334.75,1651580928
2025-12-18 18:00:00+00:00,86738.25,86738.25,86331.78125,86420.046875,323854336
2025-12-18 18:15:00+00:00,86262.1640625,86687.3828125,86262.1640625,86687.3828125,494391296
2025-12-18 18:30:00+00:00,86522.4453125,86570.3203125,86318.6484375,86469.9765625,617336832
2025-12-18 18:45:00+00:00,85972.5546875,86488.5859375,85824.640625,86488.5859375,578764800
2025-12-18 19:00:00+00:00,85605.71875,85890.25,85550.7421875,85890.25,416026624
2025-12-18 19:15:00+00:00,85640.5,85640.5,85251.96875,85602.9609375,1510338560
2025-12-18 19:30:00+00:00,84817.015625,85738.6640625,84817.015625,85738.6640625,122118144
2025-12-18 19:45:00+00:00,84542.4453125,84724.6171875,84485.53125,84711.6171875,2307403776
2025-12-18 20:00:00+00:00,85154.109375,85154.109375,84460.9765625,84460.9765625,1792143360
2025-12-18 20:15:00+00:00,84888.7734375,85120.9921875,84888.7734375,85120.9921875,760643584
2025-12-18 20:30:00+00:00,84997.0234375,85045.0546875,84706.7265625,84849.3125,315281408
2025-12-18 20:45:00+00:00,84765.296875,85027.7109375,84730.5703125,84977.21875,558886912
2025-12-18 21:00:00+00:00,85093.40625,85185.171875,84994.25,85134.09375,1998966784
2025-12-18 21:15:00+00:00,85250.796875,85252.7265625,85101.0703125,85105.6640625,173600768
2025-12-18 21:30:00+00:00,85224.3203125,85666.7109375,85186.515625,85416.171875,371265536
2025-12-18 21:45:00+00:00,85600.0703125,85610.6015625,85283.9296875,85283.9296875,460296192
2025-12-18 22:00:00+00:00,85483.3828125,85600.2734375,85483.3828125,85583.328125,639705088
2025-12-18 22:15:00+00:00,85383.1875,85419.2734375,85285.1640625,85337.578125,921600
2025-12-18 22:30:00+00:00,85576.046875,85626.15625,85453.6328125,85453.6328125,367398912
2025-12-18 22:45:00+00:00,85570.890625,85649.9140625,85488.2734375,85562.8828125,182366208
2025-12-18 23:00:00+00:00,85522.5234375,85544.578125,85293.8125,85544.578125,157560832
2025-12-18 23:15:00+00:00,85397.5234375,85561.8046875,85337.125,85561.8046875,3260416
2025-12-18 23:30:00+00:00,85400.796875,85522.75,85397.234375,85437.21875,1921024
2025-12-18 23:45:00+00:00,85447.734375,85447.734375,85345.6171875,85422.234375,31293440
2025-12-19 00:00:00+00:00,85452.4296875,85535.90625,85363.8046875,85463.296875,233512960
2025-12-19 00:15:00+00:00,85397.3203125,85495.9453125,85378.734375,85439.921875,39526400
2025-12-19 00:30:00+00:00,85258.5078125,85390.09375,85258.5078125,85382.9453125,232574976
2025-12-19 00:45:00+00:00,85539.0703125,85539.0703125,85282.421875,85293.15625,99295232
2025-12-19 01:00:00+00:00,85372.0625,85552.5078125,85337.7265625,85552.5078125,538103808
2025-12-19 01:15:00+00:00,85306.0625,85465.5625,85284.6875,85402.3984375,0
2025-12-19 01:30:00+00:00,85269.3671875,85305.078125,85134.5859375,85227.140625,412311552
2025-12-19 01:45:00+00:00,85317.0859375,85354.015625,85134.0625,85295.1328125,235139072
2025-12-19 02:00:00+00:00,85256.0703125,85289.609375,85114.8828125,85289.609375,219549696
2025-12-19 02:15:00+00:00,85457.8359375,85457.8359375,85185.265625,85245.2578125,175845376
2025-12-19 02:30:00+00:00,85541.2265625,85541.2265625,85360.1875,85451.8515625,282292224
2025-12-19 02:45:00+00:00,85660.546875,85847.609375,85532.96875,85532.96875,113950720
2025-12-19 03:00:00+00:00,86391.1484375,86391.1484375,85578.90625,85578.90625,958603264
2025-12-19 03:15:00+00:00,87030.078125,87030.078125,86145.9453125,86308.046875,248614912
2025-12-19 03:30:00+00:00,86976.0,87489.6171875,86833.9609375,87226.59375,2799099904
2025-12-19 03:45:00+00:00,86761.8046875,87211.203125,86722.1796875,87050.046875,1465417728
2025-12-19 04:00:00+00:00,87189.640625,87223.7734375,86789.3828125,86789.3828125,684552192
2025-12-19 04:15:00+00:00,87073.0859375,87288.6328125,87051.46875,87288.6328125,1245913088
2025-12-19 04:30:00+00:00,86919.5546875,87099.5625,86919.5546875,86980.125,370130944
2025-12-19 04:45:00+00:00,87043.8984375,87044.28125,86921.953125,86921.953125,897060864
2025-12-19 05:00:00+00:00,86910.1796875,87100.453125,86823.4453125,87032.0390625,27893760
2025-12-19 05:15:00+00:00,86713.28125,86957.484375,86701.421875,86957.484375,415993856
2025-12-19 05:30:00+00:00,86861.5546875,86877.6484375,86660.9296875,86713.078125,311619584
2025-12-19 05:45:00+00:00,87048.6875,87156.9296875,86841.5703125,86841.5703125,450932736
2025-12-19 06:00:00+00:00,87011.859375,87109.0546875,86966.625,87054.8515625,162635776
2025-12-19 06:15:00+00:00,86963.2265625,87002.640625,86885.859375,87002.640625,383823872
2025-12-19 06:30:00+00:00,87010.6484375,87022.3828125,86918.0546875,86967.40625,197099520
2025-12-19 06:45:00+00:00,87290.609375,87318.6328125,87045.828125,87070.5546875,420409344
2025-12-19 07:00:00+00:00,88199.8671875,88295.3046875,87398.1171875,87398.1171875,2809884672
2025-12-19 07:15:00+00:00,87846.0078125,88096.171875,87782.5234375,88096.171875,921280512
2025-12-19 07:30:00+00:00,87740.625,87888.609375,87699.8046875,87888.609375,380375040
2025-12-19 07:45:00+00:00,87899.90625,87951.28125,87736.078125,87738.5625,165339136
2025-12-19 08:00:00+00:00,87906.8671875,88051.5625,87815.296875,87893.8828125,171999232
2025-12-19 08:15:00+00:00,87766.1640625,87930.5625,87766.1640625,87912.7109375,491339776
2025-12-19 08:30:00+00:00,87851.484375,88056.3984375,87702.75,87709.1171875,787734528
2025-12-19 08:45:00+00:00,88097.6484375,88127.4375,87862.3671875,87862.3671875,236560384
2025-12-19 09:00:00+00:00,87916.75,88051.5078125,87916.75,88051.5078125,1546551296
2025-12-19 09:15:00+00:00,88019.1484375,88019.1484375,87868.6484375,87900.8671875,1665884160
2025-12-19 09:30:00+00:00,87967.890625,88018.6171875,87939.640625,88003.84375,18677760
2025-12-19 09:45:00+00:00,88015.984375,88027.2421875,87963.921875,87985.234375,323497984
2025-12-19 10:00:00+00:00,88109.953125,88190.015625,88023.46875,88051.140625,471875584
2025-12-19 10:15:00+00:00,87988.5546875,88174.8671875,87918.796875,88129.46875,372080640
2025-12-19 10:30:00+00:00,88011.671875,88043.53125,87892.640625,87900.734375,396148736
2025-12-19 10:45:00+00:00,88237.09375,88237.09375,88021.3828125,88021.3828125,226451456
2025-12-19 11:00:00+00:00,88314.3125,88314.3125,88121.4453125,88230.515625,1095991296
2025-12-19 11:15:00+00:00,88249.1171875,88308.5859375,88146.09375,88292.5546875,589213696
2025-12-19 11:30:00+00:00,88252.2578125,88290.109375,88164.0546875,88262.53125,94523392
2025-12-19 11:45:00+00:00,88158.4375,88268.59375,88158.4375,88252.671875,65011712
2025-12-19 12:00:00+00:00,88088.265625,88188.4375,87906.6640625,88147.6484375,37404672
2025-12-19 12:15:00+00:00,87987.6640625,88173.2890625,87969.8671875,88148.546875,979849216
2025-12-19 12:30:00+00:00,87988.1171875,87990.53125,87944.34375,87983.34375,165720064
2025-12-19 12:45:00+00:00,87907.0078125,88088.453125,87859.78125,87980.4609375,341237760
2025-12-19 13:00:00+00:00,87946.015625,87981.3359375,87828.5390625,87828.5390625,277970944
2025-12-19 13:15:00+00:00,87968.6640625,87976.546875,87872.953125,87956.625,579371008
2025-12-19 13:30:00+00:00,88040.1328125,88093.6328125,87802.6484375,87993.296875,0
2025-12-19 13:45:00+00:00,87945.6484375,88046.90625,87883.1796875,88046.90625,1788846080
2025-12-19 14:00:00+00:00,88159.6875,88159.6875,87899.421875,87945.9609375,0
2025-12-19 14:15:00+00:00,88030.5625,88186.6015625,87927.5,88141.2109375,0
2025-12-19 14:30:00+00:00,87924.8515625,88055.328125,87567.078125,87934.296875,89616384
2025-12-19 14:45:00+00:00,88094.3203125,88439.8046875,87935.6484375,88439.8046875,391847936
2025-12-19 15:00:00+00:00,88654.4296875,88654.4296875,87988.0,88135.0703125,167477248
2025-12-19 15:15:00+00:00,88123.25,89313.359375,88123.25,88711.984375,1508360192
2025-12-19 15:30:00+00:00,87949.109375,88312.765625,87926.640625,88140.546875,84901888
2025-12-19 15:45:00+00:00,87873.5234375,88023.2421875,87744.703125,88023.2421875,631926784
2025-12-19 16:00:00+00:00,88339.9609375,88399.7265625,87939.203125,87939.203125,1934807040
2025-12-19 16:15:00+00:00,88371.203125,88371.203125,88235.125,88367.0625,257019904
2025-12-19 16:30:00+00:00,88474.2734375,88755.9453125,88386.171875,88386.171875,201752576
2025-12-19 16:45:00+00:00,87944.4453125,88463.453125,87924.78125,88463.453125,197476352
2025-12-19 17:00:00+00:00,88097.3359375,88154.0390625,87851.9375,87926.3359375,1651671040
2025-12-19 17:15:00+00:00,87938.140625,88233.96875,87938.140625,88062.671875,1185579008
2025-12-19 17:30:00+00:00,87166.9375,87595.5546875,86977.9609375,87595.5546875,553058304
2025-12-19 17:45:00+00:00,87302.953125,87329.484375,86890.7578125,87085.25,362246144
2025-12-19 18:00:00+00:00,87103.8984375,87115.4453125,86858.1796875,86918.34375,1776300032
2025-12-19 18:15:00+00:00,87301.9296875,87351.375,87125.3203125,87156.015625,247570432
2025-12-19 18:30:00+00:00,86976.171875,87307.453125,86958.609375,87297.2890625,0
2025-12-19 18:45:00+00:00,87163.515625,87234.7734375,86920.1875,86958.75,90243072
2025-12-19 19:00:00+00:00,87273.1484375,87307.4375,87097.421875,87099.3203125,0
2025-12-19 19:15:00+00:00,87595.6875,87674.90625,87295.1484375,87322.515625,0
2025-12-19 19:30:00+00:00,87871.265625,87910.5390625,87575.9609375,87602.9296875,744517632
2025-12-19 19:45:00+00:00,87817.0390625,87969.96875,87794.8671875,87904.515625,25276416
2025-12-19 20:00:00+00:00,87678.421875,87892.3984375,87593.0546875,87790.046875,109178880
2025-12-19 20:15:00+00:00,87935.9140625,88105.8046875,87677.7890625,87718.4765625,146046976
2025-12-19 20:30:00+00:00,88082.8515625,88288.6328125,87865.1171875,87961.9453125,424583168
2025-12-19 20:45:00+00:00,87909.09375,88222.4921875,87909.09375,88009.7734375,129781760
2025-12-19 21:00:00+00:00,87899.0625,87940.7421875,87860.1015625,87938.2265625,1341288448
2025-12-19 21:15:00+00:00,87954.1640625,87960.21875,87847.953125,87856.125,287649792
2025-12-19 21:30:00+00:00,87898.28125,87987.03125,87884.140625,87930.9609375,0
2025-12-19 21:45:00+00:00,87760.1875,87893.6171875,87760.1875,87867.1640625,1221165056
2025-12-19 22:00:00+00:00,87992.8359375,88126.34375,87779.5390625,87779.5390625,0
2025-12-19 22:15:00+00:00,88157.625,88249.0625,88000.3359375,88000.3359375,368275456
2025-12-19 22:30:00+00:00,88337.6640625,88339.921875,88169.84375,88169.84375,119279616
2025-12-19 22:45:00+00:00,88244.1328125,88339.2109375,88178.0546875,88339.2109375,1264300032
2025-12-19 23:00:00+00:00,88249.5546875,88268.0625,88201.453125,88268.0625,0
2025-12-19 23:15:00+00:00,88281.9296875,88294.1484375,88212.1015625,88224.515625,39268352
2025-12-19 23:30:00+00:00,88185.5078125,88281.2421875,88118.7109375,88281.2421875,125845504
2025-12-19 23:45:00+00:00,88104.1875,88178.859375,88099.9921875,88174.4609375,222703616
2025-12-20 00:00:00+00:00,88093.7421875,88108.0546875,87981.578125,88098.40625,490016768
2025-12-20 00:15:00+00:00,88128.953125,88132.34375,88049.3671875,88093.1796875,1254608896
2025-12-20 00:30:00+00:00,88036.453125,88128.9296875,88027.625,88128.9296875,0
2025-12-20 00:45:00+00:00,87981.296875,88039.03125,87924.875,88037.875,1648091136
2025-12-20 01:00:00+00:00,88059.015625,88059.2734375,87979.59375,87979.59375,77639680
2025-12-20 01:15:00+00:00,88120.4453125,88122.5703125,88052.9921875,88052.9921875,42897408
2025-12-20 01:30:00+00:00,88016.2890625,88104.4453125,88016.2890625,88104.4453125,223424512
2025-12-20 01:45:00+00:00,88025.375,88077.2734375,88008.234375,88008.234375,0
2025-12-20 02:00:00+00:00,88015.328125,88035.703125,87976.21875,88032.8828125,170541056
2025-12-20 02:15:00+00:00,88079.5390625,88103.375,88011.15625,88011.15625,1194024960
2025-12-20 02:30:00+00:00,88240.0625,88240.0625,88072.703125,88076.203125,260956160
2025-12-20 02:45:00+00:00,88161.390625,88244.171875,88151.4453125,88244.171875,129990656
2025-12-20 03:00:00+00:00,88182.6171875,88216.2734375,88169.7109375,88169.7109375,0
2025-12-20 03:15:00+00:00,88249.6484375,88249.6484375,88147.390625,88147.390625,0
2025-12-20 03:30:00+00:00,88258.0859375,88306.1640625,88255.3359375,88255.3359375,0
2025-12-20 03:45:00+00:00,88192.0078125,88262.3046875,88174.796875,88262.3046875,0
2025-12-20 04:00:00+00:00,88113.40625,88198.1953125,88097.0546875,88181.5234375,0
2025-12-20 04:15:00+00:00,88152.90625,88152.90625,88098.2578125,88099.8515625,0
2025-12-20 04:30:00+00:00,88240.3984375,88271.484375,88190.5546875,88190.5546875,255598592
2025-12-20 04:45:00+00:00,88224.125,88276.953125,88220.171875,88236.890625,0
2025-12-20 05:00:00+00:00,88295.421875,88295.421875,88255.7265625,88260.75,53817344
2025-12-20 05:15:00+00:00,88346.640625,88428.734375,88313.4296875,88313.4296875,178511872
2025-12-20 05:30:00+00:00,88431.40625,88450.6796875,88344.8359375,88365.3203125,0
2025-12-20 05:45:00+00:00,88262.6953125,88381.7578125,88262.6953125,88381.7578125,7626752
2025-12-20 06:00:00+00:00,88388.96875,88388.96875,88244.5625,88261.625,172478464
2025-12-20 06:15:00+00:00,88334.3671875,88399.0078125,88334.3671875,88398.5625,35975168
2025-12-20 06:30:00+00:00,88276.65625,88344.0234375,88268.6875,88344.0234375,97165312
2025-12-20 06:45:00+00:00,88256.359375,88297.46875,88255.421875,88268.8125,0
2025-12-20 07:00:00+00:00,88239.890625,88284.859375,88213.1015625,88261.9375,0
2025-12-20 07:15:00+00:00,88201.28125,88265.171875,88171.875,88239.8046875,0
2025-12-20 07:30:00+00:00,88165.8515625,88200.796875,88156.25,88168.2578125,0
2025-12-20 07:45:00+00:00,88217.40625,88217.40625,88162.7421875,88166.875,50900992
2025-12-20 08:00:00+00:00,88283.15625,88326.484375,88218.359375,88218.359375,0
2025-12-20 08:15:00+00:00,88328.859375,88366.921875,88274.171875,88274.171875,16314368
2025-12-20 08:30:00+00:00,88339.3828125,88377.5390625,88309.625,88314.9140625,31850496
2025-12-20 08:45:00+00:00,88248.25,88312.5390625,88243.7421875,88312.5390625,54931456
2025-12-20 09:00:00+00:00,88255.0625,88255.0625,88196.6171875,88205.984375,0
2025-12-20 09:15:00+00:00,88275.2109375,88295.6953125,88255.6796875,88255.6796875,6426624
2025-12-20 09:30:00+00:00,88231.5859375,88293.390625,88231.5859375,88268.3125,0
2025-12-20 09:45:00+00:00,88203.1640625,88230.6953125,88203.1640625,88230.6953125,0
2025-12-20 10:00:00+00:00,88219.9453125,88219.9453125,88164.609375,88185.4375,0
2025-12-20 10:15:00+00:00,88103.6953125,88218.75,88093.015625,88218.453125,1223354368
2025-12-20 10:30:00+00:00,88135.8046875,88135.8046875,88111.296875,88135.421875,0
2025-12-20 10:45:00+00:00,88121.890625,88160.0703125,88104.9765625,88141.9609375,42721280
2025-12-20 11:00:00+00:00,88099.9296875,88120.4375,88082.484375,88120.4375,0
2025-12-20 11:15:00+00:00,88230.46875,88234.203125,88094.5546875,88094.703125,104022016
2025-12-20 11:30:00+00:00,88228.453125,88242.296875,88186.4140625,88224.9921875,59297792
2025-12-20 11:45:00+00:00,88254.078125,88256.0234375,88221.4765625,88238.3359375,0
2025-12-20 12:00:00+00:00,88237.6171875,88279.078125,88217.8046875,88239.15625,0
2025-12-20 12:15:00+00:00,88191.0234375,88233.03125,88185.2109375,88233.03125,95811584
2025-12-20 12:30:00+00:00,88157.1640625,88176.4296875,88154.7421875,88174.7421875,17123328
2025-12-20 12:45:00+00:00,88208.6328125,88208.6328125,88157.6953125,88162.203125,4634624
2025-12-20 13:00:00+00:00,88112.6171875,88273.5,88077.25,88213.484375,96796672
2025-12-20 13:15:00+00:00,88011.8828125,88109.9140625,87953.9375,88109.9140625,1119619072
2025-12-20 13:30:00+00:00,88118.4140625,88128.484375,87987.3984375,87987.3984375,0
2025-12-20 13:45:00+00:00,88203.9609375,88215.421875,88156.8046875,88156.8046875,7096320
2025-12-20 14:00:00+00:00,88064.796875,88225.6015625,87993.6484375,88225.6015625,685041664
2025-12-20 14:15:00+00:00,88062.4375,88076.9609375,88034.078125,88057.203125,47757312
2025-12-20 14:30:00+00:00,88133.265625,88133.265625,88067.359375,88067.359375,0
2025-12-20 14:45:00+00:00,88215.15625,88220.34375,88140.6015625,88140.6015625,0
2025-12-20 15:00:00+00:00,88154.5234375,88213.8984375,88146.6796875,88213.8515625,0
2025-12-20 15:15:00+00:00,88019.5546875,88161.09375,88014.59375,88161.09375,0
2025-12-20 15:30:00+00:00,88127.5,88130.5625,88052.9140625,88052.9140625,0
2025-12-20 15:45:00+00:00,88148.1640625,88148.6953125,88122.4609375,88122.4609375,0
2025-12-20 16:00:00+00:00,88163.484375,88170.1796875,88136.234375,88163.40625,0
2025-12-20 16:15:00+00:00,88145.484375,88162.96875,88141.3828125,88157.90625,0
2025-12-20 16:30:00+00:00,88100.234375,88142.25,88099.5703125,88142.25,0
2025-12-20 16:45:00+00:00,88114.2265625,88125.8984375,88094.8359375,88094.8359375,0
2025-12-20 17:00:00+00:00,88121.015625,88162.09375,88086.0546875,88144.15625,0
2025-12-20 17:15:00+00:00,88199.1484375,88206.9921875,88121.9609375,88127.7421875,0
2025-12-20 17:30:00+00:00,88163.359375,88197.8359375,88144.109375,88197.8359375,0
2025-12-20 17:45:00+00:00,88139.3515625,88191.2265625,88139.3515625,88157.03125,0
2025-12-20 18:00:00+00:00,88122.8828125,88171.53125,88117.734375,88146.2734375,0
2025-12-20 18:15:00+00:00,88161.421875,88166.796875,88124.1328125,88124.1328125,0
2025-12-20 18:30:00+00:00,88156.203125,88166.6796875,88151.1171875,88163.5546875,0
2025-12-20 18:45:00+00:00,88304.6328125,88337.6015625,88153.1640625,88153.8046875,13873152
2025-12-20 19:00:00+00:00,88269.0,88273.953125,88196.2578125,88273.953125,0
2025-12-20 19:15:00+00:00,88233.6640625,88269.421875,88210.9375,88269.421875,0
2025-12-20 19:30:00+00:00,88201.375,88233.1484375,88201.375,88233.1484375,0
2025-12-20 19:45:00+00:00,88190.2109375,88205.71875,88179.015625,88199.421875,0
2025-12-20 20:00:00+00:00,88222.9609375,88222.9609375,88178.390625,88185.4453125,0
2025-12-20 20:15:00+00:00,88256.7578125,88256.7578125,88224.0078125,88228.796875,0
2025-12-20 20:30:00+00:00,88210.9453125,88248.265625,88203.859375,88238.75,0
2025-12-20 20:45:00+00:00,88245.984375,88246.5390625,88198.171875,88208.203125,0
2025-12-20 21:00:00+00:00,88275.140625,88285.734375,88240.640625,88243.046875,0
2025-12-20 21:15:00+00:00,88271.046875,88362.8515625,88271.046875,88278.734375,31450112
2025-12-20 21:30:00+00:00,88262.3515625,88273.265625,88261.2421875,88271.3828125,37897216
2025-12-20 21:45:00+00:00,88170.328125,88257.71875,88170.328125,88257.71875,37864448
2025-12-20 22:00:00+00:00,88142.3515625,88208.09375,88142.3515625,88207.6015625,0
2025-12-20 22:15:00+00:00,88181.625,88183.234375,88118.7734375,88148.78125,28872704
2025-12-20 22:30:00+00:00,88255.7421875,88255.7421875,88190.5625,88190.5625,339606528
2025-12-20 22:45:00+00:00,88294.9453125,88294.9453125,88226.1328125,88230.03125,0
2025-12-20 23:00:00+00:00,88278.53125,88287.640625,88231.6875,88268.703125,346211328
2025-12-20 23:15:00+00:00,88262.96875,88320.3984375,88246.6875,88286.375,0
2025-12-20 23:30:00+00:00,88253.046875,88272.9453125,88253.046875,88264.421875,7371776
2025-12-20 23:45:00+00:00,88351.671875,88373.46875,88285.4453125,88296.8359375,5099520
2025-12-21 00:00:00+00:00,88302.015625,88348.59375,88277.8828125,88339.9609375,344258560
2025-12-21 00:15:00+00:00,88376.1328125,88378.90625,88297.3203125,88297.3203125,96564224
2025-12-21 00:30:00+00:00,88298.828125,88387.328125,88287.1640625,88374.640625,61833216
2025-12-21 00:45:00+00:00,88320.03125,88324.34375,88296.65625,88307.71875,25573376
2025-12-21 01:00:00+00:00,88268.4296875,88367.140625,88268.4296875,88367.140625,0
2025-12-21 01:15:00+00:00,88272.4296875,88290.9765625,88271.6484375,88277.3359375,0
2025-12-21 01:30:00+00:00,88046.4140625,88265.9453125,88046.4140625,88265.9453125,67576832
2025-12-21 01:45:00+00:00,88027.7578125,88115.046875,88027.7578125,88063.875,107556864
2025-12-21 02:00:00+00:00,87981.8046875,88044.4765625,87981.8046875,88000.640625,134885376
2025-12-21 02:15:00+00:00,87889.140625,88000.2890625,87889.140625,88000.2890625,519226368
2025-12-21 02:30:00+00:00,87935.1015625,87989.921875,87909.0703125,87933.34375,47314944
2025-12-21 02:45:00+00:00,87921.0546875,87958.9921875,87870.3671875,87916.625,66195456
2025-12-21 03:00:00+00:00,88005.0859375,88040.375,87924.1640625,87924.1640625,71627776
2025-12-21 03:15:00+00:00,88067.0390625,88112.328125,87997.09375,87999.953125,30047232
2025-12-21 03:30:00+00:00,88021.1328125,88086.359375,88017.125,88067.1328125,59320320
2025-12-21 03:45:00+00:00,88044.75,88044.75,88020.8828125,88021.9296875,23440384
2025-12-21 04:00:00+00:00,88051.6875,88104.2890625,88036.953125,88038.3828125,58576896
2025-12-21 04:15:00+00:00,88103.9453125,88103.9453125,88049.484375,88049.484375,29171712
2025-12-21 04:30:00+00:00,88066.0625,88105.0625,88066.0625,88100.203125,10675200
2025-12-21 04:45:00+00:00,88040.6796875,88060.765625,88031.09375,88060.765625,3144704
2025-12-21 05:00:00+00:00,88054.6875,88063.875,88036.390625,88041.28125,0
2025-12-21 05:15:00+00:00,88099.75,88120.34375,88049.140625,88120.34375,21891072
2025-12-21 05:30:00+00:00,88095.6015625,88115.4453125,88090.1640625,88106.078125,0
2025-12-21 05:45:00+00:00,88111.515625,88111.515625,88070.1953125,88092.953125,0
2025-12-21 06:00:00+00:00,88151.9765625,88158.0546875,88110.390625,88110.390625,10217472
2025-12-21 06:15:00+00:00,88138.7578125,88177.2578125,88131.6640625,88163.25,21839872
2025-12-21 06:30:00+00:00,88087.390625,88149.625,88087.390625,88142.1328125,107273216
2025-12-21 06:45:00+00:00,88067.3359375,88098.6953125,88063.3359375,88092.2734375,55303168
2025-12-21 07:00:00+00:00,88090.1640625,88109.765625,88063.84375,88063.84375,31313920
2025-12-21 07:15:00+00:00,88095.3125,88096.828125,88082.015625,88082.015625,0
2025-12-21 07:30:00+00:00,88052.84375,88097.796875,88052.84375,88087.296875,0
2025-12-21 07:45:00+00:00,88104.828125,88106.734375,88040.625,88040.625,91857920
2025-12-21 08:00:00+00:00,88131.28125,88150.984375,88128.5625,88129.6328125,36187136
2025-12-21 08:15:00+00:00,88225.8046875,88225.8046875,88128.2421875,88128.2421875,114579456
2025-12-21 08:30:00+00:00,88546.2421875,88546.2421875,88229.3203125,88229.3203125,119739392
2025-12-21 08:45:00+00:00,88532.265625,88576.7265625,88453.328125,88573.21875,389429248
2025-12-21 09:00:00+00:00,88631.4921875,88674.8515625,88504.4296875,88592.8203125,247691264
2025-12-21 09:15:00+00:00,88660.1015625,88725.7890625,88613.9921875,88628.3203125,481839104
2025-12-21 09:30:00+00:00,88791.9375,88801.9375,88636.1875,88639.296875,235381760
2025-12-21 09:45:00+00:00,88842.46875,89011.0859375,88794.0625,88794.0625,325274624
2025-12-21 10:00:00+00:00,88756.1875,88919.984375,88756.1875,88917.625,75513856
2025-12-21 10:15:00+00:00,88725.1484375,88793.4140625,88720.8984375,88741.09375,123920384
2025-12-21 10:30:00+00:00,88724.5234375,88755.609375,88565.765625,88723.4765625,153001984
2025-12-21 10:45:00+00:00,88617.765625,88698.3671875,88605.671875,88698.3671875,20425728
2025-12-21 11:00:00+00:00,88626.046875,88631.8671875,88562.9921875,88622.9296875,192498688
2025-12-21 11:15:00+00:00,88657.953125,88708.84375,88601.4375,88622.046875,58213376
2025-12-21 11:30:00+00:00,88596.359375,88665.328125,88586.3125,88654.265625,3382272
2025-12-21 11:45:00+00:00,88585.8359375,88596.7734375,88576.109375,88589.1171875,67529728
2025-12-21 12:00:00+00:00,88735.046875,88744.671875,88591.1484375,88591.1484375,74438656
2025-12-21 12:15:00+00:00,88798.9375,88878.453125,88732.0078125,88732.0078125,65305600
2025-12-21 12:30:00+00:00,88609.8046875,88844.6953125,88609.8046875,88797.2421875,111303680
2025-12-21 12:45:00+00:00,88556.2734375,88606.28125,88514.1171875,88606.28125,239984640
2025-12-21 13:00:00+00:00,88441.046875,88637.9375,88334.3125,88601.6328125,181057536
2025-12-21 13:15:00+00:00,88217.15625,88368.1796875,88203.109375,88368.1796875,52557824
2025-12-21 13:30:00+00:00,87880.90625,88209.0390625,87830.390625,88209.0390625,553645056
2025-12-21 13:45:00+00:00,87643.1015625,87907.390625,87624.03125,87907.390625,692920320
2025-12-21 14:00:00+00:00,87860.4765625,88106.1484375,87666.40625,87666.40625,194641920
2025-12-21 14:15:00+00:00,87842.6953125,87975.6875,87841.4296875,87870.6171875,251387904
2025-12-21 14:30:00+00:00,88006.0078125,88008.78125,87845.75,87893.625,171425792
2025-12-21 14:45:00+00:00,88018.5234375,88035.7734375,87946.203125,88023.0234375,22575104
2025-12-21 15:00:00+00:00,87991.171875,88027.7578125,87896.2265625,88027.7578125,146771968
2025-12-21 15:15:00+00:00,87864.0078125,87928.28125,87802.8046875,87926.625,12687360
2025-12-21 15:30:00+00:00,87951.515625,88043.46875,87866.2734375,87866.2734375,126062592
2025-12-21 15:45:00+00:00,88039.1875,88219.46875,87946.65625,87958.3515625,181354496
2025-12-21 16:00:00+00:00,88052.6796875,88097.4453125,87982.703125,88042.78125,36292608
2025-12-21 16:15:00+00:00,88207.1875,88306.3125,87987.3125,88035.5703125,35301376
2025-12-21 16:30:00+00:00,88164.3984375,88219.8984375,88161.65625,88219.8984375,565729280
2025-12-21 16:45:00+00:00,88303.6875,88303.6875,88160.828125,88160.828125,151298048
2025-12-21 17:00:00+00:00,88404.9375,88404.9375,88326.8515625,88331.9296875,198653952
2025-12-21 17:15:00+00:00,88269.25,88447.09375,88269.25,88392.46875,20932608
2025-12-21 17:30:00+00:00,88356.796875,88356.796875,88274.703125,88282.546875,140247040
2025-12-21 17:45:00+00:00,88296.5234375,88365.8671875,88291.8671875,88349.3828125,78014464
2025-12-21 18:00:00+00:00,87978.6796875,88293.28125,87978.6796875,88293.28125,76539904
2025-12-21 18:15:00+00:00,88069.4375,88075.8828125,87957.515625,87957.515625,167114752
2025-12-21 18:30:00+00:00,88249.140625,88253.734375,88095.5078125,88095.5078125,668178432
2025-12-21 18:45:00+00:00,88410.96875,88410.96875,88247.3046875,88249.34375,11120640
2025-12-21 19:00:00+00:00,88352.4609375,88474.0859375,88351.34375,88474.0859375,64192512
2025-12-21 19:15:00+00:00,88335.3671875,88364.6640625,88335.3671875,88348.0625,65492992
2025-12-21 19:30:00+00:00,88391.3125,88391.3125,88241.5,88342.1875,65851392
2025-12-21 19:45:00+00:00,88482.203125,88530.125,88349.84375,88390.4453125,635932672
2025-12-21 20:00:00+00:00,88310.9609375,88485.9609375,88310.9609375,88462.3515625,63535104
2025-12-21 20:15:00+00:00,88304.1640625,88312.484375,88266.1796875,88297.4765625,69861376
2025-12-21 20:30:00+00:00,88282.328125,88293.078125,88267.0,88291.0,69175296
2025-12-21 20:45:00+00:00,88216.046875,88276.1796875,88216.046875,88275.6875,70193152
2025-12-21 21:00:00+00:00,88250.7578125,88253.546875,88183.7734375,88216.9140625,19527680
2025-12-21 21:15:00+00:00,88335.203125,88340.546875,88247.3125,88247.3125,45867008
2025-12-21 21:30:00+00:00,88238.484375,88342.7890625,88238.484375,88334.5625,62466048
2025-12-21 21:45:00+00:00,88137.4296875,88218.1171875,88108.7890625,88218.1171875,92174336
2025-12-21 22:00:00+00:00,88299.34375,88299.34375,88112.2578125,88112.2578125,24573952
2025-12-21 22:15:00+00:00,88330.6171875,88416.546875,88231.015625,88356.5703125,15861760
2025-12-21 22:30:00+00:00,88397.046875,88444.859375,88321.0859375,88334.0703125,435427328
2025-12-21 22:45:00+00:00,88445.3046875,88445.3046875,88368.46875,88391.1015625,117823488
2025-12-21 23:00:00+00:00,88524.6171875,88711.84375,88445.3046875,88445.3046875,132601856
2025-12-21 23:15:00+00:00,88482.5859375,88597.9921875,88482.5859375,88515.171875,287531008
2025-12-21 23:30:00+00:00,88460.7734375,88539.0234375,88360.8828125,88441.1015625,125872128
2025-12-21 23:45:00+00:00,88610.0234375,88619.40625,88469.8359375,88469.8359375,95232000
2025-12-22 00:00:00+00:00,89295.578125,89295.578125,88621.6640625,88621.6640625,300800000
2025-12-22 00:15:00+00:00,88946.8046875,89577.7109375,88828.734375,89542.109375,636467200
2025-12-22 00:30:00+00:00,89061.546875,89134.7578125,88847.953125,88994.9140625,719532032
2025-12-22 00:45:00+00:00,88837.7578125,89146.8203125,88837.7578125,89089.3984375,160286720
2025-12-22 01:00:00+00:00,88948.6484375,88979.546875,88639.453125,88639.453125,1272082432
2025-12-22 01:15:00+00:00,89043.8671875,89043.8671875,88948.53125,88948.53125,666224640
2025-12-22 01:30:00+00:00,89129.625,89220.96875,89000.9140625,89000.9140625,103749632
2025-12-22 01:45:00+00:00,88641.953125,89123.7265625,88564.359375,89123.7265625,63084544
2025-12-22 02:00:00+00:00,88276.6796875,88641.8125,88013.03125,88641.8125,283199488
2025-12-22 02:15:00+00:00,88346.53125,88402.9921875,88140.6875,88168.5703125,555808768
2025-12-22 02:30:00+00:00,88349.4921875,88519.0546875,88311.9453125,88311.9453125,40042496
2025-12-22 02:45:00+00:00,88443.0078125,88510.765625,88352.4140625,88352.4140625,120788992
2025-12-22 03:00:00+00:00,88575.9140625,88603.578125,88321.3828125,88433.671875,98236416
2025-12-22 03:15:00+00:00,88723.65625,88761.53125,88550.140625,88560.6953125,80531456
2025-12-22 03:30:00+00:00,88677.1875,88775.640625,88607.953125,88747.171875,269707264
2025-12-22 03:45:00+00:00,88758.171875,88759.671875,88659.5703125,88674.9765625,223877120
2025-12-22 04:00:00+00:00,88750.0390625,88801.5546875,88702.5859375,88783.2734375,42115072
2025-12-22 04:15:00+00:00,88916.0390625,88982.3828125,88743.6796875,88743.6796875,87277568
2025-12-22 04:30:00+00:00,88958.421875,88958.421875,88820.421875,88917.6015625,679372800
2025-12-22 04:45:00+00:00,88907.1171875,88986.2109375,88826.2890625,88964.328125,130086912
2025-12-22 05:00:00+00:00,88801.0,88935.3984375,88801.0,88881.8828125,122996736
2025-12-22 05:15:00+00:00,88783.015625,88839.4921875,88760.9765625,88812.28125,618967040
2025-12-22 05:30:00+00:00,88892.734375,88949.046875,88762.015625,88762.015625,105289728
2025-12-22 05:45:00+00:00,88811.2890625,88959.125,88811.2890625,88890.2578125,254222336
2025-12-22 06:00:00+00:00,88711.453125,88831.96875,88711.453125,88798.5859375,17457152
2025-12-22 06:15:00+00:00,88796.3046875,88877.3203125,88720.234375,88720.234375,289957888
2025-12-22 06:30:00+00:00,88901.8125,88901.8125,88802.3359375,88802.3359375,63485952
2025-12-22 06:45:00+00:00,88924.828125,88945.03125,88874.7265625,88945.03125,172748800
2025-12-22 07:00:00+00:00,89087.8046875,89116.3359375,88887.2109375,88887.2109375,784236544
2025-12-22 07:15:00+00:00,89097.9296875,89112.875,89058.7734375,89112.875,158763008
2025-12-22 07:30:00+00:00,89108.703125,89144.6328125,89067.234375,89079.0625,245790720
2025-12-22 07:45:00+00:00,89093.9765625,89108.265625,89008.2421875,89108.265625,384026624
2025-12-22 08:00:00+00:00,89088.7578125,89218.421875,89088.1640625,89118.734375,175407104
2025-12-22 08:15:00+00:00,89817.203125,89817.203125,89132.3515625,89132.3515625,459257856
2025-12-22 08:30:00+00:00,89666.6328125,89771.546875,89545.1796875,89771.546875,528820224
2025-12-22 08:45:00+00:00,89290.5078125,89700.484375,89289.046875,89700.484375,93609984
2025-12-22 09:00:00+00:00,89342.0234375,89408.6484375,89280.1171875,89280.4375,651931648
2025-12-22 09:15:00+00:00,89557.5,89557.5,89298.1015625,89298.1015625,49573888
2025-12-22 09:30:00+00:00,89481.9609375,89665.8359375,89478.34375,89548.8046875,137533440
2025-12-22 09:45:00+00:00,89726.6015625,89744.5546875,89556.15625,89571.1328125,51189760
2025-12-22 10:00:00+00:00,89641.859375,89792.2265625,89601.796875,89792.2265625,161159168
2025-12-22 10:15:00+00:00,89733.6328125,89734.578125,89638.8515625,89638.8515625,121628672
2025-12-22 10:30:00+00:00,89725.46875,89763.1015625,89680.109375,89687.546875,36335616
2025-12-22 10:45:00+00:00,89763.6015625,89801.625,89754.2578125,89770.15625,149147648
2025-12-22 11:00:00+00:00,89749.234375,89789.5078125,89702.6171875,89745.140625,204095488
2025-12-22 11:15:00+00:00,89796.9140625,89825.796875,89633.796875,89757.9921875,81444864
2025-12-22 11:30:00+00:00,89793.9375,89975.671875,89782.53125,89806.03125,759277568
2025-12-22 11:45:00+00:00,89919.90625,89989.4453125,89836.4453125,89836.4453125,436719616
2025-12-22 12:00:00+00:00,90051.546875,90051.546875,89915.8828125,89915.8828125,143484928
2025-12-22 12:15:00+00:00,90261.078125,90261.078125,90045.1171875,90045.1171875,398858240
2025-12-22 12:30:00+00:00,90045.7109375,90372.2109375,90045.7109375,90260.1875,716431360
2025-12-22 12:45:00+00:00,90233.796875,90246.375,90072.7265625,90074.703125,167376896
2025-12-22 13:00:00+00:00,90122.671875,90285.5078125,90120.34375,90186.359375,6369280
2025-12-22 13:15:00+00:00,90064.3671875,90119.4765625,89991.046875,90119.4765625,0
2025-12-22 13:30:00+00:00,89796.4453125,90089.1875,89783.9140625,90089.1875,635023360
2025-12-22 13:45:00+00:00,89875.0234375,89892.6796875,89725.3359375,89725.3359375,3684352
2025-12-22 14:00:00+00:00,89955.5390625,90098.5625,89889.5625,89889.5625,0
2025-12-22 14:15:00+00:00,90027.515625,90121.7265625,89955.0625,89955.0625,94470144
2025-12-22 14:30:00+00:00,89601.078125,90117.1796875,89520.0703125,89956.09375,1434132480
2025-12-22 14:45:00+00:00,90079.375,90151.4140625,89773.0078125,89830.0703125,1323563008
2025-12-22 15:00:00+00:00,89744.3125,90299.828125,89744.3125,90096.3203125,339890176
2025-12-22 15:15:00+00:00,89501.1015625,89779.140625,89316.046875,89644.9609375,544083968
2025-12-22 15:30:00+00:00,89247.9921875,89616.140625,89219.296875,89616.140625,643141632
2025-12-22 15:45:00+00:00,89738.3046875,89817.171875,89296.265625,89370.6875,1063104512
2025-12-22 16:00:00+00:00,89870.984375,89870.984375,89690.6171875,89715.3671875,787200000
2025-12-22 16:15:00+00:00,90056.9765625,90056.9765625,89816.71875,89816.71875,906688512
2025-12-22 16:30:00+00:00,89663.8515625,90054.203125,89542.671875,90054.203125,347938816
2025-12-22 16:45:00+00:00,89565.0234375,89668.453125,89527.6484375,89619.21875,109225984
2025-12-22 17:00:00+00:00,89247.0078125,89499.6484375,89140.7109375,89499.6484375,0
2025-12-22 17:15:00+00:00,89337.328125,89337.328125,89119.90625,89246.515625,1244987392
2025-12-22 17:30:00+00:00,89387.0859375,89445.0234375,89242.1171875,89315.265625,299380736
2025-12-22 17:45:00+00:00,89264.734375,89333.0625,89189.1171875,89202.3125,254885888
2025-12-22 18:00:00+00:00,89393.53125,89399.828125,89221.9609375,89298.34375,97005568
2025-12-22 18:15:00+00:00,89411.9609375,89459.7109375,89277.7265625,89331.9765625,946255872
2025-12-22 18:30:00+00:00,89432.4921875,89433.921875,89304.3125,89433.921875,127219712
2025-12-22 18:45:00+00:00,89149.2421875,89416.9296875,89149.2421875,89392.859375,105146368
2025-12-22 19:00:00+00:00,88743.265625,89111.0859375,88620.6796875,89111.0859375,1151512576
2025-12-22 19:15:00+00:00,88520.3359375,88820.546875,88492.1328125,88688.5703125,898877440
2025-12-22 19:30:00+00:00,88313.9609375,88558.46875,88302.515625,88495.9140625,399896576
2025-12-22 19:45:00+00:00,88039.9375,88313.5,87975.2265625,88267.6953125,522981376
2025-12-22 20:00:00+00:00,88158.0234375,88184.5,87994.7890625,88034.3359375,464388096
2025-12-22 20:15:00+00:00,88002.5703125,88142.3125,87933.328125,88142.3125,188981248
2025-12-22 20:30:00+00:00,88205.1796875,88205.1796875,87996.765625,87996.765625,534921216
2025-12-22 20:45:00+00:00,88403.3203125,88403.3203125,88121.453125,88323.0859375,369410048
2025-12-22 21:00:00+00:00,88306.15625,88410.0625,88306.15625,88321.2578125,339013632
2025-12-22 21:15:00+00:00,88384.6171875,88384.6171875,88280.0234375,88296.6953125,37679104
2025-12-22 21:30:00+00:00,88543.9921875,88551.3671875,88392.6953125,88392.6953125,292294656
2025-12-22 21:45:00+00:00,88231.4765625,88503.3515625,88213.3828125,88503.3515625,333561856
2025-12-22 22:00:00+00:00,88203.0078125,88237.6484375,88126.546875,88237.6484375,201605120
2025-12-22 22:15:00+00:00,88361.4296875,88381.1875,88237.5546875,88237.5546875,178659328
2025-12-22 22:30:00+00:00,88361.9140625,88374.234375,88291.2734375,88374.234375,327684096
2025-12-22 22:45:00+00:00,88598.8359375,88732.3828125,88323.515625,88323.515625,346169344
2025-12-22 23:00:00+00:00,88593.59375,88621.3515625,88534.1171875,88534.1171875,9535488
2025-12-22 23:15:00+00:00,88593.4453125,88598.84375,88505.890625,88598.84375,136556544
2025-12-22 23:30:00+00:00,88435.171875,88595.578125,88416.4765625,88595.578125,130211840
2025-12-22 23:45:00+00:00,88488.765625,88495.5859375,88395.0703125,88425.359375,50139136
2025-12-23 00:00:00+00:00,88469.4921875,88530.7265625,88455.171875,88530.7265625,0
2025-12-23 00:15:00+00:00,88626.359375,88626.359375,88491.5703125,88494.0546875,0
2025-12-23 00:30:00+00:00,88663.5859375,88857.3046875,88543.6328125,88590.0,183033856
2025-12-23 00:45:00+00:00,88745.96875,88774.8671875,88633.1171875,88633.1171875,116105216
2025-12-23 01:00:00+00:00,88631.5859375,88810.0859375,88615.609375,88729.734375,0
2025-12-23 01:15:00+00:00,88561.703125,88610.1953125,88542.5625,88579.4609375,0
2025-12-23 01:30:00+00:00,88453.4765625,88583.296875,88432.75,88563.21875,271663104
2025-12-23 01:45:00+00:00,88483.4453125,88493.125,88437.140625,88443.1484375,168488960
2025-12-23 02:00:00+00:00,88498.578125,88575.859375,88355.8046875,88471.015625,33120256
2025-12-23 02:15:00+00:00,88695.546875,88695.546875,88517.3125,88517.3125,132116480
2025-12-23 02:30:00+00:00,88250.828125,88681.25,88250.828125,88646.2578125,61833216
2025-12-23 02:45:00+00:00,88155.4609375,88256.5,88124.5703125,88124.5703125,289472512
2025-12-23 03:00:00+00:00,88075.9453125,88151.4921875,87883.34375,88151.4921875,152272896
2025-12-23 03:15:00+00:00,88166.65625,88200.359375,88095.7265625,88095.7265625,566763520
2025-12-23 03:30:00+00:00,88270.4609375,88280.78125,88129.7890625,88157.4609375,84856832
2025-12-23 03:45:00+00:00,88181.9140625,88232.3828125,88137.859375,88232.3828125,1156808704
2025-12-23 04:00:00+00:00,88252.375,88264.1875,88034.09375,88131.7890625,215130112
2025-12-23 04:15:00+00:00,88206.0859375,88304.8671875,88206.0859375,88237.234375,181661696
2025-12-23 04:30:00+00:00,88065.9375,88206.7421875,88031.0703125,88206.7421875,290807808
2025-12-23 04:45:00+00:00,87902.828125,88072.0390625,87902.828125,88056.734375,0
2025-12-23 05:00:00+00:00,87896.125,87909.8125,87823.71875,87909.8125,208875520
2025-12-23 05:15:00+00:00,87957.1640625,87960.296875,87828.0234375,87851.8203125,168509440
2025-12-23 05:30:00+00:00,87710.5625,87948.953125,87595.2734375,87948.953125,469966848
2025-12-23 05:45:00+00:00,87739.828125,87743.5,87612.7265625,87708.28125,274591744
2025-12-23 06:00:00+00:00,87543.609375,87710.90625,87543.609375,87625.6015625,250847232
2025-12-23 06:15:00+00:00,87162.6484375,87544.03125,87061.8203125,87544.03125,1002741760
2025-12-23 06:30:00+00:00,87260.8359375,87260.8359375,87114.0078125,87155.921875,517980160
2025-12-23 06:45:00+00:00,87352.9609375,87430.234375,87243.625,87272.640625,484646912
2025-12-23 07:00:00+00:00,87390.9140625,87462.1875,87348.03125,87348.03125,656445440
2025-12-23 07:15:00+00:00,87533.4140625,87533.4140625,87372.9453125,87375.8359375,1390436352
2025-12-23 07:30:00+00:00,87485.9453125,87555.609375,87467.28125,87535.984375,3057393664
2025-12-23 07:45:00+00:00,87509.3359375,87616.640625,87471.2421875,87471.2421875,1198575616
2025-12-23 08:00:00+00:00,87482.6015625,87583.484375,87461.9453125,87506.2421875,673484800
2025-12-23 08:15:00+00:00,87544.0234375,87609.125,87509.6875,87540.3515625,1611599872
2025-12-23 08:30:00+00:00,87553.5703125,87600.5546875,87533.90625,87570.15625,0
2025-12-23 08:45:00+00:00,87392.890625,87548.7578125,87390.453125,87548.7578125,35598336
2025-12-23 09:00:00+00:00,87513.9140625,87524.7109375,87407.1953125,87407.1953125,48807936
2025-12-23 09:15:00+00:00,87355.046875,87547.40625,87331.1640625,87505.5390625,219553792
2025-12-23 09:30:00+00:00,87411.359375,87411.359375,87268.7265625,87368.8125,0
2025-12-23 09:45:00+00:00,87485.78125,87485.78125,87411.1953125,87417.140625,26533888
2025-12-23 10:00:00+00:00,87481.765625,87560.9375,87469.125,87473.9375,0
2025-12-23 10:15:00+00:00,87561.8515625,87577.0390625,87472.265625,87472.265625,0
2025-12-23 10:30:00+00:00,87548.046875,87562.0625,87485.109375,87562.0625,259002368
2025-12-23 10:45:00+00:00,87553.3515625,87598.6484375,87527.5859375,87539.171875,35336192
2025-12-23 11:00:00+00:00,87634.3515625,87638.3515625,87525.765625,87555.0859375,0
2025-12-23 11:15:00+00:00,87701.84375,87816.3984375,87626.9453125,87627.8671875,1101619200
2025-12-23 11:30:00+00:00,87709.78125,87729.84375,87659.9296875,87711.109375,196968448
2025-12-23 11:45:00+00:00,87819.015625,87819.015625,87764.6328125,87764.6328125,34430976
2025-12-23 12:00:00+00:00,87812.4609375,87862.21875,87695.484375,87809.015625,47079424
2025-12-23 12:15:00+00:00,87618.234375,87789.609375,87618.234375,87789.609375,51650560
2025-12-23 12:30:00+00:00,87824.9609375,87824.9609375,87612.5,87612.5,0
2025-12-23 12:45:00+00:00,87774.171875,87856.984375,87773.953125,87844.9453125,188776448
2025-12-23 13:00:00+00:00,87721.6484375,87759.8515625,87672.1171875,87759.8515625,754229248
2025-12-23 13:15:00+00:00,87646.1171875,87737.4140625,87623.8515625,87729.453125,73256960
2025-12-23 13:30:00+00:00,87629.984375,87814.265625,87434.71875,87777.3984375,540827648
2025-12-23 13:45:00+00:00,87605.765625,87683.1015625,87508.5,87683.1015625,171728896
2025-12-23 14:00:00+00:00,87737.3203125,87737.3203125,87562.90625,87562.90625,22966272
2025-12-23 14:15:00+00:00,87600.640625,87730.75,87555.59375,87730.75,914833408
2025-12-23 14:30:00+00:00,87432.5625,87681.0546875,87303.0546875,87600.03125,141201408
2025-12-23 14:45:00+00:00,86656.34375,87353.7734375,86656.34375,87353.7734375,394981376
2025-12-23 15:00:00+00:00,86877.3828125,87062.359375,86760.140625,86822.3828125,620670976
2025-12-23 15:15:00+00:00,87209.453125,87308.7109375,86895.515625,86895.515625,0
2025-12-23 15:30:00+00:00,87350.953125,87438.9140625,87210.8828125,87210.8828125,252178432
2025-12-23 15:45:00+00:00,87426.453125,87426.453125,87228.7890625,87258.7265625,165654528
2025-12-23 16:00:00+00:00,87666.21875,87909.0078125,87376.0859375,87417.984375,479834112
2025-12-23 16:15:00+00:00,87832.5078125,87945.9375,87685.546875,87685.546875,220594176
2025-12-23 16:30:00+00:00,87825.25,87825.25,87662.7890625,87813.640625,145670144
2025-12-23 16:45:00+00:00,87986.765625,88077.9140625,87784.296875,87788.3046875,1041600512
2025-12-23 17:00:00+00:00,87902.546875,88117.2109375,87902.546875,87966.71875,0
2025-12-23 17:15:00+00:00,87805.2734375,87999.25,87760.6875,87851.03125,0
2025-12-23 17:30:00+00:00,87680.5234375,87824.578125,87650.8828125,87741.84375,399663104
2025-12-23 17:45:00+00:00,87378.0,87729.4765625,87372.65625,87729.4765625,36085760
2025-12-23 18:00:00+00:00,87461.3984375,87461.3984375,87151.1953125,87151.1953125,228163584
2025-12-23 18:15:00+00:00,87784.2421875,87853.828125,87543.1171875,87543.1171875,352284672
2025-12-23 18:30:00+00:00,88072.5703125,88072.5703125,87754.7734375,87772.6015625,321814528
2025-12-23 18:45:00+00:00,87947.7109375,88045.1171875,87880.6015625,88045.1171875,1069305856
2025-12-23 19:00:00+00:00,87814.1328125,87986.5,87770.046875,87933.8125,0
2025-12-23 19:15:00+00:00,87650.8828125,87918.5625,87633.6015625,87817.5234375,159780864
2025-12-23 19:30:00+00:00,87787.0078125,87827.3828125,87628.7421875,87629.0234375,664489984
2025-12-23 19:45:00+00:00,87697.2734375,87807.1484375,87658.234375,87781.34375,676024320
2025-12-23 20:00:00+00:00,87615.375,87709.71875,87518.4140625,87709.71875,720867328
2025-12-23 20:15:00+00:00,87747.7421875,87812.3984375,87592.140625,87592.140625,0
2025-12-23 20:30:00+00:00,88087.2109375,88087.2109375,87674.6484375,87725.1171875,52277248
2025-12-23 20:45:00+00:00,87651.453125,88271.2109375,87651.453125,88174.140625,1071390720
2025-12-23 21:00:00+00:00,87552.859375,87686.6171875,87512.0234375,87657.46875,234819584
2025-12-23 21:15:00+00:00,87732.015625,87794.1953125,87623.96875,87644.5234375,303583232
2025-12-23 21:30:00+00:00,87658.7890625,87757.9453125,87619.65625,87757.9453125,148668416
2025-12-23 21:45:00+00:00,87672.484375,87724.421875,87595.8515625,87724.421875,126799872
2025-12-23 22:00:00+00:00,87443.8203125,87708.8828125,87443.8203125,87669.0078125,64249856
2025-12-23 22:15:00+00:00,87432.8671875,87558.9296875,87373.03125,87449.4296875,322973696
2025-12-23 22:30:00+00:00,87612.3671875,87612.3671875,87293.6953125,87369.390625,66854912
2025-12-23 22:45:00+00:00,87343.171875,87579.0234375,87333.09375,87513.71875,891748352
2025-12-23 23:00:00+00:00,87242.4296875,87358.0859375,87217.5703125,87358.0859375,33177600
2025-12-23 23:15:00+00:00,87358.6875,87358.6875,87174.4921875,87260.6640625,91455488
2025-12-23 23:30:00+00:00,87436.4609375,87454.9140625,87388.1796875,87436.203125,1095016448
2025-12-23 23:45:00+00:00,87404.21875,87446.9296875,87388.8515625,87440.1640625,102580224
2025-12-24 00:00:00+00:00,87355.8515625,87578.046875,87355.8515625,87431.0859375,79224832
2025-12-24 00:15:00+00:00,87270.515625,87374.15625,87239.0625,87347.34375,881573888
2025-12-24 00:30:00+00:00,87450.8125,87450.8125,87247.0625,87294.1640625,99094528
2025-12-24 00:45:00+00:00,87584.7890625,87593.640625,87492.515625,87520.9453125,132345856
2025-12-24 01:00:00+00:00,87669.2734375,87750.0546875,87568.5078125,87603.9921875,193257472
2025-12-24 01:15:00+00:00,87655.71875,87675.28125,87604.3125,87675.28125,168574976
2025-12-24 01:30:00+00:00,87486.1640625,87695.0703125,87486.1640625,87621.171875,82571264
2025-12-24 01:45:00+00:00,87600.0,87603.5546875,87463.390625,87487.6015625,334761984
2025-12-24 02:00:00+00:00,87347.421875,87595.78125,87347.421875,87595.78125,0
2025-12-24 02:15:00+00:00,87344.859375,87401.2578125,87333.65625,87355.9453125,1131081728
2025-12-24 02:30:00+00:00,87187.3984375,87390.8671875,87179.2109375,87390.8671875,405532672
2025-12-24 02:45:00+00:00,87113.875,87136.09375,86912.3359375,87025.265625,99270656
2025-12-24 03:00:00+00:00,86971.28125,87085.3671875,86873.8515625,87085.3671875,818216960
2025-12-24 03:15:00+00:00,87170.828125,87197.84375,86975.609375,86975.8046875,121204736
2025-12-24 03:30:00+00:00,87254.2734375,87270.7109375,87178.1953125,87178.1953125,227164160
2025-12-24 03:45:00+00:00,87287.046875,87337.1171875,87256.796875,87256.796875,273268736
2025-12-24 04:00:00+00:00,87374.921875,87401.4453125,87281.5234375,87286.5234375,18522112
2025-12-24 04:15:00+00:00,87288.9765625,87368.8984375,87273.765625,87368.8984375,156164096
2025-12-24 04:30:00+00:00,87260.578125,87260.578125,87172.78125,87232.8203125,212508672
2025-12-24 04:45:00+00:00,87079.703125,87265.7421875,87077.109375,87241.5546875,6909952
2025-12-24 05:00:00+00:00,87068.546875,87199.2578125,87017.1953125,87079.421875,114040832
2025-12-24 05:15:00+00:00,87134.3359375,87184.875,87013.046875,87046.171875,347082752
2025-12-24 05:30:00+00:00,86871.1328125,87104.765625,86871.1328125,87103.265625,771203072
2025-12-24 05:45:00+00:00,86905.234375,86928.4765625,86755.796875,86800.796875,95318016
2025-12-24 06:00:00+00:00,86834.5078125,86910.2578125,86832.5625,86901.734375,231014400
2025-12-24 06:15:00+00:00,86905.5625,86953.8046875,86794.1796875,86833.09375,0
2025-12-24 06:30:00+00:00,86939.2109375,86985.0703125,86866.9375,86910.484375,102412288
2025-12-24 06:45:00+00:00,86941.0078125,86986.0546875,86931.1484375,86945.4609375,209154048
2025-12-24 07:00:00+00:00,86986.125,86998.7109375,86948.21875,86952.203125,0
2025-12-24 07:15:00+00:00,86945.7734375,87006.7890625,86921.8671875,86990.265625,0
2025-12-24 07:30:00+00:00,87097.5625,87104.390625,86934.375,86934.375,64323584
2025-12-24 07:45:00+00:00,86921.6328125,87092.2890625,86921.6328125,87091.3984375,265068544
2025-12-24 08:00:00+00:00,86932.7578125,86940.2890625,86869.1875,86877.7890625,27852800
2025-12-24 08:15:00+00:00,86820.1640625,86998.0859375,86810.953125,86927.015625,0
2025-12-24 08:30:00+00:00,86837.8046875,86895.8515625,86767.2734375,86859.859375,191109120
2025-12-24 08:45:00+00:00,86749.8125,86902.125,86749.8125,86878.9453125,68532224
2025-12-24 09:00:00+00:00,86783.1015625,86814.8515625,86733.1953125,86733.1953125,139325440
2025-12-24 09:15:00+00:00,86750.5859375,86823.5859375,86750.5859375,86804.8359375,0
2025-12-24 09:30:00+00:00,86770.1484375,86779.390625,86691.9375,86762.234375,117819392
2025-12-24 09:45:00+00:00,86757.4375,86823.796875,86741.7109375,86741.7109375,264767488
2025-12-24 10:00:00+00:00,86988.609375,87006.9921875,86748.75,86753.1640625,192258048
2025-12-24 10:15:00+00:00,86992.4453125,87044.890625,86977.875,86989.7265625,152625152
2025-12-24 10:30:00+00:00,87062.953125,87076.59375,87009.4140625,87010.3984375,132499456
2025-12-24 10:45:00+00:00,87036.765625,87107.46875,87026.7578125,87054.7578125,118683648
2025-12-24 11:00:00+00:00,87257.359375,87257.359375,87026.7734375,87026.7734375,43864064
2025-12-24 11:15:00+00:00,87204.4609375,87280.8046875,87204.4609375,87241.078125,100567040
2025-12-24 11:30:00+00:00,87183.3125,87205.9609375,87176.7421875,87187.609375,207837184
2025-12-24 11:45:00+00:00,87156.0859375,87211.921875,87156.0859375,87191.4140625,7643136
2025-12-24 12:00:00+00:00,87235.5078125,87235.5078125,87098.6171875,87158.4140625,0
2025-12-24 12:15:00+00:00,87272.1171875,87296.7578125,87216.75,87237.3046875,253786112
2025-12-24 12:30:00+00:00,87365.203125,87374.9375,87272.5625,87274.375,25104384
2025-12-24 12:45:00+00:00,87391.71875,87420.4609375,87272.359375,87380.953125,34654208
2025-12-24 13:00:00+00:00,87264.390625,87389.453125,87264.390625,87383.5625,187179008
2025-12-24 13:15:00+00:00,87214.390625,87286.8359375,87202.546875,87263.4609375,799602688
2025-12-24 13:30:00+00:00,87156.765625,87231.6796875,87025.7421875,87231.6796875,210055168
2025-12-24 13:45:00+00:00,87244.0390625,87263.0703125,87125.6953125,87125.6953125,0
2025-12-24 14:00:00+00:00,87376.875,87377.28125,87248.9296875,87248.9296875,0
2025-12-24 14:15:00+00:00,87188.2890625,87354.578125,87188.2890625,87354.578125,52756480
2025-12-24 14:30:00+00:00,86965.3359375,87220.6640625,86411.796875,87188.7578125,313583616
2025-12-24 14:45:00+00:00,86882.3984375,87129.5078125,86782.7734375,86894.59375,776079360
2025-12-24 15:00:00+00:00,86907.7421875,87099.6015625,86861.7421875,87071.8515625,0
2025-12-24 15:15:00+00:00,86789.1953125,86938.890625,86587.953125,86872.453125,82542592
2025-12-24 15:30:00+00:00,86971.3515625,87104.203125,86787.9609375,86787.9609375,1042423808
2025-12-24 15:45:00+00:00,86914.6015625,87057.6796875,86914.6015625,87020.375,391094272
2025-12-24 16:00:00+00:00,87071.1171875,87141.921875,86941.2890625,86941.2890625,0
2025-12-24 16:15:00+00:00,86904.109375,87064.375,86904.109375,87049.4921875,0
2025-12-24 16:30:00+00:00,87468.4765625,87572.890625,86968.2578125,86968.2578125,886552576
2025-12-24 16:45:00+00:00,87168.1484375,87457.03125,87168.1484375,87457.03125,926439424
2025-12-24 17:00:00+00:00,87341.4296875,87371.234375,87238.375,87247.875,182915072
2025-12-24 17:15:00+00:00,87396.0703125,87397.4375,87299.3828125,87299.3828125,0
2025-12-24 17:30:00+00:00,87300.6875,87475.90625,87281.5546875,87400.78125,43153408
2025-12-24 17:45:00+00:00,87216.53125,87380.6640625,87196.7578125,87328.8984375,30357504
2025-12-24 18:00:00+00:00,87269.7265625,87340.78125,87203.0390625,87256.9921875,0
2025-12-24 18:15:00+00:00,87338.7265625,87426.46875,87292.875,87292.875,0
2025-12-24 18:30:00+00:00,87397.0390625,87398.953125,87331.15625,87341.703125,48281600
2025-12-24 18:45:00+00:00,87412.6171875,87435.09375,87378.8515625,87406.2734375,0
2025-12-24 19:00:00+00:00,87355.875,87459.1484375,87355.875,87406.7890625,0
2025-12-24 19:15:00+00:00,87380.4453125,87393.3359375,87307.3046875,87353.171875,622886912
2025-12-24 19:30:00+00:00,87426.765625,87430.5234375,87393.046875,87393.046875,76955648
2025-12-24 19:45:00+00:00,87495.484375,87507.859375,87434.3828125,87447.1015625,29239296
2025-12-24 20:00:00+00:00,87520.1796875,87591.8984375,87494.3359375,87507.8203125,8884224
2025-12-24 20:15:00+00:00,87552.9921875,87574.7734375,87540.4375,87540.4375,243202048
2025-12-24 20:30:00+00:00,87582.25,87582.25,87547.609375,87557.4921875,8024064
2025-12-24 20:45:00+00:00,87494.3671875,87582.984375,87489.7734375,87582.984375,0
2025-12-24 21:00:00+00:00,87574.984375,87604.015625,87532.1640625,87532.1640625,20344832
2025-12-24 21:15:00+00:00,87667.46875,87667.46875,87566.59375,87575.7578125,0
2025-12-24 21:30:00+00:00,87708.2734375,87711.4921875,87646.53125,87653.859375,0
2025-12-24 21:45:00+00:00,87607.796875,87705.828125,87607.796875,87705.828125,117846016
2025-12-24 22:00:00+00:00,87775.3125,87775.3125,87629.796875,87629.796875,0
2025-12-24 22:15:00+00:00,87726.3515625,87781.9921875,87704.296875,87776.25,80601088
2025-12-24 22:30:00+00:00,87939.8828125,87947.0546875,87731.2734375,87731.2734375,65941504
2025-12-24 22:45:00+00:00,87941.3515625,87943.609375,87908.4765625,87935.5390625,0
2025-12-24 23:00:00+00:00,87781.6796875,87936.734375,87765.8046875,87936.734375,0
2025-12-24 23:15:00+00:00,87551.7109375,87776.65625,87551.7109375,87776.65625,113219584
2025-12-24 23:30:00+00:00,87563.4453125,87645.9140625,87562.0,87562.0,70860800
2025-12-24 23:45:00+00:00,87615.5703125,87657.796875,87586.46875,87586.46875,101468160
2025-12-25 00:00:00+00:00,87554.3046875,87655.578125,87523.9296875,87608.0546875,38096896
2025-12-25 00:15:00+00:00,87589.21875,87664.0625,87589.21875,87598.421875,73918464
2025-12-25 00:30:00+00:00,87505.421875,87642.3984375,87488.328125,87562.40625,7591936
2025-12-25 00:45:00+00:00,87490.3671875,87584.7265625,87490.3671875,87502.21875,540659712
2025-12-25 01:00:00+00:00,87597.9375,87597.9375,87498.1875,87498.1875,0
2025-12-25 01:15:00+00:00,87653.203125,87665.609375,87555.8515625,87598.0234375,60452864
2025-12-25 01:30:00+00:00,87654.7109375,87663.2109375,87539.9765625,87653.2734375,272269312
2025-12-25 01:45:00+00:00,87631.765625,87685.4453125,87622.5859375,87672.2265625,60442624
2025-12-25 02:00:00+00:00,87671.578125,87679.2421875,87529.2109375,87636.96875,57581568
2025-12-25 02:15:00+00:00,87675.3046875,87692.4921875,87659.015625,87684.875,164161536
2025-12-25 02:30:00+00:00,87807.7734375,87829.890625,87669.53125,87669.53125,49303552
2025-12-25 02:45:00+00:00,87843.265625,87870.1171875,87812.078125,87837.9140625,64952320
2025-12-25 03:00:00+00:00,87789.5859375,87848.265625,87758.5078125,87827.7734375,0
2025-12-25 03:15:00+00:00,87795.8359375,87826.0078125,87770.65625,87788.515625,0
2025-12-25 03:30:00+00:00,87728.796875,87787.6875,87728.796875,87787.6875,18368512
2025-12-25 03:45:00+00:00,87792.0546875,87794.578125,87728.640625,87743.875,77963264
2025-12-25 04:00:00+00:00,87699.0234375,87789.609375,87699.0234375,87788.71875,109907968
2025-12-25 04:15:00+00:00,87717.796875,87777.5703125,87713.375,87718.6953125,23883776
2025-12-25 04:30:00+00:00,87744.671875,87744.671875,87706.71875,87706.71875,0
2025-12-25 04:45:00+00:00,87744.0078125,87768.9921875,87725.3828125,87725.3828125,64514048
2025-12-25 05:00:00+00:00,87613.1875,87742.5234375,87613.1875,87742.5234375,48738304
2025-12-25 05:15:00+00:00,87662.28125,87663.3125,87616.9453125,87616.9453125,51480576
2025-12-25 05:30:00+00:00,87707.3515625,87709.5859375,87664.3359375,87664.3359375,0
2025-12-25 05:45:00+00:00,87702.3671875,87734.0859375,87701.3984375,87701.3984375,0
2025-12-25 06:00:00+00:00,87649.1640625,87703.8515625,87645.6796875,87703.8515625,91940864
2025-12-25 06:15:00+00:00,87693.6484375,87697.328125,87648.421875,87648.421875,3577856
2025-12-25 06:30:00+00:00,87710.796875,87748.1015625,87689.265625,87689.265625,43937792
2025-12-25 06:45:00+00:00,87773.6796875,87773.6796875,87716.1796875,87716.6875,0
2025-12-25 07:00:00+00:00,87757.5,87774.5703125,87727.578125,87774.5703125,40499200
2025-12-25 07:15:00+00:00,87748.3828125,87763.5234375,87735.671875,87754.1640625,4202496
2025-12-25 07:30:00+00:00,87717.2265625,87750.3125,87707.5078125,87750.3125,67223552
2025-12-25 07:45:00+00:00,87786.6875,87795.21875,87711.0078125,87714.109375,40589312
2025-12-25 08:00:00+00:00,87734.34375,87808.9375,87734.34375,87782.921875,121864192
2025-12-25 08:15:00+00:00,87380.4453125,87654.4765625,87339.2734375,87654.4765625,731879424
2025-12-25 08:30:00+00:00,87444.0859375,87445.2265625,87364.03125,87383.6328125,103575552
2025-12-25 08:45:00+00:00,87508.9765625,87552.828125,87409.3984375,87443.8203125,141471744
2025-12-25 09:00:00+00:00,87432.1328125,87525.859375,87432.1328125,87525.859375,51820544
2025-12-25 09:15:00+00:00,87433.7734375,87470.1953125,87422.6171875,87435.7734375,71383040
2025-12-25 09:30:00+00:00,87413.96875,87434.578125,87392.3671875,87430.7265625,58910720
2025-12-25 09:45:00+00:00,87465.7109375,87465.7109375,87440.5703125,87444.6484375,153858048
2025-12-25 10:00:00+00:00,87381.7890625,87459.4375,87366.40625,87459.4375,72566784
2025-12-25 10:15:00+00:00,87353.8828125,87376.578125,87320.2109375,87347.984375,89350144
2025-12-25 10:30:00+00:00,87238.015625,87368.1171875,87238.015625,87356.0390625,146882560
2025-12-25 10:45:00+00:00,87361.8828125,87361.8828125,87261.8046875,87261.8046875,99446784
2025-12-25 11:00:00+00:00,87445.8125,87459.4140625,87370.640625,87370.640625,56010752
2025-12-25 11:15:00+00:00,87508.1875,87508.1875,87422.625,87445.5390625,33423360
2025-12-25 11:30:00+00:00,87450.6640625,87517.3046875,87450.6640625,87501.0703125,0
2025-12-25 11:45:00+00:00,87458.4921875,87493.4140625,87429.375,87464.6640625,44290048
2025-12-25 12:00:00+00:00,87445.6796875,87497.9609375,87445.6796875,87455.9140625,0
2025-12-25 12:15:00+00:00,87509.75,87509.75,87441.921875,87441.921875,0
2025-12-25 12:30:00+00:00,87460.609375,87533.203125,87460.609375,87510.421875,3799040
2025-12-25 12:45:00+00:00,87521.0859375,87521.0859375,87467.9609375,87473.15625,5734400
2025-12-25 13:00:00+00:00,87458.5078125,87516.6328125,87453.8359375,87516.6328125,41750528
2025-12-25 13:15:00+00:00,87442.03125,87472.6953125,87373.84375,87472.5703125,46108672
2025-12-25 13:30:00+00:00,87570.453125,87570.453125,87434.7890625,87450.125,0
2025-12-25 13:45:00+00:00,87601.421875,87607.109375,87541.796875,87569.34375,154329088
2025-12-25 14:00:00+00:00,87665.890625,87665.890625,87581.0234375,87581.0234375,10694656
2025-12-25 14:15:00+00:00,87517.96875,87665.3203125,87517.5,87656.8359375,49199104
2025-12-25 14:30:00+00:00,87569.7265625,87597.09375,87529.2109375,87530.1875,0
2025-12-25 14:45:00+00:00,87672.6953125,87685.4765625,87579.921875,87579.921875,0
2025-12-25 15:00:00+00:00,87715.046875,87715.046875,87667.3671875,87667.3671875,0
2025-12-25 15:15:00+00:00,88038.7734375,88038.7734375,87722.25,87722.25,14686208
2025-12-25 15:30:00+00:00,88369.0390625,88369.0390625,87907.0625,88035.9609375,843970560
2025-12-25 15:45:00+00:00,88274.7890625,88462.0703125,88259.4765625,88433.75,503504896
2025-12-25 16:00:00+00:00,88166.03125,88302.6953125,88153.5546875,88259.4140625,558940160
2025-12-25 16:15:00+00:00,88368.890625,88389.234375,88256.1875,88256.1875,5959680
2025-12-25 16:30:00+00:00,88238.328125,88383.1015625,88146.40625,88383.1015625,0
2025-12-25 16:45:00+00:00,88053.796875,88265.1796875,87948.015625,88265.1796875,632422400
2025-12-25 17:00:00+00:00,88045.0625,88104.7265625,87963.8515625,88042.1328125,0
2025-12-25 17:15:00+00:00,88003.546875,88074.3671875,87979.8828125,87993.859375,11417600
2025-12-25 17:30:00+00:00,87998.6015625,88016.15625,87978.0703125,87992.890625,29165568
2025-12-25 17:45:00+00:00,88114.0546875,88126.40625,87986.6953125,88001.7734375,0
2025-12-25 18:00:00+00:00,88235.3828125,88240.4453125,88103.953125,88103.953125,48281600
2025-12-25 18:15:00+00:00,88180.8515625,88249.5546875,88169.4296875,88249.5546875,0
2025-12-25 18:30:00+00:00,88253.4921875,88253.4921875,88105.0234375,88183.8828125,2457600
2025-12-25 18:45:00+00:00,88185.5703125,88233.0,88184.796875,88233.0,81960960
2025-12-25 19:00:00+00:00,88136.4453125,88186.1953125,88107.9296875,88182.546875,0
2025-12-25 19:15:00+00:00,88046.6875,88124.65625,88024.7734375,88124.65625,23623680
2025-12-25 19:30:00+00:00,88087.578125,88087.578125,88029.921875,88053.15625,98613248
2025-12-25 19:45:00+00:00,88094.2265625,88100.7890625,88055.4453125,88090.328125,0
2025-12-25 20:00:00+00:00,88084.7890625,88103.3125,88038.1875,88096.2109375,0
2025-12-25 20:15:00+00:00,87729.4765625,88065.1875,87729.4765625,88046.5078125,65855488
2025-12-25 20:30:00+00:00,87752.453125,87771.4921875,87687.015625,87687.4140625,242286592
2025-12-25 20:45:00+00:00,87821.90625,87826.71875,87751.1015625,87751.1015625,94357504
2025-12-25 21:00:00+00:00,87921.65625,87921.65625,87775.4453125,87838.140625,82026496
2025-12-25 21:15:00+00:00,87899.296875,87909.84375,87873.3515625,87909.84375,149426176
2025-12-25 21:30:00+00:00,87900.078125,87910.3359375,87884.1484375,87901.796875,0
2025-12-25 21:45:00+00:00,87851.859375,87913.8828125,87834.7734375,87902.0859375,50874368
2025-12-25 22:00:00+00:00,87804.03125,87867.7421875,87766.3046875,87845.4765625,54892544
2025-12-25 22:15:00+00:00,87809.8515625,87818.3359375,87781.046875,87811.3984375,62337024
2025-12-25 22:30:00+00:00,87746.7421875,87840.3828125,87746.109375,87795.078125,7337984
2025-12-25 22:45:00+00:00,87625.0625,87625.0625,87351.3046875,87570.1015625,409206784
2025-12-25 23:00:00+00:00,87690.484375,87690.484375,87454.515625,87541.421875,92946432
2025-12-25 23:15:00+00:00,87434.2109375,87638.4765625,87434.2109375,87638.4765625,198565888
2025-12-25 23:30:00+00:00,87059.8046875,87324.2734375,87025.7421875,87324.2734375,389220352
2025-12-25 23:45:00+00:00,87204.3671875,87260.328125,86971.5,87024.3125,536750080
2025-12-26 00:00:00+00:00,87061.0625,87263.5625,87015.1171875,87214.5,0
2025-12-26 00:15:00+00:00,86937.34375,87207.3125,86937.34375,87145.78125,623294464
2025-12-26 00:30:00+00:00,86925.6484375,87147.9609375,86925.6484375,87015.109375,323835904
2025-12-26 00:45:00+00:00,87041.6640625,87048.953125,86917.9765625,86923.6171875,183965696
2025-12-26 01:00:00+00:00,87216.5703125,87274.1484375,87063.359375,87063.359375,605364224
2025-12-26 01:15:00+00:00,87317.375,87317.984375,87206.0703125,87206.0703125,148590592
2025-12-26 01:30:00+00:00,87307.5859375,87313.2265625,87273.484375,87278.9609375,107702272
2025-12-26 01:45:00+00:00,87385.875,87411.6875,87358.1171875,87360.1953125,149225472
2025-12-26 02:00:00+00:00,87809.1484375,87809.1484375,87379.9609375,87379.9609375,16738304
2025-12-26 02:15:00+00:00,89007.6640625,89131.7890625,88064.3828125,88064.3828125,1424920576
2025-12-26 02:30:00+00:00,89160.796875,89232.1484375,88924.9609375,88924.9609375,2082328576
2025-12-26 02:45:00+00:00,89091.078125,89205.5078125,88988.1484375,89205.5078125,1142444032
2025-12-26 03:00:00+00:00,88994.7734375,89158.734375,88994.7734375,89099.0078125,851013632
2025-12-26 03:15:00+00:00,88744.71875,88955.6953125,88705.359375,88955.6953125,919339008
2025-12-26 03:30:00+00:00,88639.0625,88784.171875,88639.0625,88784.171875,407668736
2025-12-26 03:45:00+00:00,88742.3125,88809.8515625,88659.1875,88659.1875,573464576
2025-12-26 04:00:00+00:00,88634.6875,88699.734375,88455.6328125,88688.6484375,290326528
2025-12-26 04:15:00+00:00,88620.9609375,88678.125,88595.484375,88633.171875,332998656
2025-12-26 04:30:00+00:00,88918.9921875,88918.9921875,88645.6796875,88645.6796875,133062656
2025-12-26 04:45:00+00:00,88891.71875,89020.203125,88891.71875,88973.265625,436297728
2025-12-26 05:00:00+00:00,88870.9453125,88927.2734375,88836.203125,88893.8046875,851570688
2025-12-26 05:15:00+00:00,88820.984375,88872.140625,88787.125,88872.140625,186017792
2025-12-26 05:30:00+00:00,88790.8046875,88834.90625,88769.390625,88834.90625,258525184
2025-12-26 05:45:00+00:00,88942.3828125,88942.3828125,88788.8046875,88792.0390625,82753536
2025-12-26 06:00:00+00:00,89030.8671875,89030.8671875,88924.1953125,88924.1953125,272687104
2025-12-26 06:15:00+00:00,89019.671875,89066.2578125,89004.4140625,89004.4140625,270432256
2025-12-26 06:30:00+00:00,89146.7421875,89156.7578125,88991.5703125,89011.2265625,171171840
2025-12-26 06:45:00+00:00,89133.1015625,89163.2578125,89065.515625,89163.2578125,308232192
2025-12-26 07:00:00+00:00,89299.671875,89299.671875,89057.625,89072.8828125,101754880
2025-12-26 07:15:00+00:00,89352.890625,89439.1171875,89257.1953125,89288.3203125,586143744
2025-12-26 07:30:00+00:00,88763.984375,89360.4921875,88763.984375,89360.4921875,432629760
2025-12-26 07:45:00+00:00,88372.125,88726.5625,88372.125,88726.5625,1884659712
2025-12-26 08:00:00+00:00,88550.3515625,88741.3828125,88394.3984375,88394.3984375,1734811648
2025-12-26 08:15:00+00:00,88655.46875,88696.8046875,88570.4296875,88570.4296875,120246272
2025-12-26 08:30:00+00:00,88568.21875,88670.078125,88517.7421875,88670.078125,125519872
2025-12-26 08:45:00+00:00,88666.6328125,88676.9609375,88559.75,88564.2890625,0
2025-12-26 09:00:00+00:00,88615.0625,88699.3203125,88615.0625,88677.171875,134146048
2025-12-26 09:15:00+00:00,88681.921875,88756.09375,88621.0,88621.0,35954688
2025-12-26 09:30:00+00:00,88707.53125,88709.7421875,88676.96875,88683.171875,92391424
2025-12-26 09:45:00+00:00,88769.6171875,88828.0625,88712.328125,88718.46875,403466240
2025-12-26 10:00:00+00:00,88800.6875,88800.6875,88715.296875,88750.15625,85692416
2025-12-26 10:15:00+00:00,88753.6640625,88807.9609375,88652.375,88807.9609375,120883200
2025-12-26 10:30:00+00:00,88652.09375,88768.109375,88635.9375,88768.109375,31016960
2025-12-26 10:45:00+00:00,88716.546875,88782.7734375,88687.1796875,88687.1796875,131823616
2025-12-26 11:00:00+00:00,88628.3671875,88707.4609375,88628.3671875,88707.4609375,173862912
2025-12-26 11:15:00+00:00,88572.1796875,88620.609375,88558.8671875,88616.390625,56936448
2025-12-26 11:30:00+00:00,88531.1171875,88594.3203125,88515.3515625,88563.015625,126978048
2025-12-26 11:45:00+00:00,88512.640625,88534.171875,88498.59375,88534.171875,89180160
2025-12-26 12:00:00+00:00,88633.671875,88647.1328125,88493.953125,88493.953125,110217216
2025-12-26 12:15:00+00:00,88633.46875,88633.46875,88582.6640625,88599.015625,248498176
2025-12-26 12:30:00+00:00,88676.984375,88681.40625,88603.2265625,88633.3515625,175818752
2025-12-26 12:45:00+00:00,88626.3984375,88682.6484375,88614.609375,88675.6171875,105949184
2025-12-26 13:00:00+00:00,88754.015625,88754.015625,88597.7109375,88618.734375,90400768
2025-12-26 13:15:00+00:00,88732.0859375,88778.5625,88727.875,88772.484375,124928
2025-12-26 13:30:00+00:00,88900.53125,88942.5703125,88714.7734375,88726.6875,50608128
2025-12-26 13:45:00+00:00,88983.1640625,88983.1640625,88868.6875,88868.6875,123885568
2025-12-26 14:00:00+00:00,88904.7265625,88975.640625,88855.453125,88873.515625,134428672
2025-12-26 14:15:00+00:00,88933.96875,88958.5546875,88894.375,88903.1953125,8374272
2025-12-26 14:30:00+00:00,88353.765625,88947.8046875,88353.765625,88925.296875,510595072
2025-12-26 14:45:00+00:00,87382.0,88342.0625,87360.75,88342.0625,1656287232
2025-12-26 15:00:00+00:00,86836.1171875,87368.0703125,86814.3125,87368.0703125,1911943168
2025-12-26 15:15:00+00:00,86891.1328125,86975.203125,86645.6328125,86708.6015625,1433714688
2025-12-26 15:30:00+00:00,86884.6328125,87069.4765625,86884.6328125,86926.8515625,1189101568
2025-12-26 15:45:00+00:00,86991.421875,87117.4921875,86929.15625,86929.15625,22700032
2025-12-26 16:00:00+00:00,86995.75,87159.453125,86978.3046875,87063.71875,354320384
2025-12-26 16:15:00+00:00,87153.53125,87227.765625,87019.4453125,87019.4453125,1275183104
2025-12-26 16:30:00+00:00,87230.6328125,87286.53125,87130.7421875,87171.078125,305754112
2025-12-26 16:45:00+00:00,86831.4453125,87211.2734375,86831.4453125,87211.2734375,286068736
2025-12-26 17:00:00+00:00,86922.1875,86997.3359375,86785.90625,86785.90625,235741184
2025-12-26 17:15:00+00:00,87193.0625,87193.0625,86918.6953125,86921.03125,473534464
2025-12-26 17:30:00+00:00,87359.15625,87359.15625,87145.8046875,87214.5,471117824
2025-12-26 17:45:00+00:00,87238.2734375,87328.8671875,87213.578125,87297.7109375,156594176
2025-12-26 18:00:00+00:00,87282.5390625,87282.5390625,87172.9765625,87235.6484375,258207744
2025-12-26 18:15:00+00:00,87151.8828125,87278.6171875,87151.8828125,87278.6171875,37359616
2025-12-26 18:30:00+00:00,87194.25,87226.8515625,87145.3828125,87145.3828125,387076096
2025-12-26 18:45:00+00:00,87189.5859375,87232.34375,87064.8125,87173.890625,131350528
2025-12-26 19:00:00+00:00,87238.953125,87301.6796875,87171.859375,87196.3671875,253616128
2025-12-26 19:15:00+00:00,87296.2265625,87324.0625,87175.828125,87245.3515625,119570432
2025-12-26 19:30:00+00:00,87383.859375,87383.859375,87290.203125,87299.3125,259227648
2025-12-26 19:45:00+00:00,87414.7265625,87481.71875,87367.9609375,87393.015625,362917888
2025-12-26 20:00:00+00:00,87404.5234375,87486.4609375,87349.5234375,87447.5078125,187920384
2025-12-26 20:15:00+00:00,87538.359375,87541.5078125,87445.203125,87459.703125,163266560
2025-12-26 20:30:00+00:00,87535.3203125,87583.9453125,87507.1875,87536.8046875,264187904
2025-12-26 20:45:00+00:00,87553.0390625,87698.7109375,87553.0390625,87605.2734375,298225664
2025-12-26 21:00:00+00:00,87548.484375,87623.390625,87492.6171875,87524.1484375,157958144
2025-12-26 21:15:00+00:00,87488.15625,87584.234375,87488.15625,87575.71875,1299243008
2025-12-26 21:30:00+00:00,87427.4765625,87510.1328125,87427.4765625,87510.1328125,283119616
2025-12-26 21:45:00+00:00,87422.9765625,87482.953125,87422.9765625,87431.28125,38891520
2025-12-26 22:00:00+00:00,87457.484375,87505.3828125,87407.5546875,87407.5546875,805584896
2025-12-26 22:15:00+00:00,87366.09375,87442.7578125,87335.390625,87391.8984375,299995136
2025-12-26 22:30:00+00:00,87366.359375,87438.578125,87354.2890625,87354.2890625,33124352
2025-12-26 22:45:00+00:00,87418.5,87426.5390625,87284.5703125,87344.890625,0
2025-12-26 23:00:00+00:00,87418.140625,87468.765625,87415.484375,87468.765625,0
2025-12-26 23:15:00+00:00,87411.796875,87462.25,87403.03125,87418.4140625,0
2025-12-26 23:30:00+00:00,87314.953125,87404.5625,87314.953125,87404.5625,0
2025-12-26 23:45:00+00:00,87303.9375,87318.8515625,87278.109375,87298.3125,0
2025-12-27 00:00:00+00:00,87326.59375,87329.4140625,87282.140625,87316.0078125,3297280
2025-12-27 00:15:00+00:00,87241.28125,87279.8828125,87196.078125,87244.6953125,66146304
2025-12-27 00:30:00+00:00,87309.0625,87309.0625,87232.015625,87232.015625,0
2025-12-27 00:45:00+00:00,87338.203125,87340.015625,87310.234375,87310.234375,42483712
2025-12-27 01:00:00+00:00,87313.828125,87335.859375,87301.5234375,87335.859375,82272256
2025-12-27 01:15:00+00:00,87320.859375,87335.46875,87292.984375,87320.296875,0
2025-12-27 01:30:00+00:00,87381.46875,87409.8984375,87316.1171875,87316.1171875,257863680
2025-12-27 01:45:00+00:00,87404.7734375,87406.5,87358.296875,87378.203125,75878400
2025-12-27 02:00:00+00:00,87409.6484375,87409.953125,87346.875,87408.015625,0
2025-12-27 02:15:00+00:00,87369.15625,87405.34375,87369.15625,87405.34375,0
2025-12-27 02:30:00+00:00,87394.171875,87394.171875,87364.5546875,87384.8125,0
2025-12-27 02:45:00+00:00,87386.515625,87404.2421875,87374.2421875,87390.1875,0
2025-12-27 03:00:00+00:00,87361.28125,87410.296875,87342.765625,87389.859375,0
2025-12-27 03:15:00+00:00,87358.296875,87358.296875,87332.03125,87340.2109375,0
2025-12-27 03:30:00+00:00,87433.7109375,87434.75,87355.2890625,87355.2890625,47812608
2025-12-27 03:45:00+00:00,87448.96875,87463.1796875,87433.296875,87436.453125,0
2025-12-27 04:00:00+00:00,87426.8984375,87447.90625,87424.390625,87447.90625,0
2025-12-27 04:15:00+00:00,87402.4375,87432.234375,87402.4375,87425.5,0
2025-12-27 04:30:00+00:00,87428.1953125,87431.1015625,87398.3046875,87403.875,0
2025-12-27 04:45:00+00:00,87405.90625,87436.421875,87405.90625,87436.421875,0
2025-12-27 05:00:00+00:00,87405.828125,87416.6640625,87398.0546875,87415.6640625,92420096
2025-12-27 05:15:00+00:00,87400.234375,87406.078125,87387.8125,87399.5234375,0
2025-12-27 05:30:00+00:00,87424.96875,87429.3984375,87393.0234375,87393.0234375,210171904
2025-12-27 05:45:00+00:00,87451.359375,87451.359375,87426.1484375,87432.9140625,135581696
2025-12-27 06:00:00+00:00,87493.5625,87493.5625,87422.9921875,87448.6328125,5785600
2025-12-27 06:15:00+00:00,87413.75,87481.703125,87395.828125,87481.703125,136849408
2025-12-27 06:30:00+00:00,87404.7265625,87411.328125,87369.2734375,87411.328125,0
2025-12-27 06:45:00+00:00,87407.640625,87407.640625,87385.890625,87406.0390625,16930816
2025-12-27 07:00:00+00:00,87484.8828125,87484.8828125,87416.09375,87425.0234375,58343424
2025-12-27 07:15:00+00:00,87585.421875,87642.4921875,87481.0234375,87492.5859375,0
2025-12-27 07:30:00+00:00,87490.1015625,87557.15625,87486.265625,87557.15625,0
2025-12-27 07:45:00+00:00,87478.546875,87490.1015625,87465.296875,87488.453125,0
2025-12-27 08:00:00+00:00,87496.265625,87542.0390625,87488.0703125,87488.0703125,0
2025-12-27 08:15:00+00:00,87575.15625,87606.2109375,87505.796875,87506.0390625,0
2025-12-27 08:30:00+00:00,87549.4375,87563.7109375,87537.2421875,87548.765625,29601792
2025-12-27 08:45:00+00:00,87530.71875,87550.890625,87527.6796875,87547.671875,127707136
2025-12-27 09:00:00+00:00,87599.453125,87599.453125,87519.296875,87519.296875,24266752
2025-12-27 09:15:00+00:00,87497.1484375,87604.3671875,87497.1484375,87599.546875,170342400
2025-12-27 09:30:00+00:00,87539.1875,87574.25,87506.625,87506.625,240050176
2025-12-27 09:45:00+00:00,87565.796875,87584.3203125,87542.6640625,87542.6640625,0
2025-12-27 10:00:00+00:00,87522.7890625,87565.4765625,87522.7890625,87560.59375,38578176
2025-12-27 10:15:00+00:00,87527.984375,87556.9296875,87502.9765625,87504.8125,0
2025-12-27 10:30:00+00:00,87367.0859375,87509.921875,87367.0859375,87509.921875,144158720
2025-12-27 10:45:00+00:00,87456.3046875,87456.3046875,87380.296875,87393.03125,160731136
2025-12-27 11:00:00+00:00,87460.625,87460.625,87407.4296875,87449.3203125,6039552
2025-12-27 11:15:00+00:00,87447.8984375,87485.0078125,87447.8984375,87468.6015625,89155584
2025-12-27 11:30:00+00:00,87433.578125,87468.953125,87432.3359375,87446.3828125,0
2025-12-27 11:45:00+00:00,87416.84375,87477.0390625,87415.984375,87432.109375,65007616
2025-12-27 12:00:00+00:00,87401.7421875,87454.765625,87401.7421875,87451.8359375,97605632
2025-12-27 12:15:00+00:00,87433.0390625,87439.953125,87400.4375,87400.4375,1056471040
2025-12-27 12:30:00+00:00,87449.5078125,87465.46875,87431.9609375,87444.8359375,0
2025-12-27 12:45:00+00:00,87426.546875,87468.3828125,87411.4921875,87461.0703125,78938112
2025-12-27 13:00:00+00:00,87410.4921875,87425.359375,87371.0,87425.359375,62416896
2025-12-27 13:15:00+00:00,87368.7578125,87410.34375,87357.5859375,87410.34375,6029312
2025-12-27 13:30:00+00:00,87405.5234375,87416.359375,87294.828125,87346.75,36157440
2025-12-27 13:45:00+00:00,87424.0546875,87434.828125,87409.2734375,87412.0625,0
2025-12-27 14:00:00+00:00,87402.1484375,87408.390625,87366.625,87405.484375,70250496
2025-12-27 14:15:00+00:00,87372.5390625,87404.75,87363.5859375,87393.25,177330176
2025-12-27 14:30:00+00:00,87420.390625,87427.609375,87367.2265625,87367.2265625,0
2025-12-27 14:45:00+00:00,87485.0625,87486.171875,87445.859375,87445.859375,0
2025-12-27 15:00:00+00:00,87477.375,87496.4765625,87447.3984375,87475.1015625,0
2025-12-27 15:15:00+00:00,87476.9921875,87490.4140625,87456.2109375,87490.4140625,0
2025-12-27 15:30:00+00:00,87530.640625,87530.640625,87476.4296875,87476.4296875,0
2025-12-27 15:45:00+00:00,87516.34375,87545.8046875,87512.0625,87535.5,0
2025-12-27 16:00:00+00:00,87480.5859375,87525.015625,87474.125,87492.6640625,0
2025-12-27 16:15:00+00:00,87400.0,87464.609375,87400.0,87464.609375,0
2025-12-27 16:30:00+00:00,87491.6875,87513.53125,87412.5,87412.5,0
2025-12-27 16:45:00+00:00,87449.171875,87493.1953125,87445.765625,87489.53125,53566464
2025-12-27 17:00:00+00:00,87450.09375,87465.1015625,87446.4375,87451.09375,0
2025-12-27 17:15:00+00:00,87482.34375,87484.8515625,87448.0625,87459.8125,0
2025-12-27 17:30:00+00:00,87484.46875,87484.46875,87466.0625,87479.671875,0
2025-12-27 17:45:00+00:00,87501.921875,87513.7578125,87489.796875,87489.796875,0
2025-12-27 18:00:00+00:00,87468.765625,87504.515625,87468.765625,87502.015625,0
2025-12-27 18:15:00+00:00,87496.5078125,87496.5078125,87460.875,87464.6171875,0
2025-12-27 18:30:00+00:00,87478.1328125,87487.2109375,87474.875,87487.2109375,0
2025-12-27 18:45:00+00:00,87433.75,87468.7578125,87409.7109375,87463.1015625,0
2025-12-27 19:00:00+00:00,87507.421875,87507.421875,87438.296875,87438.8515625,9004032
2025-12-27 19:15:00+00:00,87496.6796875,87502.5546875,87478.9765625,87500.6015625,11383808
2025-12-27 19:30:00+00:00,87488.796875,87507.0,87488.796875,87496.9921875,0
2025-12-27 19:45:00+00:00,87512.390625,87513.8203125,87490.71875,87490.8359375,0
2025-12-27 20:00:00+00:00,87533.3515625,87557.1328125,87518.2421875,87523.9375,0
2025-12-27 20:15:00+00:00,87497.6484375,87534.5859375,87488.828125,87534.5859375,0
2025-12-27 20:30:00+00:00,87496.2734375,87497.765625,87479.7890625,87497.203125,0
2025-12-27 20:45:00+00:00,87495.9375,87498.9453125,87492.5703125,87496.3984375,0
2025-12-27 21:00:00+00:00,87556.28125,87556.28125,87495.3515625,87498.109375,5098496
2025-12-27 21:15:00+00:00,87577.796875,87577.796875,87557.7734375,87565.9765625,0
2025-12-27 21:30:00+00:00,87579.578125,87607.03125,87575.4296875,87578.3203125,0
2025-12-27 21:45:00+00:00,87605.6640625,87609.6875,87576.453125,87576.453125,0
2025-12-27 22:00:00+00:00,87704.140625,87704.140625,87572.6015625,87605.15625,67898368
2025-12-27 22:15:00+00:00,87646.1171875,87830.609375,87646.1171875,87789.3125,223458304
2025-12-27 22:30:00+00:00,87527.65625,87609.203125,87480.53125,87609.203125,0
2025-12-27 22:45:00+00:00,87587.4609375,87588.5390625,87499.7265625,87517.1875,30169088
2025-12-27 23:00:00+00:00,87539.890625,87571.2578125,87509.40625,87509.40625,45420544
2025-12-27 23:15:00+00:00,87600.7265625,87644.03125,87584.4765625,87584.4765625,92521472
2025-12-27 23:30:00+00:00,87621.71875,87625.1796875,87599.5625,87600.609375,0
2025-12-27 23:45:00+00:00,87805.5625,87863.984375,87618.140625,87618.140625,206355456
2025-12-28 00:00:00+00:00,87781.4296875,87856.9140625,87752.953125,87806.0546875,37474304
2025-12-28 00:15:00+00:00,87709.9609375,87763.421875,87704.765625,87756.21875,21373952
2025-12-28 00:30:00+00:00,87794.2265625,87808.65625,87657.78125,87657.78125,515439616
2025-12-28 00:45:00+00:00,87781.640625,87857.3125,87779.046875,87779.046875,44264448
2025-12-28 01:00:00+00:00,87801.875,87866.5859375,87786.984375,87786.984375,21419008
2025-12-28 01:15:00+00:00,87736.1796875,87792.0390625,87692.8359375,87792.0390625,519915520
2025-12-28 01:30:00+00:00,87780.765625,87784.9609375,87710.53125,87737.7265625,76759040
2025-12-28 01:45:00+00:00,87717.453125,87759.4609375,87717.453125,87759.4609375,73367552
2025-12-28 02:00:00+00:00,87724.6796875,87724.6796875,87690.1328125,87723.5,48093184
2025-12-28 02:15:00+00:00,87746.5078125,87746.5078125,87726.09375,87726.09375,16020480
2025-12-28 02:30:00+00:00,87769.703125,87805.1015625,87741.078125,87741.078125,76086272
2025-12-28 02:45:00+00:00,87748.28125,87781.9140625,87736.8828125,87777.046875,46047232
2025-12-28 03:00:00+00:00,87726.890625,87760.0,87710.8515625,87743.90625,0
2025-12-28 03:15:00+00:00,87681.453125,87728.1796875,87681.453125,87715.15625,557056
2025-12-28 03:30:00+00:00,87702.171875,87708.765625,87669.8828125,87669.8828125,32715776
2025-12-28 03:45:00+00:00,87688.1015625,87700.3984375,87682.859375,87700.3984375,76645376
2025-12-28 04:00:00+00:00,87733.5703125,87733.5703125,87635.578125,87684.0703125,7069696
2025-12-28 04:15:00+00:00,87736.3125,87743.640625,87728.671875,87743.640625,51938304
2025-12-28 04:30:00+00:00,87689.3359375,87741.8359375,87678.953125,87739.84375,48739328
2025-12-28 04:45:00+00:00,87661.0078125,87698.3515625,87653.1796875,87685.4140625,22880256
2025-12-28 05:00:00+00:00,87619.7734375,87655.5546875,87571.375,87655.5546875,53285888
2025-12-28 05:15:00+00:00,87574.484375,87627.671875,87567.34375,87619.71875,60020736
2025-12-28 05:30:00+00:00,87603.3046875,87615.28125,87555.765625,87556.46875,40802304
2025-12-28 05:45:00+00:00,87589.0390625,87645.78125,87575.2890625,87612.8828125,47041536
2025-12-28 06:00:00+00:00,87623.0,87623.0,87577.40625,87588.984375,39668736
2025-12-28 06:15:00+00:00,87661.8359375,87671.890625,87631.9296875,87640.140625,30626816
2025-12-28 06:30:00+00:00,87718.1640625,87718.1640625,87665.828125,87665.828125,8501248
2025-12-28 06:45:00+00:00,87681.515625,87720.3125,87681.515625,87720.3125,52284416
2025-12-28 07:00:00+00:00,87629.3984375,87666.84375,87626.34375,87666.84375,57786368
2025-12-28 07:15:00+00:00,87618.3046875,87639.875,87613.8671875,87639.875,22877184
2025-12-28 07:30:00+00:00,87604.8984375,87625.8671875,87599.5859375,87615.8515625,0
2025-12-28 07:45:00+00:00,87665.2734375,87670.8125,87597.859375,87597.859375,14774272
2025-12-28 08:00:00+00:00,87724.6875,87748.203125,87657.328125,87657.328125,4830208
2025-12-28 08:15:00+00:00,87712.78125,87733.6953125,87708.2890625,87726.234375,34840576
2025-12-28 08:30:00+00:00,87836.109375,87881.53125,87699.9765625,87715.9765625,107507712
2025-12-28 08:45:00+00:00,87760.6171875,87797.875,87744.3515625,87779.375,178068480
2025-12-28 09:00:00+00:00,87795.6171875,87795.6171875,87733.6015625,87733.6015625,31508480
2025-12-28 09:15:00+00:00,87819.640625,87832.34375,87787.3046875,87795.453125,0
2025-12-28 09:30:00+00:00,87709.796875,87821.3125,87690.953125,87821.3125,0
2025-12-28 09:45:00+00:00,87730.890625,87730.890625,87706.3671875,87714.75,412990464
2025-12-28 10:00:00+00:00,87877.609375,87878.015625,87733.5234375,87737.75,12293120
2025-12-28 10:15:00+00:00,87875.8515625,87878.984375,87814.453125,87839.4296875,210677760
2025-12-28 10:30:00+00:00,87787.3515625,87881.890625,87773.9296875,87879.5390625,107926528
2025-12-28 10:45:00+00:00,87787.6796875,87788.875,87779.0,87784.3671875,5983232
2025-12-28 11:00:00+00:00,87850.0078125,87853.6328125,87788.359375,87788.359375,0
2025-12-28 11:15:00+00:00,87820.703125,87862.765625,87820.703125,87862.765625,17296384
2025-12-28 11:30:00+00:00,87766.046875,87829.5703125,87743.9921875,87829.5703125,65983488
2025-12-28 11:45:00+00:00,87789.5546875,87803.5546875,87762.90625,87762.90625,55429120
2025-12-28 12:00:00+00:00,87770.6875,87813.84375,87757.53125,87813.84375,17914880
2025-12-28 12:15:00+00:00,87776.8125,87785.828125,87758.875,87768.6875,33022976
2025-12-28 12:30:00+00:00,87760.9765625,87786.8515625,87760.9765625,87777.421875,44777472
2025-12-28 12:45:00+00:00,87786.7890625,87792.921875,87749.59375,87766.7734375,85954560
2025-12-28 13:00:00+00:00,87825.2109375,87864.09375,87772.8203125,87772.8203125,14415872
2025-12-28 13:15:00+00:00,87806.578125,87819.2734375,87752.4765625,87807.8671875,126340096
2025-12-28 13:30:00+00:00,87847.265625,87858.2421875,87796.3203125,87796.3203125,33711104
2025-12-28 13:45:00+00:00,87833.6640625,87849.140625,87821.8203125,87845.015625,79744000
2025-12-28 14:00:00+00:00,87920.6875,87928.75,87826.2734375,87826.2734375,101660672
2025-12-28 14:15:00+00:00,87892.546875,87913.21875,87882.453125,87911.078125,0
2025-12-28 14:30:00+00:00,87926.328125,87951.984375,87881.0,87899.2890625,0
2025-12-28 14:45:00+00:00,87865.4140625,87942.2421875,87859.1796875,87929.921875,117550080
2025-12-28 15:00:00+00:00,87913.3984375,87917.609375,87841.125,87848.40625,420115456
2025-12-28 15:15:00+00:00,87899.765625,87935.75,87894.015625,87922.8125,61110272
2025-12-28 15:30:00+00:00,87877.3359375,87898.2578125,87853.2265625,87898.2578125,50297856
2025-12-28 15:45:00+00:00,87780.0625,87902.015625,87780.0625,87862.75,41644032
2025-12-28 16:00:00+00:00,87785.4296875,87813.8984375,87761.4921875,87779.65625,98384896
2025-12-28 16:15:00+00:00,87719.40625,87833.5078125,87719.40625,87799.21875,111009792
2025-12-28 16:30:00+00:00,87758.5859375,87770.234375,87723.7421875,87723.7421875,94534656
2025-12-28 16:45:00+00:00,87750.1171875,87773.640625,87737.2890625,87745.171875,4332544
2025-12-28 17:00:00+00:00,87818.796875,87821.9765625,87749.4453125,87749.4453125,38129664
2025-12-28 17:15:00+00:00,87820.78125,87857.578125,87816.2578125,87828.8984375,8889344
2025-12-28 17:30:00+00:00,87750.3359375,87825.90625,87750.3359375,87825.0078125,138770432
2025-12-28 17:45:00+00:00,87693.71875,87756.453125,87686.4609375,87749.5703125,25091072
2025-12-28 18:00:00+00:00,87623.703125,87695.40625,87607.015625,87693.3828125,141392896
2025-12-28 18:15:00+00:00,87651.046875,87651.046875,87482.78125,87614.375,276923392
2025-12-28 18:30:00+00:00,87659.1484375,87675.3984375,87648.875,87651.984375,73205760
2025-12-28 18:45:00+00:00,87537.0703125,87644.796875,87486.921875,87644.796875,128061440
2025-12-28 19:00:00+00:00,87603.4921875,87607.9765625,87481.734375,87538.5546875,105678848
2025-12-28 19:15:00+00:00,87461.3046875,87581.8984375,87460.7265625,87581.8984375,174804992
2025-12-28 19:30:00+00:00,87555.625,87566.765625,87444.390625,87444.390625,132124672
2025-12-28 19:45:00+00:00,87485.578125,87550.25,87484.21875,87529.5390625,80814080
2025-12-28 20:00:00+00:00,87443.1015625,87503.375,87396.0390625,87476.078125,51092480
2025-12-28 20:15:00+00:00,87495.875,87513.3671875,87472.609375,87472.609375,25296896
2025-12-28 20:30:00+00:00,87529.640625,87542.703125,87501.1875,87501.1875,30138368
2025-12-28 20:45:00+00:00,87477.890625,87579.25,87477.890625,87532.8046875,79264768
2025-12-28 21:00:00+00:00,87473.1640625,87473.1640625,87402.84375,87459.7578125,104680448
2025-12-28 21:15:00+00:00,87470.0703125,87517.9765625,87443.171875,87477.0859375,73839616
2025-12-28 21:30:00+00:00,87521.7265625,87523.078125,87477.5859375,87477.5859375,59867136
2025-12-28 21:45:00+00:00,87500.2265625,87527.0390625,87498.96875,87520.2421875,54874112
2025-12-28 22:00:00+00:00,87489.296875,87518.6015625,87489.296875,87503.65625,33769472
2025-12-28 22:15:00+00:00,87537.171875,87537.171875,87445.984375,87460.34375,7775232
2025-12-28 22:30:00+00:00,87611.9140625,87611.9140625,87532.4609375,87541.90625,1796096
2025-12-28 22:45:00+00:00,87843.0078125,87898.421875,87593.1640625,87593.1640625,114615296
2025-12-28 23:00:00+00:00,87626.609375,87831.65625,87626.609375,87831.65625,299202560
2025-12-28 23:15:00+00:00,87652.1953125,87747.546875,87628.421875,87628.421875,40770560
2025-12-28 23:30:00+00:00,87731.390625,87731.390625,87604.8515625,87657.015625,112437248
2025-12-28 23:45:00+00:00,87830.1171875,87844.625,87746.0703125,87746.0703125,58984448
2025-12-29 00:00:00+00:00,87814.3828125,87858.109375,87764.9140625,87858.109375,14000128
2025-12-29 00:15:00+00:00,87889.4765625,87891.15625,87756.3671875,87814.8984375,77492224
2025-12-29 00:30:00+00:00,88142.328125,88142.328125,87943.234375,87943.234375,509083648
2025-12-29 00:45:00+00:00,88226.78125,88234.0,88079.65625,88104.515625,393383936
2025-12-29 01:00:00+00:00,87996.375,88226.6875,87976.40625,88226.6875,585211904
2025-12-29 01:15:00+00:00,87973.1796875,87987.5546875,87833.65625,87987.5546875,120395776
2025-12-29 01:30:00+00:00,88257.6796875,88380.2578125,87883.8515625,87921.0234375,209251328
2025-12-29 01:45:00+00:00,88314.171875,88374.953125,88224.078125,88224.078125,467670016
2025-12-29 02:00:00+00:00,89113.4140625,89144.8515625,88353.5078125,88353.5078125,2109598720
2025-12-29 02:15:00+00:00,88934.8203125,89236.6171875,88812.46875,89236.6171875,1201076224
2025-12-29 02:30:00+00:00,88988.9609375,89146.9921875,88950.4609375,89146.9921875,545806336
2025-12-29 02:45:00+00:00,89102.625,89195.6171875,89005.890625,89005.890625,567508992
2025-12-29 03:00:00+00:00,89367.078125,89367.078125,89026.6328125,89086.8125,535558144
2025-12-29 03:15:00+00:00,89402.75,89402.75,89279.3359375,89369.609375,435003392
2025-12-29 03:30:00+00:00,89762.171875,89822.109375,89394.640625,89394.640625,1413939200
2025-12-29 03:45:00+00:00,90032.4140625,90032.4140625,89777.4140625,89884.796875,1718781952
2025-12-29 04:00:00+00:00,89952.8671875,90012.6328125,89903.0703125,90012.6328125,1075292160
2025-12-29 04:15:00+00:00,89942.3046875,90117.984375,89919.4453125,90025.578125,459665408
2025-12-29 04:30:00+00:00,90162.25,90269.015625,89995.484375,89995.484375,536195072
2025-12-29 04:45:00+00:00,90100.4140625,90191.2421875,90086.625,90140.0546875,310994944
2025-12-29 05:00:00+00:00,90137.9296875,90194.328125,90021.5390625,90070.7578125,647401472
2025-12-29 05:15:00+00:00,90010.1640625,90121.890625,89997.09375,90121.890625,341889024
2025-12-29 05:30:00+00:00,90024.2265625,90074.2578125,89950.421875,89988.0859375,207912960
2025-12-29 05:45:00+00:00,89927.6875,90034.4296875,89873.2578125,90031.3515625,488734720
2025-12-29 06:00:00+00:00,89917.828125,89917.828125,89834.9765625,89908.9921875,472246272
2025-12-29 06:15:00+00:00,89894.3828125,90028.6171875,89894.3828125,89917.0703125,77606912
2025-12-29 06:30:00+00:00,89825.2890625,89890.0390625,89814.1796875,89868.3828125,576071680
2025-12-29 06:45:00+00:00,89672.9609375,89818.8046875,89666.796875,89818.8046875,520882176
2025-12-29 07:00:00+00:00,89537.109375,89708.859375,89470.859375,89672.7109375,442871808
2025-12-29 07:15:00+00:00,89460.0078125,89578.5546875,89436.0234375,89578.5546875,245815296
2025-12-29 07:30:00+00:00,89480.234375,89571.375,89415.9765625,89415.9765625,874926080
2025-12-29 07:45:00+00:00,89518.6171875,89547.859375,89448.6875,89458.96875,245151744
2025-12-29 08:00:00+00:00,89512.0625,89528.65625,89399.90625,89505.28125,416204800
2025-12-29 08:15:00+00:00,89677.953125,89694.109375,89533.5625,89533.5625,1270206464
2025-12-29 08:30:00+00:00,89589.1640625,89672.3828125,89541.15625,89672.3828125,439255040
2025-12-29 08:45:00+00:00,89451.8984375,89654.6640625,89410.6953125,89602.5859375,489095168
2025-12-29 09:00:00+00:00,89410.859375,89489.328125,89374.4296875,89438.515625,799471616
2025-12-29 09:15:00+00:00,89205.9140625,89401.2578125,89202.8671875,89401.2578125,220231680
2025-12-29 09:30:00+00:00,88143.90625,89204.5625,88143.90625,89204.5625,1230489600
2025-12-29 09:45:00+00:00,87940.6015625,88146.265625,87795.0078125,88146.265625,1838751744
2025-12-29 10:00:00+00:00,88065.671875,88137.9609375,87874.6484375,87981.0859375,511705088
2025-12-29 10:15:00+00:00,87874.7109375,87976.1953125,87874.6015625,87976.1953125,1254400000
2025-12-29 10:30:00+00:00,87814.203125,87906.59375,87802.6171875,87906.59375,72581120
2025-12-29 10:45:00+00:00,87678.9453125,87826.1484375,87602.5078125,87826.1484375,221413376
2025-12-29 11:00:00+00:00,87673.21875,87673.21875,87573.8359375,87620.4375,563118080
2025-12-29 11:15:00+00:00,87669.6640625,87686.4296875,87635.7421875,87641.1875,389193728
2025-12-29 11:30:00+00:00,87581.3125,87661.4765625,87538.546875,87661.4765625,249511936
2025-12-29 11:45:00+00:00,87508.1796875,87546.6796875,87485.3203125,87546.6796875,953503744
2025-12-29 12:00:00+00:00,86825.65625,87508.265625,86825.65625,87485.1015625,784023552
2025-12-29 12:15:00+00:00,87216.8671875,87216.8671875,86760.265625,86886.078125,1464143872
2025-12-29 12:30:00+00:00,87243.3984375,87285.3984375,87144.8359375,87144.8359375,666804224
2025-12-29 12:45:00+00:00,87242.8046875,87282.1171875,87188.0703125,87188.0703125,319664128
2025-12-29 13:00:00+00:00,87278.46875,87393.125,87252.3203125,87252.3203125,215560192
2025-12-29 13:15:00+00:00,87194.1953125,87344.40625,87194.1953125,87267.5859375,617377792
2025-12-29 13:30:00+00:00,87161.1953125,87241.96875,87161.1953125,87181.6328125,224165888
2025-12-29 13:45:00+00:00,87222.25,87222.25,87125.609375,87169.21875,195260416
2025-12-29 14:00:00+00:00,87237.421875,87280.8984375,87176.984375,87255.890625,2107105280
2025-12-29 14:15:00+00:00,87405.796875,87405.796875,87262.8125,87321.3125,468316160
2025-12-29 14:30:00+00:00,87899.9453125,88007.96875,87348.734375,87348.734375,689053696
2025-12-29 14:45:00+00:00,87322.015625,87987.53125,87322.015625,87972.953125,204505088
2025-12-29 15:00:00+00:00,87592.015625,87592.015625,87196.8359375,87288.6015625,1639342080
2025-12-29 15:15:00+00:00,87625.1484375,87760.9296875,87411.0546875,87611.296875,431214592
2025-12-29 15:30:00+00:00,87740.375,87740.375,87601.3046875,87643.0,896733184
2025-12-29 15:45:00+00:00,87636.625,87742.875,87548.8046875,87742.875,491786240
2025-12-29 16:00:00+00:00,87691.0234375,87691.0234375,87565.40625,87600.4453125,579416064
2025-12-29 16:15:00+00:00,87424.9765625,87676.1875,87364.8984375,87676.1875,237883392
2025-12-29 16:30:00+00:00,87533.9296875,87619.2734375,87438.5,87438.5,605339648
2025-12-29 16:45:00+00:00,87538.171875,87662.609375,87479.515625,87539.484375,1198112768
2025-12-29 17:00:00+00:00,87510.6015625,87651.8359375,87510.6015625,87529.6015625,449822720
2025-12-29 17:15:00+00:00,87378.3984375,87571.0234375,87378.3984375,87521.234375,1086840832
2025-12-29 17:30:00+00:00,87527.0546875,87527.0546875,87327.8984375,87327.8984375,584400896
2025-12-29 17:45:00+00:00,87697.2265625,87697.2265625,87508.3515625,87508.3515625,664821760
2025-12-29 18:00:00+00:00,87698.3515625,87870.671875,87611.3828125,87734.7890625,798846976
2025-12-29 18:15:00+00:00,87620.8671875,87757.359375,87620.8671875,87702.96875,654254080
2025-12-29 18:30:00+00:00,87530.859375,87657.3515625,87495.6015625,87612.0,179376128
2025-12-29 18:45:00+00:00,87357.53125,87507.75,87307.2421875,87504.0078125,220286976
2025-12-29 19:00:00+00:00,87465.5546875,87547.25,87252.59375,87336.90625,349335552
2025-12-29 19:15:00+00:00,87395.703125,87474.203125,87395.703125,87474.140625,821280768
2025-12-29 19:30:00+00:00,87324.3828125,87481.671875,87300.2578125,87408.2265625,575438848
2025-12-29 19:45:00+00:00,87238.1015625,87347.3828125,87238.1015625,87315.515625,868249600
2025-12-29 20:00:00+00:00,87305.3046875,87403.9921875,87230.1484375,87246.40625,870944768
2025-12-29 20:15:00+00:00,87270.953125,87482.46875,87228.2890625,87425.8671875,431788032
2025-12-29 20:30:00+00:00,87131.625,87285.7109375,87118.2734375,87253.3671875,413278208
2025-12-29 20:45:00+00:00,87121.6796875,87121.6796875,86975.015625,87115.6875,104845312
2025-12-29 21:00:00+00:00,87239.8125,87246.6953125,87142.9765625,87157.78125,768684032
2025-12-29 21:15:00+00:00,87189.1484375,87246.4375,87129.8515625,87245.1796875,406368256
2025-12-29 21:30:00+00:00,87235.5703125,87235.5703125,87168.9921875,87183.0234375,562073600
2025-12-29 21:45:00+00:00,87224.9609375,87241.015625,87210.9375,87241.015625,41947136
2025-12-29 22:00:00+00:00,86993.3046875,87227.59375,86983.703125,87227.59375,217124864
2025-12-29 22:15:00+00:00,87110.171875,87139.375,87017.734375,87017.734375,794406912
2025-12-29 22:30:00+00:00,87247.0234375,87247.0234375,87106.7109375,87106.7109375,248279040
2025-12-29 22:45:00+00:00,87260.8046875,87286.21875,87235.0390625,87268.859375,116453376
2025-12-29 23:00:00+00:00,87278.4921875,87291.375,87203.953125,87237.921875,359305216
2025-12-29 23:15:00+00:00,87212.9609375,87265.078125,87206.3125,87265.078125,113061888
2025-12-29 23:30:00+00:00,87103.8515625,87148.59375,87079.765625,87113.5625,388927488
2025-12-29 23:45:00+00:00,87145.21875,87145.21875,87095.1328125,87102.1796875,0
2025-12-30 00:00:00+00:00,87192.0078125,87221.9140625,87109.578125,87142.078125,0
2025-12-30 00:15:00+00:00,87210.59375,87233.5234375,87193.0546875,87193.0546875,51392512
2025-12-30 00:30:00+00:00,87018.1875,87193.921875,87010.6171875,87193.921875,330702848
2025-12-30 00:45:00+00:00,87129.7890625,87156.3125,87023.171875,87023.171875,1904848896
2025-12-30 01:00:00+00:00,87145.140625,87145.140625,87048.265625,87139.046875,381378560
2025-12-30 01:15:00+00:00,87095.2265625,87183.0390625,87081.6640625,87116.4375,74133504
2025-12-30 01:30:00+00:00,87155.015625,87157.5,87033.828125,87085.8984375,235782144
2025-12-30 01:45:00+00:00,87191.5703125,87228.65625,87158.484375,87158.484375,0
2025-12-30 02:00:00+00:00,87067.5078125,87206.671875,87026.53125,87206.671875,1209458688
2025-12-30 02:15:00+00:00,87171.84375,87230.3828125,87098.015625,87098.015625,489451520
2025-12-30 02:30:00+00:00,86958.7890625,87143.765625,86907.703125,87136.25,220266496
2025-12-30 02:45:00+00:00,86975.734375,87003.7890625,86913.3671875,86996.15625,62951424
2025-12-30 03:00:00+00:00,86851.921875,86987.84375,86851.921875,86987.84375,0
2025-12-30 03:15:00+00:00,87148.1640625,87182.34375,86737.0703125,86830.46875,241078272
2025-12-30 03:30:00+00:00,87121.875,87173.875,87110.8359375,87157.2890625,1556246528
2025-12-30 03:45:00+00:00,87285.1484375,87305.9375,87153.28125,87153.28125,226504704
2025-12-30 04:00:00+00:00,87221.4453125,87298.1953125,87196.625,87263.125,0
2025-12-30 04:15:00+00:00,87365.34375,87374.3671875,87205.59375,87210.4296875,159567872
2025-12-30 04:30:00+00:00,87326.5703125,87359.7890625,87292.4453125,87347.3671875,0
2025-12-30 04:45:00+00:00,87199.7421875,87332.5390625,87199.7421875,87332.5390625,205369344
2025-12-30 05:00:00+00:00,87231.640625,87231.640625,87186.8828125,87199.890625,0
2025-12-30 05:15:00+00:00,87171.1953125,87250.3671875,87141.125,87250.3671875,96509952
2025-12-30 05:30:00+00:00,87107.7734375,87166.078125,87052.0546875,87166.078125,19697664
2025-12-30 05:45:00+00:00,87129.546875,87131.5390625,87088.3984375,87118.75,132386816
2025-12-30 06:00:00+00:00,87212.671875,87212.671875,87121.984375,87132.8359375,66052096
2025-12-30 06:15:00+00:00,87253.2890625,87279.578125,87221.96875,87221.96875,51986432
2025-12-30 06:30:00+00:00,87380.046875,87380.046875,87261.515625,87261.515625,320327680
2025-12-30 06:45:00+00:00,87317.140625,87396.1328125,87317.140625,87366.734375,90341376
2025-12-30 07:00:00+00:00,87408.609375,87408.609375,87311.859375,87326.1796875,303263744
2025-12-30 07:15:00+00:00,87321.984375,87472.65625,87278.7578125,87472.65625,418803712
2025-12-30 07:30:00+00:00,87399.65625,87412.8828125,87302.484375,87304.7421875,0
2025-12-30 07:45:00+00:00,87378.296875,87392.5078125,87367.7578125,87380.4921875,0
2025-12-30 08:00:00+00:00,87853.3125,87853.3125,87377.125,87377.125,424804352
2025-12-30 08:15:00+00:00,87757.421875,88039.8984375,87691.109375,87942.5,1855434752
2025-12-30 08:30:00+00:00,87804.6875,87827.5546875,87686.625,87736.2109375,538824704
2025-12-30 08:45:00+00:00,87771.765625,87855.9140625,87729.046875,87795.8515625,25460736
2025-12-30 09:00:00+00:00,87701.5078125,87792.046875,87701.5078125,87760.78125,122970112
2025-12-30 09:15:00+00:00,87609.375,87664.3515625,87550.1875,87664.3515625,1130819584
2025-12-30 09:30:00+00:00,87671.078125,87671.078125,87590.5390625,87590.5390625,0
2025-12-30 09:45:00+00:00,87881.125,87881.125,87728.21875,87728.21875,0
2025-12-30 10:00:00+00:00,87916.8828125,87989.34375,87878.875,87878.875,125620224
2025-12-30 10:15:00+00:00,87884.6171875,87963.6015625,87853.65625,87914.9765625,0
2025-12-30 10:30:00+00:00,88009.4453125,88009.4453125,87816.4375,87908.0234375,301707264
2025-12-30 10:45:00+00:00,87844.3203125,88056.640625,87830.8828125,88043.078125,1187475456
2025-12-30 11:00:00+00:00,87897.7265625,87897.7265625,87795.7109375,87843.2734375,0
2025-12-30 11:15:00+00:00,87820.9609375,87912.9140625,87806.3828125,87911.2421875,88426496
2025-12-30 11:30:00+00:00,87778.9765625,87887.765625,87778.9765625,87821.984375,423137280
2025-12-30 11:45:00+00:00,87751.421875,87816.0625,87665.15625,87771.9765625,560048128
2025-12-30 12:00:00+00:00,87924.6953125,87924.6953125,87822.1953125,87845.296875,41613312
2025-12-30 12:15:00+00:00,87892.5390625,87970.3515625,87892.5390625,87919.9609375,0
2025-12-30 12:30:00+00:00,87872.96875,87945.6484375,87863.09375,87882.1328125,0
2025-12-30 12:45:00+00:00,87888.2265625,87897.7421875,87846.140625,87879.4296875,41371648
2025-12-30 13:00:00+00:00,87830.6796875,87922.109375,87829.5,87913.5703125,0
2025-12-30 13:15:00+00:00,87954.9296875,87987.71875,87813.5078125,87843.5,25341952
2025-12-30 13:30:00+00:00,87950.734375,88012.078125,87840.71875,87975.7109375,1183002624
2025-12-30 13:45:00+00:00,88002.9453125,88002.9453125,87931.7734375,87968.8359375,82227200
2025-12-30 14:00:00+00:00,87952.5546875,88003.203125,87749.84375,88003.203125,267804672
2025-12-30 14:15:00+00:00,88033.953125,88128.8203125,87924.1875,87924.1875,167680000
2025-12-30 14:30:00+00:00,87898.8984375,88111.0546875,87845.8828125,88015.6171875,292782080
2025-12-30 14:45:00+00:00,88834.1796875,88890.40625,87977.765625,87977.765625,1117779968
2025-12-30 15:00:00+00:00,88324.7890625,88811.78125,88191.7109375,88811.78125,648218624
2025-12-30 15:15:00+00:00,88441.6875,88441.6875,88153.78125,88261.0703125,959320064
2025-12-30 15:30:00+00:00,88555.765625,88588.765625,88370.4609375,88370.4609375,124241920
2025-12-30 15:45:00+00:00,88947.28125,88973.1015625,88634.2890625,88671.859375,970995712
2025-12-30 16:00:00+00:00,88851.5859375,89005.0078125,88783.2421875,88916.6796875,375023616
2025-12-30 16:15:00+00:00,89134.484375,89291.796875,88864.2109375,88864.2109375,1009829888
2025-12-30 16:30:00+00:00,88634.4375,89136.0078125,88610.7734375,89113.5625,392572928
2025-12-30 16:45:00+00:00,88672.234375,88672.234375,88527.8359375,88618.5859375,1560074240
2025-12-30 17:00:00+00:00,88799.6328125,88799.6328125,88678.78125,88678.78125,18657280
2025-12-30 17:15:00+00:00,88509.1328125,88703.2421875,88434.5546875,88703.2421875,183955456
2025-12-30 17:30:00+00:00,88449.0625,88593.1015625,88449.0625,88526.09375,272617472
2025-12-30 17:45:00+00:00,88334.1015625,88448.78125,88135.7890625,88448.78125,553668608
2025-12-30 18:00:00+00:00,88220.796875,88317.5234375,88220.796875,88302.4765625,53583872
2025-12-30 18:15:00+00:00,88306.1875,88326.75,88222.9765625,88222.9765625,282710016
2025-12-30 18:30:00+00:00,88267.8828125,88378.7421875,88267.8828125,88306.1484375,333467648
2025-12-30 18:45:00+00:00,88238.75,88293.0703125,88086.2578125,88293.0703125,152129536
2025-12-30 19:00:00+00:00,87995.3515625,88240.765625,87927.6328125,88240.765625,104427520
2025-12-30 19:15:00+00:00,88241.8828125,88251.84375,87988.9453125,87988.9453125,284692480
2025-12-30 19:30:00+00:00,88216.1875,88329.6484375,88209.6953125,88260.6015625,903540736
2025-12-30 19:45:00+00:00,88153.5390625,88243.671875,88081.078125,88206.859375,45367296
2025-12-30 20:00:00+00:00,88073.734375,88142.3359375,88040.609375,88142.3359375,0
2025-12-30 20:15:00+00:00,87978.2734375,88122.1015625,87978.2734375,88054.015625,75608064
2025-12-30 20:30:00+00:00,87997.734375,88084.3828125,87970.015625,87984.203125,337940480
2025-12-30 20:45:00+00:00,87831.0859375,87995.984375,87814.0234375,87995.984375,71790592
2025-12-30 21:00:00+00:00,87967.65625,87999.265625,87821.828125,87821.828125,1168400384
2025-12-30 21:15:00+00:00,88065.609375,88085.984375,87988.5625,87988.5625,12361728
2025-12-30 21:30:00+00:00,88182.0,88184.5234375,88090.3359375,88090.3359375,249749504
2025-12-30 21:45:00+00:00,88172.453125,88224.8828125,88150.375,88186.15625,21532672
2025-12-30 22:00:00+00:00,88352.734375,88352.734375,88182.109375,88182.109375,575049728
2025-12-30 22:15:00+00:00,88342.109375,88367.234375,88287.1484375,88367.234375,95834112
2025-12-30 22:30:00+00:00,88231.5625,88360.546875,88219.8671875,88342.671875,25178112
2025-12-30 22:45:00+00:00,88325.125,88325.125,88217.5625,88217.5625,172744704
2025-12-30 23:00:00+00:00,88387.4375,88398.7890625,88318.5859375,88329.578125,189255680
2025-12-30 23:15:00+00:00,88434.8359375,88439.1953125,88332.5078125,88373.9609375,668401664
2025-12-30 23:30:00+00:00,88458.890625,88477.875,88436.359375,88477.875,0
2025-12-30 23:45:00+00:00,88423.140625,88458.1640625,88410.2578125,88458.1640625,150106112
2025-12-31 00:00:00+00:00,88286.3671875,88407.7265625,88263.5,88407.7265625,53829632
2025-12-31 00:15:00+00:00,88300.28125,88300.28125,88213.9765625,88296.0234375,71139328
2025-12-31 00:30:00+00:00,88247.2890625,88294.0859375,88196.328125,88294.0859375,188563456
2025-12-31 00:45:00+00:00,88161.0546875,88239.9375,88161.0546875,88239.9375,238297088
2025-12-31 01:00:00+00:00,88203.296875,88203.296875,88085.4921875,88148.671875,75440128
2025-12-31 01:15:00+00:00,88482.5703125,88562.953125,88209.4921875,88209.4921875,194060288
2025-12-31 01:30:00+00:00,88610.7578125,88645.015625,88490.8671875,88490.8671875,455798784
2025-12-31 01:45:00+00:00,88552.8984375,88639.9609375,88521.46875,88627.90625,75046912
2025-12-31 02:00:00+00:00,88568.265625,88568.265625,88492.6171875,88501.4921875,445652992
2025-12-31 02:15:00+00:00,88556.703125,88622.90625,88556.703125,88582.6953125,286339072
2025-12-31 02:30:00+00:00,88488.921875,88629.28125,88488.46875,88571.109375,96362496
2025-12-31 02:45:00+00:00,88585.5859375,88594.546875,88437.21875,88492.1171875,1536000
2025-12-31 03:00:00+00:00,88653.0234375,88665.9609375,88575.71875,88575.71875,287899648
2025-12-31 03:15:00+00:00,88436.5234375,88654.6328125,88436.5234375,88654.6328125,972771328
2025-12-31 03:30:00+00:00,88317.8203125,88438.53125,88289.765625,88438.53125,117915648
2025-12-31 03:45:00+00:00,88338.7890625,88366.8515625,88335.078125,88343.953125,74145792
2025-12-31 04:00:00+00:00,88356.296875,88365.640625,88325.546875,88342.203125,30019584
2025-12-31 04:15:00+00:00,88310.796875,88440.0234375,88286.234375,88370.6015625,189734912
2025-12-31 04:30:00+00:00,88292.90625,88341.7109375,88292.90625,88326.875,927078400
2025-12-31 04:45:00+00:00,88229.0546875,88288.4140625,88229.0546875,88286.1875,116072448
2025-12-31 05:00:00+00:00,88295.890625,88335.2109375,88239.765625,88239.765625,545796096
2025-12-31 05:15:00+00:00,88307.6953125,88328.40625,88249.625,88304.515625,72409088
2025-12-31 05:30:00+00:00,88401.015625,88401.015625,88330.296875,88338.609375,452489216
2025-12-31 05:45:00+00:00,88354.6484375,88413.234375,88339.9140625,88408.390625,372154368
2025-12-31 06:00:00+00:00,88405.4375,88414.515625,88349.3515625,88352.7578125,114348032
2025-12-31 06:15:00+00:00,88437.1796875,88447.6953125,88371.640625,88413.265625,126291968
2025-12-31 06:30:00+00:00,88392.8125,88457.7578125,88392.8125,88423.2734375,32350208
2025-12-31 06:45:00+00:00,88396.65625,88418.671875,88390.9140625,88393.4921875,126099456
2025-12-31 07:00:00+00:00,88369.421875,88401.96875,88343.328125,88401.96875,109346816
2025-12-31 07:15:00+00:00,88452.328125,88452.328125,88342.2109375,88372.9453125,143106048
2025-12-31 07:30:00+00:00,88498.5,88517.1484375,88429.796875,88429.8984375,286543872
2025-12-31 07:45:00+00:00,88496.046875,88513.09375,88472.9765625,88472.9765625,1194641408
2025-12-31 08:00:00+00:00,88575.4140625,88604.8359375,88492.7265625,88492.7265625,162443264
2025-12-31 08:15:00+00:00,88551.0390625,88583.2734375,88528.6015625,88583.2734375,164102144
2025-12-31 08:30:00+00:00,88302.9921875,88547.75,88302.9921875,88547.75,26081280
2025-12-31 08:45:00+00:00,88321.921875,88341.7421875,88304.6015625,88305.359375,45764608
2025-12-31 09:00:00+00:00,88434.6171875,88460.2109375,88324.9453125,88324.9453125,529934336
2025-12-31 09:15:00+00:00,88474.4765625,88481.2578125,88441.8515625,88441.8515625,77957120
2025-12-31 09:30:00+00:00,88539.1328125,88546.125,88461.5,88476.953125,74608640
2025-12-31 09:45:00+00:00,88585.390625,88587.1953125,88538.3203125,88538.5234375,60678144
2025-12-31 10:00:00+00:00,88677.421875,88685.28125,88553.96875,88553.96875,122888192
2025-12-31 10:15:00+00:00,88648.703125,88699.6171875,88606.1953125,88682.8359375,261558272
2025-12-31 10:30:00+00:00,88583.4921875,88648.3515625,88559.7578125,88648.3515625,1834733568
2025-12-31 10:45:00+00:00,88697.6796875,88697.6796875,88617.7890625,88627.1015625,53166080
2025-12-31 11:00:00+00:00,88807.03125,88815.8984375,88720.625,88732.7578125,0
2025-12-31 11:15:00+00:00,88807.203125,88813.4765625,88703.1484375,88770.3203125,1224071168
2025-12-31 11:30:00+00:00,88876.453125,88877.59375,88813.90625,88826.53125,445902848
2025-12-31 11:45:00+00:00,88863.515625,88894.6484375,88845.2734375,88894.6484375,154689536
2025-12-31 12:00:00+00:00,88863.5546875,88910.5,88839.375,88910.5,94449664
2025-12-31 12:15:00+00:00,88812.3359375,88883.2265625,88812.3359375,88834.3671875,740360192
2025-12-31 12:30:00+00:00,88717.546875,88875.3984375,88717.546875,88835.3828125,171407360
2025-12-31 12:45:00+00:00,88668.21875,88746.9765625,88658.2421875,88715.3984375,442265600
2025-12-31 13:00:00+00:00,88715.875,88738.1875,88664.0078125,88680.65625,303548416
2025-12-31 13:15:00+00:00,88748.6015625,88794.1484375,88711.0859375,88711.0859375,98299904
2025-12-31 13:30:00+00:00,88694.7578125,88733.8046875,88642.578125,88733.8046875,341592064
2025-12-31 13:45:00+00:00,88856.4609375,88921.734375,88675.6640625,88687.203125,245628928
2025-12-31 14:00:00+00:00,89004.65625,89019.9375,88870.671875,88872.7109375,442230784
2025-12-31 14:15:00+00:00,88868.2421875,89012.4140625,88868.2421875,89012.4140625,0
2025-12-31 14:30:00+00:00,88483.390625,88850.21875,88483.390625,88850.21875,384919552
2025-12-31 14:45:00+00:00,88323.921875,88530.078125,88218.484375,88530.078125,82812928
2025-12-31 15:00:00+00:00,88021.8984375,88371.0,87902.6171875,88371.0,251480064
2025-12-31 15:15:00+00:00,87910.28125,88083.265625,87816.875,88083.265625,987258880
2025-12-31 15:30:00+00:00,87941.5703125,87975.5546875,87728.4140625,87865.8984375,1062062080
2025-12-31 15:45:00+00:00,87911.6328125,88007.453125,87898.4453125,87923.578125,66729984
2025-12-31 16:00:00+00:00,87831.3515625,87845.2421875,87717.8046875,87845.2421875,179150848
2025-12-31 16:15:00+00:00,87797.125,87903.6875,87665.703125,87812.046875,0
2025-12-31 16:30:00+00:00,87343.0234375,87794.3828125,87343.0234375,87788.609375,271011840
2025-12-31 16:45:00+00:00,87558.6171875,87558.6171875,87334.125,87334.125,295180288
2025-12-31 17:00:00+00:00,87408.3984375,87560.0546875,87395.765625,87539.96875,290103296
2025-12-31 17:15:00+00:00,87543.40625,87561.078125,87385.9609375,87419.15625,206426112
2025-12-31 17:30:00+00:00,87486.328125,87547.21875,87455.796875,87512.9453125,364972032
2025-12-31 17:45:00+00:00,87490.890625,87544.171875,87454.140625,87506.7578125,57296896
2025-12-31 18:00:00+00:00,87771.7578125,87791.890625,87458.5078125,87502.9296875,94124032
2025-12-31 18:15:00+00:00,87838.8203125,87838.8203125,87733.515625,87782.5078125,258117632
2025-12-31 18:30:00+00:00,87709.875,87830.546875,87709.875,87830.546875,13877248
2025-12-31 18:45:00+00:00,87575.078125,87744.8203125,87575.078125,87742.1875,22454272
2025-12-31 19:00:00+00:00,87712.1328125,87712.1328125,87561.8515625,87561.8515625,216766464
2025-12-31 19:15:00+00:00,87612.9296875,87692.3515625,87582.4609375,87683.8125,213559296
2025-12-31 19:30:00+00:00,87523.7109375,87606.3828125,87523.7109375,87606.3828125,180463616
2025-12-31 19:45:00+00:00,87455.484375,87554.5234375,87420.515625,87510.734375,342654976
2025-12-31 20:00:00+00:00,87325.5234375,87419.890625,87283.2421875,87419.890625,260317184
2025-12-31 20:15:00+00:00,87350.1171875,87394.828125,87308.7421875,87381.6484375,507181056
2025-12-31 20:30:00+00:00,87262.2109375,87371.6328125,87141.0078125,87354.609375,32888832
2025-12-31 20:45:00+00:00,87534.90625,87534.90625,87243.65625,87267.6484375,272177152
2025-12-31 21:00:00+00:00,87567.046875,87634.390625,87531.6328125,87531.6328125,1006161920
2025-12-31 21:15:00+00:00,87611.21875,87614.7890625,87570.8984375,87585.65625,44066816
2025-12-31 21:30:00+00:00,87675.28125,87692.2890625,87609.7421875,87609.7421875,198750208
2025-12-31 21:45:00+00:00,87637.1953125,87680.21875,87637.1953125,87675.453125,436672512
2025-12-31 22:00:00+00:00,87658.1953125,87658.1953125,87629.7734375,87652.2734375,45326336
2025-12-31 22:15:00+00:00,87729.359375,87738.6171875,87667.1640625,87673.671875,162721792
2025-12-31 22:30:00+00:00,87578.375,87725.78125,87578.375,87725.78125,293048320
2025-12-31 22:45:00+00:00,87561.1953125,87612.9140625,87561.1953125,87597.703125,52199424
2025-12-31 23:00:00+00:00,87556.09375,87587.4140625,87531.6796875,87585.8203125,906864640
2025-12-31 23:15:00+00:00,87526.7890625,87557.203125,87508.9453125,87546.9375,61048832
2025-12-31 23:30:00+00:00,87537.1796875,87540.046875,87509.5859375,87531.8828125,109443072
2025-12-31 23:45:00+00:00,87501.953125,87549.3203125,87501.953125,87536.375,59049984
2026-01-01 00:00:00+00:00,87603.0859375,87622.9375,87512.875,87512.875,134350848
2026-01-01 00:15:00+00:00,87622.3984375,87624.7890625,87597.9765625,87597.9765625,0
2026-01-01 00:30:00+00:00,87592.6796875,87625.546875,87583.1796875,87620.7578125,1107968
2026-01-01 00:45:00+00:00,87675.9296875,87679.9375,87598.2109375,87599.5390625,139149312
2026-01-01 01:00:00+00:00,87851.1875,87855.5078125,87665.65625,87665.65625,36610048
2026-01-01 01:15:00+00:00,87752.7109375,87890.0234375,87752.7109375,87843.9921875,72159232
2026-01-01 01:30:00+00:00,87740.4609375,87753.1953125,87698.328125,87720.09375,112967680
2026-01-01 01:45:00+00:00,87817.6171875,87842.8515625,87734.171875,87734.171875,0
2026-01-01 02:00:00+00:00,87845.875,87872.53125,87760.9140625,87812.1875,1034295296
2026-01-01 02:15:00+00:00,87807.515625,87922.5234375,87794.296875,87843.34375,2603008
2026-01-01 02:30:00+00:00,87807.0234375,87902.234375,87796.390625,87809.8984375,31555584
2026-01-01 02:45:00+00:00,87776.4921875,87804.90625,87751.6171875,87803.625,221054976
2026-01-01 03:00:00+00:00,87792.2265625,87792.2265625,87742.9609375,87748.3203125,0
2026-01-01 03:15:00+00:00,87784.3671875,87857.46875,87762.6171875,87816.6015625,0
2026-01-01 03:30:00+00:00,87795.21875,87803.25,87765.1640625,87775.4296875,161640448
2026-01-01 03:45:00+00:00,87710.953125,87796.9765625,87700.390625,87796.9765625,115945472
2026-01-01 04:00:00+00:00,87522.5078125,87698.5078125,87522.5078125,87698.5078125,66373632
2026-01-01 04:15:00+00:00,87482.046875,87534.3828125,87418.4765625,87510.6875,1121667072
2026-01-01 04:30:00+00:00,87440.5859375,87508.46875,87436.015625,87474.9375,326680576
2026-01-01 04:45:00+00:00,87441.4609375,87448.875,87413.7578125,87413.7578125,198459392
2026-01-01 05:00:00+00:00,87546.4765625,87553.6171875,87452.7890625,87452.7890625,53780480
2026-01-01 05:15:00+00:00,87557.0078125,87565.53125,87530.0390625,87545.0625,65548288
2026-01-01 05:30:00+00:00,87548.6796875,87577.171875,87509.6484375,87549.4140625,80078848
2026-01-01 05:45:00+00:00,87558.3359375,87563.28125,87546.8671875,87546.8671875,225482752
2026-01-01 06:00:00+00:00,87494.8046875,87555.4453125,87486.953125,87555.4453125,45486080
2026-01-01 06:15:00+00:00,87500.84375,87512.0546875,87497.0234375,87498.5078125,0
2026-01-01 06:30:00+00:00,87519.421875,87523.921875,87498.2265625,87499.390625,46776320
2026-01-01 06:45:00+00:00,87506.2578125,87510.71875,87500.25,87506.4921875,0
2026-01-01 07:00:00+00:00,87478.0078125,87528.1171875,87475.453125,87504.0,222519296
2026-01-01 07:15:00+00:00,87492.671875,87521.8203125,87482.28125,87482.28125,30269440
2026-01-01 07:30:00+00:00,87500.4375,87522.671875,87468.5625,87468.5625,0
2026-01-01 07:45:00+00:00,87479.6875,87509.953125,87479.6875,87496.953125,35106816
2026-01-01 08:00:00+00:00,87609.8984375,87633.3515625,87486.9296875,87486.9296875,2265088
2026-01-01 08:15:00+00:00,87586.0703125,87602.3984375,87566.734375,87591.3984375,79513600
2026-01-01 08:30:00+00:00,87571.1171875,87616.296875,87571.1171875,87587.8203125,79316992
2026-01-01 08:45:00+00:00,87598.375,87598.375,87565.34375,87565.34375,58007552
2026-01-01 09:00:00+00:00,87694.3984375,87694.3984375,87618.5234375,87623.3046875,160294912
2026-01-01 09:15:00+00:00,87700.34375,87789.7890625,87688.375,87701.578125,32358400
2026-01-01 09:30:00+00:00,87734.8046875,87736.59375,87688.2109375,87692.3515625,0
2026-01-01 09:45:00+00:00,87724.84375,87736.234375,87714.625,87736.234375,0
2026-01-01 10:00:00+00:00,87720.546875,87738.1875,87720.546875,87732.3203125,0
2026-01-01 10:15:00+00:00,87682.25,87722.6796875,87659.03125,87722.6796875,198979584
2026-01-01 10:30:00+00:00,87697.3046875,87705.609375,87683.3671875,87683.3671875,53567488
2026-01-01 10:45:00+00:00,87716.8125,87718.9375,87693.3046875,87696.1875,38086656
2026-01-01 11:00:00+00:00,87794.3984375,87794.3984375,87716.4140625,87716.4140625,221184
2026-01-01 11:15:00+00:00,87779.7421875,87838.578125,87779.7421875,87793.390625,71520256
2026-01-01 11:30:00+00:00,87753.484375,87810.4375,87740.9296875,87797.3984375,192077824
2026-01-01 11:45:00+00:00,87875.796875,87875.796875,87777.6171875,87777.6171875,0
2026-01-01 12:00:00+00:00,87880.984375,87889.703125,87855.5625,87878.8671875,382529536
2026-01-01 12:15:00+00:00,87861.265625,87872.171875,87818.859375,87869.96875,140003328
2026-01-01 12:30:00+00:00,87844.890625,87865.015625,87806.5234375,87865.015625,102901760
2026-01-01 12:45:00+00:00,87838.296875,87846.4296875,87832.3125,87837.8203125,40402944
2026-01-01 13:00:00+00:00,87855.59375,87855.59375,87788.71875,87829.3203125,185253888
2026-01-01 13:15:00+00:00,87852.1640625,87884.8515625,87841.2265625,87847.203125,75466752
2026-01-01 13:30:00+00:00,87858.2890625,87859.015625,87832.5,87850.6953125,194721792
2026-01-01 13:45:00+00:00,87786.3515625,87859.0859375,87759.8359375,87859.0859375,0
2026-01-01 14:00:00+00:00,87832.3828125,87833.6875,87725.8046875,87793.8515625,0
2026-01-01 14:15:00+00:00,87791.703125,87849.6015625,87784.53125,87829.015625,767862784
2026-01-01 14:30:00+00:00,87768.3125,87783.1796875,87713.8515625,87766.828125,0
2026-01-01 14:45:00+00:00,87840.1640625,87849.296875,87781.203125,87781.203125,0
2026-01-01 15:00:00+00:00,87821.875,87849.0703125,87814.3984375,87848.578125,375435264
2026-01-01 15:15:00+00:00,87868.4765625,87941.4140625,87857.9140625,87857.9140625,0
2026-01-01 15:30:00+00:00,87917.3125,87926.21875,87843.5546875,87882.1640625,0
2026-01-01 15:45:00+00:00,87922.0625,87936.1640625,87882.7734375,87906.734375,0
2026-01-01 16:00:00+00:00,87832.3125,87920.5625,87831.5625,87920.5625,0
2026-01-01 16:15:00+00:00,87840.6796875,87840.6796875,87762.65625,87835.9921875,0
2026-01-01 16:30:00+00:00,87835.84375,87866.515625,87824.125,87838.296875,0
2026-01-01 16:45:00+00:00,87863.2734375,87868.7265625,87826.265625,87826.265625,0
2026-01-01 17:00:00+00:00,87922.53125,87922.53125,87856.0234375,87868.3359375,0
2026-01-01 17:15:00+00:00,88123.0078125,88130.1484375,87936.09375,87936.09375,81469440
2026-01-01 17:30:00+00:00,88260.0390625,88358.0390625,88129.5859375,88129.5859375,21168128
2026-01-01 17:45:00+00:00,88187.8203125,88302.9140625,88181.5,88229.3125,214616064
2026-01-01 18:00:00+00:00,88095.5703125,88239.390625,88095.5703125,88239.390625,176486400
2026-01-01 18:15:00+00:00,88012.1640625,88113.9765625,88012.1640625,88057.2890625,14698496
2026-01-01 18:30:00+00:00,88043.375,88043.375,87984.6015625,87984.6015625,42967040
2026-01-01 18:45:00+00:00,88055.2578125,88089.0546875,88031.4609375,88076.421875,25227264
2026-01-01 19:00:00+00:00,87970.1875,88067.7734375,87970.1875,88062.9765625,0
2026-01-01 19:15:00+00:00,88043.2890625,88043.2890625,87985.8046875,87985.8046875,47511552
2026-01-01 19:30:00+00:00,88205.0234375,88205.0234375,88038.125,88041.96875,72556544
2026-01-01 19:45:00+00:00,88222.2578125,88297.9296875,88193.4609375,88193.8203125,88745984
2026-01-01 20:00:00+00:00,88215.109375,88244.1015625,88200.3203125,88239.71875,0
2026-01-01 20:15:00+00:00,88226.65625,88237.9296875,88202.8359375,88223.4296875,67672064
2026-01-01 20:30:00+00:00,88176.4609375,88233.5390625,88173.9296875,88231.796875,0
2026-01-01 20:45:00+00:00,88146.328125,88168.8515625,88133.1328125,88145.21875,0
2026-01-01 21:00:00+00:00,88273.1484375,88273.1484375,88142.515625,88147.5546875,0
2026-01-01 21:15:00+00:00,88267.640625,88275.21875,88243.703125,88275.21875,49412096
2026-01-01 21:30:00+00:00,88241.0234375,88269.3046875,88241.0234375,88269.3046875,0
2026-01-01 21:45:00+00:00,88270.203125,88280.140625,88201.046875,88224.484375,0
2026-01-01 22:00:00+00:00,88383.5546875,88428.9140625,88271.7734375,88271.7734375,85252096
2026-01-01 22:15:00+00:00,88445.875,88448.0390625,88365.7890625,88388.2890625,100005888
2026-01-01 22:30:00+00:00,88450.40625,88473.015625,88318.109375,88428.703125,64598016
2026-01-01 22:45:00+00:00,88562.9765625,88565.015625,88468.9453125,88473.8671875,101670912
2026-01-01 23:00:00+00:00,88470.125,88607.640625,88378.5078125,88530.3203125,150503424
2026-01-01 23:15:00+00:00,88621.15625,88664.1328125,88469.6171875,88469.6171875,99471360
2026-01-01 23:30:00+00:00,88731.125,88731.125,88619.2265625,88619.2265625,129611776
2026-01-01 23:45:00+00:00,88722.0703125,88791.9765625,88650.5234375,88777.8203125,281688064
2026-01-02 00:00:00+00:00,88518.953125,88750.7734375,88518.953125,88725.46875,105400320
2026-01-02 00:15:00+00:00,88576.28125,88589.8828125,88498.2890625,88539.9609375,153524224
2026-01-02 00:30:00+00:00,88537.15625,88754.3984375,88537.15625,88602.6875,99227648
2026-01-02 00:45:00+00:00,88675.3984375,88749.78125,88620.59375,88620.59375,234418176
2026-01-02 01:00:00+00:00,88699.71875,88739.828125,88642.4375,88710.0625,0
2026-01-02 01:15:00+00:00,88606.3125,88627.2890625,88594.640625,88619.3671875,206606336
2026-01-02 01:30:00+00:00,88536.78125,88596.6875,88433.0234375,88588.6953125,292845568
2026-01-02 01:45:00+00:00,88534.2890625,88542.734375,88494.84375,88529.421875,189063168
2026-01-02 02:00:00+00:00,88380.9375,88550.125,88335.375,88535.265625,34205696
2026-01-02 02:15:00+00:00,88322.203125,88394.0859375,88298.6171875,88382.5078125,681390080
2026-01-02 02:30:00+00:00,88382.0390625,88406.5234375,88312.765625,88323.34375,48857088
2026-01-02 02:45:00+00:00,88498.0546875,88513.921875,88373.5,88373.5,163418112
2026-01-02 03:00:00+00:00,88747.671875,88747.671875,88471.65625,88519.609375,157716480
2026-01-02 03:15:00+00:00,88755.2578125,88830.75,88707.8203125,88830.75,340260864
2026-01-02 03:30:00+00:00,88864.953125,88985.9609375,88756.7421875,88761.703125,315629568
2026-01-02 03:45:00+00:00,88778.703125,88968.0546875,88778.703125,88861.375,303335424
2026-01-02 04:00:00+00:00,88724.4453125,88862.59375,88709.5390625,88832.3828125,124041216
2026-01-02 04:15:00+00:00,88643.0390625,88722.1484375,88643.0390625,88722.1484375,208988160
2026-01-02 04:30:00+00:00,88682.765625,88711.765625,88643.5859375,88643.5859375,0
2026-01-02 04:45:00+00:00,88530.375,88648.3671875,88530.375,88637.7109375,59148288
2026-01-02 05:00:00+00:00,88577.78125,88596.59375,88525.78125,88529.6484375,77314048
2026-01-02 05:15:00+00:00,88496.84375,88649.3203125,88496.84375,88575.6875,348485632
2026-01-02 05:30:00+00:00,88575.6640625,88575.6640625,88477.3984375,88478.078125,89839616
2026-01-02 05:45:00+00:00,88652.2890625,88670.9765625,88590.078125,88597.078125,66037760
2026-01-02 06:00:00+00:00,88703.6171875,88729.625,88626.7421875,88636.3359375,174974976
2026-01-02 06:15:00+00:00,88815.515625,88815.515625,88682.640625,88685.7578125,132505600
2026-01-02 06:30:00+00:00,88903.8359375,88956.0703125,88809.53125,88809.53125,288897024
2026-01-02 06:45:00+00:00,88838.5703125,88919.515625,88838.5703125,88919.515625,148936704
2026-01-02 07:00:00+00:00,88920.1953125,88920.1953125,88830.1875,88830.1875,167424000
2026-01-02 07:15:00+00:00,88797.96875,88934.4296875,88797.96875,88934.4296875,192788480
2026-01-02 07:30:00+00:00,88752.09375,88786.1953125,88752.09375,88786.1953125,71092224
2026-01-02 07:45:00+00:00,88773.3203125,88783.0078125,88748.6640625,88757.890625,97771520
2026-01-02 08:00:00+00:00,88957.015625,88957.015625,88711.90625,88754.0859375,324364288
2026-01-02 08:15:00+00:00,88973.890625,88991.78125,88880.5625,88962.953125,276680704
2026-01-02 08:30:00+00:00,88995.25,89030.09375,88933.3359375,88952.5859375,37627904
2026-01-02 08:45:00+00:00,89049.5703125,89049.5703125,88985.6171875,88995.9765625,180006912
2026-01-02 09:00:00+00:00,89116.046875,89178.140625,89025.7578125,89068.890625,389754880
2026-01-02 09:15:00+00:00,89056.765625,89097.84375,89034.0703125,89097.84375,876662784
2026-01-02 09:30:00+00:00,89093.1171875,89093.1171875,89024.6328125,89051.96875,400207872
2026-01-02 09:45:00+00:00,89344.4140625,89346.9765625,89097.421875,89097.421875,678088704
2026-01-02 10:00:00+00:00,89606.8828125,89668.8515625,89356.6328125,89356.6328125,233342976
2026-01-02 10:15:00+00:00,89561.984375,89786.4921875,89561.984375,89717.1484375,1895806976
2026-01-02 10:30:00+00:00,89597.2265625,89598.4921875,89507.90625,89507.90625,424169472
2026-01-02 10:45:00+00:00,89544.265625,89654.84375,89544.265625,89596.25,988227584
2026-01-02 11:00:00+00:00,89435.4140625,89557.59375,89427.03125,89557.59375,132763648
2026-01-02 11:15:00+00:00,89374.328125,89454.0078125,89374.328125,89435.7890625,441651200
2026-01-02 11:30:00+00:00,89360.578125,89419.8203125,89280.6015625,89280.6015625,464523264
2026-01-02 11:45:00+00:00,89428.8046875,89472.0546875,89410.1015625,89412.3203125,336959488
2026-01-02 12:00:00+00:00,89373.15625,89436.0390625,89293.984375,89412.015625,104290304
2026-01-02 12:15:00+00:00,89379.9453125,89481.9453125,89349.109375,89387.4609375,376322048
2026-01-02 12:30:00+00:00,89429.4609375,89429.4609375,89346.4375,89376.7265625,141047808
2026-01-02 12:45:00+00:00,89321.921875,89449.53125,89318.765625,89429.6875,335446016
2026-01-02 13:00:00+00:00,89353.40625,89427.4296875,89297.921875,89312.8671875,299810816
2026-01-02 13:15:00+00:00,89491.484375,89557.453125,89372.484375,89372.484375,288731136
2026-01-02 13:30:00+00:00,89363.9921875,89480.578125,89340.625,89480.578125,1039906816
2026-01-02 13:45:00+00:00,89291.1015625,89435.0234375,89291.1015625,89402.71875,10270720
2026-01-02 14:00:00+00:00,89088.328125,89294.3125,89088.328125,89290.6796875,137172992
2026-01-02 14:15:00+00:00,88838.515625,89053.2890625,88662.1640625,89052.5234375,647847936
2026-01-02 14:30:00+00:00,89351.6875,89351.6875,88506.0078125,88837.5078125,976404480
2026-01-02 14:45:00+00:00,89565.3359375,89990.46875,89074.3125,89192.09375,1681162240
2026-01-02 15:00:00+00:00,89145.6015625,89728.6640625,89136.96875,89728.6640625,1091897344
2026-01-02 15:15:00+00:00,89028.546875,89194.390625,88834.8515625,89049.3515625,792459264
2026-01-02 15:30:00+00:00,89667.25,89667.25,89049.4140625,89049.4140625,761968640
2026-01-02 15:45:00+00:00,89319.90625,89762.53125,89319.90625,89700.984375,867680256
2026-01-02 16:00:00+00:00,89634.0625,89634.0625,89190.1171875,89318.4140625,693407744
2026-01-02 16:15:00+00:00,89913.1640625,90000.78125,89754.109375,89935.7578125,1095880704
2026-01-02 16:30:00+00:00,90224.375,90740.125,90013.5625,90013.5625,1937768448
2026-01-02 16:45:00+00:00,90346.578125,90346.578125,89925.875,90094.0234375,1033195520
2026-01-02 17:00:00+00:00,90663.8203125,90663.8203125,90338.5234375,90338.5234375,804229120
2026-01-02 17:15:00+00:00,90536.15625,90865.4453125,90536.15625,90807.96875,994484224
2026-01-02 17:30:00+00:00,90467.5,90555.421875,90403.1484375,90555.421875,250961920
2026-01-02 17:45:00+00:00,90283.484375,90497.1796875,90239.125,90492.5546875,345661440
2026-01-02 18:00:00+00:00,90214.5625,90482.734375,90214.5625,90320.3125,346980352
2026-01-02 18:15:00+00:00,90268.2578125,90510.9296875,90268.2578125,90292.2578125,434257920
2026-01-02 18:30:00+00:00,89959.5703125,90292.6640625,89958.5859375,90292.6640625,344305664
2026-01-02 18:45:00+00:00,89776.4609375,90029.578125,89526.8203125,89981.1328125,829063168
2026-01-02 19:00:00+00:00,89882.90625,89882.90625,89683.1171875,89739.390625,267108352
2026-01-02 19:15:00+00:00,89919.5703125,90054.0,89828.515625,89936.1875,1640706048
2026-01-02 19:30:00+00:00,90023.296875,90023.296875,89868.2734375,89925.8984375,459526144
2026-01-02 19:45:00+00:00,89878.859375,90039.4375,89878.859375,89997.125,328982528
2026-01-02 20:00:00+00:00,89868.1015625,89947.5859375,89776.3515625,89869.515625,270700544
2026-01-02 20:15:00+00:00,89891.9609375,90025.4140625,89867.5546875,89944.796875,516886528
2026-01-02 20:30:00+00:00,89897.296875,89909.5234375,89783.546875,89860.6171875,189403136
2026-01-02 20:45:00+00:00,89695.359375,89868.3515625,89599.8515625,89868.3515625,509612032
2026-01-02 21:00:00+00:00,89760.8828125,89782.234375,89724.6796875,89724.6796875,212705280
2026-01-02 21:15:00+00:00,89950.8828125,89950.8828125,89762.515625,89762.515625,52883456
2026-01-02 21:30:00+00:00,89868.2109375,89960.265625,89845.6953125,89960.265625,56102912
2026-01-02 21:45:00+00:00,90046.5703125,90092.3203125,89884.8828125,89897.125,452841472
2026-01-02 22:00:00+00:00,90078.6484375,90239.1015625,89990.53125,89990.53125,314195968
2026-01-02 22:15:00+00:00,90103.578125,90166.0859375,90062.9765625,90062.9765625,153698304
2026-01-02 22:30:00+00:00,90209.171875,90209.171875,90033.09375,90099.234375,261435392
2026-01-02 22:45:00+00:00,90159.9921875,90347.03125,90159.9921875,90279.671875,266805248
2026-01-02 23:00:00+00:00,90055.875,90168.9921875,90048.2109375,90168.9921875,167981056
2026-01-02 23:15:00+00:00,89930.171875,90089.03125,89920.8828125,90049.0390625,0
2026-01-02 23:30:00+00:00,89919.0625,89933.5234375,89873.859375,89904.625,98906112
2026-01-02 23:45:00+00:00,89946.1171875,89946.1171875,89883.1484375,89937.921875,114888704
2026-01-03 00:00:00+00:00,90032.5625,90098.140625,89948.5625,89948.5625,0
2026-01-03 00:15:00+00:00,89997.59375,90050.40625,89929.8984375,90019.1484375,54980608
2026-01-03 00:30:00+00:00,90064.859375,90064.859375,90006.6796875,90041.7109375,299831296
2026-01-03 00:45:00+00:00,90098.6640625,90153.2421875,90044.1328125,90057.5078125,0
2026-01-03 01:00:00+00:00,90186.453125,90191.609375,90116.734375,90120.7890625,151306240
2026-01-03 01:15:00+00:00,90050.734375,90182.0546875,90047.109375,90182.0546875,46858240
2026-01-03 01:30:00+00:00,90123.4453125,90151.875,90048.765625,90048.765625,1224630272
2026-01-03 01:45:00+00:00,90253.984375,90253.984375,90135.9140625,90140.078125,42659840
2026-01-03 02:00:00+00:00,90129.03125,90221.046875,90095.8046875,90221.046875,8814592
2026-01-03 02:15:00+00:00,90215.8046875,90248.0234375,90108.046875,90133.171875,330133504
2026-01-03 02:30:00+00:00,90266.1953125,90290.4609375,90216.09375,90224.1640625,61722624
2026-01-03 02:45:00+00:00,90304.015625,90362.2578125,90273.484375,90273.484375,99708928
2026-01-03 03:00:00+00:00,90197.2734375,90315.015625,90197.2734375,90295.59375,0
2026-01-03 03:15:00+00:00,90176.9765625,90256.1796875,90176.9765625,90256.1796875,0
2026-01-03 03:30:00+00:00,90230.921875,90230.921875,90165.5859375,90189.7109375,0
2026-01-03 03:45:00+00:00,90293.8828125,90335.0625,90236.7890625,90237.1015625,39464960
2026-01-03 04:00:00+00:00,90229.828125,90391.078125,90229.828125,90321.4921875,0
2026-01-03 04:15:00+00:00,90260.1171875,90260.1171875,90221.6796875,90227.640625,195424256
2026-01-03 04:30:00+00:00,90112.2109375,90242.0078125,90104.6328125,90242.0078125,21663744
2026-01-03 04:45:00+00:00,90122.328125,90122.328125,90076.90625,90082.1171875,351064064
2026-01-03 05:00:00+00:00,90094.6484375,90168.8515625,90094.6484375,90148.15625,91840512
2026-01-03 05:15:00+00:00,89996.40625,90042.796875,89996.40625,90017.9609375,94531584
2026-01-03 05:30:00+00:00,89920.640625,90006.328125,89895.671875,89992.7578125,161910784
2026-01-03 05:45:00+00:00,90002.6171875,90002.6171875,89906.390625,89925.9609375,62427136
2026-01-03 06:00:00+00:00,90078.8359375,90090.3359375,89993.5625,89993.5625,0
2026-01-03 06:15:00+00:00,89950.359375,90063.75,89950.359375,90061.9609375,208695296
2026-01-03 06:30:00+00:00,89917.2734375,90005.6875,89915.84375,89942.0859375,1195069440
2026-01-03 06:45:00+00:00,89853.4140625,89891.8359375,89826.4765625,89891.8359375,238428160
2026-01-03 07:00:00+00:00,89753.359375,89922.953125,89753.359375,89849.4296875,93265920
2026-01-03 07:15:00+00:00,89449.140625,89748.796875,89449.140625,89739.09375,243462144
2026-01-03 07:30:00+00:00,89537.1953125,89538.7109375,89386.046875,89386.046875,699793408
2026-01-03 07:45:00+00:00,89553.9609375,89553.9609375,89467.546875,89521.6640625,82386944
2026-01-03 08:00:00+00:00,89502.8515625,89665.0234375,89438.5,89515.1796875,0
2026-01-03 08:15:00+00:00,89734.765625,89734.765625,89495.5390625,89495.5390625,1357463552
2026-01-03 08:30:00+00:00,89782.8203125,89782.8203125,89674.875,89690.328125,264364032
2026-01-03 08:45:00+00:00,89646.4609375,89790.5234375,89642.5390625,89769.2109375,52985856
2026-01-03 09:00:00+00:00,89655.9140625,89682.984375,89633.375,89636.7890625,0
2026-01-03 09:15:00+00:00,89796.4765625,89796.4765625,89613.03125,89662.1796875,0
2026-01-03 09:30:00+00:00,89892.5234375,89942.8671875,89786.609375,89786.609375,260538368
2026-01-03 09:45:00+00:00,89810.0703125,89922.34375,89788.828125,89894.59375,0
2026-01-03 10:00:00+00:00,89729.9375,89770.8828125,89670.390625,89766.7109375,0
2026-01-03 10:15:00+00:00,89712.2265625,89731.4921875,89693.421875,89704.2578125,0
2026-01-03 10:30:00+00:00,89797.7421875,89842.8984375,89714.1015625,89714.1015625,51253248
2026-01-03 10:45:00+00:00,89766.546875,89787.8046875,89760.34375,89784.1015625,104284160
2026-01-03 11:00:00+00:00,89661.1875,89737.3125,89643.8515625,89719.78125,0
2026-01-03 11:15:00+00:00,89683.984375,89711.9609375,89643.015625,89655.3125,0
2026-01-03 11:30:00+00:00,89722.3984375,89725.4609375,89661.6328125,89681.6953125,3399680
2026-01-03 11:45:00+00:00,89713.3671875,89730.484375,89674.671875,89726.1171875,166625280
2026-01-03 12:00:00+00:00,89638.671875,89686.890625,89618.546875,89686.890625,102477824
2026-01-03 12:15:00+00:00,89716.171875,89716.171875,89621.09375,89630.171875,0
2026-01-03 12:30:00+00:00,89742.1328125,89742.1328125,89708.9140625,89740.8046875,92024832
2026-01-03 12:45:00+00:00,89922.1875,89969.359375,89757.21875,89757.21875,223920128
2026-01-03 13:00:00+00:00,89878.421875,89955.921875,89878.421875,89955.921875,121966592
2026-01-03 13:15:00+00:00,89942.703125,89980.6953125,89881.0078125,89881.0078125,0
2026-01-03 13:30:00+00:00,89929.3515625,89984.7421875,89912.453125,89917.7265625,0
2026-01-03 13:45:00+00:00,89956.140625,89983.9765625,89926.359375,89926.359375,10936320
2026-01-03 14:00:00+00:00,89985.734375,89993.6328125,89941.8828125,89953.1875,0
2026-01-03 14:15:00+00:00,90121.140625,90160.0703125,89980.109375,89998.6328125,339968
2026-01-03 14:30:00+00:00,90128.625,90183.1015625,90122.7578125,90147.9609375,0
2026-01-03 14:45:00+00:00,90062.0703125,90125.6640625,90043.8515625,90125.6640625,0
2026-01-03 15:00:00+00:00,89968.2734375,90090.2265625,89956.5078125,90090.2265625,0
2026-01-03 15:15:00+00:00,90022.6953125,90023.703125,89931.1875,89966.2578125,0
2026-01-03 15:30:00+00:00,89984.390625,90039.3359375,89964.234375,90022.8984375,0
2026-01-03 15:45:00+00:00,89927.828125,89958.0546875,89926.546875,89952.9375,0
2026-01-03 16:00:00+00:00,89966.734375,89967.875,89917.1640625,89917.1640625,0
2026-01-03 16:15:00+00:00,90011.4453125,90027.484375,89875.0,89969.953125,0
2026-01-03 16:30:00+00:00,90087.8125,90107.6640625,90003.265625,90003.265625,463179776
2026-01-03 16:45:00+00:00,90055.75,90147.7734375,90055.75,90093.9609375,0
2026-01-03 17:00:00+00:00,90014.90625,90081.8203125,89985.140625,90057.7109375,0
2026-01-03 17:15:00+00:00,90011.03125,90025.53125,89979.828125,90016.7890625,738097152
2026-01-03 17:30:00+00:00,90053.78125,90064.5546875,90012.8203125,90012.8203125,0
2026-01-03 17:45:00+00:00,90044.3828125,90064.4765625,90013.890625,90064.4765625,0
2026-01-03 18:00:00+00:00,89992.796875,90035.0234375,89982.390625,90030.875,0
2026-01-03 18:15:00+00:00,90113.546875,90135.5,90003.515625,90003.515625,0
2026-01-03 18:30:00+00:00,90087.953125,90139.1171875,90087.953125,90122.3671875,0
2026-01-03 18:45:00+00:00,90090.171875,90111.2890625,90070.2578125,90095.2265625,0
2026-01-03 19:00:00+00:00,90008.546875,90091.8671875,90007.125,90091.8671875,0
2026-01-03 19:15:00+00:00,90085.6015625,90085.6015625,90010.921875,90010.921875,0
2026-01-03 19:30:00+00:00,90075.640625,90095.0546875,90075.640625,90095.0546875,13860864
2026-01-03 19:45:00+00:00,90056.625,90073.28125,90054.0,90073.28125,0
2026-01-03 20:00:00+00:00,90013.59375,90076.2890625,89992.4609375,90065.5546875,0
2026-01-03 20:15:00+00:00,90066.15625,90066.15625,90014.6875,90017.6796875,6244352
2026-01-03 20:30:00+00:00,90204.09375,90220.9140625,90062.7109375,90062.7109375,0
2026-01-03 20:45:00+00:00,90301.4765625,90301.4765625,90235.9921875,90235.9921875,20082688
2026-01-03 21:00:00+00:00,90289.84375,90310.5,90277.953125,90310.5,0
2026-01-03 21:15:00+00:00,90405.5078125,90431.0234375,90307.796875,90308.9609375,47441920
2026-01-03 21:30:00+00:00,90555.6484375,90643.890625,90409.75,90409.75,203108352
2026-01-03 21:45:00+00:00,90486.7578125,90503.9765625,90433.03125,90503.9765625,13445120
2026-01-03 22:00:00+00:00,90473.2890625,90487.3125,90450.015625,90487.3125,0
2026-01-03 22:15:00+00:00,90631.0546875,90672.265625,90503.25,90503.25,118237184
2026-01-03 22:30:00+00:00,90568.2109375,90647.15625,90531.6875,90568.53125,93493248
2026-01-03 22:45:00+00:00,90526.171875,90559.5859375,90464.4921875,90559.5859375,637145088
2026-01-03 23:00:00+00:00,90470.75,90602.0,90441.15625,90548.421875,111605760
2026-01-03 23:15:00+00:00,90572.734375,90640.9453125,90545.1875,90545.1875,0
2026-01-03 23:30:00+00:00,90634.5703125,90655.4609375,90588.109375,90588.109375,92106752
2026-01-03 23:45:00+00:00,90600.7421875,90629.515625,90589.796875,90629.515625,55019520
2026-01-04 00:00:00+00:00,91358.15625,91390.7265625,90615.3671875,90615.3671875,1119133696
2026-01-04 00:15:00+00:00,91185.8203125,91352.03125,91131.2109375,91352.03125,701886464
2026-01-04 00:30:00+00:00,91136.328125,91191.5859375,91050.9453125,91060.625,222511104
2026-01-04 00:45:00+00:00,91320.8984375,91350.9296875,91111.046875,91111.046875,928876544
2026-01-04 01:00:00+00:00,91269.6015625,91386.375,91255.8515625,91293.3515625,361175040
2026-01-04 01:15:00+00:00,91108.0625,91241.3515625,91088.546875,91241.3515625,167155712
2026-01-04 01:30:00+00:00,90992.859375,91097.375,90992.859375,91093.9765625,235941888
2026-01-04 01:45:00+00:00,91197.3046875,91202.546875,90984.546875,91060.9921875,92874752
2026-01-04 02:00:00+00:00,91081.9375,91223.734375,91075.6953125,91196.6640625,48676864
2026-01-04 02:15:00+00:00,91166.609375,91166.609375,91105.4140625,91109.9453125,75292672
2026-01-04 02:30:00+00:00,91111.2265625,91226.046875,91111.2265625,91169.375,195436544
2026-01-04 02:45:00+00:00,91072.4375,91120.2265625,91051.6953125,91120.2265625,0
2026-01-04 03:00:00+00:00,91278.7578125,91278.7578125,91088.59375,91088.59375,218447872
2026-01-04 03:15:00+00:00,91133.453125,91300.4609375,91133.453125,91300.4609375,204591104
2026-01-04 03:30:00+00:00,91203.359375,91203.359375,91070.25,91098.34375,60452864
2026-01-04 03:45:00+00:00,91205.828125,91275.3203125,91205.828125,91213.984375,133640192
2026-01-04 04:00:00+00:00,91240.3515625,91247.2734375,91196.921875,91217.7890625,0
2026-01-04 04:15:00+00:00,91341.78125,91430.765625,91271.1875,91271.1875,200906752
2026-01-04 04:30:00+00:00,91427.328125,91519.984375,91324.4609375,91330.96875,62609408
2026-01-04 04:45:00+00:00,91360.6796875,91468.8046875,91350.6015625,91446.9296875,70467584
2026-01-04 05:00:00+00:00,91355.15625,91359.8671875,91317.9609375,91349.1484375,44998656
2026-01-04 05:15:00+00:00,91425.3125,91425.3125,91335.671875,91335.671875,40843264
2026-01-04 05:30:00+00:00,91341.78125,91426.046875,91333.3203125,91419.8046875,0
2026-01-04 05:45:00+00:00,91432.5703125,91438.0,91346.453125,91346.453125,125587456
2026-01-04 06:00:00+00:00,91649.7890625,91660.25,91434.1328125,91434.1328125,294586368
2026-01-04 06:15:00+00:00,91542.2734375,91685.1796875,91540.2578125,91628.109375,310069248
2026-01-04 06:30:00+00:00,91288.46875,91523.8203125,91288.46875,91510.078125,144654336
2026-01-04 06:45:00+00:00,91213.8046875,91327.7265625,91213.8046875,91309.4375,11630592
2026-01-04 07:00:00+00:00,91312.84375,91334.125,91206.6875,91206.6875,821807104
2026-01-04 07:15:00+00:00,91251.6171875,91302.21875,91214.71875,91296.9765625,0
2026-01-04 07:30:00+00:00,91431.546875,91431.546875,91265.0078125,91265.0078125,0
2026-01-04 07:45:00+00:00,91474.9375,91474.9375,91410.0625,91435.390625,116946944
2026-01-04 08:00:00+00:00,91318.109375,91487.390625,91254.4375,91487.390625,129423360
2026-01-04 08:15:00+00:00,91198.703125,91325.65625,91176.1171875,91286.4765625,131911680
2026-01-04 08:30:00+00:00,91319.84375,91319.84375,91203.390625,91203.390625,0
2026-01-04 08:45:00+00:00,91307.09375,91391.25,91267.515625,91350.390625,323491840
2026-01-04 09:00:00+00:00,91244.1015625,91331.109375,91244.1015625,91327.6875,244144128
2026-01-04 09:15:00+00:00,91260.78125,91381.84375,91247.75,91274.1484375,319795200
2026-01-04 09:30:00+00:00,91371.8984375,91371.8984375,91272.046875,91272.046875,218667008
2026-01-04 09:45:00+00:00,91409.796875,91426.203125,91352.71875,91374.6953125,170395648
2026-01-04 10:00:00+00:00,91507.40625,91507.40625,91397.6953125,91418.1171875,223315968
2026-01-04 10:15:00+00:00,91440.375,91509.171875,91387.0234375,91493.3046875,550623232
2026-01-04 10:30:00+00:00,91480.25,91511.671875,91420.4296875,91420.4296875,205903872
2026-01-04 10:45:00+00:00,91538.21875,91554.625,91524.234375,91526.7578125,336015360
2026-01-04 11:00:00+00:00,91372.1484375,91533.859375,91355.8046875,91533.859375,42153984
2026-01-04 11:15:00+00:00,91326.6328125,91341.8515625,91314.203125,91337.5,276637696
2026-01-04 11:30:00+00:00,91311.875,91375.296875,91299.4921875,91331.140625,53338112
2026-01-04 11:45:00+00:00,91235.6796875,91319.4375,91205.5,91318.1796875,156180480
2026-01-04 12:00:00+00:00,91203.703125,91259.40625,91167.09375,91236.4609375,29630464
2026-01-04 12:15:00+00:00,91288.71875,91288.71875,91193.109375,91197.34375,196726784
2026-01-04 12:30:00+00:00,91102.6875,91300.234375,91099.5234375,91287.6796875,236652544
2026-01-04 12:45:00+00:00,91098.34375,91125.3125,91078.1171875,91081.125,64536576
2026-01-04 13:00:00+00:00,91150.2734375,91160.015625,91069.4609375,91080.828125,54411264
2026-01-04 13:15:00+00:00,91137.1640625,91154.1484375,91015.5078125,91113.0078125,131336192
2026-01-04 13:30:00+00:00,91172.296875,91196.28125,91145.7578125,91149.0,94251008
2026-01-04 13:45:00+00:00,91223.3515625,91223.3515625,91180.4140625,91180.4140625,29476864
2026-01-04 14:00:00+00:00,91349.0859375,91349.0859375,91204.265625,91212.140625,57430016
2026-01-04 14:15:00+00:00,91194.46875,91348.5078125,91194.46875,91348.5078125,44902400
2026-01-04 14:30:00+00:00,91143.1484375,91199.765625,91103.0546875,91199.765625,80543744
2026-01-04 14:45:00+00:00,91270.609375,91298.671875,91114.71875,91114.71875,74428416
2026-01-04 15:00:00+00:00,91277.6484375,91320.7109375,91247.71875,91274.171875,0
2026-01-04 15:15:00+00:00,91197.015625,91272.125,91181.328125,91272.125,119277568
2026-01-04 15:30:00+00:00,91192.171875,91222.9921875,91152.34375,91196.796875,76484608
2026-01-04 15:45:00+00:00,91270.453125,91285.25,91071.453125,91169.5703125,131299328
2026-01-04 16:00:00+00:00,91242.6015625,91391.921875,91222.0625,91286.796875,308893696
2026-01-04 16:15:00+00:00,91269.5859375,91289.0,91219.4765625,91231.1796875,52654080
2026-01-04 16:30:00+00:00,91247.9921875,91368.3515625,91247.9921875,91271.15625,74379264
2026-01-04 16:45:00+00:00,91285.140625,91285.140625,91248.671875,91248.671875,0
2026-01-04 17:00:00+00:00,91317.6328125,91370.1953125,91276.5,91282.5078125,44218368
2026-01-04 17:15:00+00:00,91318.984375,91385.578125,91282.6484375,91295.4140625,55439360
2026-01-04 17:30:00+00:00,91342.9375,91391.234375,91323.921875,91323.921875,133775360
2026-01-04 17:45:00+00:00,91297.8203125,91352.390625,91294.09375,91337.3046875,110923776
2026-01-04 18:00:00+00:00,91190.765625,91294.46875,91190.765625,91294.46875,88014848
2026-01-04 18:15:00+00:00,91120.6875,91197.9609375,91112.4453125,91195.703125,77369344
2026-01-04 18:30:00+00:00,91167.2109375,91167.2109375,90965.75,91124.3046875,246560768
2026-01-04 18:45:00+00:00,91161.8359375,91177.3828125,91116.390625,91170.890625,108275712
2026-01-04 19:00:00+00:00,90934.8125,91164.640625,90877.046875,91164.640625,111085568
2026-01-04 19:15:00+00:00,91069.9140625,91126.296875,90986.203125,91002.1171875,1244166144
2026-01-04 19:30:00+00:00,91050.7421875,91130.765625,91019.2734375,91074.703125,15464448
2026-01-04 19:45:00+00:00,91099.46875,91123.8125,91021.875,91021.875,147152896
2026-01-04 20:00:00+00:00,91219.640625,91219.640625,91084.6875,91100.7890625,109803520
2026-01-04 20:15:00+00:00,91289.0,91289.0,91200.5859375,91204.1171875,179161088
2026-01-04 20:30:00+00:00,91256.640625,91298.765625,91235.984375,91298.765625,86704128
2026-01-04 20:45:00+00:00,91252.453125,91289.6171875,91220.609375,91245.6640625,0
2026-01-04 21:00:00+00:00,91349.296875,91350.375,91227.3125,91259.6171875,0
2026-01-04 21:15:00+00:00,91286.046875,91331.484375,91256.828125,91331.484375,247310336
2026-01-04 21:30:00+00:00,91190.9453125,91298.1953125,91190.9453125,91274.0390625,0
2026-01-04 21:45:00+00:00,91220.7734375,91241.3125,91147.78125,91174.9765625,73005056
2026-01-04 22:00:00+00:00,91134.6640625,91338.75,91134.6640625,91224.3984375,122220544
2026-01-04 22:15:00+00:00,91213.03125,91213.03125,91108.8359375,91108.8359375,17539072
2026-01-04 22:30:00+00:00,91171.015625,91242.9140625,91142.8515625,91223.96875,72931328
2026-01-04 22:45:00+00:00,91140.7421875,91200.59375,91131.0078125,91164.9296875,0
2026-01-04 23:00:00+00:00,91283.03125,91444.2265625,91168.3984375,91168.3984375,126377984
2026-01-04 23:15:00+00:00,91321.6875,91463.3515625,91250.890625,91250.890625,10567680
2026-01-04 23:30:00+00:00,91276.0390625,91336.7109375,91274.265625,91308.8828125,990390272
2026-01-04 23:45:00+00:00,91393.3203125,91393.3203125,91232.6640625,91276.578125,99209216
2026-01-05 00:00:00+00:00,91806.7578125,91894.3515625,91498.046875,91498.046875,1020637184
2026-01-05 00:15:00+00:00,91796.40625,91917.609375,91707.140625,91899.625,1523712
2026-01-05 00:30:00+00:00,91979.5,91979.5,91706.703125,91801.234375,136800256
2026-01-05 00:45:00+00:00,92355.8359375,92355.8359375,91991.0390625,91991.0390625,823484416
2026-01-05 01:00:00+00:00,92766.4453125,92829.1328125,92251.21875,92339.203125,672776192
2026-01-05 01:15:00+00:00,92896.3984375,92926.5703125,92734.84375,92896.0390625,805912576
2026-01-05 01:30:00+00:00,93157.734375,93177.6171875,92812.53125,92916.9296875,1665615872
2026-01-05 01:45:00+00:00,92916.90625,93167.3125,92916.90625,93142.453125,539959296
2026-01-05 02:00:00+00:00,92901.8515625,93101.40625,92775.7578125,92913.40625,316076032
2026-01-05 02:15:00+00:00,92769.34375,92937.1171875,92748.4375,92865.7109375,361480192
2026-01-05 02:30:00+00:00,92837.1875,92923.8671875,92737.0078125,92737.0078125,1354452992
2026-01-05 02:45:00+00:00,92984.3203125,93021.015625,92865.0546875,92865.0546875,522641408
2026-01-05 03:00:00+00:00,92924.5546875,93106.265625,92924.5546875,92988.2578125,86554624
2026-01-05 03:15:00+00:00,92950.4609375,92983.7890625,92907.875,92971.8359375,209758208
2026-01-05 03:30:00+00:00,92910.3203125,93070.5703125,92910.3203125,92951.6796875,180015104
2026-01-05 03:45:00+00:00,92845.640625,92921.8046875,92845.640625,92898.546875,86839296
2026-01-05 04:00:00+00:00,92759.28125,92896.2265625,92759.28125,92841.5,157593600
2026-01-05 04:15:00+00:00,92458.1953125,92772.765625,92410.7890625,92763.0703125,118880256
2026-01-05 04:30:00+00:00,92427.359375,92480.8515625,92389.59375,92439.21875,164208640
2026-01-05 04:45:00+00:00,92566.8125,92570.0703125,92344.34375,92344.34375,226836480
2026-01-05 05:00:00+00:00,92613.0234375,92643.7109375,92531.609375,92551.1484375,97869824
2026-01-05 05:15:00+00:00,92660.609375,92666.4609375,92557.796875,92611.78125,225650688
2026-01-05 05:30:00+00:00,92559.9453125,92665.1484375,92516.34375,92665.1484375,0
2026-01-05 05:45:00+00:00,92351.9453125,92506.09375,92330.484375,92506.09375,338249728
2026-01-05 06:00:00+00:00,92372.3359375,92437.078125,92321.7578125,92321.7578125,0
2026-01-05 06:15:00+00:00,92239.1328125,92389.90625,92239.1328125,92359.2109375,82153472
2026-01-05 06:30:00+00:00,92314.984375,92314.984375,92141.8984375,92141.8984375,32356352
2026-01-05 06:45:00+00:00,92433.3359375,92450.0078125,92336.828125,92365.6875,183990272
2026-01-05 07:00:00+00:00,92547.6953125,92547.6953125,92427.5390625,92427.5390625,30570496
2026-01-05 07:15:00+00:00,92511.65625,92574.1015625,92503.328125,92561.4609375,60737536
2026-01-05 07:30:00+00:00,92486.6171875,92516.4609375,92486.6171875,92505.859375,61890560
2026-01-05 07:45:00+00:00,92474.3359375,92493.921875,92468.421875,92492.2265625,160458752
2026-01-05 08:00:00+00:00,92567.8359375,92567.8359375,92464.7578125,92491.6640625,0
2026-01-05 08:15:00+00:00,92687.234375,92697.921875,92566.515625,92580.25,197828608
2026-01-05 08:30:00+00:00,92432.7578125,92661.203125,92430.8125,92642.765625,631865344
2026-01-05 08:45:00+00:00,92475.5390625,92516.75,92425.84375,92431.1328125,116434944
2026-01-05 09:00:00+00:00,92428.6875,92448.765625,92298.984375,92421.6953125,1148370944
2026-01-05 09:15:00+00:00,92541.8515625,92545.25,92372.8203125,92377.09375,61624320
2026-01-05 09:30:00+00:00,92590.21875,92595.375,92499.09375,92569.890625,0
2026-01-05 09:45:00+00:00,92664.875,92750.609375,92588.640625,92588.640625,106100736
2026-01-05 10:00:00+00:00,92837.546875,92837.546875,92625.9375,92673.4453125,0
2026-01-05 10:15:00+00:00,92846.5703125,92880.046875,92835.75,92844.09375,1206272
2026-01-05 10:30:00+00:00,92822.1953125,92938.0546875,92793.8828125,92847.390625,68468736
2026-01-05 10:45:00+00:00,93036.1484375,93086.3828125,92815.1171875,92815.1171875,434993152
2026-01-05 11:00:00+00:00,92923.9765625,92999.3984375,92923.9765625,92986.8203125,225370112
2026-01-05 11:15:00+00:00,93046.5390625,93069.3203125,92841.0,92847.171875,245587968
2026-01-05 11:30:00+00:00,92994.1015625,92994.1015625,92867.1484375,92921.6953125,184627200
2026-01-05 11:45:00+00:00,93051.1875,93083.4375,92963.6015625,92963.6015625,156643328
2026-01-05 12:00:00+00:00,93097.015625,93097.015625,93013.4140625,93083.203125,184795136
2026-01-05 12:15:00+00:00,92925.4921875,93101.0234375,92906.2421875,93101.0234375,70881280
2026-01-05 12:30:00+00:00,92748.5546875,92902.4765625,92748.5546875,92896.71875,206161920
2026-01-05 12:45:00+00:00,92803.3203125,92807.84375,92740.421875,92756.1484375,245798912
2026-01-05 13:00:00+00:00,92923.0625,92947.3046875,92781.0703125,92802.7890625,46616576
2026-01-05 13:15:00+00:00,92738.9296875,92883.7421875,92672.5625,92883.7421875,247732224
2026-01-05 13:30:00+00:00,92576.3359375,92729.8125,92493.21875,92729.8125,219219968
2026-01-05 13:45:00+00:00,92666.9140625,92675.1796875,92537.7578125,92537.7578125,1337544704
2026-01-05 14:00:00+00:00,92724.4296875,92754.28125,92656.640625,92702.8984375,164315136
2026-01-05 14:15:00+00:00,92679.2265625,92740.390625,92655.40625,92706.1015625,225280000
2026-01-05 14:30:00+00:00,93085.328125,93085.328125,92410.171875,92648.6171875,575909888
2026-01-05 14:45:00+00:00,93393.625,93552.46875,93021.3671875,93249.8125,1504342016
2026-01-05 15:00:00+00:00,93324.5234375,93461.84375,93172.3203125,93370.8828125,1114648576
2026-01-05 15:15:00+00:00,93359.046875,93699.71875,93222.3515625,93366.0234375,396460032
2026-01-05 15:30:00+00:00,93812.8125,93869.5234375,93299.9765625,93299.9765625,2072375296
2026-01-05 15:45:00+00:00,93883.9453125,93933.75,93725.6015625,93819.21875,1296703488
2026-01-05 16:00:00+00:00,93849.84375,93972.0859375,93782.046875,93873.3671875,608776192
2026-01-05 16:15:00+00:00,93841.4453125,93905.1796875,93672.7578125,93890.140625,887132160
2026-01-05 16:30:00+00:00,93801.1875,93875.28125,93744.078125,93751.546875,625172480
2026-01-05 16:45:00+00:00,93715.7734375,93717.953125,93585.0546875,93717.953125,507285504
2026-01-05 17:00:00+00:00,93694.7109375,93742.09375,93606.5625,93687.3203125,526712832
2026-01-05 17:15:00+00:00,93308.796875,93658.015625,93283.2265625,93657.9296875,231895040
2026-01-05 17:30:00+00:00,93792.2578125,93819.0234375,93469.578125,93478.96875,353873920
2026-01-05 17:45:00+00:00,94264.9609375,94264.9609375,93827.5390625,93838.875,837627904
2026-01-05 18:00:00+00:00,94143.84375,94234.8125,94075.6484375,94234.8125,1425850368
2026-01-05 18:15:00+00:00,94059.265625,94180.109375,93955.15625,94180.109375,639377408
2026-01-05 18:30:00+00:00,93965.15625,94051.3125,93919.9765625,94035.3203125,184733696
2026-01-05 18:45:00+00:00,94458.9609375,94458.9609375,93986.4609375,93986.4609375,280244224
2026-01-05 19:00:00+00:00,94344.25,94344.25,94227.8203125,94334.6796875,646221824
2026-01-05 19:15:00+00:00,94410.0703125,94414.5078125,94232.4140625,94318.3359375,174694400
2026-01-05 19:30:00+00:00,94228.8125,94480.921875,94205.296875,94412.03125,465760256
2026-01-05 19:45:00+00:00,94225.5859375,94270.21875,94135.46875,94257.4609375,143626240
2026-01-05 20:00:00+00:00,94308.125,94454.828125,94219.390625,94219.390625,740491264
2026-01-05 20:15:00+00:00,94673.3984375,94673.3984375,94296.4765625,94381.75,795459584
2026-01-05 20:30:00+00:00,94185.671875,94627.671875,94185.671875,94627.671875,2020241408
2026-01-05 20:45:00+00:00,94148.84375,94227.8203125,94066.71875,94202.96875,1609928704
2026-01-05 21:00:00+00:00,94067.2890625,94191.015625,94067.2890625,94146.8203125,420290560
2026-01-05 21:15:00+00:00,93932.3046875,94118.8828125,93932.3046875,93994.203125,1728765952
2026-01-05 21:30:00+00:00,94098.3046875,94120.3359375,93880.28125,93880.28125,568647680
2026-01-05 21:45:00+00:00,94091.6328125,94207.7421875,94085.3203125,94085.3203125,127655936
2026-01-05 22:00:00+00:00,94136.703125,94205.984375,94020.46875,94082.9375,45535232
2026-01-05 22:15:00+00:00,94288.6796875,94377.453125,94169.6484375,94169.6484375,171610112
2026-01-05 22:30:00+00:00,94297.3828125,94333.3515625,94224.046875,94253.25,335921152
2026-01-05 22:45:00+00:00,94184.484375,94326.765625,94156.40625,94271.796875,537686016
2026-01-05 23:00:00+00:00,94030.1953125,94178.3359375,94030.1953125,94178.3359375,301015040
2026-01-05 23:15:00+00:00,93969.3359375,94118.2734375,93969.3359375,94043.0625,50184192
2026-01-05 23:30:00+00:00,93978.4375,94008.2109375,93884.0625,93980.7421875,1935122432
2026-01-05 23:45:00+00:00,93901.1328125,93964.5078125,93900.8828125,93925.4296875,299327488
2026-01-06 00:00:00+00:00,93744.4765625,93948.578125,93744.4765625,93869.1328125,0
2026-01-06 00:15:00+00:00,93753.4453125,93753.4453125,93692.7265625,93726.6640625,1483399168
2026-01-06 00:30:00+00:00,93551.6015625,93800.28125,93551.6015625,93800.28125,75337728
2026-01-06 00:45:00+00:00,93801.8125,93801.8125,93580.9375,93636.65625,2612908032
2026-01-06 01:00:00+00:00,93889.140625,93889.140625,93822.7734375,93823.234375,0
2026-01-06 01:15:00+00:00,93966.21875,93979.125,93888.2421875,93914.28125,75395072
2026-01-06 01:30:00+00:00,93896.1640625,94130.609375,93896.1640625,94130.609375,0
2026-01-06 01:45:00+00:00,93764.15625,93900.5390625,93747.875,93836.6328125,68505600
2026-01-06 02:00:00+00:00,93741.3515625,93841.8203125,93722.40625,93773.4609375,1355304960
2026-01-06 02:15:00+00:00,93738.484375,93745.578125,93670.4609375,93743.8046875,188272640
2026-01-06 02:30:00+00:00,93621.5390625,93714.3515625,93542.1796875,93714.3515625,239202304
2026-01-06 02:45:00+00:00,93626.34375,93628.390625,93545.4453125,93628.390625,69943296
2026-01-06 03:00:00+00:00,93725.3203125,93725.3203125,93595.4765625,93608.1640625,58093568
2026-01-06 03:15:00+00:00,93804.3125,93813.9140625,93746.65625,93755.4921875,126763008
2026-01-06 03:30:00+00:00,93802.8203125,93894.046875,93789.71875,93789.71875,199393280
2026-01-06 03:45:00+00:00,93762.5859375,93797.296875,93732.2109375,93770.84375,1383780352
2026-01-06 04:00:00+00:00,93896.9453125,93944.3359375,93722.828125,93750.640625,13508608
2026-01-06 04:15:00+00:00,93832.78125,93971.703125,93832.78125,93922.015625,320679936
2026-01-06 04:30:00+00:00,93826.90625,93908.2109375,93823.171875,93855.4296875,218820608
2026-01-06 04:45:00+00:00,93817.09375,93825.1875,93786.296875,93807.890625,0
2026-01-06 05:00:00+00:00,93723.9140625,93794.8203125,93661.125,93794.8203125,264433664
2026-01-06 05:15:00+00:00,93692.0703125,93768.90625,93668.71875,93714.125,1638400
2026-01-06 05:30:00+00:00,93620.078125,93726.8671875,93592.25,93694.75,205094912
2026-01-06 05:45:00+00:00,93558.046875,93641.7421875,93548.765625,93608.609375,103161856
2026-01-06 06:00:00+00:00,93738.796875,93738.796875,93577.3359375,93590.9453125,410341376
2026-01-06 06:15:00+00:00,93712.5546875,93737.6796875,93641.5234375,93737.6796875,46788608
2026-01-06 06:30:00+00:00,93856.0859375,93889.2109375,93771.53125,93771.53125,128962560
2026-01-06 06:45:00+00:00,93780.90625,93885.15625,93780.90625,93885.15625,193712128
2026-01-06 07:00:00+00:00,93521.1484375,93739.625,93521.1484375,93739.625,185430016
2026-01-06 07:15:00+00:00,93338.03125,93544.796875,93323.8125,93522.3828125,451809280
2026-01-06 07:30:00+00:00,93233.7265625,93371.8125,93233.7265625,93359.1640625,439717888
2026-01-06 07:45:00+00:00,93213.8984375,93271.8125,93119.6328125,93223.125,101400576
2026-01-06 08:00:00+00:00,93334.1953125,93370.5859375,93177.09375,93206.53125,324091904
2026-01-06 08:15:00+00:00,93218.7109375,93342.5859375,93218.7109375,93328.1171875,296849408
2026-01-06 08:30:00+00:00,93226.2734375,93285.7265625,93202.546875,93285.7265625,21245952
2026-01-06 08:45:00+00:00,93207.3125,93254.625,93142.25,93217.5703125,72298496
2026-01-06 09:00:00+00:00,93361.875,93451.09375,93191.2734375,93191.2734375,5787648
2026-01-06 09:15:00+00:00,93446.4921875,93494.8046875,93332.3359375,93332.3359375,480231424
2026-01-06 09:30:00+00:00,93396.21875,93443.609375,93340.9609375,93443.609375,193781760
2026-01-06 09:45:00+00:00,93437.9609375,93483.6640625,93393.84375,93399.203125,303878144
2026-01-06 10:00:00+00:00,93560.3203125,93574.7734375,93385.6953125,93430.0546875,51036160
2026-01-06 10:15:00+00:00,93586.21875,93616.8515625,93492.0,93573.265625,103407616
2026-01-06 10:30:00+00:00,93568.984375,93568.984375,93550.1953125,93565.984375,140173312
2026-01-06 10:45:00+00:00,93537.8359375,93582.046875,93474.3203125,93558.5,47067136
2026-01-06 11:00:00+00:00,93730.3203125,93730.3203125,93538.203125,93538.203125,0
2026-01-06 11:15:00+00:00,93750.0546875,93758.921875,93659.640625,93743.65625,1227554816
2026-01-06 11:30:00+00:00,93752.84375,93800.828125,93748.34375,93800.828125,321310720
2026-01-06 11:45:00+00:00,93789.015625,93846.890625,93759.9609375,93759.9609375,0
2026-01-06 12:00:00+00:00,93899.953125,93910.921875,93770.4296875,93825.0,86183936
2026-01-06 12:15:00+00:00,93856.6328125,93889.59375,93837.8671875,93889.59375,327303168
2026-01-06 12:30:00+00:00,93767.0078125,93829.1015625,93765.3125,93829.1015625,0
2026-01-06 12:45:00+00:00,93853.609375,93853.609375,93779.6171875,93779.6171875,98582528
2026-01-06 13:00:00+00:00,93775.03125,93819.09375,93754.7890625,93782.4296875,14598144
2026-01-06 13:15:00+00:00,93733.1328125,93789.25,93720.234375,93779.71875,200200192
2026-01-06 13:30:00+00:00,93672.671875,93732.2734375,93642.234375,93711.734375,152301568
2026-01-06 13:45:00+00:00,93671.75,93671.75,93628.7265625,93664.0859375,155074560
2026-01-06 14:00:00+00:00,94113.890625,94113.890625,93686.390625,93686.390625,298291200
2026-01-06 14:15:00+00:00,94287.171875,94391.71875,94040.0546875,94079.578125,1033170944
2026-01-06 14:30:00+00:00,94091.3125,94278.3984375,94020.2109375,94278.3984375,399499264
2026-01-06 14:45:00+00:00,93750.140625,94086.9765625,93543.09375,94041.3046875,69611520
2026-01-06 15:00:00+00:00,93710.8203125,93843.1796875,93699.03125,93789.6171875,1100374016
2026-01-06 15:15:00+00:00,94122.9296875,94204.0078125,93746.6953125,93746.6953125,68067328
2026-01-06 15:30:00+00:00,93346.90625,94083.1328125,93346.90625,94083.1328125,626372608
2026-01-06 15:45:00+00:00,93480.5390625,93499.8515625,93331.9453125,93440.28125,59072512
2026-01-06 16:00:00+00:00,93438.671875,93674.859375,93355.8515625,93658.0859375,0
2026-01-06 16:15:00+00:00,92891.03125,93426.1015625,92867.3125,93426.1015625,422653952
2026-01-06 16:30:00+00:00,92578.3359375,92867.015625,92578.3359375,92799.34375,861908992
2026-01-06 16:45:00+00:00,92573.4921875,92606.75,92325.59375,92436.375,878510080
2026-01-06 17:00:00+00:00,92651.046875,92697.109375,92535.4609375,92650.890625,747470848
2026-01-06 17:15:00+00:00,92599.734375,92611.2890625,92402.0390625,92581.6796875,6393856
2026-01-06 17:30:00+00:00,92126.4765625,92581.0390625,92088.171875,92467.6171875,1674661888
2026-01-06 17:45:00+00:00,91550.1796875,92130.859375,91550.1796875,92130.859375,846925824
2026-01-06 18:00:00+00:00,91824.453125,91882.65625,91526.3203125,91526.3203125,531165184
2026-01-06 18:15:00+00:00,92048.8828125,92048.8828125,91774.9296875,91805.421875,346509312
2026-01-06 18:30:00+00:00,91850.328125,91996.3671875,91824.6328125,91927.3828125,409944064
2026-01-06 18:45:00+00:00,91991.3671875,92130.9921875,91909.7578125,91909.7578125,192245760
2026-01-06 19:00:00+00:00,92135.125,92135.125,91890.90625,91975.234375,153849856
2026-01-06 19:15:00+00:00,92239.0234375,92239.0234375,92088.21875,92163.5234375,236756992
2026-01-06 19:30:00+00:00,92093.9765625,92238.1953125,92064.2734375,92204.1484375,0
2026-01-06 19:45:00+00:00,92048.78125,92118.15625,91994.71875,92068.75,163852288
2026-01-06 20:00:00+00:00,92346.4140625,92392.515625,92053.625,92053.625,70299648
2026-01-06 20:15:00+00:00,92489.2890625,92509.4765625,92331.015625,92331.015625,21336064
2026-01-06 20:30:00+00:00,92576.9609375,92594.9921875,92447.890625,92457.5,34025472
2026-01-06 20:45:00+00:00,92462.4140625,92593.8515625,92445.8984375,92565.8828125,27660288
2026-01-06 21:00:00+00:00,92796.7734375,92796.7734375,92342.046875,92438.0078125,17678336
2026-01-06 21:15:00+00:00,93424.265625,93759.796875,93303.6171875,93303.6171875,1541955584
2026-01-06 21:30:00+00:00,93559.75,93683.3203125,93466.59375,93479.1875,598228992
2026-01-06 21:45:00+00:00,93236.828125,93573.0390625,93125.234375,93573.0390625,453910528
2026-01-06 22:00:00+00:00,93142.984375,93363.625,93142.984375,93230.1640625,520306688
2026-01-06 22:15:00+00:00,93097.984375,93154.9921875,92940.6796875,93154.9921875,1557360640
2026-01-06 22:30:00+00:00,93027.40625,93101.0703125,92984.4921875,93101.0703125,251207680
2026-01-06 22:45:00+00:00,93301.5703125,93301.5703125,93007.3203125,93007.3203125,351010816
2026-01-06 23:00:00+00:00,93428.9765625,93478.3046875,93272.953125,93272.953125,179380224
2026-01-06 23:15:00+00:00,93456.2265625,93511.4765625,93384.0234375,93440.015625,207069184
2026-01-06 23:30:00+00:00,93540.6484375,93597.59375,93494.5859375,93494.5859375,0
2026-01-06 23:45:00+00:00,93731.6796875,93731.6796875,93518.3125,93521.7890625,592093184
2026-01-07 00:00:00+00:00,93521.9140625,93637.75,93511.0625,93623.96875,180203520
2026-01-07 00:15:00+00:00,93316.46875,93524.28125,93316.46875,93524.28125,59219968
2026-01-07 00:30:00+00:00,93055.8125,93311.25,93055.8125,93311.25,325103616
2026-01-07 00:45:00+00:00,92814.0703125,93138.578125,92814.0703125,93114.3203125,581365760
2026-01-07 01:00:00+00:00,92783.7578125,92795.171875,92637.4140625,92637.4140625,349134848
2026-01-07 01:15:00+00:00,92472.140625,92742.3515625,92349.7890625,92742.3515625,520409088
2026-01-07 01:30:00+00:00,92428.2890625,92528.625,92386.484375,92528.625,402186240
2026-01-07 01:45:00+00:00,92430.859375,92430.859375,92319.9609375,92379.5390625,394878976
2026-01-07 02:00:00+00:00,92485.984375,92564.5546875,92208.34375,92385.953125,419352576
2026-01-07 02:15:00+00:00,92640.5234375,92677.875,92489.4609375,92607.9296875,475783168
2026-01-07 02:30:00+00:00,92783.6875,92804.0546875,92603.7421875,92610.453125,94212096
2026-01-07 02:45:00+00:00,92885.8515625,92947.5546875,92802.15625,92802.15625,311275520
2026-01-07 03:00:00+00:00,92909.96875,92955.6328125,92834.7265625,92900.75,242020352
2026-01-07 03:15:00+00:00,92983.1796875,93025.375,92895.90625,92895.90625,37576704
2026-01-07 03:30:00+00:00,92757.390625,92954.9765625,92717.21875,92954.9765625,297431040
2026-01-07 03:45:00+00:00,92743.2890625,92805.7578125,92730.0859375,92783.6640625,13484032
2026-01-07 04:00:00+00:00,92710.3203125,92828.3046875,92710.3203125,92730.953125,202031104
2026-01-07 04:15:00+00:00,92689.4140625,92712.1953125,92616.0,92693.703125,293244928
2026-01-07 04:30:00+00:00,92624.0390625,92715.234375,92563.15625,92699.265625,40632320
2026-01-07 04:45:00+00:00,92625.1796875,92699.71875,92584.234375,92699.71875,143835136
2026-01-07 05:00:00+00:00,92604.46875,92604.46875,92566.5234375,92583.1875,149078016
2026-01-07 05:15:00+00:00,92638.7421875,92719.34375,92638.7421875,92655.0,210812928
2026-01-07 05:30:00+00:00,92714.4921875,92774.8203125,92690.7734375,92690.7734375,1686454272
2026-01-07 05:45:00+00:00,92459.9140625,92687.5078125,92459.9140625,92687.5078125,148414464
2026-01-07 06:00:00+00:00,92567.953125,92572.90625,92457.546875,92473.1796875,0
2026-01-07 06:15:00+00:00,92744.828125,92744.828125,92589.1328125,92589.1328125,0
2026-01-07 06:30:00+00:00,92625.46875,92805.359375,92618.8671875,92757.75,0
2026-01-07 06:45:00+00:00,92563.828125,92650.84375,92555.453125,92618.765625,144711680
2026-01-07 07:00:00+00:00,92638.734375,92638.734375,92579.7890625,92579.7890625,0
2026-01-07 07:15:00+00:00,92738.0234375,92738.0234375,92693.84375,92693.84375,0
2026-01-07 07:30:00+00:00,92781.3828125,92796.203125,92706.328125,92744.46875,71368704
2026-01-07 07:45:00+00:00,92773.609375,92773.609375,92723.8359375,92754.234375,0
2026-01-07 08:00:00+00:00,92824.5234375,92864.1953125,92791.6484375,92795.28125,173387776
2026-01-07 08:15:00+00:00,92750.984375,92862.2265625,92715.421875,92842.046875,2605056
2026-01-07 08:30:00+00:00,92687.8515625,92813.6875,92687.8515625,92756.84375,3120205824
2026-01-07 08:45:00+00:00,92647.359375,92679.515625,92628.3125,92679.515625,0
2026-01-07 09:00:00+00:00,92332.953125,92625.125,92332.953125,92566.5703125,0
2026-01-07 09:15:00+00:00,91865.515625,92242.7265625,91831.28125,92226.1015625,976101376
2026-01-07 09:30:00+00:00,91654.375,91886.3671875,91646.421875,91886.3671875,436654080
2026-01-07 09:45:00+00:00,91648.0546875,91680.5,91557.2578125,91675.7578125,602869760
2026-01-07 10:00:00+00:00,91783.7421875,91783.7421875,91557.4453125,91569.234375,133898240
2026-01-07 10:15:00+00:00,91722.703125,91780.03125,91690.7734375,91767.6953125,248422400
2026-01-07 10:30:00+00:00,91790.03125,91884.859375,91712.875,91712.875,303828992
2026-01-07 10:45:00+00:00,91868.5703125,91880.4609375,91797.5390625,91797.5390625,434888704
2026-01-07 11:00:00+00:00,92029.03125,92073.3984375,91880.8515625,91880.8515625,132263936
2026-01-07 11:15:00+00:00,92101.8203125,92127.625,92022.0546875,92046.2421875,428498944
2026-01-07 11:30:00+00:00,92150.2109375,92184.3046875,92057.703125,92100.0625,17289216
2026-01-07 11:45:00+00:00,92074.484375,92127.796875,92065.4375,92125.640625,155009024
2026-01-07 12:00:00+00:00,92045.7421875,92086.4140625,91964.8203125,92064.4140625,5603328
2026-01-07 12:15:00+00:00,92000.4765625,92062.8984375,91959.9765625,91997.125,194682880
2026-01-07 12:30:00+00:00,91915.078125,92041.6796875,91915.078125,92001.3359375,0
2026-01-07 12:45:00+00:00,91935.390625,91986.5703125,91921.1484375,91921.1484375,531685376
2026-01-07 13:00:00+00:00,91835.765625,91985.9609375,91835.765625,91938.90625,12255232
2026-01-07 13:15:00+00:00,92166.421875,92174.03125,91844.65625,91844.65625,261812224
2026-01-07 13:30:00+00:00,92068.6484375,92156.2890625,92010.2890625,92156.2890625,411156480
2026-01-07 13:45:00+00:00,91990.6953125,92078.90625,91990.6953125,92078.90625,106999808
2026-01-07 14:00:00+00:00,91613.2890625,91970.2421875,91608.1171875,91970.2421875,1516380160
2026-01-07 14:15:00+00:00,91470.875,91668.8515625,91445.2578125,91626.6015625,54890496
2026-01-07 14:30:00+00:00,91911.3359375,91921.8671875,91408.2734375,91481.2109375,248164352
2026-01-07 14:45:00+00:00,91896.5,92018.8671875,91760.8203125,91760.8203125,83832832
2026-01-07 15:00:00+00:00,91600.1484375,91827.125,91403.4140625,91827.125,38555648
2026-01-07 15:15:00+00:00,91150.5,91488.8046875,91068.46875,91488.8046875,1755172864
2026-01-07 15:30:00+00:00,91302.5390625,91373.9296875,91123.7734375,91200.421875,322011136
2026-01-07 15:45:00+00:00,91265.1015625,91469.7265625,91238.15625,91295.390625,0
2026-01-07 16:00:00+00:00,91505.875,91505.875,91313.859375,91313.859375,0
2026-01-07 16:15:00+00:00,91474.9375,91659.7578125,91458.484375,91525.640625,54644736
2026-01-07 16:30:00+00:00,91255.4453125,91499.9609375,91116.3125,91492.75,1117945856
2026-01-07 16:45:00+00:00,91190.921875,91452.9765625,91163.2734375,91386.984375,0
2026-01-07 17:00:00+00:00,91206.265625,91219.3828125,91015.765625,91215.4765625,0
2026-01-07 17:15:00+00:00,91517.2265625,91517.2265625,91176.890625,91195.5234375,81416192
2026-01-07 17:30:00+00:00,91531.6640625,91595.234375,91491.7265625,91529.203125,161169408
2026-01-07 17:45:00+00:00,91186.109375,91522.9140625,91158.09375,91509.5859375,0
2026-01-07 18:00:00+00:00,91231.546875,91231.546875,91126.0390625,91192.46875,0
2026-01-07 18:15:00+00:00,91172.609375,91203.484375,91052.3203125,91203.484375,0
2026-01-07 18:30:00+00:00,91220.8125,91344.2578125,91220.8125,91226.515625,97218560
2026-01-07 18:45:00+00:00,90691.7578125,91141.9140625,90659.9765625,91097.0234375,0
2026-01-07 19:00:00+00:00,90683.140625,91021.6015625,90683.140625,90828.2734375,1519341568
2026-01-07 19:15:00+00:00,90745.0390625,90774.0078125,90665.71875,90728.328125,677814272
2026-01-07 19:30:00+00:00,90977.8046875,91048.671875,90910.9609375,90910.9609375,167624704
2026-01-07 19:45:00+00:00,91131.265625,91182.3984375,90989.0,90989.0,11735040
2026-01-07 20:00:00+00:00,90933.140625,91193.15625,90933.140625,91098.1484375,0
2026-01-07 20:15:00+00:00,90808.8125,90925.6484375,90726.890625,90889.359375,283996160
2026-01-07 20:30:00+00:00,90961.6015625,91032.953125,90791.4375,90791.4375,39788544
2026-01-07 20:45:00+00:00,90948.8984375,91027.6328125,90911.34375,90911.34375,150020096
2026-01-07 21:00:00+00:00,91086.671875,91103.46875,91018.8046875,91055.890625,225673216
2026-01-07 21:15:00+00:00,91075.421875,91124.0625,91054.5546875,91078.1328125,24743936
2026-01-07 21:30:00+00:00,91032.8125,91128.6640625,90976.703125,91091.796875,242200576
2026-01-07 21:45:00+00:00,91044.5390625,91044.5390625,90999.9765625,91026.390625,0
2026-01-07 22:00:00+00:00,90918.8046875,91040.125,90828.2734375,91040.125,64794624
2026-01-07 22:15:00+00:00,90980.7265625,90985.125,90878.7578125,90887.0859375,33058816
2026-01-07 22:30:00+00:00,90992.25,91221.546875,90982.578125,90982.578125,72978432
2026-01-07 22:45:00+00:00,91106.28125,91139.1640625,90934.546875,90974.453125,430850048
2026-01-07 23:00:00+00:00,91074.9375,91077.1875,90945.4921875,91024.9765625,66260992
2026-01-07 23:15:00+00:00,91278.15625,91346.1171875,91162.453125,91162.453125,616222720
2026-01-07 23:30:00+00:00,91131.296875,91301.59375,91089.375,91226.5,354750464
2026-01-07 23:45:00+00:00,91303.484375,91303.484375,91111.2109375,91111.2109375,214237184
2026-01-08 00:00:00+00:00,91128.3359375,91386.5,91128.3359375,91280.703125,84307968
2026-01-08 00:15:00+00:00,91027.234375,91105.5390625,91004.2578125,91096.1875,0
2026-01-08 00:30:00+00:00,91121.6640625,91136.4765625,91018.421875,91018.421875,211214336
2026-01-08 00:45:00+00:00,91317.5859375,91332.8046875,91137.2890625,91137.2890625,85495808
2026-01-08 01:00:00+00:00,91316.1953125,91316.1953125,91246.0234375,91298.3046875,0
2026-01-08 01:15:00+00:00,91446.4609375,91450.6875,91240.0703125,91311.5703125,0
2026-01-08 01:30:00+00:00,91288.90625,91440.5546875,91259.3046875,91440.5546875,167985152
2026-01-08 01:45:00+00:00,91333.125,91347.1328125,91271.953125,91273.578125,102191104
2026-01-08 02:00:00+00:00,91297.2890625,91353.0625,91248.171875,91334.3671875,69574656
2026-01-08 02:15:00+00:00,91092.2890625,91337.09375,90999.328125,91337.09375,0
2026-01-08 02:30:00+00:00,90804.7890625,91093.109375,90804.7890625,91093.109375,849653760
2026-01-08 02:45:00+00:00,90853.953125,90894.859375,90701.4921875,90798.1953125,271400960
2026-01-08 03:00:00+00:00,90967.8828125,91019.796875,90823.5078125,90862.0546875,106696704
2026-01-08 03:15:00+00:00,90843.1796875,90982.234375,90843.1796875,90981.65625,288161792
2026-01-08 03:30:00+00:00,90765.515625,90918.625,90765.515625,90862.265625,203051008
2026-01-08 03:45:00+00:00,90704.7265625,90704.7265625,90585.265625,90692.2265625,649371648
2026-01-08 04:00:00+00:00,90664.9375,90750.2578125,90620.21875,90726.5625,267796480
2026-01-08 04:15:00+00:00,90976.703125,90982.8203125,90713.3671875,90738.0078125,493707264
2026-01-08 04:30:00+00:00,90967.4453125,91027.7421875,90937.65625,90985.5859375,89051136
2026-01-08 04:45:00+00:00,90949.7421875,90991.296875,90908.8671875,90957.125,0
2026-01-08 05:00:00+00:00,90983.890625,91042.015625,90934.53125,90989.6796875,6119424
2026-01-08 05:15:00+00:00,90902.4765625,91050.5234375,90902.4765625,90985.4765625,95096832
2026-01-08 05:30:00+00:00,90832.890625,90946.5078125,90832.890625,90898.2265625,316342272
2026-01-08 05:45:00+00:00,90698.7578125,90783.9453125,90684.6171875,90783.9453125,0
2026-01-08 06:00:00+00:00,90389.3125,90750.2109375,90333.5078125,90702.1875,625356800
2026-01-08 06:15:00+00:00,90185.265625,90362.25,90147.2265625,90360.7265625,418664448
2026-01-08 06:30:00+00:00,90274.375,90284.0546875,90144.5,90223.7734375,513409024
2026-01-08 06:45:00+00:00,89940.03125,90252.4140625,89940.03125,90252.4140625,731242496
2026-01-08 07:00:00+00:00,89935.1328125,89950.0078125,89578.3125,89831.8125,1016844288
2026-01-08 07:15:00+00:00,90135.7109375,90135.7109375,89929.640625,89929.640625,538439680
2026-01-08 07:30:00+00:00,90313.21875,90313.21875,90142.1796875,90142.1796875,357859328
2026-01-08 07:45:00+00:00,90434.546875,90437.515625,90321.421875,90330.8203125,167596032
2026-01-08 08:00:00+00:00,90477.2578125,90477.2578125,90347.3125,90428.6953125,465817600
2026-01-08 08:15:00+00:00,90553.7109375,90556.8046875,90462.3125,90495.8984375,273829888
2026-01-08 08:30:00+00:00,90294.296875,90569.234375,90281.2734375,90569.234375,902160384
2026-01-08 08:45:00+00:00,90082.125,90311.7578125,90078.7734375,90311.7578125,580640768
2026-01-08 09:00:00+00:00,90210.34375,90254.109375,90083.3203125,90098.828125,19423232
2026-01-08 09:15:00+00:00,89945.671875,90240.953125,89945.671875,90215.9921875,742899712
2026-01-08 09:30:00+00:00,89927.0859375,89995.4609375,89896.8125,89917.203125,300941312
2026-01-08 09:45:00+00:00,89879.1328125,90034.203125,89871.5078125,89952.859375,0
2026-01-08 10:00:00+00:00,89841.0703125,89911.4921875,89698.6328125,89892.578125,23519232
2026-01-08 10:15:00+00:00,90076.875,90141.0703125,89824.7578125,89828.828125,612020224
2026-01-08 10:30:00+00:00,90033.4765625,90167.984375,90033.4765625,90139.953125,59346944
2026-01-08 10:45:00+00:00,90293.734375,90347.8515625,90056.3046875,90056.3046875,252039168
2026-01-08 11:00:00+00:00,90198.90625,90357.25,90195.8828125,90357.25,537018368
2026-01-08 11:15:00+00:00,90081.1640625,90191.421875,89995.4609375,90178.984375,352382976
2026-01-08 11:30:00+00:00,90087.75,90118.2578125,89949.3984375,90094.90625,420319232
2026-01-08 11:45:00+00:00,90068.7265625,90152.8515625,89927.6875,89954.8984375,320065536
2026-01-08 12:00:00+00:00,89766.03125,90082.265625,89748.984375,90082.265625,132841472
2026-01-08 12:15:00+00:00,89813.21875,89860.5234375,89766.4296875,89772.9765625,577978368
2026-01-08 12:30:00+00:00,89855.1875,89863.34375,89682.171875,89840.3046875,0
2026-01-08 12:45:00+00:00,89883.265625,89945.734375,89841.0,89874.359375,541478912
2026-01-08 13:00:00+00:00,89898.1953125,89898.1953125,89830.8828125,89866.3203125,541433856
2026-01-08 13:15:00+00:00,89947.5,89964.7890625,89827.6875,89881.734375,286457856
2026-01-08 13:30:00+00:00,89896.984375,89972.59375,89781.6640625,89949.828125,729415680
2026-01-08 13:45:00+00:00,89851.09375,89930.859375,89797.5859375,89901.828125,129376256
2026-01-08 14:00:00+00:00,89742.3984375,89849.03125,89692.515625,89849.03125,0
2026-01-08 14:15:00+00:00,89428.5,89739.359375,89428.5,89732.953125,228335616
2026-01-08 14:30:00+00:00,89364.4921875,89738.828125,89364.4921875,89538.046875,328523776
2026-01-08 14:45:00+00:00,89924.4453125,89972.921875,89291.1328125,89344.953125,2021769216
2026-01-08 15:00:00+00:00,90236.296875,90292.890625,89765.6875,89932.625,0
2026-01-08 15:15:00+00:00,90468.6953125,90468.6953125,90220.65625,90220.65625,74608640
2026-01-08 15:30:00+00:00,90445.8828125,90544.328125,90244.1328125,90477.9765625,152702976
2026-01-08 15:45:00+00:00,90649.90625,90649.90625,90243.1015625,90383.5078125,144601088
2026-01-08 16:00:00+00:00,90665.3984375,90791.5546875,90533.65625,90710.4921875,639365120
2026-01-08 16:15:00+00:00,90470.09375,90627.5234375,90435.2265625,90627.5234375,636948480
2026-01-08 16:30:00+00:00,90650.0546875,90650.0546875,90232.7109375,90566.5,154333184
2026-01-08 16:45:00+00:00,90718.8984375,90739.4765625,90612.40625,90612.40625,190525440
2026-01-08 17:00:00+00:00,91039.6171875,91134.46875,90831.9765625,90835.78125,20877312
2026-01-08 17:15:00+00:00,90850.2734375,91050.3046875,90850.2734375,91021.34375,1081835520
2026-01-08 17:30:00+00:00,91097.796875,91109.4609375,90793.1875,90793.1875,1107210240
2026-01-08 17:45:00+00:00,91254.640625,91345.546875,91151.7734375,91151.7734375,149078016
2026-01-08 18:00:00+00:00,91128.8828125,91328.1484375,91128.8828125,91293.2421875,211718144
2026-01-08 18:15:00+00:00,91173.828125,91213.5234375,91055.5859375,91111.359375,219058176
2026-01-08 18:30:00+00:00,90967.8671875,91208.1015625,90912.5078125,91172.3671875,211415040
2026-01-08 18:45:00+00:00,90985.6640625,91083.8203125,90903.234375,90903.234375,0
2026-01-08 19:00:00+00:00,91186.4453125,91234.515625,90954.0078125,91038.6796875,6242304
2026-01-08 19:15:00+00:00,91002.8671875,91152.6015625,90919.0390625,91152.6015625,0
2026-01-08 19:30:00+00:00,91104.4375,91238.0,91008.0859375,91008.0859375,154603520
2026-01-08 19:45:00+00:00,90819.8046875,91081.0,90765.9375,91073.3125,57556992
2026-01-08 20:00:00+00:00,90607.3125,90855.390625,90482.4296875,90855.390625,127201280
2026-01-08 20:15:00+00:00,90531.0,90636.0703125,90518.5625,90592.7109375,0
2026-01-08 20:30:00+00:00,90723.3984375,90747.6640625,90518.1171875,90518.1171875,139956224
2026-01-08 20:45:00+00:00,90841.203125,90872.421875,90717.0,90717.0,34934784
2026-01-08 21:00:00+00:00,91027.8828125,91027.8828125,90836.7578125,90836.7578125,112799744
2026-01-08 21:15:00+00:00,91048.90625,91098.609375,90969.3515625,91050.5703125,385425408
2026-01-08 21:30:00+00:00,91193.5,91205.984375,91007.8046875,91035.3671875,218578944
2026-01-08 21:45:00+00:00,91222.1796875,91222.1796875,91181.4140625,91194.0390625,519061504
2026-01-08 22:00:00+00:00,91385.109375,91385.109375,91106.9140625,91200.4375,0
2026-01-08 22:15:00+00:00,91181.0546875,91359.234375,91181.0546875,91359.234375,208158720
2026-01-08 22:30:00+00:00,91060.5,91208.0703125,90987.2890625,91208.0703125,212520960
2026-01-08 22:45:00+00:00,91130.78125,91147.6328125,91061.0078125,91061.0078125,34918400
2026-01-08 23:00:00+00:00,91198.359375,91254.7578125,91145.7421875,91145.7421875,192983040
2026-01-08 23:15:00+00:00,91205.3671875,91234.7421875,91185.703125,91194.2890625,32239616
2026-01-08 23:30:00+00:00,91099.34375,91222.2421875,91083.75,91214.390625,50122752
2026-01-08 23:45:00+00:00,91025.75,91090.953125,90978.171875,91041.6328125,376774656
2026-01-09 00:00:00+00:00,91075.515625,91075.515625,90997.546875,91015.2109375,20054016
2026-01-09 00:15:00+00:00,90984.6875,91072.171875,90984.6875,91072.171875,132325376
2026-01-09 00:30:00+00:00,91110.828125,91148.765625,90996.7890625,90996.7890625,0
2026-01-09 00:45:00+00:00,91205.7734375,91211.65625,91134.9765625,91141.953125,136011776
2026-01-09 01:00:00+00:00,91209.4453125,91247.859375,91190.203125,91193.8671875,8462336
2026-01-09 01:15:00+00:00,91198.5078125,91203.09375,91016.421875,91203.09375,6840320
2026-01-09 01:30:00+00:00,90885.7734375,91412.484375,90795.625,91412.484375,531222528
2026-01-09 01:45:00+00:00,90976.4921875,90976.4921875,90853.9765625,90853.9765625,19075072
2026-01-09 02:00:00+00:00,91370.390625,91373.53125,90966.75,90972.578125,397463552
2026-01-09 02:15:00+00:00,91213.5859375,91364.3671875,91213.5859375,91363.234375,359444480
2026-01-09 02:30:00+00:00,91110.296875,91217.4296875,91079.3984375,91197.1484375,77627392
2026-01-09 02:45:00+00:00,90932.5546875,91144.671875,90932.5546875,91137.140625,39342080
2026-01-09 03:00:00+00:00,91089.0078125,91097.5078125,90893.7265625,90947.7265625,130809856
2026-01-09 03:15:00+00:00,90914.2578125,91113.1875,90907.078125,91057.5546875,374697984
2026-01-09 03:30:00+00:00,91089.9375,91130.5234375,90897.171875,90921.25,24670208
2026-01-09 03:45:00+00:00,91112.8046875,91160.609375,91092.8125,91092.8125,267395072
2026-01-09 04:00:00+00:00,90970.0390625,91125.5546875,90970.0390625,91125.5546875,241115136
2026-01-09 04:15:00+00:00,91028.703125,91032.1484375,90944.59375,90953.6796875,0
2026-01-09 04:30:00+00:00,90921.234375,91037.7109375,90842.0078125,91037.7109375,378519552
2026-01-09 04:45:00+00:00,90939.28125,90939.28125,90916.0234375,90919.1171875,164327424
2026-01-09 05:00:00+00:00,90963.1484375,91001.1328125,90927.3046875,90927.3046875,225746944
2026-01-09 05:15:00+00:00,90911.8828125,90985.3671875,90860.265625,90985.3671875,111779840
2026-01-09 05:30:00+00:00,90892.125,90922.0390625,90826.6015625,90916.7578125,767954944
2026-01-09 05:45:00+00:00,90971.515625,90971.515625,90878.3515625,90885.703125,0
2026-01-09 06:00:00+00:00,90945.2421875,90987.7265625,90945.2421875,90975.1328125,0
2026-01-09 06:15:00+00:00,90921.0078125,91004.9140625,90919.828125,90948.2109375,0
2026-01-09 06:30:00+00:00,91015.984375,91020.9609375,90882.609375,90883.4140625,69484544
2026-01-09 06:45:00+00:00,91027.09375,91027.09375,90979.1875,91013.2265625,9850880
2026-01-09 07:00:00+00:00,90967.953125,91024.6640625,90961.6171875,91024.6640625,0
2026-01-09 07:15:00+00:00,90900.4609375,90948.4453125,90900.4609375,90948.4453125,0
2026-01-09 07:30:00+00:00,90875.9765625,90914.8515625,90815.6328125,90914.8515625,368852992
2026-01-09 07:45:00+00:00,90687.078125,90873.0234375,90687.078125,90866.7265625,203870208
2026-01-09 08:00:00+00:00,90596.1015625,90686.8359375,90448.9296875,90649.5,279171072
2026-01-09 08:15:00+00:00,90645.03125,90730.6484375,90563.9921875,90563.9921875,1259057152
2026-01-09 08:30:00+00:00,90228.9140625,90572.4609375,90228.9140625,90572.4609375,465043456
2026-01-09 08:45:00+00:00,89845.1328125,90227.75,89628.5703125,90227.75,537718784
2026-01-09 09:00:00+00:00,90041.7421875,90091.6875,89872.390625,89872.390625,310513664
2026-01-09 09:15:00+00:00,90283.1796875,90304.2265625,89973.09375,90045.8046875,80699392
2026-01-09 09:30:00+00:00,90264.5546875,90285.6640625,90197.421875,90285.6640625,215629824
2026-01-09 09:45:00+00:00,90222.0234375,90299.5078125,90185.4765625,90241.5625,90542080
2026-01-09 10:00:00+00:00,90356.2265625,90356.2265625,90183.75,90228.046875,497680384
2026-01-09 10:15:00+00:00,90382.1328125,90431.421875,90312.4453125,90354.5703125,890793984
2026-01-09 10:30:00+00:00,90412.2265625,90417.6796875,90312.375,90343.1015625,0
2026-01-09 10:45:00+00:00,90404.4609375,90422.546875,90397.5078125,90409.2421875,125440000
2026-01-09 11:00:00+00:00,90396.8515625,90461.578125,90349.921875,90380.5390625,242966528
2026-01-09 11:15:00+00:00,90456.4921875,90560.6640625,90420.46875,90474.59375,0
2026-01-09 11:30:00+00:00,90401.9140625,90500.5546875,90386.328125,90463.2890625,342405120
2026-01-09 11:45:00+00:00,90337.78125,90425.390625,90314.0234375,90418.7890625,287092736
2026-01-09 12:00:00+00:00,90299.5546875,90463.0859375,90299.5546875,90345.2265625,0
2026-01-09 12:15:00+00:00,90189.7109375,90307.4140625,90144.3515625,90307.4140625,1087848448
2026-01-09 12:30:00+00:00,90334.859375,90340.765625,90202.9453125,90202.9453125,180383744
2026-01-09 12:45:00+00:00,90348.6640625,90369.4140625,90303.21875,90314.1796875,0
2026-01-09 13:00:00+00:00,90548.5,90556.4296875,90337.9375,90350.171875,315830272
2026-01-09 13:15:00+00:00,90609.5,90609.5,90524.234375,90530.5546875,0
2026-01-09 13:30:00+00:00,90549.7109375,90682.0,90398.1015625,90553.6484375,789680128
2026-01-09 13:45:00+00:00,90550.796875,90626.7109375,90392.203125,90518.9765625,529170432
2026-01-09 14:00:00+00:00,90268.2265625,90492.671875,90197.515625,90480.234375,213168128
2026-01-09 14:15:00+00:00,90476.625,90476.625,90250.7890625,90250.7890625,105914368
2026-01-09 14:30:00+00:00,90107.84375,90483.953125,90107.84375,90483.953125,875368448
2026-01-09 14:45:00+00:00,90056.421875,90101.375,89896.546875,90084.5859375,133783552
2026-01-09 15:00:00+00:00,90152.390625,90152.390625,89794.6640625,90038.875,3764224
2026-01-09 15:15:00+00:00,91517.234375,91517.234375,90117.2734375,90137.921875,348172288
2026-01-09 15:30:00+00:00,91207.9296875,91864.40625,91207.9296875,91587.4140625,1941364736
2026-01-09 15:45:00+00:00,90999.8203125,91415.2265625,90822.640625,91302.75,1005928448
2026-01-09 16:00:00+00:00,91488.1328125,91488.1328125,91028.7109375,91028.7109375,90525696
2026-01-09 16:15:00+00:00,91255.6171875,91662.3515625,91245.1640625,91662.3515625,1329135616
2026-01-09 16:30:00+00:00,91304.7265625,91304.7265625,91209.7578125,91271.2109375,875921408
2026-01-09 16:45:00+00:00,91527.2890625,91570.828125,91367.4375,91380.234375,157491200
2026-01-09 17:00:00+00:00,91193.6953125,91542.765625,91193.6953125,91516.171875,257826816
2026-01-09 17:15:00+00:00,91066.7578125,91248.3828125,90967.609375,91248.3828125,930222080
2026-01-09 17:30:00+00:00,91080.640625,91195.7421875,90996.0234375,91046.0078125,77611008
2026-01-09 17:45:00+00:00,91343.59375,91432.390625,91081.2734375,91081.2734375,0
2026-01-09 18:00:00+00:00,91209.8203125,91396.7265625,91157.9453125,91343.5390625,110444544
2026-01-09 18:15:00+00:00,90546.484375,91196.1953125,90546.484375,91196.1953125,239370240
2026-01-09 18:30:00+00:00,90773.0,90773.0,90432.0703125,90537.6171875,956141568
2026-01-09 18:45:00+00:00,90781.109375,90837.46875,90607.625,90729.7734375,840228864
2026-01-09 19:00:00+00:00,90446.6015625,90643.8828125,90446.6015625,90631.2890625,1001996288
2026-01-09 19:15:00+00:00,90231.921875,90446.84375,90231.921875,90446.7890625,225193984
2026-01-09 19:30:00+00:00,90294.6328125,90335.8671875,90150.90625,90223.6796875,381444096
2026-01-09 19:45:00+00:00,90267.0546875,90514.625,90230.140625,90230.140625,302292992
2026-01-09 20:00:00+00:00,90287.15625,90342.546875,90144.8046875,90144.8046875,198291456
2026-01-09 20:15:00+00:00,90324.7734375,90430.296875,90267.078125,90289.203125,69345280
2026-01-09 20:30:00+00:00,90246.0234375,90447.5078125,90246.0234375,90358.96875,420184064
2026-01-09 20:45:00+00:00,90185.78125,90274.4609375,90167.46875,90176.0390625,1238237184
2026-01-09 21:00:00+00:00,90228.4140625,90301.625,90117.078125,90166.140625,303489024
2026-01-09 21:15:00+00:00,90483.921875,90483.921875,90227.9921875,90236.453125,233623552
2026-01-09 21:30:00+00:00,90333.171875,90477.078125,90322.1796875,90477.078125,0
2026-01-09 21:45:00+00:00,90421.0390625,90421.0390625,90315.5390625,90325.2109375,33038336
2026-01-09 22:00:00+00:00,90259.3125,90434.4609375,90259.3125,90413.21875,22757376
2026-01-09 22:15:00+00:00,90327.5703125,90365.90625,90268.546875,90282.796875,530206720
2026-01-09 22:30:00+00:00,90462.453125,90534.3359375,90462.453125,90486.265625,410583040
2026-01-09 22:45:00+00:00,90502.359375,90542.6875,90438.8515625,90438.8515625,22724608
2026-01-09 23:00:00+00:00,90574.5234375,90574.5234375,90496.5625,90513.7890625,0
2026-01-09 23:15:00+00:00,90594.046875,90595.9140625,90559.09375,90579.1328125,20357120
2026-01-09 23:30:00+00:00,90542.1484375,90592.9375,90542.1484375,90592.546875,65658880
2026-01-09 23:45:00+00:00,90490.7734375,90577.984375,90490.7734375,90557.890625,267100160
2026-01-10 00:00:00+00:00,90489.7109375,90560.8125,90489.7109375,90509.2109375,251486208
2026-01-10 00:15:00+00:00,90464.203125,90464.203125,90417.703125,90457.875,216907776
2026-01-10 00:30:00+00:00,90484.7578125,90537.1796875,90484.7578125,90485.25,462721024
2026-01-10 00:45:00+00:00,90477.046875,90493.71875,90443.3515625,90493.71875,1503232
2026-01-10 01:00:00+00:00,90497.390625,90524.6953125,90469.7421875,90471.671875,275107840
2026-01-10 01:15:00+00:00,90533.5390625,90548.578125,90496.125,90513.3828125,353513472
2026-01-10 01:30:00+00:00,90585.3671875,90585.3671875,90535.8671875,90535.8671875,0
2026-01-10 01:45:00+00:00,90567.203125,90601.7734375,90542.7109375,90586.9453125,322875392
2026-01-10 02:00:00+00:00,90598.828125,90605.8828125,90560.3515625,90560.3515625,166187008
2026-01-10 02:15:00+00:00,90615.4453125,90623.0,90587.46875,90611.0234375,347840512
2026-01-10 02:30:00+00:00,90479.7578125,90655.21875,90479.7578125,90655.21875,0
2026-01-10 02:45:00+00:00,90543.375,90552.5703125,90483.25,90483.25,0
2026-01-10 03:00:00+00:00,90457.2890625,90556.75,90430.21875,90556.75,56930304
2026-01-10 03:15:00+00:00,90511.15625,90517.4765625,90463.9921875,90463.9921875,518737920
2026-01-10 03:30:00+00:00,90506.296875,90515.7421875,90493.5234375,90513.171875,255107072
2026-01-10 03:45:00+00:00,90507.671875,90509.9765625,90469.9921875,90474.5859375,48689152
2026-01-10 04:00:00+00:00,90405.75,90514.7734375,90399.4296875,90512.125,0
2026-01-10 04:15:00+00:00,90406.2265625,90421.8359375,90395.6015625,90403.4921875,222818304
2026-01-10 04:30:00+00:00,90376.6484375,90422.234375,90354.828125,90406.3671875,8114176
2026-01-10 04:45:00+00:00,90326.484375,90400.0859375,90311.09375,90389.3359375,88313856
2026-01-10 05:00:00+00:00,90395.84375,90395.84375,90314.5078125,90344.859375,258756608
2026-01-10 05:15:00+00:00,90434.2109375,90435.328125,90406.7578125,90406.7578125,0
2026-01-10 05:30:00+00:00,90482.140625,90487.671875,90412.90625,90447.234375,268042240
2026-01-10 05:45:00+00:00,90484.0546875,90493.0625,90476.2421875,90480.4921875,59813888
2026-01-10 06:00:00+00:00,90459.625,90477.8125,90459.625,90474.2734375,73019392
2026-01-10 06:15:00+00:00,90404.953125,90452.65625,90352.6171875,90452.65625,0
2026-01-10 06:30:00+00:00,90418.3984375,90428.3359375,90402.9375,90411.9296875,121053184
2026-01-10 06:45:00+00:00,90383.640625,90426.6796875,90383.640625,90415.5546875,234606592
2026-01-10 07:00:00+00:00,90474.890625,90474.890625,90374.875,90377.0703125,1028096
2026-01-10 07:15:00+00:00,90459.3984375,90477.4375,90438.3359375,90477.4375,40230912
2026-01-10 07:30:00+00:00,90481.890625,90546.71875,90471.421875,90480.4140625,0
2026-01-10 07:45:00+00:00,90537.1953125,90537.1953125,90483.921875,90483.921875,133341184
2026-01-10 08:00:00+00:00,90578.3671875,90614.96875,90523.46875,90546.8046875,144807936
2026-01-10 08:15:00+00:00,90560.0625,90583.984375,90499.1171875,90580.4140625,0
2026-01-10 08:30:00+00:00,90536.7109375,90566.8359375,90520.9765625,90566.8359375,0
2026-01-10 08:45:00+00:00,90531.078125,90531.078125,90508.3828125,90519.3515625,0
2026-01-10 09:00:00+00:00,90524.40625,90580.171875,90523.5234375,90539.90625,0
2026-01-10 09:15:00+00:00,90553.390625,90565.8359375,90521.890625,90528.5625,194916352
2026-01-10 09:30:00+00:00,90546.328125,90601.5859375,90514.4375,90553.1328125,28542976
2026-01-10 09:45:00+00:00,90616.21875,90621.734375,90559.7890625,90559.7890625,216573952
2026-01-10 10:00:00+00:00,90623.2421875,90646.828125,90607.75,90629.5703125,313344
2026-01-10 10:15:00+00:00,90623.3671875,90659.984375,90605.5390625,90655.3203125,0
2026-01-10 10:30:00+00:00,90712.703125,90712.703125,90631.8046875,90631.8046875,54376448
2026-01-10 10:45:00+00:00,90685.1875,90706.734375,90674.46875,90674.46875,213886976
2026-01-10 11:00:00+00:00,90662.3359375,90703.625,90637.3671875,90703.625,0
2026-01-10 11:15:00+00:00,90657.9375,90674.9921875,90657.9375,90663.609375,0
2026-01-10 11:30:00+00:00,90671.484375,90680.828125,90666.6796875,90666.6796875,138764288
2026-01-10 11:45:00+00:00,90610.2734375,90637.9609375,90597.0,90636.328125,0
2026-01-10 12:00:00+00:00,90624.75,90641.78125,90606.7109375,90606.9765625,23056384
2026-01-10 12:15:00+00:00,90612.9765625,90659.484375,90612.9765625,90628.40625,0
2026-01-10 12:30:00+00:00,90591.9296875,90605.4296875,90542.9140625,90605.4296875,51722240
2026-01-10 12:45:00+00:00,90598.2890625,90619.7421875,90590.796875,90590.796875,84359168
2026-01-10 13:00:00+00:00,90586.90625,90625.8828125,90586.90625,90607.6171875,0
2026-01-10 13:15:00+00:00,90608.703125,90621.40625,90589.75,90593.0625,213360640
2026-01-10 13:30:00+00:00,90600.734375,90608.5390625,90592.3203125,90603.1796875,0
2026-01-10 13:45:00+00:00,90526.546875,90610.0078125,90526.546875,90610.0078125,0
2026-01-10 14:00:00+00:00,90462.8203125,90546.828125,90426.2734375,90532.0546875,532695040
2026-01-10 14:15:00+00:00,90501.5546875,90522.859375,90466.890625,90479.3046875,0
2026-01-10 14:30:00+00:00,90448.140625,90499.234375,90448.140625,90499.234375,0
2026-01-10 14:45:00+00:00,90456.796875,90461.5625,90439.171875,90439.171875,0
2026-01-10 15:00:00+00:00,90512.609375,90513.125,90458.40625,90463.6875,0
2026-01-10 15:15:00+00:00,90477.7890625,90521.28125,90462.8359375,90515.078125,0
2026-01-10 15:30:00+00:00,90521.3515625,90521.3515625,90479.6484375,90480.421875,0
2026-01-10 15:45:00+00:00,90543.0546875,90547.828125,90503.8203125,90519.890625,0
2026-01-10 16:00:00+00:00,90565.859375,90597.1328125,90533.390625,90541.8203125,0
2026-01-10 16:15:00+00:00,90528.03125,90560.03125,90501.2265625,90560.03125,0
2026-01-10 16:30:00+00:00,90574.5546875,90577.2578125,90507.6953125,90528.0546875,0
2026-01-10 16:45:00+00:00,90555.0390625,90578.6953125,90555.0390625,90578.6953125,0
2026-01-10 17:00:00+00:00,90585.0703125,90585.0703125,90554.9375,90554.9375,0
2026-01-10 17:15:00+00:00,90623.078125,90623.078125,90588.4765625,90588.4765625,0
2026-01-10 17:30:00+00:00,90547.890625,90621.3671875,90547.890625,90621.3671875,76675072
2026-01-10 17:45:00+00:00,90428.203125,90548.390625,90428.203125,90548.390625,0
2026-01-10 18:00:00+00:00,90413.8125,90456.1640625,90412.1328125,90431.8359375,0
2026-01-10 18:15:00+00:00,90429.3515625,90437.171875,90410.6171875,90410.6171875,0
2026-01-10 18:30:00+00:00,90465.1953125,90469.7578125,90454.65625,90465.3984375,0
2026-01-10 18:45:00+00:00,90476.0625,90476.0625,90457.375,90469.6640625,0
2026-01-10 19:00:00+00:00,90464.5625,90478.59375,90461.0234375,90469.3203125,0
2026-01-10 19:15:00+00:00,90479.8359375,90479.8359375,90456.4375,90459.53125,0
2026-01-10 19:30:00+00:00,90509.2890625,90510.546875,90478.9921875,90478.9921875,0
2026-01-10 19:45:00+00:00,90507.0390625,90508.1953125,90492.2734375,90508.1953125,0
2026-01-10 20:00:00+00:00,90526.9375,90526.9375,90503.0,90507.8671875,0
2026-01-10 20:15:00+00:00,90517.9765625,90531.5078125,90517.9765625,90531.1796875,0
2026-01-10 20:30:00+00:00,90467.078125,90519.5859375,90464.9140625,90519.5859375,0
2026-01-10 20:45:00+00:00,90448.4609375,90468.390625,90446.2890625,90461.5390625,0
2026-01-10 21:00:00+00:00,90407.125,90450.328125,90384.8671875,90450.328125,0
2026-01-10 21:15:00+00:00,90454.515625,90455.4765625,90398.140625,90401.4453125,7662592
2026-01-10 21:30:00+00:00,90422.4921875,90451.140625,90403.5859375,90446.53125,0
2026-01-10 21:45:00+00:00,90386.5546875,90413.5625,90384.46875,90413.5625,0
2026-01-10 22:00:00+00:00,90287.2734375,90387.4375,90287.2734375,90386.4296875,69838848
2026-01-10 22:15:00+00:00,90349.21875,90349.21875,90288.4140625,90289.1015625,32079872
2026-01-10 22:30:00+00:00,90442.4921875,90444.671875,90357.9765625,90357.9765625,151586816
2026-01-10 22:45:00+00:00,90341.5703125,90467.5703125,90341.5703125,90467.5703125,1074176
2026-01-10 23:00:00+00:00,90397.765625,90406.9453125,90312.875,90322.4296875,50231296
2026-01-10 23:15:00+00:00,90425.71875,90425.71875,90392.8828125,90394.8515625,0
2026-01-10 23:30:00+00:00,90408.390625,90439.6171875,90388.078125,90414.359375,0
2026-01-10 23:45:00+00:00,90385.9140625,90445.953125,90377.0390625,90400.8671875,99082240
2026-01-11 00:00:00+00:00,90383.5078125,90385.625,90333.6484375,90385.625,0
2026-01-11 00:15:00+00:00,90475.4375,90482.84375,90379.4140625,90379.4140625,25391104
2026-01-11 00:30:00+00:00,90442.6796875,90475.4375,90434.953125,90475.4375,10547200
2026-01-11 00:45:00+00:00,90509.6875,90510.921875,90439.6171875,90441.3671875,190835712
2026-01-11 01:00:00+00:00,90506.34375,90539.046875,90503.765625,90513.6875,0
2026-01-11 01:15:00+00:00,90464.421875,90524.3671875,90456.53125,90509.421875,104842240
2026-01-11 01:30:00+00:00,90468.4765625,90480.5625,90431.78125,90465.40625,21026816
2026-01-11 01:45:00+00:00,90509.9609375,90509.9609375,90469.71875,90473.2265625,24614912
2026-01-11 02:00:00+00:00,90569.890625,90569.890625,90505.4609375,90513.203125,0
2026-01-11 02:15:00+00:00,90555.921875,90582.4375,90531.3671875,90582.4375,145840128
2026-01-11 02:30:00+00:00,90557.2421875,90563.421875,90524.75,90554.75,0
2026-01-11 02:45:00+00:00,90579.109375,90601.640625,90570.0703125,90570.0703125,95023104
2026-01-11 03:00:00+00:00,90532.8046875,90579.2890625,90532.78125,90577.6171875,53294080
2026-01-11 03:15:00+00:00,90598.203125,90607.9296875,90523.5625,90535.6640625,22582272
2026-01-11 03:30:00+00:00,90588.171875,90594.2890625,90577.03125,90591.0078125,41663488
2026-01-11 03:45:00+00:00,90617.046875,90617.046875,90584.8828125,90584.8828125,57101312
2026-01-11 04:00:00+00:00,90597.28125,90613.515625,90580.953125,90613.515625,2883584
2026-01-11 04:15:00+00:00,90589.453125,90627.296875,90585.1171875,90600.046875,54236160
2026-01-11 04:30:00+00:00,90646.453125,90656.15625,90588.6875,90588.6875,70425600
2026-01-11 04:45:00+00:00,90662.78125,90662.78125,90637.4453125,90637.4453125,25298944
2026-01-11 05:00:00+00:00,90662.53125,90674.28125,90662.3046875,90674.28125,40343552
2026-01-11 05:15:00+00:00,90641.375,90670.234375,90626.71875,90670.234375,27938816
2026-01-11 05:30:00+00:00,90680.9140625,90686.21875,90641.859375,90641.859375,47500288
2026-01-11 05:45:00+00:00,90644.2890625,90716.96875,90643.2109375,90701.8515625,34269184
2026-01-11 06:00:00+00:00,90672.0625,90682.7109375,90650.0,90650.0,85666816
2026-01-11 06:15:00+00:00,90549.515625,90673.25,90506.7265625,90670.3515625,198573056
2026-01-11 06:30:00+00:00,90552.046875,90552.2109375,90543.2109375,90547.2890625,18307072
2026-01-11 06:45:00+00:00,90632.9921875,90632.9921875,90556.546875,90558.484375,91829248
2026-01-11 07:00:00+00:00,90576.21875,90634.09375,90574.4609375,90634.09375,48701440
2026-01-11 07:15:00+00:00,90614.671875,90630.875,90564.0546875,90574.1015625,17230848
2026-01-11 07:30:00+00:00,90597.203125,90622.421875,90589.3359375,90614.359375,6071296
2026-01-11 07:45:00+00:00,90589.421875,90592.5078125,90583.8671875,90588.6875,45569024
2026-01-11 08:00:00+00:00,90565.1171875,90607.5703125,90526.84375,90597.4375,0
2026-01-11 08:15:00+00:00,90595.4453125,90602.1171875,90550.6171875,90550.6171875,23345152
2026-01-11 08:30:00+00:00,90608.0625,90671.4296875,90569.484375,90609.640625,161637376
2026-01-11 08:45:00+00:00,90668.0546875,90683.984375,90586.6796875,90604.3046875,51007488
2026-01-11 09:00:00+00:00,90669.421875,90673.9609375,90667.34375,90667.6640625,179392512
2026-01-11 09:15:00+00:00,90639.5703125,90683.7734375,90639.5703125,90649.640625,124814336
2026-01-11 09:30:00+00:00,90582.4296875,90638.78125,90568.484375,90638.78125,114856960
2026-01-11 09:45:00+00:00,90623.921875,90663.25,90609.3671875,90609.3671875,13688832
2026-01-11 10:00:00+00:00,90599.734375,90630.6328125,90573.7578125,90624.6015625,8114176
2026-01-11 10:15:00+00:00,90591.3828125,90620.7421875,90587.8984375,90620.7421875,33653760
2026-01-11 10:30:00+00:00,90603.3125,90614.09375,90591.6640625,90591.953125,110994432
2026-01-11 10:45:00+00:00,90614.265625,90615.9765625,90577.84375,90577.84375,24255488
2026-01-11 11:00:00+00:00,90582.09375,90610.6328125,90576.5625,90610.6328125,71034880
2026-01-11 11:15:00+00:00,90593.8671875,90599.9296875,90574.984375,90574.984375,26874880
2026-01-11 11:30:00+00:00,90626.9609375,90626.9609375,90593.125,90593.125,61257728
2026-01-11 11:45:00+00:00,90593.4609375,90605.8125,90593.4609375,90602.8828125,32168960
2026-01-11 12:00:00+00:00,90661.03125,90661.8359375,90609.609375,90610.3203125,63956992
2026-01-11 12:15:00+00:00,90729.78125,90729.78125,90655.625,90667.3359375,41487360
2026-01-11 12:30:00+00:00,90736.75,90741.953125,90704.8125,90738.578125,120961024
2026-01-11 12:45:00+00:00,90825.1875,90871.7109375,90772.2265625,90772.2265625,213742592
2026-01-11 13:00:00+00:00,90818.8828125,90832.28125,90803.0,90826.3125,67697664
2026-01-11 13:15:00+00:00,90780.453125,90846.1484375,90758.2578125,90822.6796875,48665600
2026-01-11 13:30:00+00:00,90723.1328125,90776.7265625,90718.421875,90776.7265625,172974080
2026-01-11 13:45:00+00:00,90736.9296875,90765.796875,90713.5078125,90718.359375,15775744
2026-01-11 14:00:00+00:00,90823.5703125,90823.5703125,90740.7421875,90740.7421875,33070080
2026-01-11 14:15:00+00:00,90857.578125,90858.5703125,90807.5546875,90823.34375,138473472
2026-01-11 14:30:00+00:00,90924.7421875,90924.7421875,90858.03125,90859.71875,25365504
2026-01-11 14:45:00+00:00,91043.9453125,91043.9453125,90881.453125,90906.5546875,247482368
2026-01-11 15:00:00+00:00,90800.984375,91022.921875,90800.984375,91022.921875,318003200
2026-01-11 15:15:00+00:00,90848.7109375,90863.625,90766.9375,90784.6328125,198512640
2026-01-11 15:30:00+00:00,90725.7890625,90883.0625,90725.7890625,90838.25,258107392
2026-01-11 15:45:00+00:00,90747.7578125,90754.1484375,90615.4609375,90716.75,275890176
2026-01-11 16:00:00+00:00,90789.3359375,90858.3828125,90751.171875,90751.171875,65284096
2026-01-11 16:15:00+00:00,90880.3515625,90880.3515625,90767.9140625,90771.15625,107414528
2026-01-11 16:30:00+00:00,90985.078125,91147.3671875,90908.9453125,90908.9453125,443308032
2026-01-11 16:45:00+00:00,90905.046875,90992.21875,90847.8359375,90992.21875,170254336
2026-01-11 17:00:00+00:00,90954.1015625,91014.5078125,90912.3125,90912.34375,85328896
2026-01-11 17:15:00+00:00,90920.8359375,90949.25,90810.578125,90949.25,237237248
2026-01-11 17:30:00+00:00,90846.3828125,90925.3671875,90812.96875,90920.546875,99338240
2026-01-11 17:45:00+00:00,90869.96875,90885.9375,90828.8125,90857.1796875,155797504
2026-01-11 18:00:00+00:00,90773.5625,90866.5625,90759.203125,90866.5625,0
2026-01-11 18:15:00+00:00,90776.203125,90796.40625,90766.34375,90768.84375,43071488
2026-01-11 18:30:00+00:00,90719.0078125,90795.1796875,90667.1953125,90792.9609375,67363840
2026-01-11 18:45:00+00:00,90745.3515625,90761.6953125,90719.046875,90721.3984375,160075776
2026-01-11 19:00:00+00:00,90787.171875,90791.015625,90720.0546875,90757.1640625,68773888
2026-01-11 19:15:00+00:00,90747.3046875,90786.265625,90747.3046875,90786.265625,86669312
2026-01-11 19:30:00+00:00,90677.2421875,90765.4375,90672.53125,90763.0625,110733312
2026-01-11 19:45:00+00:00,90593.4765625,90660.4296875,90555.03125,90658.828125,141638656
2026-01-11 20:00:00+00:00,90432.1328125,90596.71875,90380.734375,90596.71875,352774144
2026-01-11 20:15:00+00:00,90417.7890625,90450.3828125,90309.0390625,90437.234375,204483584
2026-01-11 20:30:00+00:00,90462.1640625,90509.2734375,90389.578125,90399.015625,285769728
2026-01-11 20:45:00+00:00,90538.40625,90546.109375,90478.1171875,90478.1171875,30281728
2026-01-11 21:00:00+00:00,90525.4296875,90573.2734375,90474.1640625,90573.2734375,153090048
2026-01-11 21:15:00+00:00,90513.5546875,90601.09375,90513.5546875,90536.296875,79264768
2026-01-11 21:30:00+00:00,90561.609375,90587.734375,90528.8359375,90528.8359375,129567744
2026-01-11 21:45:00+00:00,90646.3125,90677.828125,90558.578125,90558.578125,201197568
2026-01-11 22:00:00+00:00,90448.8203125,90623.984375,90335.2421875,90623.984375,125641728
2026-01-11 22:15:00+00:00,90574.28125,90579.8046875,90427.828125,90428.2578125,1230848
2026-01-11 22:30:00+00:00,90587.0625,90597.9609375,90501.5703125,90562.5078125,197628928
2026-01-11 22:45:00+00:00,90430.3515625,90584.625,90410.15625,90580.203125,62700544
2026-01-11 23:00:00+00:00,90422.5,90451.6328125,90226.9609375,90400.2109375,615207936
2026-01-11 23:15:00+00:00,90673.4921875,90888.4453125,90568.3125,90568.3125,595678208
2026-01-11 23:30:00+00:00,90791.0390625,90791.0390625,90585.3203125,90616.5234375,112363520
2026-01-11 23:45:00+00:00,90810.1484375,90828.5703125,90750.234375,90788.3203125,123400192
2026-01-12 00:00:00+00:00,90792.578125,90906.2109375,90708.0703125,90851.8984375,134644736
2026-01-12 00:15:00+00:00,91031.953125,91082.1171875,90786.421875,90797.65625,408408064
2026-01-12 00:30:00+00:00,90688.7421875,91046.09375,90688.7421875,91046.09375,383201280
2026-01-12 00:45:00+00:00,91032.3671875,91032.3671875,90617.9765625,90706.4921875,224290816
2026-01-12 01:00:00+00:00,91369.8515625,91555.0546875,91076.9609375,91076.9609375,1142130688
2026-01-12 01:15:00+00:00,91337.375,91424.7734375,91282.109375,91405.2265625,572655616
2026-01-12 01:30:00+00:00,91161.6953125,91373.7265625,91035.484375,91373.7265625,403488768
2026-01-12 01:45:00+00:00,91262.015625,91360.5078125,91254.046875,91254.046875,126029824
2026-01-12 02:00:00+00:00,91498.875,91498.875,91274.8984375,91274.8984375,369190912
2026-01-12 02:15:00+00:00,91588.390625,91781.8359375,91509.4140625,91573.7265625,592521216
2026-01-12 02:30:00+00:00,91855.1640625,91855.1640625,91605.828125,91668.71875,357570560
2026-01-12 02:45:00+00:00,92115.5234375,92220.484375,91827.9375,91827.9375,1070120960
2026-01-12 03:00:00+00:00,92281.90625,92281.90625,92025.4765625,92098.6015625,451434496
2026-01-12 03:15:00+00:00,92276.75,92384.8515625,92276.75,92281.90625,748326912
2026-01-12 03:30:00+00:00,91891.703125,92301.7421875,91854.0390625,92253.8203125,339386368
2026-01-12 03:45:00+00:00,91719.34375,91880.015625,91719.34375,91872.4609375,386410496
2026-01-12 04:00:00+00:00,91918.125,91918.125,91647.984375,91694.4140625,381460480
2026-01-12 04:15:00+00:00,91901.9375,91969.578125,91901.3125,91947.953125,577021952
2026-01-12 04:30:00+00:00,92056.078125,92092.0703125,91898.8515625,91910.21875,116365312
2026-01-12 04:45:00+00:00,92036.109375,92151.6484375,92031.265625,92058.6875,352481280
2026-01-12 05:00:00+00:00,92063.2890625,92089.203125,91955.953125,92035.6484375,316780544
2026-01-12 05:15:00+00:00,92121.359375,92121.6640625,91985.5,92020.125,452245504
2026-01-12 05:30:00+00:00,91981.4453125,92127.9765625,91981.4453125,92113.4609375,292245504
2026-01-12 05:45:00+00:00,91991.640625,92000.8828125,91970.65625,91989.703125,61286400
2026-01-12 06:00:00+00:00,92043.265625,92065.4296875,91927.9609375,91984.6796875,88479744
2026-01-12 06:15:00+00:00,91865.375,92056.6328125,91861.0234375,92043.453125,145762304
2026-01-12 06:30:00+00:00,91800.6015625,91865.375,91697.6171875,91865.375,136886272
2026-01-12 06:45:00+00:00,91732.0625,91820.625,91691.34375,91820.625,1124554752
2026-01-12 07:00:00+00:00,91752.640625,91816.296875,91662.640625,91721.546875,156272640
2026-01-12 07:15:00+00:00,91736.3203125,91768.875,91632.0390625,91710.3046875,60307456
2026-01-12 07:30:00+00:00,91459.3515625,91760.234375,91459.3515625,91760.234375,312313856
2026-01-12 07:45:00+00:00,91301.734375,91448.203125,91278.328125,91448.203125,830232576
2026-01-12 08:00:00+00:00,91499.1796875,91499.1796875,91283.40625,91290.7890625,174182400
2026-01-12 08:15:00+00:00,91366.7421875,91464.703125,91346.5078125,91443.4609375,373346304
2026-01-12 08:30:00+00:00,90480.328125,91351.5234375,90437.8125,91351.5234375,319109120
2026-01-12 08:45:00+00:00,90669.2109375,90681.078125,90315.640625,90442.796875,1263996928
2026-01-12 09:00:00+00:00,90697.8671875,90709.140625,90552.2109375,90643.09375,391276544
2026-01-12 09:15:00+00:00,90681.34375,90773.609375,90681.34375,90695.1796875,14049280
2026-01-12 09:30:00+00:00,90732.0,90790.9765625,90669.3515625,90685.71875,579403776
2026-01-12 09:45:00+00:00,90591.09375,90734.1015625,90591.09375,90720.5,232949760
2026-01-12 10:00:00+00:00,90556.5234375,90661.75,90471.734375,90555.515625,314650624
2026-01-12 10:15:00+00:00,90449.1484375,90585.34375,90425.28125,90571.125,315156480
2026-01-12 10:30:00+00:00,90424.796875,90487.5625,90424.796875,90438.2109375,594382848
2026-01-12 10:45:00+00:00,90278.859375,90411.140625,90261.9609375,90411.140625,130443264
2026-01-12 11:00:00+00:00,90467.8671875,90467.8671875,90313.0390625,90313.0390625,413995008
2026-01-12 11:15:00+00:00,90598.28125,90659.265625,90443.25,90488.4921875,796037120
2026-01-12 11:30:00+00:00,90462.984375,90613.859375,90450.84375,90577.65625,931266560
2026-01-12 11:45:00+00:00,90566.390625,90566.453125,90472.1015625,90472.1015625,211222528
2026-01-12 12:00:00+00:00,90640.390625,90650.1015625,90520.546875,90536.359375,129693696
2026-01-12 12:15:00+00:00,90676.4765625,90733.6484375,90636.6015625,90636.6015625,470163456
2026-01-12 12:30:00+00:00,90611.03125,90683.140625,90569.421875,90669.6171875,302512128
2026-01-12 12:45:00+00:00,90672.5078125,90695.171875,90598.90625,90613.0546875,0
2026-01-12 13:00:00+00:00,90472.3515625,90691.46875,90447.9609375,90662.8515625,444123136
2026-01-12 13:15:00+00:00,90577.546875,90622.484375,90426.8203125,90426.8203125,280397824
2026-01-12 13:30:00+00:00,90509.9375,90659.8828125,90509.9375,90576.3828125,247498752
2026-01-12 13:45:00+00:00,90533.3359375,90581.0546875,90471.8046875,90524.8515625,220592128
2026-01-12 14:00:00+00:00,90532.5234375,90539.6953125,90488.171875,90525.1953125,259678208
2026-01-12 14:15:00+00:00,90155.2421875,90541.8828125,90095.2578125,90528.3984375,707569664
2026-01-12 14:30:00+00:00,90672.5859375,90849.234375,90174.3828125,90174.3828125,1216061440
2026-01-12 14:45:00+00:00,90803.7421875,90961.6328125,90536.7734375,90677.984375,836440064
2026-01-12 15:00:00+00:00,90732.0703125,90830.7890625,90679.171875,90802.75,765849600
2026-01-12 15:15:00+00:00,91183.1328125,91207.0625,90803.8515625,90803.8515625,484179968
2026-01-12 15:30:00+00:00,91393.8359375,91445.9140625,91190.3359375,91225.96875,521592832
2026-01-12 15:45:00+00:00,91546.453125,91546.453125,91306.3515625,91389.3359375,520667136
2026-01-12 16:00:00+00:00,91694.28125,91751.3125,91571.625,91571.625,412164096
2026-01-12 16:15:00+00:00,91999.53125,91999.53125,91578.90625,91704.8984375,530956288
2026-01-12 16:30:00+00:00,92030.1484375,92210.1484375,91959.15625,92118.6015625,926531584
2026-01-12 16:45:00+00:00,92042.640625,92153.53125,91965.9140625,92070.71875,456245248
2026-01-12 17:00:00+00:00,91861.9921875,92210.1328125,91861.9921875,92049.5234375,1120223232
2026-01-12 17:15:00+00:00,91633.90625,91967.453125,91633.0859375,91900.2109375,320741376
2026-01-12 17:30:00+00:00,91316.1484375,91636.84375,91015.9765625,91636.84375,2769465344
2026-01-12 17:45:00+00:00,91416.15625,91446.5390625,91269.046875,91269.046875,584142848
2026-01-12 18:00:00+00:00,91651.6796875,91668.8828125,91360.7734375,91433.328125,233332736
2026-01-12 18:15:00+00:00,91791.109375,91816.921875,91629.3125,91629.3125,385888256
2026-01-12 18:30:00+00:00,91578.8125,91843.6796875,91464.7578125,91843.6796875,1245376512
2026-01-12 18:45:00+00:00,91622.5859375,91681.03125,91544.1328125,91603.5,54702080
2026-01-12 19:00:00+00:00,91626.4453125,91661.84375,91381.09375,91617.8125,320532480
2026-01-12 19:15:00+00:00,91712.4375,91737.328125,91582.2578125,91582.2578125,270049280
2026-01-12 19:30:00+00:00,91747.4296875,91794.125,91672.0703125,91745.1171875,198291456
2026-01-12 19:45:00+00:00,91770.25,91792.90625,91670.8046875,91747.8984375,33865728
2026-01-12 20:00:00+00:00,91812.9296875,91962.3125,91758.0234375,91784.5625,159690752
2026-01-12 20:15:00+00:00,91623.21875,91813.7421875,91623.21875,91813.7421875,900788224
2026-01-12 20:30:00+00:00,91404.75,91667.140625,91395.25,91667.140625,26492841984
2026-01-12 20:45:00+00:00,91393.1953125,91422.4140625,91353.0234375,91392.1328125,306745344
2026-01-12 21:00:00+00:00,91380.4765625,91404.1640625,91154.4765625,91404.1640625,73547776
2026-01-12 21:15:00+00:00,91305.1328125,91400.3359375,91305.1328125,91398.9140625,211591168
2026-01-12 21:30:00+00:00,91254.984375,91300.6796875,91220.546875,91267.890625,306286592
2026-01-12 21:45:00+00:00,90913.7265625,91215.5390625,90894.484375,91215.5390625,953417728
2026-01-12 22:00:00+00:00,91350.2578125,91350.2578125,90984.1953125,90984.1953125,103018496
2026-01-12 22:15:00+00:00,91228.9375,91323.3359375,91199.328125,91323.3359375,941068288
2026-01-12 22:30:00+00:00,91302.8984375,91302.8984375,91155.890625,91187.953125,25895981056
2026-01-12 22:45:00+00:00,91157.546875,91244.4375,91142.234375,91244.4375,19505152
2026-01-12 23:00:00+00:00,91067.1875,91178.4921875,90987.8984375,91142.65625,140619776
2026-01-12 23:15:00+00:00,91189.015625,91189.015625,91059.9921875,91067.8203125,0
2026-01-12 23:30:00+00:00,91162.5703125,91203.8671875,91110.7734375,91184.59375,429334528
2026-01-12 23:45:00+00:00,91157.1015625,91166.546875,91127.1875,91166.546875,9723904
2026-01-13 00:00:00+00:00,91246.796875,91305.0703125,91195.6328125,91195.6328125,329216000
2026-01-13 00:15:00+00:00,91373.1875,91398.0390625,91226.5703125,91246.21875,0
2026-01-13 00:30:00+00:00,91175.1328125,91403.6953125,91175.1328125,91368.59375,368214016
2026-01-13 00:45:00+00:00,91386.7109375,91386.7109375,91206.2265625,91206.2265625,353792000
2026-01-13 01:00:00+00:00,91345.53125,91432.3203125,91325.0859375,91384.75,185331712
2026-01-13 01:15:00+00:00,91253.3046875,91362.453125,91224.03125,91362.453125,374198272
2026-01-13 01:30:00+00:00,90989.1171875,91234.9921875,90941.9296875,91220.5625,0
2026-01-13 01:45:00+00:00,91058.9296875,91097.1484375,90986.90625,90986.90625,729657344
2026-01-13 02:00:00+00:00,91189.9921875,91267.5234375,91081.4453125,91081.4453125,329613312
2026-01-13 02:15:00+00:00,91194.5625,91204.5078125,91166.46875,91192.453125,0
2026-01-13 02:30:00+00:00,91060.078125,91202.7578125,91060.078125,91198.296875,32727040
2026-01-13 02:45:00+00:00,91114.5859375,91131.9140625,91030.4453125,91030.4453125,126894080
2026-01-13 03:00:00+00:00,91179.3046875,91179.3046875,91019.5390625,91031.1953125,0
2026-01-13 03:15:00+00:00,91283.453125,91327.140625,91165.125,91165.125,3981312
2026-01-13 03:30:00+00:00,91235.8984375,91305.1015625,91229.484375,91277.921875,317042688
2026-01-13 03:45:00+00:00,91291.3125,91291.3125,91187.7578125,91223.140625,232808448
2026-01-13 04:00:00+00:00,91360.9921875,91360.9921875,91277.875,91293.7890625,0
2026-01-13 04:15:00+00:00,91297.46875,91463.125,91297.46875,91354.75,177299456
2026-01-13 04:30:00+00:00,91248.5078125,91353.8828125,91248.5078125,91353.8828125,752709632
2026-01-13 04:45:00+00:00,91396.671875,91400.0625,91238.9609375,91252.2265625,0
2026-01-13 05:00:00+00:00,91629.1796875,91629.1796875,91396.7734375,91396.7734375,1201930240
2026-01-13 05:15:00+00:00,91996.2734375,92109.390625,91592.4296875,91628.625,599793664
2026-01-13 05:30:00+00:00,91793.078125,91987.5234375,91766.125,91987.5234375,542134272
2026-01-13 05:45:00+00:00,91803.9453125,91943.7109375,91803.9453125,91824.109375,446689280
2026-01-13 06:00:00+00:00,91767.046875,91932.203125,91729.1875,91811.0234375,160112640
2026-01-13 06:15:00+00:00,91916.734375,91917.3125,91811.5625,91811.5625,219975680
2026-01-13 06:30:00+00:00,91963.6328125,92022.7890625,91819.0,91819.0,120639488
2026-01-13 06:45:00+00:00,92120.84375,92145.1015625,91882.359375,91882.359375,509677568
2026-01-13 07:00:00+00:00,91948.6796875,92089.4453125,91948.6796875,92089.4453125,459132928
2026-01-13 07:15:00+00:00,91939.9609375,91961.390625,91812.796875,91950.8828125,383660032
2026-01-13 07:30:00+00:00,91841.9609375,91930.375,91841.9609375,91930.375,410832896
2026-01-13 07:45:00+00:00,91853.8203125,91853.8203125,91806.1171875,91835.3671875,363655168
2026-01-13 08:00:00+00:00,91886.5546875,91895.4296875,91846.6640625,91868.9609375,0
2026-01-13 08:15:00+00:00,91877.609375,91977.0859375,91877.609375,91888.359375,405843968
2026-01-13 08:30:00+00:00,92039.6796875,92091.53125,91861.875,91861.875,438960128
2026-01-13 08:45:00+00:00,92087.9140625,92134.84375,92031.375,92037.3828125,0
2026-01-13 09:00:00+00:00,92327.609375,92327.609375,92076.375,92076.375,162508800
2026-01-13 09:15:00+00:00,92448.8984375,92510.2109375,92266.4765625,92322.171875,486334464
2026-01-13 09:30:00+00:00,92004.171875,92460.1640625,91913.390625,92416.78125,544751616
2026-01-13 09:45:00+00:00,92149.171875,92214.953125,92052.234375,92052.234375,393105408
2026-01-13 10:00:00+00:00,92199.4765625,92230.078125,92127.9375,92201.4140625,255320064
2026-01-13 10:15:00+00:00,92162.671875,92162.671875,92059.9609375,92149.984375,205115392
2026-01-13 10:30:00+00:00,92011.953125,92205.609375,92011.953125,92205.609375,162557952
2026-01-13 10:45:00+00:00,92029.3359375,92029.3359375,91927.4921875,91974.109375,32184172544
2026-01-13 11:00:00+00:00,92123.046875,92133.1875,91961.1484375,92038.296875,366362624
2026-01-13 11:15:00+00:00,92106.671875,92138.875,92031.921875,92118.3984375,32416047104
2026-01-13 11:30:00+00:00,91976.7109375,92106.859375,91976.7109375,92106.859375,65448853504
2026-01-13 11:45:00+00:00,91893.6484375,91979.5625,91886.8359375,91970.21875,623656960
2026-01-13 12:00:00+00:00,91871.9375,91947.9609375,91855.875,91932.1484375,121200640
2026-01-13 12:15:00+00:00,91981.5703125,92020.4609375,91832.640625,91832.640625,34250698752
2026-01-13 12:30:00+00:00,92053.7109375,92053.7109375,91974.90625,91979.9296875,688832512
2026-01-13 12:45:00+00:00,91999.1171875,92040.9921875,91980.859375,92036.8046875,0
2026-01-13 13:00:00+00:00,91928.671875,92013.0546875,91904.25,92013.0546875,34909102080
2026-01-13 13:15:00+00:00,92007.25,92009.53125,91920.7265625,91921.5078125,122109952
2026-01-13 13:30:00+00:00,92146.203125,92477.4140625,91998.625,92035.3125,797642752
2026-01-13 13:45:00+00:00,91966.578125,92149.9765625,91966.578125,92109.4765625,35566153728
2026-01-13 14:00:00+00:00,91876.6328125,91926.328125,91760.140625,91926.328125,196853760
2026-01-13 14:15:00+00:00,92300.8828125,92300.8828125,91887.859375,91887.859375,349175808
2026-01-13 14:30:00+00:00,92755.5,92756.578125,92262.3828125,92317.0234375,34904264704
2026-01-13 14:45:00+00:00,92453.84375,92638.546875,92416.8515625,92600.296875,1086369792
2026-01-13 15:00:00+00:00,92461.34375,92461.34375,92091.1328125,92421.359375,97767424
2026-01-13 15:15:00+00:00,92301.265625,92508.1796875,92155.859375,92508.1796875,426405888
2026-01-13 15:30:00+00:00,92837.859375,93014.6796875,92283.2578125,92283.2578125,378761216
2026-01-13 15:45:00+00:00,93283.03125,93294.53125,92779.8671875,92832.9140625,445730816
2026-01-13 16:00:00+00:00,93322.9921875,93595.3671875,93322.9921875,93500.4609375,692363264
2026-01-13 16:15:00+00:00,93102.828125,93379.7890625,93102.828125,93287.96875,249819136
2026-01-13 16:30:00+00:00,93523.078125,93598.046875,93097.4921875,93116.8046875,335544320
2026-01-13 16:45:00+00:00,93441.21875,93654.5078125,93441.21875,93500.75,222441472
2026-01-13 17:00:00+00:00,93252.984375,93412.9765625,93231.1328125,93347.1015625,0
2026-01-13 17:15:00+00:00,93384.4765625,93384.4765625,93135.7578125,93283.3125,17346560
2026-01-13 17:30:00+00:00,93329.0625,93370.2421875,93162.0078125,93370.2421875,74022912
2026-01-13 17:45:00+00:00,93241.6796875,93398.8828125,93219.65625,93332.4765625,25628672
2026-01-13 18:00:00+00:00,93521.8359375,93521.8359375,93171.8984375,93171.8984375,344702976
2026-01-13 18:15:00+00:00,93507.140625,93678.1328125,93507.140625,93516.5859375,268566528
2026-01-13 18:30:00+00:00,93515.0546875,93688.109375,93497.625,93521.3671875,27123712
2026-01-13 18:45:00+00:00,93557.6484375,93790.5078125,93474.09375,93568.953125,194994176
2026-01-13 19:00:00+00:00,93525.53125,93609.6796875,93431.703125,93584.296875,971165696
2026-01-13 19:15:00+00:00,93793.2421875,93793.2421875,93505.9453125,93505.9453125,214544384
2026-01-13 19:30:00+00:00,94004.8203125,94021.3984375,93800.2265625,93810.1640625,1500098560
2026-01-13 19:45:00+00:00,94194.6484375,94194.6484375,93980.8671875,93980.8671875,683872256
2026-01-13 20:00:00+00:00,94359.984375,94383.484375,94180.015625,94222.4765625,580009984
2026-01-13 20:15:00+00:00,94284.796875,94468.875,94269.96875,94336.390625,615956480
2026-01-13 20:30:00+00:00,94185.28125,94295.2109375,94134.0390625,94272.703125,290697216
2026-01-13 20:45:00+00:00,94438.890625,94438.890625,94219.3359375,94234.0859375,1714470912
2026-01-13 21:00:00+00:00,94371.734375,94455.2421875,94371.734375,94400.453125,547713024
2026-01-13 21:15:00+00:00,94321.21875,94476.421875,94321.21875,94387.9609375,571785216
2026-01-13 21:30:00+00:00,94164.3984375,94345.1171875,94163.484375,94316.90625,321896448
2026-01-13 21:45:00+00:00,94074.9609375,94162.703125,94058.6640625,94151.109375,198807552
2026-01-13 22:00:00+00:00,95325.8046875,95852.953125,94062.21875,94069.5078125,1245220864
2026-01-13 22:15:00+00:00,95385.1171875,95551.6328125,95035.703125,95551.6328125,1786798080
2026-01-13 22:30:00+00:00,95591.3046875,95591.3046875,95114.5625,95428.4765625,1945214976
2026-01-13 22:45:00+00:00,95667.828125,95928.796875,95552.9140625,95552.9140625,965791744
2026-01-13 23:00:00+00:00,95686.875,95935.6484375,95637.2734375,95648.703125,678686720
2026-01-13 23:15:00+00:00,95320.4609375,95677.140625,95320.4609375,95677.140625,508641280
2026-01-13 23:30:00+00:00,95139.3203125,95371.078125,95075.265625,95333.375,1869983744
2026-01-13 23:45:00+00:00,95354.046875,95369.6953125,95040.296875,95170.3359375,629239808
2026-01-14 00:00:00+00:00,95486.0625,95511.5390625,95358.3046875,95363.3046875,1663172608
2026-01-14 00:15:00+00:00,95421.4140625,95539.734375,95421.4140625,95460.3046875,260108288
2026-01-14 00:30:00+00:00,95244.421875,95427.609375,95144.3046875,95427.609375,156078080
2026-01-14 00:45:00+00:00,95277.7734375,95278.9296875,95143.6796875,95239.8203125,313192448
2026-01-14 01:00:00+00:00,95431.40625,95431.40625,95141.078125,95185.6796875,243613696
2026-01-14 01:15:00+00:00,95440.546875,95495.0,95375.046875,95404.1015625,402481152
2026-01-14 01:30:00+00:00,95137.4296875,95463.7109375,95135.5859375,95419.546875,146608128
2026-01-14 01:45:00+00:00,95266.8515625,95266.8515625,95111.1875,95201.6953125,384372736
2026-01-14 02:00:00+00:00,95426.578125,95490.609375,95180.5078125,95205.578125,251711488
2026-01-14 02:15:00+00:00,95327.328125,95478.3671875,95327.328125,95428.7265625,401039360
2026-01-14 02:30:00+00:00,95394.265625,95433.90625,95331.609375,95362.640625,567070720
2026-01-14 02:45:00+00:00,95279.2109375,95461.7890625,95232.6015625,95430.890625,165552128
2026-01-14 03:00:00+00:00,95424.1953125,95424.1953125,95249.203125,95272.1953125,35422208
2026-01-14 03:15:00+00:00,95327.9921875,95436.15625,95314.7578125,95381.21875,158117888
2026-01-14 03:30:00+00:00,95485.765625,95496.1328125,95322.9296875,95322.9296875,361009152
2026-01-14 03:45:00+00:00,95630.9765625,95632.609375,95486.5,95492.4921875,2477035520
2026-01-14 04:00:00+00:00,95389.5703125,95694.421875,95347.0546875,95694.421875,424210432
2026-01-14 04:15:00+00:00,95468.90625,95468.90625,95375.984375,95375.984375,116555776
2026-01-14 04:30:00+00:00,95230.15625,95432.2421875,95230.15625,95432.2421875,276971520
2026-01-14 04:45:00+00:00,95202.515625,95273.4375,95182.9765625,95243.9609375,115888128
2026-01-14 05:00:00+00:00,95132.5703125,95191.1328125,95090.8046875,95191.1328125,8417280
2026-01-14 05:15:00+00:00,94934.296875,95204.1328125,94934.296875,95164.8984375,0
2026-01-14 05:30:00+00:00,95076.8125,95183.6328125,94976.6796875,94985.59375,72458240
2026-01-14 05:45:00+00:00,94988.1640625,95106.7265625,94966.84375,95003.25,404144128
2026-01-14 06:00:00+00:00,94831.890625,94970.9765625,94717.8984375,94970.9765625,1106366464
2026-01-14 06:15:00+00:00,94662.421875,94839.0,94658.625,94823.1171875,452493312
2026-01-14 06:30:00+00:00,94838.8984375,94838.8984375,94583.046875,94668.828125,91009024
2026-01-14 06:45:00+00:00,94976.859375,94976.859375,94851.765625,94851.765625,281436160
2026-01-14 07:00:00+00:00,95009.296875,95066.125,94916.0625,94985.765625,306741248
2026-01-14 07:15:00+00:00,94912.21875,95118.78125,94912.21875,94997.203125,89939968
2026-01-14 07:30:00+00:00,94968.703125,94980.4453125,94840.03125,94908.359375,521461760
2026-01-14 07:45:00+00:00,95176.1328125,95176.1328125,94975.4453125,94975.4453125,1393610752
2026-01-14 08:00:00+00:00,95225.0859375,95231.53125,95162.828125,95162.828125,221990912
2026-01-14 08:15:00+00:00,95144.9453125,95229.34375,95144.9453125,95222.8984375,10735616
2026-01-14 08:30:00+00:00,94906.8828125,95138.4609375,94906.8828125,95138.4609375,0
2026-01-14 08:45:00+00:00,94868.3046875,94929.7265625,94860.3125,94915.140625,252596224
2026-01-14 09:00:00+00:00,95032.1328125,95040.7890625,94849.390625,94852.8203125,0
2026-01-14 09:15:00+00:00,95023.328125,95131.5234375,95023.328125,95051.640625,0
2026-01-14 09:30:00+00:00,94965.4765625,95074.21875,94960.0703125,95017.5859375,0
2026-01-14 09:45:00+00:00,95038.109375,95040.4921875,94925.109375,94962.2578125,0
2026-01-14 10:00:00+00:00,95125.0546875,95125.0546875,95038.09375,95051.1640625,0
2026-01-14 10:15:00+00:00,94903.9609375,95213.5859375,94870.0546875,95126.7421875,359129088
2026-01-14 10:30:00+00:00,95057.1015625,95107.6484375,94919.359375,94963.7578125,438493184
2026-01-14 10:45:00+00:00,95059.109375,95144.1796875,95056.1796875,95056.1796875,157368320
2026-01-14 11:00:00+00:00,94869.0,95042.125,94863.1484375,95042.125,279818240
2026-01-14 11:15:00+00:00,94928.7421875,94936.1875,94784.4453125,94868.0625,875286528
2026-01-14 11:30:00+00:00,94884.6171875,94932.96875,94866.6328125,94924.9453125,1549836288
2026-01-14 11:45:00+00:00,94706.0078125,94877.3515625,94706.0078125,94875.453125,0
2026-01-14 12:00:00+00:00,94953.0703125,94953.0703125,94701.1328125,94727.6953125,1265119232
2026-01-14 12:15:00+00:00,95033.640625,95043.21875,94933.6875,94961.9921875,81408000
2026-01-14 12:30:00+00:00,95016.1171875,95102.671875,95016.1171875,95027.4375,286437376
2026-01-14 12:45:00+00:00,95031.6484375,95031.6484375,95008.03125,95013.2265625,0
2026-01-14 13:00:00+00:00,94976.40625,95028.859375,94903.171875,95028.859375,8892416
2026-01-14 13:15:00+00:00,95169.0078125,95183.5625,94922.03125,94922.03125,372981760
2026-01-14 13:30:00+00:00,95064.359375,95141.6015625,95033.4375,95141.6015625,0
2026-01-14 13:45:00+00:00,94937.046875,95036.8359375,94861.1015625,95036.8359375,16912384
2026-01-14 14:00:00+00:00,95425.2109375,95439.71875,94951.84375,94958.4921875,280330240
2026-01-14 14:15:00+00:00,95592.8359375,95751.5859375,95422.1875,95436.8046875,400539648
2026-01-14 14:30:00+00:00,95913.4921875,95913.4921875,95352.71875,95617.6328125,1050083328
2026-01-14 14:45:00+00:00,96460.421875,96734.7109375,95828.78125,95828.78125,1754075136
2026-01-14 15:00:00+00:00,96984.578125,96984.578125,96232.4453125,96450.109375,479666176
2026-01-14 15:15:00+00:00,96847.484375,96946.0625,96810.9140625,96946.0625,1437765632
2026-01-14 15:30:00+00:00,96348.8671875,96850.90625,96348.8671875,96746.7109375,544284672
2026-01-14 15:45:00+00:00,96710.59375,96791.1640625,96396.8203125,96410.0625,377815040
2026-01-14 16:00:00+00:00,97463.875,97463.875,96699.578125,96699.578125,403935232
2026-01-14 16:15:00+00:00,97233.1953125,97440.4609375,97163.21875,97364.6171875,1694932992
2026-01-14 16:30:00+00:00,97498.265625,97498.265625,97020.0546875,97243.7734375,1380888576
2026-01-14 16:45:00+00:00,97212.4921875,97566.859375,97153.671875,97457.3046875,514445312
2026-01-14 17:00:00+00:00,97703.515625,97703.515625,97245.53125,97245.53125,508321792
2026-01-14 17:15:00+00:00,97626.546875,97747.125,97586.109375,97671.90625,1024540672
2026-01-14 17:30:00+00:00,97176.53125,97581.5703125,96894.046875,97581.5703125,411926528
2026-01-14 17:45:00+00:00,96941.90625,97416.71875,96928.3203125,97195.59375,1127915520
2026-01-14 18:00:00+00:00,96720.921875,97086.8515625,96720.921875,96953.8359375,114982912
2026-01-14 18:15:00+00:00,96973.7265625,96983.6015625,96710.1953125,96761.140625,1367433216
2026-01-14 18:30:00+00:00,96461.8125,97050.6796875,96330.5703125,97050.6796875,457916416
2026-01-14 18:45:00+00:00,96835.984375,96853.140625,96295.0625,96384.15625,249634816
2026-01-14 19:00:00+00:00,96839.328125,96913.828125,96694.8359375,96801.8359375,153001984
2026-01-14 19:15:00+00:00,97369.0390625,97369.0390625,96951.03125,96951.03125,750043136
2026-01-14 19:30:00+00:00,97368.03125,97519.5234375,97127.9921875,97519.5234375,422256640
2026-01-14 19:45:00+00:00,97274.1875,97489.3984375,97222.65625,97366.5546875,0
2026-01-14 20:00:00+00:00,97721.6875,97860.6015625,97221.5078125,97244.59375,109817856
2026-01-14 20:15:00+00:00,97304.4375,97645.265625,97304.4375,97645.265625,363917312
2026-01-14 20:30:00+00:00,97592.96875,97735.1171875,97349.6015625,97349.6015625,937598976
2026-01-14 20:45:00+00:00,97585.109375,97585.109375,97438.921875,97576.9296875,0
2026-01-14 21:00:00+00:00,97502.890625,97641.6953125,97448.828125,97641.6953125,0
2026-01-14 21:15:00+00:00,97591.5703125,97591.5703125,97484.9375,97488.109375,33202176
2026-01-14 21:30:00+00:00,97537.7109375,97686.171875,97537.7109375,97584.015625,150908928
2026-01-14 21:45:00+00:00,97443.15625,97594.015625,97409.546875,97519.3359375,0
2026-01-14 22:00:00+00:00,97348.375,97542.9453125,97348.375,97528.46875,703483904
2026-01-14 22:15:00+00:00,97367.6640625,97472.9296875,97352.1484375,97359.234375,0
2026-01-14 22:30:00+00:00,97012.1796875,97350.7265625,96910.21875,97350.7265625,61915136
2026-01-14 22:45:00+00:00,96915.5625,97242.75,96832.3359375,97042.4453125,470286336
2026-01-14 23:00:00+00:00,97253.1171875,97253.1171875,96894.984375,96894.984375,0
2026-01-14 23:15:00+00:00,96991.78125,97324.4453125,96991.78125,97247.5625,693051392
2026-01-14 23:30:00+00:00,97018.640625,97087.3359375,96898.6328125,97005.9140625,0
2026-01-14 23:45:00+00:00,96932.2109375,97056.8359375,96932.2109375,97048.3828125,848310272
2026-01-15 00:00:00+00:00,96937.8125,96937.8125,96781.9609375,96934.609375,391012352
2026-01-15 00:15:00+00:00,96711.3984375,96973.4609375,96711.3984375,96933.40625,583360512
2026-01-15 00:30:00+00:00,96584.5625,96726.3515625,96527.703125,96683.703125,484556800
2026-01-15 00:45:00+00:00,96573.6328125,96621.03125,96508.34375,96598.2734375,232177664
2026-01-15 01:00:00+00:00,96806.4453125,96928.6328125,96614.0703125,96614.0703125,248209408
2026-01-15 01:15:00+00:00,96626.3359375,96754.7578125,96507.4375,96754.7578125,254525440
2026-01-15 01:30:00+00:00,96464.8828125,96555.4921875,96310.796875,96528.8359375,274980864
2026-01-15 01:45:00+00:00,96418.140625,96536.2734375,96403.59375,96480.90625,368054272
2026-01-15 02:00:00+00:00,96407.96875,96568.15625,96407.96875,96434.84375,229154816
2026-01-15 02:15:00+00:00,96492.8984375,96552.8828125,96370.140625,96370.140625,34643968
2026-01-15 02:30:00+00:00,96331.0078125,96578.609375,96154.34375,96503.203125,356110336
2026-01-15 02:45:00+00:00,96236.4921875,96300.890625,96167.453125,96300.890625,323354624
2026-01-15 03:00:00+00:00,96244.6640625,96341.265625,96184.7421875,96292.828125,346763264
2026-01-15 03:15:00+00:00,96036.015625,96312.421875,95981.984375,96259.375,320872448
2026-01-15 03:30:00+00:00,95880.28125,96063.3125,95763.4375,95888.5546875,331366400
2026-01-15 03:45:00+00:00,95963.015625,95963.015625,95825.4375,95880.5,1078607872
2026-01-15 04:00:00+00:00,96042.8359375,96085.78125,95930.7421875,95941.859375,166326272
2026-01-15 04:15:00+00:00,96177.8046875,96327.546875,95991.9140625,96043.5234375,515178496
2026-01-15 04:30:00+00:00,96233.265625,96247.34375,96163.546875,96210.390625,411832320
2026-01-15 04:45:00+00:00,96151.6796875,96225.609375,96133.59375,96203.21875,44867584
2026-01-15 05:00:00+00:00,96279.296875,96426.6640625,96243.6484375,96243.6484375,44666880
2026-01-15 05:15:00+00:00,96272.21875,96365.4765625,96270.6640625,96280.8984375,24879104
2026-01-15 05:30:00+00:00,96400.40625,96400.40625,96237.453125,96239.328125,233873408
2026-01-15 05:45:00+00:00,96392.03125,96468.2890625,96388.1953125,96407.3828125,250490880
2026-01-15 06:00:00+00:00,96391.359375,96474.015625,96377.15625,96406.0390625,33079296
2026-01-15 06:15:00+00:00,96491.875,96529.1015625,96420.703125,96420.703125,0
2026-01-15 06:30:00+00:00,96188.203125,96474.703125,96188.203125,96473.421875,13312000
2026-01-15 06:45:00+00:00,96281.8203125,96298.046875,96161.8046875,96205.6171875,554397696
2026-01-15 07:00:00+00:00,96245.25,96275.9765625,96193.765625,96275.9765625,285192192
2026-01-15 07:15:00+00:00,96442.8203125,96455.0859375,96219.3828125,96219.3828125,96440320
2026-01-15 07:30:00+00:00,96586.859375,96651.6484375,96441.09375,96451.3046875,921600
2026-01-15 07:45:00+00:00,96516.46875,96642.203125,96516.3359375,96591.0078125,0
2026-01-15 08:00:00+00:00,96451.484375,96560.265625,96417.171875,96560.265625,539611136
2026-01-15 08:15:00+00:00,96393.375,96527.1015625,96393.375,96446.484375,354922496
2026-01-15 08:30:00+00:00,96362.8046875,96372.78125,96309.9296875,96351.171875,230363136
2026-01-15 08:45:00+00:00,96614.46875,96618.5546875,96409.3515625,96409.3515625,205365248
2026-01-15 09:00:00+00:00,96589.21875,96651.1796875,96555.796875,96617.703125,0
2026-01-15 09:15:00+00:00,96779.1015625,96779.1015625,96545.96875,96578.7890625,137928704
2026-01-15 09:30:00+00:00,97054.375,97054.375,96681.109375,96745.7734375,337448960
2026-01-15 09:45:00+00:00,97046.734375,97150.171875,96986.5,97043.2265625,791896064
2026-01-15 10:00:00+00:00,96834.0390625,97013.7109375,96834.0390625,96994.9921875,217583616
2026-01-15 10:15:00+00:00,96789.5546875,96887.984375,96788.734375,96831.4609375,213639168
2026-01-15 10:30:00+00:00,96731.640625,96791.75,96720.890625,96773.4921875,116621312
2026-01-15 10:45:00+00:00,96792.0546875,96816.3359375,96739.3984375,96744.3046875,3121152
2026-01-15 11:00:00+00:00,96720.640625,96803.828125,96693.4921875,96788.5,0
2026-01-15 11:15:00+00:00,96782.546875,96800.53125,96692.1484375,96716.96875,184557568
2026-01-15 11:30:00+00:00,96643.484375,96845.8359375,96643.484375,96792.4375,40583168
2026-01-15 11:45:00+00:00,96587.4453125,96665.4140625,96558.1796875,96653.1640625,431603712
2026-01-15 12:00:00+00:00,96651.3125,96658.0078125,96517.484375,96551.375,19509248
2026-01-15 12:15:00+00:00,96600.15625,96662.875,96531.7890625,96648.0234375,81215488
2026-01-15 12:30:00+00:00,96703.5390625,96703.5390625,96594.3515625,96601.140625,0
2026-01-15 12:45:00+00:00,96940.3046875,96940.3046875,96722.6015625,96722.6015625,134586368
2026-01-15 13:00:00+00:00,96823.4921875,96957.265625,96823.4921875,96946.40625,345280512
2026-01-15 13:15:00+00:00,96900.453125,96938.0390625,96836.8671875,96836.8671875,23764992
2026-01-15 13:30:00+00:00,96751.734375,96904.1484375,96611.4453125,96904.1484375,260591616
2026-01-15 13:45:00+00:00,96817.375,96965.6953125,96742.484375,96742.484375,36786176
2026-01-15 14:00:00+00:00,97092.859375,97092.859375,96811.3046875,96811.3046875,0
2026-01-15 14:15:00+00:00,96801.34375,97097.1171875,96743.703125,97097.1171875,65589248
2026-01-15 14:30:00+00:00,95929.7578125,96773.765625,95929.7578125,96748.4453125,242655232
2026-01-15 14:45:00+00:00,96019.609375,96273.734375,95627.9453125,95816.2734375,654475264
2026-01-15 15:00:00+00:00,96226.09375,96282.515625,95907.921875,96027.8515625,0
2026-01-15 15:15:00+00:00,95856.5234375,96331.9296875,95841.8359375,96199.609375,205611008
2026-01-15 15:30:00+00:00,95863.3203125,95956.1640625,95632.1328125,95822.90625,93319168
2026-01-15 15:45:00+00:00,96434.890625,96434.890625,95416.09375,95821.1171875,568471552
2026-01-15 16:00:00+00:00,96321.09375,96742.9921875,96263.6171875,96649.9453125,433672192
2026-01-15 16:15:00+00:00,96314.5078125,96505.71875,96307.90625,96307.90625,6922240
2026-01-15 16:30:00+00:00,96754.4296875,96757.4453125,96340.2578125,96373.1640625,109105152
2026-01-15 16:45:00+00:00,96797.609375,96797.609375,96554.7265625,96717.8828125,123551744
2026-01-15 17:00:00+00:00,96527.2578125,96754.4765625,96431.859375,96696.2578125,0
2026-01-15 17:15:00+00:00,96637.078125,96637.078125,96407.2578125,96490.765625,138715136
2026-01-15 17:30:00+00:00,96946.25,97015.3515625,96642.1875,96642.1875,0
2026-01-15 17:45:00+00:00,96598.6328125,96996.8359375,96556.328125,96919.8671875,432136192
2026-01-15 18:00:00+00:00,96132.4375,96570.9765625,96127.078125,96548.8515625,324747264
2026-01-15 18:15:00+00:00,96133.265625,96223.078125,96010.0234375,96223.078125,216453120
2026-01-15 18:30:00+00:00,95890.984375,96131.96875,95815.328125,96131.96875,323141632
2026-01-15 18:45:00+00:00,95793.5625,95991.828125,95793.5625,95991.828125,840458240
2026-01-15 19:00:00+00:00,95792.578125,95882.234375,95571.8125,95797.9609375,553832448
2026-01-15 19:15:00+00:00,95467.6484375,95835.1796875,95461.7265625,95707.2578125,322064384
2026-01-15 19:30:00+00:00,95309.828125,95513.578125,95284.75,95467.78125,298233856
2026-01-15 19:45:00+00:00,95411.0859375,95595.265625,95349.9453125,95349.9453125,41533440
2026-01-15 20:00:00+00:00,95521.4609375,95607.8984375,95423.5546875,95423.5546875,145006592
2026-01-15 20:15:00+00:00,95297.4296875,95529.5859375,95297.4296875,95519.1875,0
2026-01-15 20:30:00+00:00,95254.8046875,95324.40625,95112.25,95157.9453125,659206144
2026-01-15 20:45:00+00:00,95143.53125,95254.296875,95123.65625,95232.875,0
2026-01-15 21:00:00+00:00,95287.546875,95399.375,95166.8515625,95177.4765625,309653504
2026-01-15 21:15:00+00:00,95394.4921875,95398.125,95284.8984375,95284.8984375,581742592
2026-01-15 21:30:00+00:00,95432.1015625,95459.6484375,95367.5390625,95399.7265625,0
2026-01-15 21:45:00+00:00,95548.5234375,95575.203125,95452.2890625,95452.2890625,17666048
2026-01-15 22:00:00+00:00,95491.828125,95684.8671875,95491.828125,95553.2109375,0
2026-01-15 22:15:00+00:00,95688.421875,95688.421875,95472.9921875,95530.4609375,19046400
2026-01-15 22:30:00+00:00,95632.609375,95784.0390625,95632.609375,95685.6171875,0
2026-01-15 22:45:00+00:00,95522.6484375,95652.875,95522.6484375,95632.59375,0
2026-01-15 23:00:00+00:00,95466.125,95571.3046875,95413.96875,95571.3046875,0
2026-01-15 23:15:00+00:00,95652.9609375,95663.1953125,95549.203125,95555.1796875,253489152
2026-01-15 23:30:00+00:00,95491.09375,95593.484375,95459.3125,95593.484375,894296064
2026-01-15 23:45:00+00:00,95546.2578125,95577.4375,95491.375,95491.375,0
2026-01-16 00:00:00+00:00,95622.140625,95677.765625,95548.1015625,95562.78125,52056064
2026-01-16 00:15:00+00:00,95657.40625,95723.2890625,95626.125,95626.125,83484672
2026-01-16 00:30:00+00:00,95754.3203125,95759.5625,95652.1640625,95652.1640625,0
2026-01-16 00:45:00+00:00,95574.8046875,95754.1640625,95574.8046875,95754.1640625,0
2026-01-16 01:00:00+00:00,95418.8203125,95589.4453125,95418.8203125,95574.0,0
2026-01-16 01:15:00+00:00,95537.0625,95537.0625,95422.96875,95422.96875,223420416
2026-01-16 01:30:00+00:00,95624.8046875,95736.3984375,95582.46875,95582.46875,50778112
2026-01-16 01:45:00+00:00,95617.4609375,95719.7890625,95609.3359375,95609.3359375,0
2026-01-16 02:00:00+00:00,95430.1875,95628.453125,95430.1875,95628.453125,62189568
2026-01-16 02:15:00+00:00,95605.578125,95605.578125,95368.6171875,95438.703125,87384064
2026-01-16 02:30:00+00:00,95444.4453125,95636.4375,95430.78125,95636.4375,0
2026-01-16 02:45:00+00:00,95477.90625,95500.2109375,95440.4296875,95440.4296875,96702464
2026-01-16 03:00:00+00:00,95537.375,95538.328125,95466.359375,95466.359375,0
2026-01-16 03:15:00+00:00,95474.8125,95540.3203125,95463.8359375,95540.3203125,0
2026-01-16 03:30:00+00:00,95413.5703125,95460.25,95385.3671875,95460.25,105537536
2026-01-16 03:45:00+00:00,95325.96875,95404.0078125,95297.765625,95404.0078125,0
2026-01-16 04:00:00+00:00,95393.734375,95393.734375,95304.828125,95306.4375,16646144
2026-01-16 04:15:00+00:00,95520.359375,95520.359375,95406.3203125,95406.3203125,593362944
2026-01-16 04:30:00+00:00,95213.6328125,95386.234375,95134.15625,95375.65625,248315904
2026-01-16 04:45:00+00:00,95125.375,95248.453125,95125.375,95198.125,366931968
2026-01-16 05:00:00+00:00,95385.8984375,95394.3828125,95222.0703125,95222.0703125,27508736
2026-01-16 05:15:00+00:00,95262.4609375,95394.28125,95242.9765625,95376.953125,361541632
2026-01-16 05:30:00+00:00,95572.6328125,95572.6328125,95272.734375,95272.734375,165183488
2026-01-16 05:45:00+00:00,95612.265625,95612.265625,95543.1484375,95562.4453125,273887232
2026-01-16 06:00:00+00:00,95564.6953125,95759.96875,95564.6953125,95613.5703125,192815104
2026-01-16 06:15:00+00:00,95633.1953125,95636.0390625,95509.8984375,95565.3046875,162045952
2026-01-16 06:30:00+00:00,95678.234375,95686.4296875,95603.6796875,95619.46875,174399488
2026-01-16 06:45:00+00:00,95710.625,95714.015625,95663.34375,95675.65625,104984576
2026-01-16 07:00:00+00:00,95686.2890625,95736.7734375,95682.1875,95713.9140625,22130688
2026-01-16 07:15:00+00:00,95555.0859375,95685.1640625,95555.0859375,95685.1640625,0
2026-01-16 07:30:00+00:00,95452.953125,95515.359375,95452.953125,95482.0390625,0
2026-01-16 07:45:00+00:00,95633.5390625,95633.5390625,95460.734375,95460.734375,1194868736
2026-01-16 08:00:00+00:00,95679.3671875,95679.3671875,95541.15625,95630.6875,0
2026-01-16 08:15:00+00:00,95719.8671875,95719.8671875,95656.9375,95673.9765625,117354496
2026-01-16 08:30:00+00:00,95739.3984375,95801.890625,95639.65625,95773.5859375,68931584
2026-01-16 08:45:00+00:00,95643.59375,95758.171875,95643.59375,95758.171875,20529152
2026-01-16 09:00:00+00:00,95672.3671875,95708.3203125,95634.2265625,95634.2265625,99799040
2026-01-16 09:15:00+00:00,95615.4140625,95664.453125,95557.09375,95664.453125,0
2026-01-16 09:30:00+00:00,95636.59375,95643.46875,95611.8046875,95643.46875,31203328
2026-01-16 09:45:00+00:00,95577.734375,95618.046875,95562.46875,95618.046875,0
2026-01-16 10:00:00+00:00,95518.375,95587.84375,95459.3046875,95573.9296875,0
2026-01-16 10:15:00+00:00,95398.9375,95519.5078125,95376.8984375,95519.5078125,183721984
2026-01-16 10:30:00+00:00,95268.9296875,95386.6953125,95268.9296875,95386.6953125,22831104
2026-01-16 10:45:00+00:00,95272.90625,95374.0,95272.90625,95320.4921875,273203200
2026-01-16 11:00:00+00:00,95294.3125,95334.5625,95226.6796875,95273.109375,551161856
2026-01-16 11:15:00+00:00,95298.0859375,95345.9375,95231.625,95276.3046875,249819136
2026-01-16 11:30:00+00:00,95309.65625,95354.265625,95291.5,95291.5,0
2026-01-16 11:45:00+00:00,95389.3203125,95431.671875,95277.25,95277.25,0
2026-01-16 12:00:00+00:00,95412.734375,95438.109375,95382.96875,95397.6015625,0
2026-01-16 12:15:00+00:00,95538.640625,95538.640625,95424.0390625,95424.0390625,23609344
2026-01-16 12:30:00+00:00,95448.0078125,95531.328125,95405.921875,95531.328125,71794688
2026-01-16 12:45:00+00:00,95409.296875,95473.0625,95327.4375,95469.359375,0
2026-01-16 13:00:00+00:00,95464.4140625,95464.4140625,95365.9375,95415.3125,0
2026-01-16 13:15:00+00:00,95521.9453125,95523.640625,95457.1015625,95488.6484375,0
2026-01-16 13:30:00+00:00,95384.3515625,95504.421875,95274.6953125,95494.453125,0
2026-01-16 13:45:00+00:00,95418.40625,95447.40625,95387.96875,95387.96875,144269312
2026-01-16 14:00:00+00:00,95402.34375,95483.3828125,95402.34375,95412.2578125,0
2026-01-16 14:15:00+00:00,95498.703125,95498.703125,95348.2265625,95403.4140625,0
2026-01-16 14:30:00+00:00,95241.203125,95635.9140625,95241.203125,95635.9140625,86708224
2026-01-16 14:45:00+00:00,95169.609375,95412.65625,95169.609375,95221.1328125,130723840
2026-01-16 15:00:00+00:00,95521.4921875,95581.2890625,95100.796875,95151.796875,0
2026-01-16 15:15:00+00:00,94824.0625,95505.828125,94824.0625,95505.828125,568496128
2026-01-16 15:30:00+00:00,94410.515625,94749.4765625,94382.0390625,94749.4765625,317243392
2026-01-16 15:45:00+00:00,94605.625,94605.625,94268.7734375,94470.8828125,141430784
2026-01-16 16:00:00+00:00,94616.8671875,94788.0,94517.3515625,94559.625,0
2026-01-16 16:15:00+00:00,94879.890625,94898.5234375,94604.5078125,94700.3359375,63463424
2026-01-16 16:30:00+00:00,94887.3203125,94887.3203125,94658.390625,94833.546875,0
2026-01-16 16:45:00+00:00,94795.359375,94937.5,94772.4140625,94858.8515625,0
2026-01-16 17:00:00+00:00,94623.0,94831.453125,94623.0,94831.453125,0
2026-01-16 17:15:00+00:00,94696.4453125,94793.3984375,94538.2265625,94741.7421875,0
2026-01-16 17:30:00+00:00,94848.828125,94848.828125,94711.078125,94711.078125,0
2026-01-16 17:45:00+00:00,94893.2578125,94893.2578125,94759.25,94864.2109375,362360832
2026-01-16 18:00:00+00:00,95065.609375,95095.0234375,95027.78125,95032.8671875,131227648
2026-01-16 18:15:00+00:00,95113.21875,95140.84375,95012.7109375,95033.3671875,0
2026-01-16 18:30:00+00:00,95089.875,95156.140625,95063.4140625,95151.3984375,0
2026-01-16 18:45:00+00:00,95003.015625,95114.234375,94963.34375,95083.3203125,0
2026-01-16 19:00:00+00:00,94947.0625,94955.8515625,94902.5703125,94955.8515625,0
2026-01-16 19:15:00+00:00,94829.65625,94933.9375,94822.21875,94933.9375,0
2026-01-16 19:30:00+00:00,94892.109375,94992.625,94865.5703125,94865.5703125,0
2026-01-16 19:45:00+00:00,94964.3359375,94973.8046875,94883.015625,94883.015625,45422592
2026-01-16 20:00:00+00:00,94820.7109375,94957.2890625,94650.234375,94957.2890625,87248896
2026-01-16 20:15:00+00:00,95069.53125,95069.53125,94827.109375,94827.109375,18896896
2026-01-16 20:30:00+00:00,95178.875,95178.875,95063.78125,95077.6640625,0
2026-01-16 20:45:00+00:00,95399.2578125,95399.2578125,95180.8046875,95206.984375,187195392
2026-01-16 21:00:00+00:00,95435.40625,95528.4609375,95435.40625,95476.1171875,304793600
2026-01-16 21:15:00+00:00,95381.3046875,95404.5625,95337.671875,95337.671875,179113984
2026-01-16 21:30:00+00:00,95501.1953125,95512.8515625,95366.2890625,95368.609375,608256
2026-01-16 21:45:00+00:00,95443.859375,95522.625,95437.2109375,95501.0625,74143744
2026-01-16 22:00:00+00:00,95294.796875,95495.234375,95294.796875,95478.6875,44163072
2026-01-16 22:15:00+00:00,95345.9921875,95353.640625,95312.3984375,95312.3984375,4003840
